<?xml version="1.0" encoding="utf-8"?>
<bada40:ACM xmlns:bada40="http://www.eurocontrol.int/eec/public/standard_page/bada40">
   <model>EMB-135BJ-Legacy600</model>
   <type>JET</type>
   <engine>AE3007A1E</engine>
   <description>Legacy 600</description>
   <ICAO>
      <designator>E35L</designator>
      <WTC>M</WTC>
   </ICAO>
   <AFCM>
      <S>51.18</S>
      <Configuration HLid="0">
         <HLPosition>0000</HLPosition>
         <name>flaps 0</name>
         <vfe>320</vfe>
         <LGUP>
            <DPM_clean>
               <M_max>0.8</M_max>
               <scalar>9.835e-007</scalar>
               <CD_clean>
                  <d>-118758.99740636973000000000</d>
                  <d>451543.28918402502000000000</d>
                  <d>-551788.00826459960000000000</d>
                  <d>294009.54954657535000000000</d>
                  <d>-57365.79342426845000000000</d>
                  <d>26260.64498197330200000000</d>
                  <d>22615.28095337687000000000</d>
                  <d>-12829.95121281840700000000</d>
                  <d>2813.44605875341450000000</d>
                  <d>-213.45864122609763000000</d>
                  <d>-137.11612639994348000000</d>
                  <d>-113.46038737800184000000</d>
                  <d>135.78231236424008000000</d>
                  <d>-24.83436977167438200000</d>
                  <d>-8.92413679574974950000</d>
               </CD_clean>
            </DPM_clean>
            <BLM_clean>
               <Mmin>0.3</Mmin>
               <Mmax>0.8</Mmax>
               <CL_Mach0>1.54</CL_Mach0>
               <CL_clean>
                  <bf>1.09718794338515520000</bf>
                  <bf>-0.29464740336268630000</bf>
                  <bf>4.03428145220928960000</bf>
                  <bf>-8.45855968538971940000</bf>
                  <bf>3.54904163358450700000</bf>
               </CL_clean>
            </BLM_clean>
         </LGUP>
      </Configuration>
      <Configuration HLid="1">
         <HLPosition>0009</HLPosition>
         <name>flaps 9</name>
         <vfe>250</vfe>
         <LGUP>
            <DPM_nonclean>
               <CD_nonclean>
                  <d>0.044821</d>
                  <d>-0.010973</d>
                  <d>0.03575</d>
               </CD_nonclean>
            </DPM_nonclean>
            <BLM>
               <CL_max>1.8547</CL_max>
            </BLM>
         </LGUP>
         <LGDN>
            <DPM_nonclean>
               <CD_nonclean>
                  <d>0.064821</d>
                  <d>-0.010973</d>
                  <d>0.03575</d>
               </CD_nonclean>
            </DPM_nonclean>
            <BLM>
               <CL_max>1.7876</CL_max>
            </BLM>
         </LGDN>
      </Configuration>
      <Configuration HLid="2">
         <HLPosition>0022</HLPosition>
         <name>flaps 22</name>
         <vfe>200</vfe>
         <LGUP>
            <DPM_nonclean>
               <CD_nonclean>
                  <d>0.066246</d>
                  <d>-0.017532</d>
                  <d>0.040014</d>
               </CD_nonclean>
            </DPM_nonclean>
            <BLM>
               <CL_max>2.0268</CL_max>
            </BLM>
         </LGUP>
         <LGDN>
            <DPM_nonclean>
               <CD_nonclean>
                  <d>0.086246</d>
                  <d>-0.017532</d>
                  <d>0.040014</d>
               </CD_nonclean>
            </DPM_nonclean>
            <BLM>
               <CL_max>1.9681</CL_max>
            </BLM>
         </LGDN>
      </Configuration>
      <Configuration HLid="3">
         <HLPosition>0045</HLPosition>
         <name>flaps 45</name>
         <vfe>145</vfe>
         <LGDN>
            <DPM_nonclean>
               <CD_nonclean>
                  <d>0.12106</d>
                  <d>-0.030652</d>
                  <d>0.047558</d>
               </CD_nonclean>
            </DPM_nonclean>
            <BLM>
               <CL_max>2.0156</CL_max>
            </BLM>
         </LGDN>
      </Configuration>
   </AFCM>
   <PFM>
      <MREF>22500</MREF>
      <LHV>43217000</LHV>
      <rho>810</rho>
      <n_eng>2</n_eng>
      <TFA>7.3</TFA>
      <TFM>
         <CT>
            <a>0</a>
            <a>-0.09999999987536828400</a>
            <a>0</a>
            <a>0</a>
            <a>0</a>
            <a>0</a>
            <a>0.29999999994612842000</a>
            <a>0</a>
            <a>0</a>
            <a>0</a>
            <a>0</a>
            <a>0</a>
            <a>0</a>
            <a>0</a>
            <a>0</a>
            <a>0</a>
            <a>0</a>
            <a>0</a>
            <a>0</a>
            <a>0</a>
            <a>0</a>
            <a>0</a>
            <a>0</a>
            <a>0</a>
            <a>0</a>
            <a>0</a>
            <a>0</a>
            <a>0</a>
            <a>0</a>
            <a>0</a>
            <a>0</a>
            <a>0</a>
            <a>0</a>
            <a>0</a>
            <a>0</a>
            <a>0</a>
         </CT>
         <CF>
            <f>-0.02988962725364503700</f>
            <f>3.29616590506157130000</f>
            <f>-29.80834355830875300000</f>
            <f>162.16468988823743000000</f>
            <f>-259.86136190311095000000</f>
            <f>0.39725645369207263000</f>
            <f>-5.43357585299489010000</f>
            <f>71.08362232372556400000</f>
            <f>-370.26907425363606000000</f>
            <f>603.23597967136459000000</f>
            <f>-0.14085017049241522000</f>
            <f>3.15300403264285390000</f>
            <f>0</f>
            <f>0</f>
            <f>0</f>
            <f>0</f>
            <f>0</f>
            <f>0</f>
            <f>0</f>
            <f>0</f>
            <f>0</f>
            <f>0</f>
            <f>0</f>
            <f>0</f>
            <f>0</f>
         </CF>
         <MCMB>
            <kink>8</kink>
            <flat_rating>
               <b>6.87967756250363040000</b>
               <b>-19.32431052501658200000</b>
               <b>15.12540874668090600000</b>
               <b>0</b>
               <b>0</b>
               <b>0</b>
               <b>-52.52493426409196800000</b>
               <b>184.17004484853862000000</b>
               <b>-141.95989129385472000000</b>
               <b>0</b>
               <b>0</b>
               <b>0</b>
               <b>179.74164975689510000000</b>
               <b>-627.06227676712092000000</b>
               <b>463.52330300292510000000</b>
               <b>0</b>
               <b>0</b>
               <b>0</b>
               <b>-284.43426982074493000000</b>
               <b>958.36437551173356000000</b>
               <b>-666.43122736837302000000</b>
               <b>0</b>
               <b>0</b>
               <b>0</b>
               <b>209.49091659962698000000</b>
               <b>-669.53631238312937000000</b>
               <b>423.41570834830941000000</b>
               <b>0</b>
               <b>0</b>
               <b>0</b>
               <b>-58.01715691650832700000</b>
               <b>171.77908477632272000000</b>
               <b>-92.21118478881412300000</b>
               <b>0</b>
               <b>0</b>
               <b>0</b>
            </flat_rating>
            <temp_rating>
               <c>1198.83812511963310000000</c>
               <c>-4480.00089515665600000000</c>
               <c>4047.01077201526460000000</c>
               <c>0</c>
               <c>0</c>
               <c>-4725.79918882226590000000</c>
               <c>17733.96617205884100000000</c>
               <c>-16038.21480443642000000000</c>
               <c>0</c>
               <c>0</c>
               <c>6985.95713821594840000000</c>
               <c>-26262.95920482472900000000</c>
               <c>23770.62230505505800000000</c>
               <c>0</c>
               <c>0</c>
               <c>-4582.31137950394620000000</c>
               <c>17236.20398319617000000000</c>
               <c>-15610.32492684662600000000</c>
               <c>0</c>
               <c>0</c>
               <c>1124.74434901436710000000</c>
               <c>-4229.89066164681300000000</c>
               <c>3832.44304328468750000000</c>
               <c>0</c>
               <c>0</c>
               <c>-3.02962761868723400000</c>
               <c>10.37607037447275500000</c>
               <c>-1.16332943945683900000</c>
               <c>0</c>
               <c>0</c>
               <c>7.15014484622097780000</c>
               <c>-19.49061854266412700000</c>
               <c>-4.71348484776363290000</c>
               <c>0</c>
               <c>0</c>
               <c>-6.68389912266869230000</c>
               <c>15.38872146997752400000</c>
               <c>11.73906774361806900000</c>
               <c>0</c>
               <c>0</c>
               <c>2.25314344132042970000</c>
               <c>-4.59736688746207460000</c>
               <c>-6.22222668686201890000</c>
               <c>0</c>
               <c>0</c>
            </temp_rating>
         </MCMB>
         <LIDL>
            <CT>
               <ti>0.12476873463521927000</ti>
               <ti>-0.29235325603433404000</ti>
               <ti>-0.32164150322560309000</ti>
               <ti>0.73715549558938098000</ti>
               <ti>-0.17251226394524172000</ti>
               <ti>-0.68735953252385096000</ti>
               <ti>5.12377191249168900000</ti>
               <ti>-5.58809902292717630000</ti>
               <ti>-0.09916938057634676300</ti>
               <ti>2.59745558542134440000</ti>
               <ti>-9.59592374341228190000</ti>
               <ti>8.80461065437923020000</ti>
            </CT>
            <CF>
               <fi>0.08410353203057208100</fi>
               <fi>-0.10325029893548970000</fi>
               <fi>0.16956534840054369000</fi>
               <fi>-0.14764068110313600000</fi>
               <fi>0.39894185573771640000</fi>
               <fi>-0.73070235687110341000</fi>
               <fi>0.12891540180255620000</fi>
               <fi>-0.42651934527576668000</fi>
               <fi>1.14552337902762110000</fi>
            </CF>
         </LIDL>
         <throttle>
            <low>0.5872400895</low>
            <high>1.306964676</high>
         </throttle>
      </TFM>
   </PFM>
   <OPM>
      <LGO>
         <Transition>
            <from>0</from>
            <to>1</to>
            <time>15</time>
         </Transition>
         <Transition>
            <from>1</from>
            <to>0</to>
            <time>10</time>
         </Transition>
      </LGO>
      <HLO>
         <Transition>
            <from>0</from>
            <to>1</to>
            <time>3</time>
         </Transition>
         <Transition>
            <from>1</from>
            <to>2</to>
            <time>4</time>
         </Transition>
         <Transition>
            <from>2</from>
            <to>3</to>
            <time>7</time>
         </Transition>
         <Transition>
            <from>3</from>
            <to>2</to>
            <time>7</time>
         </Transition>
         <Transition>
            <from>2</from>
            <to>1</to>
            <time>4</time>
         </Transition>
         <Transition>
            <from>1</from>
            <to>0</to>
            <time>3</time>
         </Transition>
      </HLO>
   </OPM>
   <ALM>
      <GLM>
         <hmo>41000</hmo>
         <mfa>20000</mfa>
      </GLM>
      <KLM>
         <mmo>0.8</mmo>
         <vmo>320</vmo>
         <vle>250</vle>
         <vloe>250</vloe>
         <vlor>200</vlor>
      </KLM>
      <ELM>
         <Tmin_f>
            <point>
               <Hp>-1000</Hp>
               <DeltaT>-71</DeltaT>
            </point>
            <point>
               <Hp>25000</Hp>
               <DeltaT>-19.5</DeltaT>
            </point>
            <point>
               <Hp>36089</Hp>
               <DeltaT>-7.7</DeltaT>
            </point>
            <point>
               <Hp>37000</Hp>
               <DeltaT>-8.5</DeltaT>
            </point>
            <point>
               <Hp>41000</Hp>
               <DeltaT>-8.5</DeltaT>
            </point>
         </Tmin_f>
         <Tmax_f>
            <point>
               <Hp>-1000</Hp>
               <DeltaT>35</DeltaT>
            </point>
            <point>
               <Hp>41000</Hp>
               <DeltaT>35</DeltaT>
            </point>
         </Tmax_f>
         <Tmin_g>
            <point>
               <Hp>-1000</Hp>
               <DeltaT>-57</DeltaT>
            </point>
            <point>
               <Hp>8500</Hp>
               <DeltaT>-38.2</DeltaT>
            </point>
         </Tmin_g>
         <Tmax_g>
            <point>
               <Hp>-1000</Hp>
               <DeltaT>35</DeltaT>
            </point>
            <point>
               <Hp>8500</Hp>
               <DeltaT>35</DeltaT>
            </point>
         </Tmax_g>
      </ELM>
      <DLM>
         <MTW>22570</MTW>
         <MTOW>22500</MTOW>
         <MLW>18500</MLW>
         <MZFW>16000</MZFW>
         <OEW>13644</OEW>
         <MPL>2356</MPL>
         <MFL>8314</MFL>
         <n1>2.51</n1>
         <n3>-1</n3>
         <nf1>2</nf1>
         <nf3>0</nf3>
      </DLM>
   </ALM>
   <Ground>
      <Dimensions>
         <span>21.00</span>
         <length>26.33</length>
      </Dimensions>
      <Runway>
         <TOL>1711</TOL>
         <LDL>818</LDL>
      </Runway>
   </Ground>
   <ARPM>
      <AeroConfSchedule>
         <AeroPhase>
            <name>TO</name>
            <HLid>1</HLid>
            <LG>UP</LG>
         </AeroPhase>
         <AeroPhase>
            <name>IC</name>
            <HLid>0</HLid>
            <LG>UP</LG>
         </AeroPhase>
         <AeroPhase>
            <name>CR</name>
            <HLid>0</HLid>
            <LG>UP</LG>
         </AeroPhase>
         <AeroPhase>
            <name>AP</name>
            <HLid>2</HLid>
            <LG>UP</LG>
         </AeroPhase>
         <AeroPhase>
            <name>LD</name>
            <HLid>3</HLid>
            <LG>DN</LG>
         </AeroPhase>
      </AeroConfSchedule>
      <SpeedScheduleList>
         <SpeedSchedule>
            <CompanyName>Default</CompanyName>
            <SpeedPhase>
               <name>Climb</name>
               <CAS1>240</CAS1>
               <CAS2>290</CAS2>
               <M>0.65</M>
            </SpeedPhase>
            <SpeedPhase>
               <name>Cruise</name>
               <CAS1>250</CAS1>
               <CAS2>300</CAS2>
               <M>0.75</M>
            </SpeedPhase>
            <SpeedPhase>
               <name>Descent</name>
               <CAS1>240</CAS1>
               <CAS2>310</CAS2>
               <M>0.78</M>
            </SpeedPhase>
         </SpeedSchedule>
      </SpeedScheduleList>
   </ARPM>
</bada40:ACM>