<?xml version="1.0" encoding="utf-8"?>
<bada40:ACM xmlns:bada40="http://www.eurocontrol.int/eec/public/standard_page/bada40">
   <model>747-200</model>
   <type>JET</type>
   <engine>RB211-524D4</engine>
   <description/>
   <ICAO>
      <designator>B742</designator>
      <WTC>H</WTC>
   </ICAO>
   <AFCM>
      <S>510.96672000000001000000</S>
      <Configuration HLid="0">
         <HLPosition>0000</HLPosition>
         <name>flaps  0</name>
         <vfe>380</vfe>
         <LGUP>
            <DPM_clean>
               <M_max>0.92000</M_max>
               <scalar>9.835e-007</scalar>
               <CD_clean>
                  <d>123452.34930697262000000000</d>
                  <d>-243460.54855263038000000000</d>
                  <d>201607.85497450977000000000</d>
                  <d>-74625.85054227770900000000</d>
                  <d>10705.84450418511000000000</d>
                  <d>15126.12665843196600000000</d>
                  <d>30129.41390912485400000000</d>
                  <d>-7726.09240285627950000000</d>
                  <d>709.08045648894870000000</d>
                  <d>-20.77010985880274400000</d>
                  <d>49299.37008608896600000000</d>
                  <d>-64.20508521668126900000</d>
                  <d>243.14312007205362000000</d>
                  <d>-161.64970812016557000000</d>
                  <d>30.05712549771247000000</d>
               </CD_clean>
            </DPM_clean>
            <BLM_clean>
               <Mmin>0.30000</Mmin>
               <Mmax>0.93000</Mmax>
               <CL_Mach0>0.81097405673252465000</CL_Mach0>
               <CL_clean>
                  <bf>-1.59388562978621450000</bf>
                  <bf>19.23207157260641500000</bf>
                  <bf>-54.11080258956442200000</bf>
                  <bf>64.43942470373998800000</bf>
                  <bf>-27.89820077510337600000</bf>
               </CL_clean>
            </BLM_clean>
         </LGUP>
         <LGDN>
            <DPM_nonclean>
               <CD_nonclean>
                  <d>0.04478650349650341300</d>
                  <d>-0.01829883449883421000</d>
                  <d>0.07599067599067571600</d>
               </CD_nonclean>
            </DPM_nonclean>
            <BLM>
               <CL_max>0.81097405673252465000</CL_max>
            </BLM>
         </LGDN>
      </Configuration>
      <Configuration HLid="1">
         <HLPosition>0001</HLPosition>
         <name>flaps  1</name>
         <vfe>275</vfe>
         <LGUP>
            <DPM_nonclean>
               <CD_nonclean>
                  <d>0.03595560238381102800</d>
                  <d>-0.05712212558392465400</d>
                  <d>0.10226782155538119000</d>
               </CD_nonclean>
            </DPM_nonclean>
            <BLM>
               <CL_max>1.06841124469155880000</CL_max>
            </BLM>
         </LGUP>
         <LGDN>
            <DPM_nonclean>
               <CD_nonclean>
                  <d>0.08220620155038702000</d>
                  <d>-0.10598590556729952000</d>
                  <d>0.12692036645524934000</d>
               </CD_nonclean>
            </DPM_nonclean>
            <BLM>
               <CL_max>1.06841124469155880000</CL_max>
            </BLM>
         </LGDN>
      </Configuration>
      <Configuration HLid="2">
         <HLPosition>0005</HLPosition>
         <name>flaps  5</name>
         <vfe>255</vfe>
         <LGUP>
            <DPM_nonclean>
               <CD_nonclean>
                  <d>0.04395524843754258100</d>
                  <d>-0.03670227342341888400</d>
                  <d>0.07572664402853272700</d>
               </CD_nonclean>
            </DPM_nonclean>
            <BLM>
               <CL_max>1.57394701223980630000</CL_max>
            </BLM>
         </LGUP>
         <LGDN>
            <DPM_nonclean>
               <CD_nonclean>
                  <d>0.08081173962034546300</d>
                  <d>-0.06373700654353035800</d>
                  <d>0.08694913667681045100</d>
               </CD_nonclean>
            </DPM_nonclean>
            <BLM>
               <CL_max>1.57394701223980630000</CL_max>
            </BLM>
         </LGDN>
      </Configuration>
      <Configuration HLid="3">
         <HLPosition>0010</HLPosition>
         <name>flaps 10</name>
         <vfe>238</vfe>
         <LGUP>
            <DPM_nonclean>
               <CD_nonclean>
                  <d>0.04850631368738912000</d>
                  <d>-0.04397598350710500000</d>
                  <d>0.07921545641087694700</d>
               </CD_nonclean>
            </DPM_nonclean>
            <BLM>
               <CL_max>1.70134194236883210000</CL_max>
            </BLM>
         </LGUP>
         <LGDN>
            <DPM_nonclean>
               <CD_nonclean>
                  <d>0.08981767255122301300</d>
                  <d>-0.07727364881917969700</d>
                  <d>0.09225480924975862400</d>
               </CD_nonclean>
            </DPM_nonclean>
            <BLM>
               <CL_max>1.70134194236883210000</CL_max>
            </BLM>
         </LGDN>
      </Configuration>
      <Configuration HLid="4">
         <HLPosition>0020</HLPosition>
         <name>flaps 20</name>
         <vfe>231</vfe>
         <LGUP>
            <DPM_nonclean>
               <CD_nonclean>
                  <d>0.05654714835018225000</d>
                  <d>-0.03360616386297422800</d>
                  <d>0.06943784906024173800</d>
               </CD_nonclean>
            </DPM_nonclean>
            <BLM>
               <CL_max>1.93985238990574580000</CL_max>
            </BLM>
         </LGUP>
         <LGDN>
            <DPM_nonclean>
               <CD_nonclean>
                  <d>0.08268034522817240000</d>
                  <d>-0.04150948438370888300</d>
                  <d>0.07173301424248598700</d>
               </CD_nonclean>
            </DPM_nonclean>
            <BLM>
               <CL_max>1.93985238990574580000</CL_max>
            </BLM>
         </LGDN>
      </Configuration>
      <Configuration HLid="5">
         <HLPosition>0025</HLPosition>
         <name>flaps 25</name>
         <vfe>205</vfe>
         <LGDN>
            <DPM_nonclean>
               <CD_nonclean>
                  <d>0.08769140472001832300</d>
                  <d>-0.02928223845267737000</d>
                  <d>0.06381014593604739100</d>
               </CD_nonclean>
            </DPM_nonclean>
            <BLM>
               <CL_max>2.06025855167121910000</CL_max>
            </BLM>
         </LGDN>
      </Configuration>
      <Configuration HLid="6">
         <HLPosition>0030</HLPosition>
         <name>flaps 30</name>
         <vfe>180</vfe>
         <LGDN>
            <DPM_nonclean>
               <CD_nonclean>
                  <d>0.10742910466202599000</d>
                  <d>-0.01080679650909685500</d>
                  <d>0.05559559314523691800</d>
               </CD_nonclean>
            </DPM_nonclean>
            <BLM>
               <CL_max>2.23227311380560380000</CL_max>
            </BLM>
         </LGDN>
      </Configuration>
   </AFCM>
   <PFM>
      <MREF>371952</MREF>
      <LHV>43217000</LHV>
      <rho>810</rho>
      <n_eng>4</n_eng>
      <TFA>58.97</TFA>
      <TFM>
         <CT>
            <a>0.00000000000000000000</a>
            <a>-0.10000000011171266000</a>
            <a>0.00000000000000000000</a>
            <a>0.00000000000000000000</a>
            <a>0.00000000000000000000</a>
            <a>0.00000000000000000000</a>
            <a>0.30000000010151584000</a>
            <a>0.00000000000000000000</a>
            <a>0.00000000000000000000</a>
            <a>0.00000000000000000000</a>
            <a>0.00000000000000000000</a>
            <a>0.00000000000000000000</a>
            <a>0.00000000000000000000</a>
            <a>0.00000000000000000000</a>
            <a>0.00000000000000000000</a>
            <a>0.00000000000000000000</a>
            <a>0.00000000000000000000</a>
            <a>0.00000000000000000000</a>
            <a>0.00000000000000000000</a>
            <a>0.00000000000000000000</a>
            <a>0.00000000000000000000</a>
            <a>0.00000000000000000000</a>
            <a>0.00000000000000000000</a>
            <a>0.00000000000000000000</a>
            <a>0.00000000000000000000</a>
            <a>0.00000000000000000000</a>
            <a>0.00000000000000000000</a>
            <a>0.00000000000000000000</a>
            <a>0.00000000000000000000</a>
            <a>0.00000000000000000000</a>
            <a>0.00000000000000000000</a>
            <a>0.00000000000000000000</a>
            <a>0.00000000000000000000</a>
            <a>0.00000000000000000000</a>
            <a>0.00000000000000000000</a>
            <a>0.00000000000000000000</a>
         </CT>
         <CF>
            <f>-0.01475987457639206000</f>
            <f>2.23844259361851170000</f>
            <f>-17.89661104939861500000</f>
            <f>110.55391658834395000000</f>
            <f>-212.35053048551762000000</f>
            <f>0.11626654322642363000</f>
            <f>-1.00907727899033620000</f>
            <f>34.51701782476820300000</f>
            <f>-206.66452793172098000000</f>
            <f>406.70421725129461000000</f>
            <f>0.00000000000000000000</f>
            <f>0.00000000000000000000</f>
            <f>0.00000000000000000000</f>
            <f>0.00000000000000000000</f>
            <f>0.00000000000000000000</f>
            <f>0.00000000000000000000</f>
            <f>0.00000000000000000000</f>
            <f>0.00000000000000000000</f>
            <f>0.00000000000000000000</f>
            <f>0.00000000000000000000</f>
            <f>0.00000000000000000000</f>
            <f>0.00000000000000000000</f>
            <f>0.00000000000000000000</f>
            <f>0.00000000000000000000</f>
            <f>0.00000000000000000000</f>
         </CF>
         <MCRZ>
            <kink>10</kink>
            <flat_rating>
               <b>3.26277500683910700000</b>
               <b>-4.65841683899621730000</b>
               <b>1.46783645871519510000</b>
               <b>0.00000000000000000000</b>
               <b>0.00000000000000000000</b>
               <b>0.00000000000000000000</b>
               <b>-18.48381549216725600000</b>
               <b>31.20958056012251800000</b>
               <b>2.07248982367806930000</b>
               <b>0.00000000000000000000</b>
               <b>0.00000000000000000000</b>
               <b>0.00000000000000000000</b>
               <b>46.40944189208270400000</b>
               <b>-41.63557468303499600000</b>
               <b>-79.79541510625547600000</b>
               <b>0.00000000000000000000</b>
               <b>0.00000000000000000000</b>
               <b>0.00000000000000000000</b>
               <b>-40.81736528671591900000</b>
               <b>-79.64356796668518300000</b>
               <b>285.11623269619486000000</b>
               <b>0.00000000000000000000</b>
               <b>0.00000000000000000000</b>
               <b>0.00000000000000000000</b>
               <b>-1.42071644611163710000</b>
               <b>203.89509415198913000000</b>
               <b>-369.09090808379307000000</b>
               <b>0.00000000000000000000</b>
               <b>0.00000000000000000000</b>
               <b>0.00000000000000000000</b>
               <b>12.08878363470725700000</b>
               <b>-111.08040929197546000000</b>
               <b>162.28665807911412000000</b>
               <b>0.00000000000000000000</b>
               <b>0.00000000000000000000</b>
               <b>0.00000000000000000000</b>
            </flat_rating>
            <temp_rating>
               <c>-159.44937832237363000000</c>
               <c>523.46364523116029000000</c>
               <c>-451.34796946960660000000</c>
               <c>0.00000000000000000000</c>
               <c>0.00000000000000000000</c>
               <c>661.41485530448790000000</c>
               <c>-2155.29086349933100000000</c>
               <c>1863.50290356893630000000</c>
               <c>0.00000000000000000000</c>
               <c>0.00000000000000000000</c>
               <c>-1008.77604770002590000000</c>
               <c>3295.20559777423250000000</c>
               <c>-2856.41152985108370000000</c>
               <c>0.00000000000000000000</c>
               <c>0.00000000000000000000</c>
               <c>675.89563271795089000000</c>
               <c>-2221.06518774015970000000</c>
               <c>1930.32701906365670000000</c>
               <c>0.00000000000000000000</c>
               <c>0.00000000000000000000</c>
               <c>-168.50419667815561000000</c>
               <c>557.71262727905753000000</c>
               <c>-486.08055165761448000000</c>
               <c>0.00000000000000000000</c>
               <c>0.00000000000000000000</c>
               <c>-0.43184834414818557000</c>
               <c>0.32179725828849653000</c>
               <c>2.53371057419348580000</c>
               <c>0.00000000000000000000</c>
               <c>0.00000000000000000000</c>
               <c>2.68930230163803950000</c>
               <c>-4.30399149031787420000</c>
               <c>-3.44421458402052270000</c>
               <c>0.00000000000000000000</c>
               <c>0.00000000000000000000</c>
               <c>-3.80769858803775470000</c>
               <c>7.24102975860928310000</c>
               <c>1.29785933800709570000</c>
               <c>0.00000000000000000000</c>
               <c>0.00000000000000000000</c>
               <c>1.73548881386018380000</c>
               <c>-3.69516002497602750000</c>
               <c>0.37239000009310397000</c>
               <c>0.00000000000000000000</c>
               <c>0.00000000000000000000</c>
            </temp_rating>
         </MCRZ>
         <MCMB>
            <kink>10</kink>
            <flat_rating>
               <b>3.34322784921777800000</b>
               <b>-4.93256995879601320000</b>
               <b>1.54927271261674070000</b>
               <b>0.00000000000000000000</b>
               <b>0.00000000000000000000</b>
               <b>0.00000000000000000000</b>
               <b>-18.55378119384665300000</b>
               <b>30.63814918126713500000</b>
               <b>5.30520689223103050000</b>
               <b>0.00000000000000000000</b>
               <b>0.00000000000000000000</b>
               <b>0.00000000000000000000</b>
               <b>43.58808382528802400000</b>
               <b>-23.93320197681626700000</b>
               <b>-107.42666317842382000000</b>
               <b>0.00000000000000000000</b>
               <b>0.00000000000000000000</b>
               <b>0.00000000000000000000</b>
               <b>-29.48335125538977100000</b>
               <b>-138.68094165044843000000</b>
               <b>360.20945542235086000000</b>
               <b>0.00000000000000000000</b>
               <b>0.00000000000000000000</b>
               <b>0.00000000000000000000</b>
               <b>-16.44729045127718000000</b>
               <b>276.20528425599906000000</b>
               <b>-453.47041731005572000000</b>
               <b>0.00000000000000000000</b>
               <b>0.00000000000000000000</b>
               <b>0.00000000000000000000</b>
               <b>18.64947398199977600000</b>
               <b>-141.31494100994146000000</b>
               <b>195.98348713892869000000</b>
               <b>0.00000000000000000000</b>
               <b>0.00000000000000000000</b>
               <b>0.00000000000000000000</b>
            </flat_rating>
            <temp_rating>
               <c>-303.10453344984830000000</c>
               <c>954.42377089615206000000</c>
               <c>-799.65311099517191000000</c>
               <c>0.00000000000000000000</c>
               <c>0.00000000000000000000</c>
               <c>1221.86201619960160000000</c>
               <c>-3838.60144320838710000000</c>
               <c>3223.36033626423660000000</c>
               <c>0.00000000000000000000</c>
               <c>0.00000000000000000000</c>
               <c>-1826.20062710251950000000</c>
               <c>5753.33522930746770000000</c>
               <c>-4841.37027567428410000000</c>
               <c>0.00000000000000000000</c>
               <c>0.00000000000000000000</c>
               <c>1205.26999299981070000000</c>
               <c>-3814.45234722555690000000</c>
               <c>3216.44375061834030000000</c>
               <c>0.00000000000000000000</c>
               <c>0.00000000000000000000</c>
               <c>-296.96948208464147000000</c>
               <c>944.62565001104838000000</c>
               <c>-798.26787782886606000000</c>
               <c>0.00000000000000000000</c>
               <c>0.00000000000000000000</c>
               <c>-1.86720810294640520000</c>
               <c>4.42897847836521130000</c>
               <c>-0.34327464398467294000</c>
               <c>0.00000000000000000000</c>
               <c>0.00000000000000000000</c>
               <c>5.73666009703657220000</c>
               <c>-12.60291854152703000000</c>
               <c>1.88864376317015430000</c>
               <c>0.00000000000000000000</c>
               <c>0.00000000000000000000</c>
               <c>-6.51965672814863680000</c>
               <c>14.00484252172730300000</c>
               <c>-2.41590459646660880000</c>
               <c>0.00000000000000000000</c>
               <c>0.00000000000000000000</c>
               <c>2.56503487734779290000</c>
               <c>-5.45734727228634590000</c>
               <c>0.99515206857419669000</c>
               <c>0.00000000000000000000</c>
               <c>0.00000000000000000000</c>
            </temp_rating>
         </MCMB>
         <MTKF>
            <kink>10</kink>
            <flat_rating>
               <b>-7.07942231796383050000</b>
               <b>29.23552326044107000000</b>
               <b>-37.54951480264909900000</b>
               <b>0.00000000000000000000</b>
               <b>0.00000000000000000000</b>
               <b>0.00000000000000000000</b>
               <b>60.68649044798888100000</b>
               <b>-230.15280120520015000000</b>
               <b>291.00190247342363000000</b>
               <b>0.00000000000000000000</b>
               <b>0.00000000000000000000</b>
               <b>0.00000000000000000000</b>
               <b>-179.82434326297673000000</b>
               <b>705.64978775752729000000</b>
               <b>-879.21019398030489000000</b>
               <b>0.00000000000000000000</b>
               <b>0.00000000000000000000</b>
               <b>0.00000000000000000000</b>
               <b>261.21852539185693000000</b>
               <b>-1056.24398161814360000000</b>
               <b>1299.91127404758780000000</b>
               <b>0.00000000000000000000</b>
               <b>0.00000000000000000000</b>
               <b>0.00000000000000000000</b>
               <b>-186.02718800286482000000</b>
               <b>769.60660278003968000000</b>
               <b>-937.79683897967982000000</b>
               <b>0.00000000000000000000</b>
               <b>0.00000000000000000000</b>
               <b>0.00000000000000000000</b>
               <b>51.94560495617811600000</b>
               <b>-218.65766915742356000000</b>
               <b>264.36815699620337000000</b>
               <b>0.00000000000000000000</b>
               <b>0.00000000000000000000</b>
               <b>0.00000000000000000000</b>
            </flat_rating>
            <temp_rating>
               <c>24819.93508371682000000000</c>
               <c>-119932.19053719266000000000</c>
               <c>140835.38874595778000000000</c>
               <c>0.00000000000000000000</c>
               <c>0.00000000000000000000</c>
               <c>-92807.88622911492700000000</c>
               <c>448601.91493602388000000000</c>
               <c>-526961.75585546065000000000</c>
               <c>0.00000000000000000000</c>
               <c>0.00000000000000000000</c>
               <c>130352.29929983085000000000</c>
               <c>-630155.00950151146000000000</c>
               <c>740574.55770854605000000000</c>
               <c>0.00000000000000000000</c>
               <c>0.00000000000000000000</c>
               <c>-81310.11764832912000000000</c>
               <c>393117.58423426002000000000</c>
               <c>-462205.08319867536000000000</c>
               <c>0.00000000000000000000</c>
               <c>0.00000000000000000000</c>
               <c>19004.96065602334800000000</c>
               <c>-91896.34963204877600000000</c>
               <c>108091.26653358593000000000</c>
               <c>0.00000000000000000000</c>
               <c>0.00000000000000000000</c>
               <c>-289.22701276693772000000</c>
               <c>1316.38844335593670000000</c>
               <c>-1660.20337341062350000000</c>
               <c>0.00000000000000000000</c>
               <c>0.00000000000000000000</c>
               <c>533.77456215213795000000</c>
               <c>-2441.03014664307060000000</c>
               <c>3068.52425069641550000000</c>
               <c>0.00000000000000000000</c>
               <c>0.00000000000000000000</c>
               <c>-434.23603882912073000000</c>
               <c>1994.10852131908180000000</c>
               <c>-2500.02461463367940000000</c>
               <c>0.00000000000000000000</c>
               <c>0.00000000000000000000</c>
               <c>131.57228797052164000000</c>
               <c>-606.36163457521764000000</c>
               <c>758.52797441990651000000</c>
               <c>0.00000000000000000000</c>
               <c>0.00000000000000000000</c>
            </temp_rating>
         </MTKF>
         <LIDL>
            <CT>
               <ti>-0.03981659560811277900</ti>
               <ti>0.15809105524614692000</ti>
               <ti>-0.09759819657689618200</ti>
               <ti>-0.07264676581918493000</ti>
               <ti>0.09902449375363703300</ti>
               <ti>-0.28501616002485802000</ti>
               <ti>-0.10694783608065597000</ti>
               <ti>0.56809349562744038000</ti>
               <ti>-0.05205986268440388600</ti>
               <ti>-0.01160031946248099800</ti>
               <ti>0.49727286928805570000</ti>
               <ti>-0.79141070287434445000</ti>
            </CT>
            <CF>
               <fi>0.00418132023292215260</fi>
               <fi>0.03229742615564640300</fi>
               <fi>-0.00449571545346697310</fi>
               <fi>-0.00349768154276263720</fi>
               <fi>0.03025271846552051900</fi>
               <fi>-0.03630726008422426700</fi>
               <fi>0.00724138169244411320</fi>
               <fi>-0.04168627527390560800</fi>
               <fi>0.04443700412452268600</fi>
            </CF>
         </LIDL>
         <throttle>
            <low>0.52699683661399821000</low>
            <high>1.12540477402500640000</high>
         </throttle>
      </TFM>
   </PFM>
   <OPM>
      <LGO>
         <Transition>
            <from>0</from>
            <to>1</to>
            <time>19</time>
         </Transition>
         <Transition>
            <from>1</from>
            <to>0</to>
            <time>19</time>
         </Transition>
      </LGO>
      <HLO>
         <Transition>
            <from>0</from>
            <to>1</to>
            <time>10</time>
         </Transition>
         <Transition>
            <from>1</from>
            <to>2</to>
            <time>34</time>
         </Transition>
         <Transition>
            <from>2</from>
            <to>3</to>
            <time>5.3</time>
         </Transition>
         <Transition>
            <from>3</from>
            <to>4</to>
            <time>7</time>
         </Transition>
         <Transition>
            <from>4</from>
            <to>5</to>
            <time>2.3</time>
         </Transition>
         <Transition>
            <from>5</from>
            <to>6</to>
            <time>3.6</time>
         </Transition>
         <Transition>
            <from>6</from>
            <to>5</to>
            <time>3.6</time>
         </Transition>
         <Transition>
            <from>5</from>
            <to>4</to>
            <time>2.3</time>
         </Transition>
         <Transition>
            <from>4</from>
            <to>3</to>
            <time>7</time>
         </Transition>
         <Transition>
            <from>3</from>
            <to>2</to>
            <time>5.3</time>
         </Transition>
         <Transition>
            <from>2</from>
            <to>1</to>
            <time>34</time>
         </Transition>
         <Transition>
            <from>1</from>
            <to>0</to>
            <time>10</time>
         </Transition>
      </HLO>
   </OPM>
   <ALM>
      <GLM>
         <hmo>45100</hmo>
         <mfa>20000</mfa>
      </GLM>
      <KLM>
         <mmo>0.92</mmo>
         <vmo>380</vmo>
         <mle>0.82</mle>
         <vle>320</vle>
         <mlo>0.82</mlo>
         <vloe>270</vloe>
         <vlor>250</vlor>
      </KLM>
      <ELM>
         <Tmin_f>
            <point>
               <Hp>-1000.0</Hp>
               <DeltaT>-71.20000000000000300000</DeltaT>
            </point>
            <point>
               <Hp>20000.0</Hp>
               <DeltaT>-29.60000000000000100000</DeltaT>
            </point>
            <point>
               <Hp>36089.0</Hp>
               <DeltaT>-18.69999999999999900000</DeltaT>
            </point>
            <point>
               <Hp>40000.0</Hp>
               <DeltaT>-24.00000000000000000000</DeltaT>
            </point>
            <point>
               <Hp>45100.0</Hp>
               <DeltaT>-24.00000000000000000000</DeltaT>
            </point>
         </Tmin_f>
         <Tmax_f>
            <point>
               <Hp>-1000.0</Hp>
               <DeltaT>37.39999999999999900000</DeltaT>
            </point>
            <point>
               <Hp>0.0</Hp>
               <DeltaT>39.39999999999999900000</DeltaT>
            </point>
            <point>
               <Hp>14000.0</Hp>
               <DeltaT>39.39999999999999900000</DeltaT>
            </point>
            <point>
               <Hp>14001.0</Hp>
               <DeltaT>33.60000000000000100000</DeltaT>
            </point>
            <point>
               <Hp>36089.0</Hp>
               <DeltaT>33.60000000000000100000</DeltaT>
            </point>
            <point>
               <Hp>44000.0</Hp>
               <DeltaT>16.30000000000000100000</DeltaT>
            </point>
            <point>
               <Hp>45100.0</Hp>
               <DeltaT>16.30000000000000100000</DeltaT>
            </point>
         </Tmax_f>
         <Tmin_g>
            <point>
               <Hp>-1000.0</Hp>
               <DeltaT>-71.20000000000000300000</DeltaT>
            </point>
            <point>
               <Hp>10000.0</Hp>
               <DeltaT>-49.20000000000000300000</DeltaT>
            </point>
         </Tmin_g>
         <Tmax_g>
            <point>
               <Hp>-1000.0</Hp>
               <DeltaT>37.39999999999999900000</DeltaT>
            </point>
            <point>
               <Hp>0.0</Hp>
               <DeltaT>39.39999999999999900000</DeltaT>
            </point>
            <point>
               <Hp>10000.0</Hp>
               <DeltaT>39.39999999999999900000</DeltaT>
            </point>
         </Tmax_g>
      </ELM>
      <DLM>
         <MTW>373313</MTW>
         <MTOW>371952</MTOW>
         <MLW>285768</MLW>
         <MZFW>238820</MZFW>
         <OEW>176001</OEW>
         <MPL>62819</MPL>
         <MFL>198370</MFL>
         <n1>2.5</n1>
         <n3>-1</n3>
         <nf1>2</nf1>
         <nf3>0</nf3>
      </DLM>
   </ALM>
   <Ground>
      <Dimensions>
         <span>59.64</span>
         <length>70.40</length>
      </Dimensions>
      <Runway>
         <TOL>3650</TOL>
         <LDL>2200</LDL>
      </Runway>
   </Ground>
   <ARPM>
      <AeroConfSchedule>
         <AeroPhase>
            <name>TO</name>
            <HLid>2</HLid>
            <LG>UP</LG>
         </AeroPhase>
         <AeroPhase>
            <name>IC</name>
            <HLid>1</HLid>
            <LG>UP</LG>
         </AeroPhase>
         <AeroPhase>
            <name>CR</name>
            <HLid>0</HLid>
            <LG>UP</LG>
         </AeroPhase>
         <AeroPhase>
            <name>AP</name>
            <HLid>4</HLid>
            <LG>UP</LG>
         </AeroPhase>
         <AeroPhase>
            <name>LD</name>
            <HLid>6</HLid>
            <LG>DN</LG>
         </AeroPhase>
      </AeroConfSchedule>
      <SpeedScheduleList>
         <SpeedSchedule>
            <CompanyName>Default</CompanyName>
            <SpeedPhase>
               <name>Climb</name>
               <CAS1>320</CAS1>
               <CAS2>320</CAS2>
               <M>0.82</M>
            </SpeedPhase>
            <SpeedPhase>
               <name>Cruise</name>
               <CAS1>340</CAS1>
               <CAS2>340</CAS2>
               <M>0.86</M>
            </SpeedPhase>
            <SpeedPhase>
               <name>Descent</name>
               <CAS1>310</CAS1>
               <CAS2>310</CAS2>
               <M>0.86</M>
            </SpeedPhase>
         </SpeedSchedule>
      </SpeedScheduleList>
   </ARPM>
</bada40:ACM>