<?xml version="1.0" encoding="utf-8"?>
<bada40:ACM xmlns:bada40="http://www.eurocontrol.int/eec/public/standard_page/bada40">
   <model>787-9</model>
   <type>JET</type>
   <engine>GENX-1B74-75</engine>
   <description/>
   <ICAO>
      <designator>B789</designator>
      <WTC>H</WTC>
   </ICAO>
   <AFCM>
      <S>360.46379520000005000000</S>
      <Configuration HLid="0">
         <HLPosition>0000</HLPosition>
         <name>flaps  0</name>
         <vfe>360</vfe>
         <LGUP>
            <DPM_clean>
               <M_max>0.90000</M_max>
               <scalar>9.835e-007</scalar>
               <CD_clean>
                  <d>46869.09946040130300000000</d>
                  <d>-94036.14255958353200000000</d>
                  <d>99193.37048189753800000000</d>
                  <d>-45625.90778270120800000000</d>
                  <d>7908.76298910392510000000</d>
                  <d>37999.11166614618600000000</d>
                  <d>2861.41454604789170000000</d>
                  <d>-2508.20355011218180000000</d>
                  <d>324.81180539928215000000</d>
                  <d>-10.83984357014463000000</d>
                  <d>6563.69893422870520000000</d>
                  <d>2819.72229470669030000000</d>
                  <d>-3911.55278418600260000000</d>
                  <d>1822.40751066292960000000</d>
                  <d>-284.16203118556979000000</d>
               </CD_clean>
            </DPM_clean>
            <BLM_clean>
               <Mmin>0.20000</Mmin>
               <Mmax>0.90000</Mmax>
               <CL_Mach0>0.93084867365650981000</CL_Mach0>
               <CL_clean>
                  <bf>-0.21915853614929617000</bf>
                  <bf>16.99380043297415100000</bf>
                  <bf>-61.69324509109439700000</bf>
                  <bf>83.88401861850560700000</bf>
                  <bf>-39.01834008698976700000</bf>
               </CL_clean>
            </BLM_clean>
         </LGUP>
         <LGDN>
            <DPM_nonclean>
               <CD_nonclean>
                  <d>0.04947977774440778800</d>
                  <d>-0.02304260319388456300</d>
                  <d>0.05856536454684466200</d>
               </CD_nonclean>
            </DPM_nonclean>
            <BLM>
               <CL_max>0.93084867365650981000</CL_max>
            </BLM>
         </LGDN>
      </Configuration>
      <Configuration HLid="1">
         <HLPosition>0001</HLPosition>
         <name>flaps 1</name>
         <vfe>260</vfe>
         <LGUP>
            <DPM_nonclean>
               <CD_nonclean>
                  <d>0.02396287700065479600</d>
                  <d>-0.02357043375286104300</d>
                  <d>0.06061996430282103700</d>
               </CD_nonclean>
            </DPM_nonclean>
            <BLM>
               <CL_max>1.39274416510944450000</CL_max>
            </BLM>
         </LGUP>
         <LGDN>
            <DPM_nonclean>
               <CD_nonclean>
                  <d>0.05617489862196246200</d>
                  <d>-0.03184697284356194400</d>
                  <d>0.06202106815359056300</d>
               </CD_nonclean>
            </DPM_nonclean>
            <BLM>
               <CL_max>1.39274416510944450000</CL_max>
            </BLM>
         </LGDN>
      </Configuration>
      <Configuration HLid="2">
         <HLPosition>0005</HLPosition>
         <name>flaps 5</name>
         <vfe>240</vfe>
         <LGUP>
            <DPM_nonclean>
               <CD_nonclean>
                  <d>0.05106493752804303100</d>
                  <d>-0.06735873073110594500</d>
                  <d>0.07790483802797555600</d>
               </CD_nonclean>
            </DPM_nonclean>
            <BLM>
               <CL_max>1.66584377645263300000</CL_max>
            </BLM>
         </LGUP>
         <LGDN>
            <DPM_nonclean>
               <CD_nonclean>
                  <d>0.08157503902295569500</d>
                  <d>-0.07895922466120801300</d>
                  <d>0.08128854825434639300</d>
               </CD_nonclean>
            </DPM_nonclean>
            <BLM>
               <CL_max>1.66584377645263300000</CL_max>
            </BLM>
         </LGDN>
      </Configuration>
      <Configuration HLid="3">
         <HLPosition>0010</HLPosition>
         <name>flaps 10</name>
         <vfe>230</vfe>
         <LGUP>
            <DPM_nonclean>
               <CD_nonclean>
                  <d>0.05521208953813096900</d>
                  <d>-0.06751364898265896400</d>
                  <d>0.07560131849471385400</d>
               </CD_nonclean>
            </DPM_nonclean>
            <BLM>
               <CL_max>1.70331940455325850000</CL_max>
            </BLM>
         </LGUP>
         <LGDN>
            <DPM_nonclean>
               <CD_nonclean>
                  <d>0.08489195677123208300</d>
                  <d>-0.07844648204037030200</d>
                  <d>0.07851870713515386700</d>
               </CD_nonclean>
            </DPM_nonclean>
            <BLM>
               <CL_max>1.70331940455325850000</CL_max>
            </BLM>
         </LGDN>
      </Configuration>
      <Configuration HLid="4">
         <HLPosition>0015</HLPosition>
         <name>flaps 15</name>
         <vfe>220</vfe>
         <LGUP>
            <DPM_nonclean>
               <CD_nonclean>
                  <d>0.06310201511418370200</d>
                  <d>-0.07176547771760814800</d>
                  <d>0.07475525575836977600</d>
               </CD_nonclean>
            </DPM_nonclean>
            <BLM>
               <CL_max>1.75794703979533180000</CL_max>
            </BLM>
         </LGUP>
         <LGDN>
            <DPM_nonclean>
               <CD_nonclean>
                  <d>0.09093073258191330900</d>
                  <d>-0.08026779201842473800</d>
                  <d>0.07648329453506379200</d>
               </CD_nonclean>
            </DPM_nonclean>
            <BLM>
               <CL_max>1.75794703979533180000</CL_max>
            </BLM>
         </LGDN>
      </Configuration>
      <Configuration HLid="5">
         <HLPosition>0017</HLPosition>
         <name>flaps 17</name>
         <vfe>215</vfe>
         <LGUP>
            <DPM_nonclean>
               <CD_nonclean>
                  <d>0.06880732041269026200</d>
                  <d>-0.07380571835564468700</d>
                  <d>0.07389805271140446900</d>
               </CD_nonclean>
            </DPM_nonclean>
            <BLM>
               <CL_max>1.79859187160458720000</CL_max>
            </BLM>
         </LGUP>
         <LGDN>
            <DPM_nonclean>
               <CD_nonclean>
                  <d>0.09517686725757355800</d>
                  <d>-0.08067100117608934400</d>
                  <d>0.07478791770431807200</d>
               </CD_nonclean>
            </DPM_nonclean>
            <BLM>
               <CL_max>1.79859187160458720000</CL_max>
            </BLM>
         </LGDN>
      </Configuration>
      <Configuration HLid="6">
         <HLPosition>0018</HLPosition>
         <name>flaps 18</name>
         <vfe>215</vfe>
         <LGUP>
            <DPM_nonclean>
               <CD_nonclean>
                  <d>0.07346880754590560900</d>
                  <d>-0.07215574214962466900</d>
                  <d>0.07170885125030727900</d>
               </CD_nonclean>
            </DPM_nonclean>
            <BLM>
               <CL_max>1.84351983642663870000</CL_max>
            </BLM>
         </LGUP>
         <LGDN>
            <DPM_nonclean>
               <CD_nonclean>
                  <d>0.09931249483250138800</d>
                  <d>-0.08019418098918679200</d>
                  <d>0.07349518866358974200</d>
               </CD_nonclean>
            </DPM_nonclean>
            <BLM>
               <CL_max>1.84351983642663870000</CL_max>
            </BLM>
         </LGDN>
      </Configuration>
      <Configuration HLid="7">
         <HLPosition>0020</HLPosition>
         <name>flaps 20</name>
         <vfe>210</vfe>
         <LGUP>
            <DPM_nonclean>
               <CD_nonclean>
                  <d>0.08027343640239768800</d>
                  <d>-0.07296414510391591200</d>
                  <d>0.07067493807743707700</d>
               </CD_nonclean>
            </DPM_nonclean>
            <BLM>
               <CL_max>1.86370684099494930000</CL_max>
            </BLM>
         </LGUP>
         <LGDN>
            <DPM_nonclean>
               <CD_nonclean>
                  <d>0.10374139304698508000</d>
                  <d>-0.07567325003564118200</d>
                  <d>0.06966544469562750700</d>
               </CD_nonclean>
            </DPM_nonclean>
            <BLM>
               <CL_max>1.83496853831353430000</CL_max>
            </BLM>
         </LGDN>
      </Configuration>
      <Configuration HLid="8">
         <HLPosition>0025</HLPosition>
         <name>flaps 25</name>
         <vfe>190</vfe>
         <LGDN>
            <DPM_nonclean>
               <CD_nonclean>
                  <d>0.12339324394261646000</d>
                  <d>-0.09683810541136860000</d>
                  <d>0.07723287344840022700</d>
               </CD_nonclean>
            </DPM_nonclean>
            <BLM>
               <CL_max>1.99209607319162820000</CL_max>
            </BLM>
         </LGDN>
      </Configuration>
      <Configuration HLid="9">
         <HLPosition>0030</HLPosition>
         <name>flaps 30</name>
         <vfe>180</vfe>
         <LGDN>
            <DPM_nonclean>
               <CD_nonclean>
                  <d>0.12066573281068410000</d>
                  <d>-0.06179067559080313200</d>
                  <d>0.06166315840089243300</d>
               </CD_nonclean>
            </DPM_nonclean>
            <BLM>
               <CL_max>2.02461955326818540000</CL_max>
            </BLM>
         </LGDN>
      </Configuration>
   </AFCM>
   <PFM>
      <MREF>250837</MREF>
      <LHV>43217000</LHV>
      <rho>810</rho>
      <n_eng>2</n_eng>
      <TFA>21.92</TFA>
      <TFM>
         <CT>
            <a>0.00000000000000000000</a>
            <a>-0.09999999982496957100</a>
            <a>0.00000000000000000000</a>
            <a>0.00000000000000000000</a>
            <a>0.00000000000000000000</a>
            <a>0.00000000000000000000</a>
            <a>0.29999999987461290000</a>
            <a>0.00000000000000000000</a>
            <a>0.00000000000000000000</a>
            <a>0.00000000000000000000</a>
            <a>0.00000000000000000000</a>
            <a>0.00000000000000000000</a>
            <a>0.00000000000000000000</a>
            <a>0.00000000000000000000</a>
            <a>0.00000000000000000000</a>
            <a>0.00000000000000000000</a>
            <a>0.00000000000000000000</a>
            <a>0.00000000000000000000</a>
            <a>0.00000000000000000000</a>
            <a>0.00000000000000000000</a>
            <a>0.00000000000000000000</a>
            <a>0.00000000000000000000</a>
            <a>0.00000000000000000000</a>
            <a>0.00000000000000000000</a>
            <a>0.00000000000000000000</a>
            <a>0.00000000000000000000</a>
            <a>0.00000000000000000000</a>
            <a>0.00000000000000000000</a>
            <a>0.00000000000000000000</a>
            <a>0.00000000000000000000</a>
            <a>0.00000000000000000000</a>
            <a>0.00000000000000000000</a>
            <a>0.00000000000000000000</a>
            <a>0.00000000000000000000</a>
            <a>0.00000000000000000000</a>
            <a>0.00000000000000000000</a>
         </CT>
         <CF>
            <f>-0.00557666040729353200</f>
            <f>1.30264159652093500000</f>
            <f>-11.09221679466688900000</f>
            <f>79.90060663459814800000</f>
            <f>-160.00204111189302000000</f>
            <f>0.07562499355284582600</f>
            <f>-0.02809069317571188600</f>
            <f>25.67264740698333400000</f>
            <f>-171.86323874222626000000</f>
            <f>357.26901278488680000000</f>
            <f>0.00000000000000000000</f>
            <f>0.00000000000000000000</f>
            <f>0.00000000000000000000</f>
            <f>0.00000000000000000000</f>
            <f>0.00000000000000000000</f>
            <f>0.00000000000000000000</f>
            <f>0.00000000000000000000</f>
            <f>0.00000000000000000000</f>
            <f>0.00000000000000000000</f>
            <f>0.00000000000000000000</f>
            <f>0.00000000000000000000</f>
            <f>0.00000000000000000000</f>
            <f>0.00000000000000000000</f>
            <f>0.00000000000000000000</f>
            <f>0.00000000000000000000</f>
         </CF>
         <MCRZ>
            <kink>10</kink>
            <flat_rating>
               <b>0.65146402984805385000</b>
               <b>-0.53468710568419398000</b>
               <b>0.07993317175160985500</b>
               <b>0.00000000000000000000</b>
               <b>0.00000000000000000000</b>
               <b>0.00000000000000000000</b>
               <b>0.37514236363899506000</b>
               <b>2.61986548959157780000</b>
               <b>8.58816413562458440000</b>
               <b>0.00000000000000000000</b>
               <b>0.00000000000000000000</b>
               <b>0.00000000000000000000</b>
               <b>-3.48779507823060620000</b>
               <b>17.95308989515149600000</b>
               <b>-65.09664962784721400000</b>
               <b>0.00000000000000000000</b>
               <b>0.00000000000000000000</b>
               <b>0.00000000000000000000</b>
               <b>14.17805174365511600000</b>
               <b>-88.13058984448447600000</b>
               <b>168.55928714988931000000</b>
               <b>0.00000000000000000000</b>
               <b>0.00000000000000000000</b>
               <b>0.00000000000000000000</b>
               <b>-20.20694569464636800000</b>
               <b>119.06865349487961000000</b>
               <b>-180.95606546361495000000</b>
               <b>0.00000000000000000000</b>
               <b>0.00000000000000000000</b>
               <b>0.00000000000000000000</b>
               <b>9.17516969760354150000</b>
               <b>-51.19794827129091200000</b>
               <b>69.06219889937409600000</b>
               <b>0.00000000000000000000</b>
               <b>0.00000000000000000000</b>
               <b>0.00000000000000000000</b>
            </flat_rating>
            <temp_rating>
               <c>-152.32871027344123000000</c>
               <c>215.00896196213955000000</c>
               <c>-94.22256595275322900000</c>
               <c>0.00000000000000000000</c>
               <c>0.00000000000000000000</c>
               <c>645.82313308055632000000</c>
               <c>-1003.57695880571580000000</c>
               <c>494.74605125297433000000</c>
               <c>0.00000000000000000000</c>
               <c>0.00000000000000000000</c>
               <c>-1000.38477750084990000000</c>
               <c>1673.52667353282160000000</c>
               <c>-882.66578379290706000000</c>
               <c>0.00000000000000000000</c>
               <c>0.00000000000000000000</c>
               <c>680.76533283045444000000</c>
               <c>-1209.17115419287850000000</c>
               <c>666.09735241331475000000</c>
               <c>0.00000000000000000000</c>
               <c>0.00000000000000000000</c>
               <c>-172.37533662045328000000</c>
               <c>321.59897831553775000000</c>
               <c>-182.54615629417185000000</c>
               <c>0.00000000000000000000</c>
               <c>0.00000000000000000000</c>
               <c>-5.95159019425710320000</c>
               <c>15.67701710437903500000</c>
               <c>-4.21505969305386770000</c>
               <c>0.00000000000000000000</c>
               <c>0.00000000000000000000</c>
               <c>14.45586595783157500000</c>
               <c>-34.23517365199713000000</c>
               <c>5.62550130747452040000</c>
               <c>0.00000000000000000000</c>
               <c>0.00000000000000000000</c>
               <c>-14.52891080014451000000</c>
               <c>31.85486088851339300000</c>
               <c>-2.23302232467101190000</c>
               <c>0.00000000000000000000</c>
               <c>0.00000000000000000000</c>
               <c>5.24094965840114660000</c>
               <c>-10.76173384820102200000</c>
               <c>-0.21307944991249697000</c>
               <c>0.00000000000000000000</c>
               <c>0.00000000000000000000</c>
            </temp_rating>
         </MCRZ>
         <MCMB>
            <kink>10</kink>
            <flat_rating>
               <b>0.46262124025516427000</b>
               <b>0.13525654618824073000</b>
               <b>-0.39858005103609839000</b>
               <b>0.00000000000000000000</b>
               <b>0.00000000000000000000</b>
               <b>0.00000000000000000000</b>
               <b>2.31326972927934800000</b>
               <b>-2.84689629953793850000</b>
               <b>12.69450093709923900000</b>
               <b>0.00000000000000000000</b>
               <b>0.00000000000000000000</b>
               <b>0.00000000000000000000</b>
               <b>-9.46624256429929110000</b>
               <b>35.51613343120288800000</b>
               <b>-78.90921482202723800000</b>
               <b>0.00000000000000000000</b>
               <b>0.00000000000000000000</b>
               <b>0.00000000000000000000</b>
               <b>23.72799809017114800000</b>
               <b>-117.60322334291961000000</b>
               <b>192.05139327720360000000</b>
               <b>0.00000000000000000000</b>
               <b>0.00000000000000000000</b>
               <b>0.00000000000000000000</b>
               <b>-28.06228530211647200000</b>
               <b>144.07938077731782000000</b>
               <b>-200.63478252300104000000</b>
               <b>0.00000000000000000000</b>
               <b>0.00000000000000000000</b>
               <b>0.00000000000000000000</b>
               <b>11.75779529709959300000</b>
               <b>-59.50570014575912100000</b>
               <b>75.38918937473506800000</b>
               <b>0.00000000000000000000</b>
               <b>0.00000000000000000000</b>
               <b>0.00000000000000000000</b>
            </flat_rating>
            <temp_rating>
               <c>-185.54821975734484000000</c>
               <c>315.79120138530908000000</c>
               <c>-184.92420967658552000000</c>
               <c>0.00000000000000000000</c>
               <c>0.00000000000000000000</c>
               <c>784.88257241631709000000</c>
               <c>-1428.72944214984750000000</c>
               <c>875.58609252668089000000</c>
               <c>0.00000000000000000000</c>
               <c>0.00000000000000000000</c>
               <c>-1216.34715832190750000000</c>
               <c>2339.90506670108560000000</c>
               <c>-1477.23157290111750000000</c>
               <c>0.00000000000000000000</c>
               <c>0.00000000000000000000</c>
               <c>828.41135043234863000000</c>
               <c>-1668.82023759618000000000</c>
               <c>1074.90323152428050000000</c>
               <c>0.00000000000000000000</c>
               <c>0.00000000000000000000</c>
               <c>-209.94043533690200000000</c>
               <c>439.49197365961413000000</c>
               <c>-287.12228660732819000000</c>
               <c>0.00000000000000000000</c>
               <c>0.00000000000000000000</c>
               <c>-5.49643674965921920000</c>
               <c>14.26306509926811500000</c>
               <c>-3.06199316308897940000</c>
               <c>0.00000000000000000000</c>
               <c>0.00000000000000000000</c>
               <c>13.80978925827829000000</c>
               <c>-32.32234782141168200000</c>
               <c>4.14508392187224570000</c>
               <c>0.00000000000000000000</c>
               <c>0.00000000000000000000</c>
               <c>-14.32016946736390200000</c>
               <c>31.55426679873230000000</c>
               <c>-2.24809129447742210000</c>
               <c>0.00000000000000000000</c>
               <c>0.00000000000000000000</c>
               <c>5.32060224710070170000</c>
               <c>-11.24819194714962700000</c>
               <c>0.35587757490716621000</c>
               <c>0.00000000000000000000</c>
               <c>0.00000000000000000000</c>
            </temp_rating>
         </MCMB>
         <MTKF>
            <kink>10</kink>
            <flat_rating>
               <b>43.52308981735721700000</b>
               <b>-272.46877192072338000000</b>
               <b>415.68643357679719000000</b>
               <b>0.00000000000000000000</b>
               <b>0.00000000000000000000</b>
               <b>0.00000000000000000000</b>
               <b>-306.64548193809674000000</b>
               <b>1998.40668668718740000000</b>
               <b>-3075.93964599346600000000</b>
               <b>0.00000000000000000000</b>
               <b>0.00000000000000000000</b>
               <b>0.00000000000000000000</b>
               <b>868.63120308965460000000</b>
               <b>-5770.48699579199730000000</b>
               <b>8959.84359854214560000000</b>
               <b>0.00000000000000000000</b>
               <b>0.00000000000000000000</b>
               <b>0.00000000000000000000</b>
               <b>-1214.72592239623690000000</b>
               <b>8208.24129868683300000000</b>
               <b>-12841.74980719302000000000</b>
               <b>0.00000000000000000000</b>
               <b>0.00000000000000000000</b>
               <b>0.00000000000000000000</b>
               <b>838.98770827245914000000</b>
               <b>-5750.18538513889330000000</b>
               <b>9049.18923946446740000000</b>
               <b>0.00000000000000000000</b>
               <b>0.00000000000000000000</b>
               <b>0.00000000000000000000</b>
               <b>-229.01567626407487000000</b>
               <b>1587.04002578181260000000</b>
               <b>-2508.40807886647330000000</b>
               <b>0.00000000000000000000</b>
               <b>0.00000000000000000000</b>
               <b>0.00000000000000000000</b>
            </flat_rating>
            <temp_rating>
               <c>2977.52696696779000000000</c>
               <c>-13616.69136726567700000000</c>
               <c>15210.53677589369200000000</c>
               <c>0.00000000000000000000</c>
               <c>0.00000000000000000000</c>
               <c>-10985.55221695293000000000</c>
               <c>50495.65542287939000000000</c>
               <c>-56610.70985561733700000000</c>
               <c>0.00000000000000000000</c>
               <c>0.00000000000000000000</c>
               <c>15393.73909014371400000000</c>
               <c>-71043.67703260900500000000</c>
               <c>79858.61677395112900000000</c>
               <c>0.00000000000000000000</c>
               <c>0.00000000000000000000</c>
               <c>-9574.65821477761710000000</c>
               <c>44374.70998575347000000000</c>
               <c>-50026.10545555086000000000</c>
               <c>0.00000000000000000000</c>
               <c>0.00000000000000000000</c>
               <c>2230.35658250071810000000</c>
               <c>-10383.59350887637800000000</c>
               <c>11742.96241541611400000000</c>
               <c>0.00000000000000000000</c>
               <c>0.00000000000000000000</c>
               <c>-242.96691527046579000000</c>
               <c>1036.76209369851970000000</c>
               <c>-1051.17739662299140000000</c>
               <c>0.00000000000000000000</c>
               <c>0.00000000000000000000</c>
               <c>530.80108057083226000000</c>
               <c>-2271.00463867049030000000</c>
               <c>2320.49295304504080000000</c>
               <c>0.00000000000000000000</c>
               <c>0.00000000000000000000</c>
               <c>-502.19701976614647000000</c>
               <c>2161.54989554750680000000</c>
               <c>-2229.93985085687470000000</c>
               <c>0.00000000000000000000</c>
               <c>0.00000000000000000000</c>
               <c>173.87327361254364000000</c>
               <c>-753.91726308721888000000</c>
               <c>785.38672380909873000000</c>
               <c>0.00000000000000000000</c>
               <c>0.00000000000000000000</c>
            </temp_rating>
         </MTKF>
         <LIDL>
            <CT>
               <ti>0.02732249024129774700</ti>
               <ti>0.00362009478981192710</ti>
               <ti>-0.12730091643691813000</ti>
               <ti>0.11031702193266879000</ti>
               <ti>-0.01947585655682317100</ti>
               <ti>-0.16578118171187559000</ti>
               <ti>0.61705704048932108000</ti>
               <ti>-0.46950766467503613000</ti>
               <ti>0.00096872551385761925</ti>
               <ti>0.13264641413010569000</ti>
               <ti>-0.64396081424152118000</ti>
               <ti>0.51627550120148624000</ti>
            </CT>
            <CF>
               <fi>0.02428412345750001800</fi>
               <fi>-0.01508415558515378100</fi>
               <fi>0.02347129005181001300</fi>
               <fi>-0.00296141338254322060</fi>
               <fi>0.01002735402341558200</fi>
               <fi>-0.06266984887673876500</fi>
               <fi>0.01072460950162127900</fi>
               <fi>-0.10903687933068056000</fi>
               <fi>0.17975072463328728000</fi>
            </CF>
         </LIDL>
         <throttle>
            <low>0.55613045542256678000</low>
            <high>1.12653751640459050000</high>
         </throttle>
      </TFM>
   </PFM>
   <OPM>
      <LGO>
         <Transition>
            <from>0</from>
            <to>1</to>
            <time>17.3</time>
         </Transition>
         <Transition>
            <from>1</from>
            <to>0</to>
            <time>17.3</time>
         </Transition>
      </LGO>
      <HLO>
         <Transition>
            <from>0</from>
            <to>1</to>
            <time>12.4</time>
         </Transition>
         <Transition>
            <from>1</from>
            <to>2</to>
            <time>14.6</time>
         </Transition>
         <Transition>
            <from>2</from>
            <to>3</to>
            <time>5.8</time>
         </Transition>
         <Transition>
            <from>3</from>
            <to>4</to>
            <time>2.3</time>
         </Transition>
         <Transition>
            <from>4</from>
            <to>5</to>
            <time>1.7</time>
         </Transition>
         <Transition>
            <from>5</from>
            <to>6</to>
            <time>1.8</time>
         </Transition>
         <Transition>
            <from>6</from>
            <to>7</to>
            <time>1.9</time>
         </Transition>
         <Transition>
            <from>7</from>
            <to>8</to>
            <time>5.8</time>
         </Transition>
         <Transition>
            <from>8</from>
            <to>9</to>
            <time>11.1</time>
         </Transition>
         <Transition>
            <from>9</from>
            <to>8</to>
            <time>11.1</time>
         </Transition>
         <Transition>
            <from>8</from>
            <to>7</to>
            <time>5.8</time>
         </Transition>
         <Transition>
            <from>7</from>
            <to>6</to>
            <time>1.9</time>
         </Transition>
         <Transition>
            <from>6</from>
            <to>5</to>
            <time>1.8</time>
         </Transition>
         <Transition>
            <from>5</from>
            <to>4</to>
            <time>1.7</time>
         </Transition>
         <Transition>
            <from>4</from>
            <to>3</to>
            <time>2.3</time>
         </Transition>
         <Transition>
            <from>3</from>
            <to>2</to>
            <time>5.8</time>
         </Transition>
         <Transition>
            <from>2</from>
            <to>1</to>
            <time>14.6</time>
         </Transition>
         <Transition>
            <from>1</from>
            <to>0</to>
            <time>12.4</time>
         </Transition>
      </HLO>
   </OPM>
   <ALM>
      <GLM>
         <hmo>43100</hmo>
         <mfa>20000</mfa>
      </GLM>
      <KLM>
         <mmo>0.9</mmo>
         <vmo>360</vmo>
         <mle>0.82</mle>
         <vle>270</vle>
         <mlo>0.82</mlo>
         <vloe>270</vloe>
         <vlor>270</vlor>
      </KLM>
      <ELM>
         <Tmin_f>
            <point>
               <Hp>-2000.0</Hp>
               <DeltaT>-81.00000000000000000000</DeltaT>
            </point>
            <point>
               <Hp>0.0</Hp>
               <DeltaT>-77.00000000000000000000</DeltaT>
            </point>
            <point>
               <Hp>32808.0</Hp>
               <DeltaT>-30.00000000000000000000</DeltaT>
            </point>
            <point>
               <Hp>36089.0</Hp>
               <DeltaT>-23.50000000000000000000</DeltaT>
            </point>
            <point>
               <Hp>43100.0</Hp>
               <DeltaT>-23.50000000000000000000</DeltaT>
            </point>
         </Tmin_f>
         <Tmax_f>
            <point>
               <Hp>-2000.0</Hp>
               <DeltaT>35.03999999999999900000</DeltaT>
            </point>
            <point>
               <Hp>0.0</Hp>
               <DeltaT>39.39999999999999900000</DeltaT>
            </point>
            <point>
               <Hp>10000.0</Hp>
               <DeltaT>39.39999999999999900000</DeltaT>
            </point>
            <point>
               <Hp>10001.0</Hp>
               <DeltaT>34.00000000000000000000</DeltaT>
            </point>
            <point>
               <Hp>36089.0</Hp>
               <DeltaT>34.00000000000000000000</DeltaT>
            </point>
            <point>
               <Hp>43100.0</Hp>
               <DeltaT>20.00000000000000000000</DeltaT>
            </point>
         </Tmax_f>
         <Tmin_g>
            <point>
               <Hp>-2000.0</Hp>
               <DeltaT>-73.00000000000000000000</DeltaT>
            </point>
            <point>
               <Hp>6500.0</Hp>
               <DeltaT>-56.00000000000000000000</DeltaT>
            </point>
            <point>
               <Hp>8500.0</Hp>
               <DeltaT>-43.00000000000000000000</DeltaT>
            </point>
         </Tmin_g>
         <Tmax_g>
            <point>
               <Hp>-2000.0</Hp>
               <DeltaT>35.03999999999999900000</DeltaT>
            </point>
            <point>
               <Hp>0.0</Hp>
               <DeltaT>39.39999999999999900000</DeltaT>
            </point>
            <point>
               <Hp>8500.0</Hp>
               <DeltaT>39.39999999999999900000</DeltaT>
            </point>
         </Tmax_g>
      </ELM>
      <DLM>
         <MTW>251744</MTW>
         <MTOW>250837</MTOW>
         <MLW>192777</MLW>
         <MZFW>181437</MZFW>
         <OEW>138000</OEW>
         <MPL>45360</MPL>
         <MFL>126372</MFL>
         <n1>2.5</n1>
         <n3>-1</n3>
         <nf1>2</nf1>
         <nf3>0</nf3>
      </DLM>
   </ALM>
   <Ground>
      <Dimensions>
         <span>60.12</span>
         <length>62.81</length>
      </Dimensions>
      <Runway>
         <TOL>3100</TOL>
         <LDL>1670</LDL>
      </Runway>
   </Ground>
   <ARPM>
      <AeroConfSchedule>
         <AeroPhase>
            <name>TO</name>
            <HLid>2</HLid>
            <LG>UP</LG>
         </AeroPhase>
         <AeroPhase>
            <name>IC</name>
            <HLid>1</HLid>
            <LG>UP</LG>
         </AeroPhase>
         <AeroPhase>
            <name>CR</name>
            <HLid>0</HLid>
            <LG>UP</LG>
         </AeroPhase>
         <AeroPhase>
            <name>AP</name>
            <HLid>3</HLid>
            <LG>UP</LG>
         </AeroPhase>
         <AeroPhase>
            <name>LD</name>
            <HLid>6</HLid>
            <LG>DN</LG>
         </AeroPhase>
      </AeroConfSchedule>
      <SpeedScheduleList>
         <SpeedSchedule>
            <CompanyName>Default</CompanyName>
            <SpeedPhase>
               <name>Climb</name>
               <CAS1>310</CAS1>
               <CAS2>310</CAS2>
               <M>0.84</M>
            </SpeedPhase>
            <SpeedPhase>
               <name>Cruise</name>
               <CAS1>310</CAS1>
               <CAS2>310</CAS2>
               <M>0.84</M>
            </SpeedPhase>
            <SpeedPhase>
               <name>Descent</name>
               <CAS1>310</CAS1>
               <CAS2>310</CAS2>
               <M>0.84</M>
            </SpeedPhase>
         </SpeedSchedule>
      </SpeedScheduleList>
   </ARPM>
</bada40:ACM>