<?xml version="1.0" encoding="utf-8"?>
<bada40:ACM xmlns:bada40="http://www.eurocontrol.int/eec/public/standard_page/bada40">
   <model>A300B4-601</model>
   <type>JET</type>
   <engine>CF6-80C2A1</engine>
   <description/>
   <ICAO>
      <designator>A306</designator>
      <WTC>H</WTC>
   </ICAO>
   <AFCM>
      <S>260</S>
      <Configuration HLid="0">
         <HLPosition>0000</HLPosition>
         <name>CLEAN</name>
         <vfe>335</vfe>
         <LGUP>
            <DPM_clean>
               <M_max>0.82</M_max>
               <scalar>9.835e-007</scalar>
               <CD_clean>
                  <d>-315156.56284588733000000000</d>
                  <d>927952.07889027486000000000</d>
                  <d>-961235.44796186173000000000</d>
                  <d>437157.60458199878000000000</d>
                  <d>-73452.01541197496400000000</d>
                  <d>100639.21547541190000000000</d>
                  <d>-95517.89819542059600000000</d>
                  <d>54467.51313246235800000000</d>
                  <d>-12686.78786147119200000000</d>
                  <d>1023.38810680846650000000</d>
                  <d>-3787.79580351999950000000</d>
                  <d>31724.67322109473800000000</d>
                  <d>-46086.25561534134600000000</d>
                  <d>22170.76881557509500000000</d>
                  <d>-3518.73174155951570000000</d>
               </CD_clean>
            </DPM_clean>
            <BLM_clean>
               <Mmin>0.3</Mmin>
               <Mmax>0.82</Mmax>
               <CL_Mach0>1.2789</CL_Mach0>
               <CL_clean>
                  <bf>1.49664096690830720000</bf>
                  <bf>0.54593825312804856000</bf>
                  <bf>-8.35124695388933170000</bf>
                  <bf>12.69488109456659500000</bf>
                  <bf>-5.92027300140476950000</bf>
               </CL_clean>
            </BLM_clean>
         </LGUP>
      </Configuration>
      <Configuration HLid="1">
         <HLPosition>1500</HLPosition>
         <name>S15F00</name>
         <vfe>250</vfe>
         <LGUP>
            <DPM_nonclean>
               <CD_nonclean>
                  <d>0.0098184</d>
                  <d>0.029319</d>
                  <d>0.036227</d>
               </CD_nonclean>
            </DPM_nonclean>
            <BLM>
               <CL_max>2.1289</CL_max>
            </BLM>
         </LGUP>
      </Configuration>
      <Configuration HLid="2">
         <HLPosition>1515</HLPosition>
         <name>S15F15</name>
         <vfe>215</vfe>
         <LGUP>
            <DPM_nonclean>
               <CD_nonclean>
                  <d>0.028354</d>
                  <d>0.0024256</d>
                  <d>0.046312</d>
               </CD_nonclean>
            </DPM_nonclean>
            <BLM>
               <CL_max>2.4419</CL_max>
            </BLM>
         </LGUP>
      </Configuration>
      <Configuration HLid="3">
         <HLPosition>1520</HLPosition>
         <name>S15F20</name>
         <vfe>205</vfe>
         <LGUP>
            <DPM_nonclean>
               <CD_nonclean>
                  <d>0.03458</d>
                  <d>0.0066784</d>
                  <d>0.042265</d>
               </CD_nonclean>
            </DPM_nonclean>
            <BLM>
               <CL_max>2.6631</CL_max>
            </BLM>
         </LGUP>
         <LGDN>
            <DPM_nonclean>
               <CD_nonclean>
                  <d>0.057013</d>
                  <d>0.0047493</d>
                  <d>0.042679</d>
               </CD_nonclean>
            </DPM_nonclean>
            <BLM>
               <CL_max>2.5923</CL_max>
            </BLM>
         </LGDN>
      </Configuration>
      <Configuration HLid="4">
         <HLPosition>3040</HLPosition>
         <name>S30F40</name>
         <vfe>175</vfe>
         <LGUP>
            <DPM_nonclean>
               <CD_nonclean>
                  <d>0.053401</d>
                  <d>0.033173</d>
                  <d>0.033342</d>
               </CD_nonclean>
            </DPM_nonclean>
            <BLM>
               <CL_max>3.1311</CL_max>
            </BLM>
         </LGUP>
         <LGDN>
            <DPM_nonclean>
               <CD_nonclean>
                  <d>0.073874</d>
                  <d>0.032776</d>
                  <d>0.031909</d>
               </CD_nonclean>
            </DPM_nonclean>
            <BLM>
               <CL_max>3.0706</CL_max>
            </BLM>
         </LGDN>
      </Configuration>
   </AFCM>
   <PFM>
      <MREF>165000</MREF>
      <LHV>43217000</LHV>
      <rho>810</rho>
      <n_eng>2</n_eng>
      <TFA>25</TFA>
      <TFM>
         <CT>
            <a>0</a>
            <a>-0.09999999999896161400</a>
            <a>0</a>
            <a>0</a>
            <a>0</a>
            <a>0</a>
            <a>0.29999999999930832000</a>
            <a>0</a>
            <a>0</a>
            <a>0</a>
            <a>0</a>
            <a>0</a>
            <a>0</a>
            <a>0</a>
            <a>0</a>
            <a>0</a>
            <a>0</a>
            <a>0</a>
            <a>0</a>
            <a>0</a>
            <a>0</a>
            <a>0</a>
            <a>0</a>
            <a>0</a>
            <a>0</a>
            <a>0</a>
            <a>0</a>
            <a>0</a>
            <a>0</a>
            <a>0</a>
            <a>0</a>
            <a>0</a>
            <a>0</a>
            <a>0</a>
            <a>0</a>
            <a>0</a>
         </CT>
         <CF>
            <f>-0.00131256595355440050</f>
            <f>1.05218769767771780000</f>
            <f>2.22666823263657500000</f>
            <f>-22.42994980607194600000</f>
            <f>64.11695477607990800000</f>
            <f>0.09581290007178747100</f>
            <f>1.02052596950166690000</f>
            <f>1.07061484375498320000</f>
            <f>6.64055221186972220000</f>
            <f>-29.19311369115618900000</f>
            <f>0</f>
            <f>0</f>
            <f>0</f>
            <f>0</f>
            <f>0</f>
            <f>0</f>
            <f>0</f>
            <f>0</f>
            <f>0</f>
            <f>0</f>
            <f>0</f>
            <f>0</f>
            <f>0</f>
            <f>0</f>
            <f>0</f>
         </CF>
         <MCRZ>
            <kink>10</kink>
            <flat_rating>
               <b>-4.75392672118261040000</b>
               <b>11.79971809306946900000</b>
               <b>-8.14049180217113210000</b>
               <b>0</b>
               <b>0</b>
               <b>0</b>
               <b>34.25614386100071600000</b>
               <b>-58.69789179135131700000</b>
               <b>50.73638596519879200000</b>
               <b>0</b>
               <b>0</b>
               <b>0</b>
               <b>-76.24969280028739100000</b>
               <b>105.87160607821522000000</b>
               <b>-144.96690282050076000000</b>
               <b>0</b>
               <b>0</b>
               <b>0</b>
               <b>82.61115514058226900000</b>
               <b>-98.72378285860548900000</b>
               <b>243.76721328437651000000</b>
               <b>0</b>
               <b>0</b>
               <b>0</b>
               <b>-45.93402653203707300000</b>
               <b>56.68160035725736600000</b>
               <b>-219.89631704531521000000</b>
               <b>0</b>
               <b>0</b>
               <b>0</b>
               <b>10.86133034711263300000</b>
               <b>-17.41179278010328000000</b>
               <b>79.01887155749346900000</b>
               <b>0</b>
               <b>0</b>
               <b>0</b>
            </flat_rating>
            <temp_rating>
               <c>735.06267751450673000000</c>
               <c>-2953.15535699529980000000</c>
               <c>2485.97727546265330000000</c>
               <c>0</c>
               <c>0</c>
               <c>-2843.93055125525320000000</c>
               <c>11407.12766105068300000000</c>
               <c>-9564.91950008757340000000</c>
               <c>0</c>
               <c>0</c>
               <c>4134.24808456889790000000</c>
               <c>-16500.75831664799600000000</c>
               <c>13771.85739830792600000000</c>
               <c>0</c>
               <c>0</c>
               <c>-2668.50232707852270000000</c>
               <c>10592.49695636427700000000</c>
               <c>-8803.65547476297250000000</c>
               <c>0</c>
               <c>0</c>
               <c>644.83821142914962000000</c>
               <c>-2545.80310462721630000000</c>
               <c>2107.75533407157850000000</c>
               <c>0</c>
               <c>0</c>
               <c>-2.12778203067860130000</c>
               <c>-15.21981676776629100000</c>
               <c>37.26063033567810100000</c>
               <c>0</c>
               <c>0</c>
               <c>-0.83032531864834902000</c>
               <c>66.05249705604279600000</c>
               <c>-123.85473534667325000000</c>
               <c>0</c>
               <c>0</c>
               <c>6.54741908467984150000</c>
               <c>-99.32414042371756600000</c>
               <c>165.90713398382670000000</c>
               <c>0</c>
               <c>0</c>
               <c>-4.64770317527292680000</c>
               <c>49.19078900771234700000</c>
               <c>-76.94698480390721300000</c>
               <c>0</c>
               <c>0</c>
            </temp_rating>
         </MCRZ>
         <MCMB>
            <kink>10</kink>
            <flat_rating>
               <b>-2.33760900802114870000</b>
               <b>5.84918604681888790000</b>
               <b>-3.02560609550334150000</b>
               <b>0</b>
               <b>0</b>
               <b>0</b>
               <b>16.61208178362551300000</b>
               <b>-15.62610537621931100000</b>
               <b>8.96414814693740420000</b>
               <b>0</b>
               <b>0</b>
               <b>0</b>
               <b>-24.38581539890603600000</b>
               <b>-26.68902635108908300000</b>
               <b>5.59315034261712190000</b>
               <b>0</b>
               <b>0</b>
               <b>0</b>
               <b>4.71698702855478660000</b>
               <b>124.02146195828448000000</b>
               <b>-42.41472350333874900000</b>
               <b>0</b>
               <b>0</b>
               <b>0</b>
               <b>14.55414946967232800000</b>
               <b>-141.29401422784289000000</b>
               <b>52.32252459329941300000</b>
               <b>0</b>
               <b>0</b>
               <b>0</b>
               <b>-8.38561707938049320000</b>
               <b>53.67858135186539700000</b>
               <b>-21.47742064651157200000</b>
               <b>0</b>
               <b>0</b>
               <b>0</b>
            </flat_rating>
            <temp_rating>
               <c>75.71842898397025600000</c>
               <c>-1013.91846928924060000000</c>
               <c>1189.64409611523800000000</c>
               <c>0</c>
               <c>0</c>
               <c>-250.27412920535892000000</c>
               <c>3749.92372443745400000000</c>
               <c>-4445.27634724533980000000</c>
               <c>0</c>
               <c>0</c>
               <c>313.99971183393563000000</c>
               <c>-5185.33865279790190000000</c>
               <c>6209.04412184990720000000</c>
               <c>0</c>
               <c>0</c>
               <c>-170.43647709034812000000</c>
               <c>3170.55733672532870000000</c>
               <c>-3843.05920898781550000000</c>
               <c>0</c>
               <c>0</c>
               <c>32.97974533619513000000</c>
               <c>-722.69888612237332000000</c>
               <c>888.80223733857383000000</c>
               <c>0</c>
               <c>0</c>
               <c>-4.58873447118486940000</c>
               <c>-1.22723193392476080000</c>
               <c>17.73708698854993000000</c>
               <c>0</c>
               <c>0</c>
               <c>7.96285978028418650000</c>
               <c>18.95177160763783100000</c>
               <c>-61.39738937465881500000</c>
               <c>0</c>
               <c>0</c>
               <c>-5.58714118594344900000</c>
               <c>-36.24918915986815900000</c>
               <c>84.71992113610835400000</c>
               <c>0</c>
               <c>0</c>
               <c>1.03290792176981050000</c>
               <c>20.15541840599911400000</c>
               <c>-40.26861190919027000000</c>
               <c>0</c>
               <c>0</c>
            </temp_rating>
         </MCMB>
         <LIDL>
            <CT>
               <ti>-0.00550186826696630330</ti>
               <ti>0.12628157085387684000</ti>
               <ti>-0.23916086782360360000</ti>
               <ti>0.11901820137210205000</ti>
               <ti>0.03970892098760956500</ti>
               <ti>-0.40767214155748555000</ti>
               <ti>0.66564729445068704000</ti>
               <ti>-0.27648538630551878000</ti>
               <ti>-0.01368435123849162700</ti>
               <ti>0.15127913468823032000</ti>
               <ti>-0.19444343433007574000</ti>
               <ti>-0.03113110676387722100</ti>
            </CT>
            <CF>
               <fi>0.01165132449637351600</fi>
               <fi>-0.00593408016038031620</fi>
               <fi>0.03149686444768092600</fi>
               <fi>-0.02952084063262295000</fi>
               <fi>0.18079666660735008000</fi>
               <fi>-0.20844621206910738000</fi>
               <fi>0.05356702540796463900</fi>
               <fi>-0.24211300111862247000</fi>
               <fi>0.26788396518690216000</fi>
            </CF>
         </LIDL>
         <throttle>
            <low>0.5544617623</low>
            <high>1.225757118</high>
         </throttle>
      </TFM>
   </PFM>
   <OPM>
      <LGO>
         <Transition>
            <from>0</from>
            <to>1</to>
            <time>20</time>
         </Transition>
         <Transition>
            <from>1</from>
            <to>0</to>
            <time>20</time>
         </Transition>
      </LGO>
      <HLO>
         <Transition>
            <from>0</from>
            <to>1</to>
            <time>8.8</time>
         </Transition>
         <Transition>
            <from>1</from>
            <to>2</to>
            <time>21.4</time>
         </Transition>
         <Transition>
            <from>2</from>
            <to>3</to>
            <time>4.2</time>
         </Transition>
         <Transition>
            <from>3</from>
            <to>4</to>
            <time>6.5</time>
         </Transition>
         <Transition>
            <from>4</from>
            <to>3</to>
            <time>5.7</time>
         </Transition>
         <Transition>
            <from>3</from>
            <to>2</to>
            <time>4.2</time>
         </Transition>
         <Transition>
            <from>2</from>
            <to>1</to>
            <time>21.5</time>
         </Transition>
         <Transition>
            <from>1</from>
            <to>0</to>
            <time>8.7</time>
         </Transition>
      </HLO>
   </OPM>
   <ALM>
      <GLM>
         <hmo>40000</hmo>
         <mfa>20000</mfa>
      </GLM>
      <KLM>
         <mmo>0.82</mmo>
         <vmo>335</vmo>
         <mle>0.59</mle>
         <vle>270</vle>
         <mlo>0.59</mlo>
         <vloe>270</vloe>
         <vlor>240</vlor>
      </KLM>
      <ELM>
         <Tmin_f>
            <point>
               <Hp>-1000</Hp>
               <DeltaT>-57</DeltaT>
            </point>
            <point>
               <Hp>36089</Hp>
               <DeltaT>-10.6</DeltaT>
            </point>
            <point>
               <Hp>40000</Hp>
               <DeltaT>-13.5</DeltaT>
            </point>
         </Tmin_f>
         <Tmax_f>
            <point>
               <Hp>-1000</Hp>
               <DeltaT>38</DeltaT>
            </point>
            <point>
               <Hp>0</Hp>
               <DeltaT>40</DeltaT>
            </point>
            <point>
               <Hp>10000</Hp>
               <DeltaT>39.8</DeltaT>
            </point>
            <point>
               <Hp>10001</Hp>
               <DeltaT>34.8</DeltaT>
            </point>
            <point>
               <Hp>36089</Hp>
               <DeltaT>34.3</DeltaT>
            </point>
            <point>
               <Hp>40000</Hp>
               <DeltaT>26.5</DeltaT>
            </point>
         </Tmax_f>
         <Tmin_g>
            <point>
               <Hp>-1000</Hp>
               <DeltaT>-57</DeltaT>
            </point>
            <point>
               <Hp>8500</Hp>
               <DeltaT>-45.2</DeltaT>
            </point>
         </Tmin_g>
         <Tmax_g>
            <point>
               <Hp>-1000</Hp>
               <DeltaT>38</DeltaT>
            </point>
            <point>
               <Hp>0</Hp>
               <DeltaT>40</DeltaT>
            </point>
            <point>
               <Hp>8500</Hp>
               <DeltaT>39.8</DeltaT>
            </point>
         </Tmax_g>
      </ELM>
      <DLM>
         <MTW>165900</MTW>
         <MTOW>165000</MTOW>
         <MLW>138000</MLW>
         <MZFW>130000</MZFW>
         <OEW>87000</OEW>
         <MPL>43000</MPL>
         <MFL>48484</MFL>
         <n1>2.5</n1>
         <n3>-1</n3>
         <nf1>2</nf1>
         <nf3>0</nf3>
      </DLM>
   </ALM>
   <Ground>
      <Dimensions>
         <span>44.84</span>
         <length>54.08</length>
      </Dimensions>
      <Runway>
         <TOL>2360</TOL>
         <LDL>1560</LDL>
      </Runway>
   </Ground>
   <ARPM>
      <AeroConfSchedule>
         <AeroPhase>
            <name>TO</name>
            <HLid>2</HLid>
            <LG>UP</LG>
         </AeroPhase>
         <AeroPhase>
            <name>IC</name>
            <HLid>1</HLid>
            <LG>UP</LG>
         </AeroPhase>
         <AeroPhase>
            <name>CR</name>
            <HLid>0</HLid>
            <LG>UP</LG>
         </AeroPhase>
         <AeroPhase>
            <name>AP</name>
            <HLid>2</HLid>
            <LG>UP</LG>
         </AeroPhase>
         <AeroPhase>
            <name>LD</name>
            <HLid>4</HLid>
            <LG>DN</LG>
         </AeroPhase>
      </AeroConfSchedule>
      <SpeedScheduleList>
         <SpeedSchedule>
            <CompanyName>Default</CompanyName>
            <SpeedPhase>
               <name>Climb</name>
               <CAS1>310</CAS1>
               <CAS2>310</CAS2>
               <M>0.79</M>
            </SpeedPhase>
            <SpeedPhase>
               <name>Cruise</name>
               <CAS1>250</CAS1>
               <CAS2>310</CAS2>
               <M>0.79</M>
            </SpeedPhase>
            <SpeedPhase>
               <name>Descent</name>
               <CAS1>290</CAS1>
               <CAS2>290</CAS2>
               <M>0.79</M>
            </SpeedPhase>
         </SpeedSchedule>
      </SpeedScheduleList>
   </ARPM>
</bada40:ACM>