<?xml version="1.0" encoding="utf-8"?>
<bada40:ACM xmlns:bada40="http://www.eurocontrol.int/eec/public/standard_page/bada40">
   <model>ATR42-500</model>
   <type>TURBOPROP</type>
   <engine>PW127E-HS568F</engine>
   <description/>
   <ICAO>
      <designator>AT45</designator>
      <WTC>M</WTC>
   </ICAO>
   <AFCM>
      <S>54.51</S>
      <Configuration HLid="0">
         <HLPosition>0000</HLPosition>
         <name>flaps 0</name>
         <vfe>250</vfe>
         <LGUP>
            <DPM_clean>
               <M_max>0.55</M_max>
               <scalar>9.835e-007</scalar>
               <CD_clean>
                  <d>-19696944.74714371200000000000</d>
                  <d>68696448.68209461900000000000</d>
                  <d>-89837493.78270788500000000000</d>
                  <d>52287001.14658862400000000000</d>
                  <d>-11425545.77645799500000000000</d>
                  <d>-2216705.92842483570000000000</d>
                  <d>6870233.24599746240000000000</d>
                  <d>-7706174.12059120830000000000</d>
                  <d>3777731.69018790680000000000</d>
                  <d>-685434.22408074955000000000</d>
                  <d>0</d>
                  <d>0</d>
                  <d>0</d>
                  <d>0</d>
                  <d>0</d>
               </CD_clean>
            </DPM_clean>
            <BLM>
               <CL_max>1.7101</CL_max>
            </BLM>
         </LGUP>
         <LGDN>
            <DPM_nonclean>
               <CD_nonclean>
                  <d>0.056466</d>
                  <d>-0.01312</d>
                  <d>0.045839</d>
               </CD_nonclean>
            </DPM_nonclean>
            <BLM>
               <CL_max>1.7101</CL_max>
            </BLM>
         </LGDN>
      </Configuration>
      <Configuration HLid="1">
         <HLPosition>0015</HLPosition>
         <name>flaps 15</name>
         <vfe>180</vfe>
         <LGUP>
            <DPM_nonclean>
               <CD_nonclean>
                  <d>0.051557</d>
                  <d>-0.028071</d>
                  <d>0.04465</d>
               </CD_nonclean>
            </DPM_nonclean>
            <BLM>
               <CL_max>2.1397</CL_max>
            </BLM>
         </LGUP>
         <LGDN>
            <DPM_nonclean>
               <CD_nonclean>
                  <d>0.072533</d>
                  <d>-0.028167</d>
                  <d>0.044985</d>
               </CD_nonclean>
            </DPM_nonclean>
            <BLM>
               <CL_max>2.1923</CL_max>
            </BLM>
         </LGDN>
      </Configuration>
      <Configuration HLid="2">
         <HLPosition>0025</HLPosition>
         <name>flaps 25</name>
         <vfe>160</vfe>
         <LGUP>
            <DPM_nonclean>
               <CD_nonclean>
                  <d>0.068621</d>
                  <d>-0.03696</d>
                  <d>0.04614</d>
               </CD_nonclean>
            </DPM_nonclean>
            <BLM>
               <CL_max>2.4752</CL_max>
            </BLM>
         </LGUP>
         <LGDN>
            <DPM_nonclean>
               <CD_nonclean>
                  <d>0.089819</d>
                  <d>-0.037401</d>
                  <d>0.046402</d>
               </CD_nonclean>
            </DPM_nonclean>
            <BLM>
               <CL_max>2.5287</CL_max>
            </BLM>
         </LGDN>
      </Configuration>
      <Configuration HLid="3">
         <HLPosition>0035</HLPosition>
         <name>flaps 35</name>
         <vfe>150</vfe>
         <LGUP>
            <DPM_nonclean>
               <CD_nonclean>
                  <d>0.07701</d>
                  <d>-0.03066</d>
                  <d>0.042592</d>
               </CD_nonclean>
            </DPM_nonclean>
            <BLM>
               <CL_max>2.6603</CL_max>
            </BLM>
         </LGUP>
         <LGDN>
            <DPM_nonclean>
               <CD_nonclean>
                  <d>0.098012</d>
                  <d>-0.030559</d>
                  <d>0.042581</d>
               </CD_nonclean>
            </DPM_nonclean>
            <BLM>
               <CL_max>2.7132</CL_max>
            </BLM>
         </LGDN>
      </Configuration>
   </AFCM>
   <PFM>
      <MREF>18600</MREF>
      <LHV>43217000</LHV>
      <rho>810</rho>
      <n_eng>2</n_eng>
      <TFA>7</TFA>
      <TPM>
         <prop_dia>3.93</prop_dia>
         <max_eff>1</max_eff>
         <CP>
            <a>0</a>
            <a>232.27465349499070000000</a>
            <a>5.72203016465828450000</a>
            <a>-22.07807105769271100000</a>
            <a>0</a>
            <a>0</a>
            <a>-0.11766971302226822000</a>
            <a>1892.67553311492090000000</a>
            <a>58.41565649666492300000</a>
            <a>0</a>
            <a>0</a>
            <a>0</a>
            <a>0</a>
            <a>0</a>
            <a>0</a>
            <a>0</a>
            <a>0</a>
            <a>0</a>
            <a>0</a>
            <a>0</a>
            <a>0</a>
            <a>0</a>
            <a>0</a>
            <a>0</a>
            <a>0</a>
            <a>0</a>
            <a>0</a>
            <a>0</a>
            <a>0</a>
            <a>0</a>
            <a>0</a>
            <a>0</a>
            <a>0</a>
            <a>0</a>
            <a>0</a>
            <a>0</a>
         </CP>
         <CF>
            <f>0.11899209714096758000</f>
            <f>-4.17283213892322460000</f>
            <f>192.86270405825965000000</f>
            <f>-280.62843940324484000000</f>
            <f>0</f>
            <f>-0.41212342275376873000</f>
            <f>54.63762626980650300000</f>
            <f>-1442.58284797954090000000</f>
            <f>3277.40305031015760000000</f>
            <f>0</f>
            <f>0.71779701651135663000</f>
            <f>-133.06052481038705000000</f>
            <f>3255.86583707977930000000</f>
            <f>-6442.29850867929600000000</f>
            <f>0</f>
            <f>0.17558767230095812000</f>
            <f>106.17707751187955000000</f>
            <f>-2569.64511792362510000000</f>
            <f>4440.43038368072390000000</f>
            <f>0</f>
            <f>0</f>
            <f>0</f>
            <f>0</f>
            <f>0</f>
            <f>0</f>
         </CF>
         <MCRZ>
            <max_power>3076054.3805</max_power>
            <rating>
               <p>-0.12227860884208656000</p>
               <p>0.00057258486638466540</p>
               <p>0.01056062376058560000</p>
               <p>0</p>
               <p>0</p>
               <p>0</p>
               <p>-0.00026116579162222616</p>
               <p>-0.00054839261608693362</p>
               <p>0.00262464644084257860</p>
               <p>0</p>
               <p>0</p>
               <p>0</p>
               <p>-0.00008223227212123868</p>
               <p>0.00066424465927520369</p>
               <p>-0.00180054148201779320</p>
               <p>0</p>
               <p>0</p>
               <p>0</p>
               <p>0</p>
               <p>0</p>
               <p>0</p>
               <p>0</p>
               <p>0</p>
               <p>0</p>
               <p>0</p>
               <p>0</p>
               <p>0</p>
               <p>0</p>
               <p>0</p>
               <p>0</p>
               <p>0</p>
               <p>0</p>
               <p>0</p>
               <p>0</p>
               <p>0</p>
               <p>0</p>
            </rating>
         </MCRZ>
         <MCMB>
            <max_power>3118170.1003</max_power>
            <rating>
               <p>-0.12233089039425812000</p>
               <p>0.00052675301615085781</p>
               <p>0.01102134489562423900</p>
               <p>0</p>
               <p>0</p>
               <p>0</p>
               <p>-0.00019698428265362309</p>
               <p>-0.00038755567735367563</p>
               <p>0.00150876719013269020</p>
               <p>0</p>
               <p>0</p>
               <p>0</p>
               <p>-0.00009424342881648202</p>
               <p>0.00051977637535918048</p>
               <p>-0.00109324361963065760</p>
               <p>0</p>
               <p>0</p>
               <p>0</p>
               <p>0</p>
               <p>0</p>
               <p>0</p>
               <p>0</p>
               <p>0</p>
               <p>0</p>
               <p>0</p>
               <p>0</p>
               <p>0</p>
               <p>0</p>
               <p>0</p>
               <p>0</p>
               <p>0</p>
               <p>0</p>
               <p>0</p>
               <p>0</p>
               <p>0</p>
               <p>0</p>
            </rating>
         </MCMB>
         <LIDL>
            <CT>
               <ti>0</ti>
               <ti>0</ti>
               <ti>0</ti>
               <ti>0</ti>
               <ti>0</ti>
               <ti>1.08451921507392980000</ti>
               <ti>0</ti>
               <ti>0</ti>
               <ti>0.25328305936687801000</ti>
               <ti>-0.84185817754174574000</ti>
               <ti>0</ti>
               <ti>0</ti>
               <ti>-0.31602927949724074000</ti>
               <ti>0</ti>
               <ti>0</ti>
               <ti>0</ti>
               <ti>0.08815108510362436300</ti>
               <ti>0.21963981639592073000</ti>
               <ti>-0.09480801506625348400</ti>
               <ti>0</ti>
               <ti>0</ti>
               <ti>0</ti>
               <ti>0</ti>
               <ti>0</ti>
               <ti>-0.40926840068232073000</ti>
               <ti>0</ti>
               <ti>0</ti>
               <ti>-0.44995111297532620000</ti>
               <ti>0.21504873576699551000</ti>
               <ti>0</ti>
               <ti>0</ti>
               <ti>0</ti>
            </CT>
            <CF>
               <fi>0.20449110600435866000</fi>
               <fi>-0.16830224542760522000</fi>
               <fi>0.30187111192573546000</fi>
               <fi>-0.40082804790856663000</fi>
               <fi>1.51615559840786740000</fi>
               <fi>-2.21112001203802590000</fi>
               <fi>0.61433777813928536000</fi>
               <fi>-3.64577158828772680000</fi>
               <fi>4.02417286811414070000</fi>
               <fi>-0.32467035230876989000</fi>
               <fi>0.11546630945128895000</fi>
               <fi>0.23437156241031182000</fi>
               <fi>1.36117426164706550000</fi>
               <fi>-1.09250556969324460000</fi>
            </CF>
         </LIDL>
         <throttle>
            <low>-0.12209</low>
            <high>-0.11919</high>
         </throttle>
      </TPM>
   </PFM>
   <OPM>
      <LGO>
         <Transition>
            <from>0</from>
            <to>1</to>
            <time>15</time>
         </Transition>
         <Transition>
            <from>1</from>
            <to>0</to>
            <time>15</time>
         </Transition>
      </LGO>
      <HLO>
         <Transition>
            <from>0</from>
            <to>1</to>
            <time>3.5</time>
         </Transition>
         <Transition>
            <from>1</from>
            <to>2</to>
            <time>3.4</time>
         </Transition>
         <Transition>
            <from>2</from>
            <to>3</to>
            <time>2.7</time>
         </Transition>
         <Transition>
            <from>3</from>
            <to>2</to>
            <time>3.1</time>
         </Transition>
         <Transition>
            <from>2</from>
            <to>1</to>
            <time>4.3</time>
         </Transition>
         <Transition>
            <from>1</from>
            <to>0</to>
            <time>6.6</time>
         </Transition>
      </HLO>
   </OPM>
   <ALM>
      <GLM>
         <hmo>25000</hmo>
      </GLM>
      <KLM>
         <mmo>0.55</mmo>
         <vmo>250</vmo>
         <vle>180</vle>
         <vloe>170</vloe>
         <vlor>160</vlor>
      </KLM>
      <ELM>
         <Tmin_f>
            <point>
               <Hp>-1000</Hp>
               <DeltaT>-71</DeltaT>
            </point>
            <point>
               <Hp>25000</Hp>
               <DeltaT>-19.5</DeltaT>
            </point>
         </Tmin_f>
         <Tmax_f>
            <point>
               <Hp>-1000</Hp>
               <DeltaT>33</DeltaT>
            </point>
            <point>
               <Hp>0</Hp>
               <DeltaT>35</DeltaT>
            </point>
            <point>
               <Hp>25000</Hp>
               <DeltaT>35</DeltaT>
            </point>
         </Tmax_f>
         <Tmin_g>
            <point>
               <Hp>-1000</Hp>
               <DeltaT>-52</DeltaT>
            </point>
            <point>
               <Hp>8500</Hp>
               <DeltaT>-33.2</DeltaT>
            </point>
         </Tmin_g>
         <Tmax_g>
            <point>
               <Hp>-1000</Hp>
               <DeltaT>33</DeltaT>
            </point>
            <point>
               <Hp>0</Hp>
               <DeltaT>35</DeltaT>
            </point>
            <point>
               <Hp>8500</Hp>
               <DeltaT>35</DeltaT>
            </point>
         </Tmax_g>
      </ELM>
      <DLM>
         <MTW>18770</MTW>
         <MTOW>18600</MTOW>
         <MLW>18300</MLW>
         <MZFW>16700</MZFW>
         <OEW>11250</OEW>
         <MPL>5450</MPL>
         <MFL>4500</MFL>
         <n1>2.5</n1>
         <n3>-1</n3>
         <nf1>2</nf1>
         <nf3>0</nf3>
      </DLM>
   </ALM>
   <Ground>
      <Dimensions>
         <span>24.57</span>
         <length>22.67</length>
      </Dimensions>
      <Runway>
         <TOL>1165</TOL>
         <LDL>1126</LDL>
      </Runway>
   </Ground>
   <ARPM>
      <AeroConfSchedule>
         <AeroPhase>
            <name>TO</name>
            <HLid>1</HLid>
            <LG>UP</LG>
         </AeroPhase>
         <AeroPhase>
            <name>IC</name>
            <HLid>0</HLid>
            <LG>UP</LG>
         </AeroPhase>
         <AeroPhase>
            <name>CR</name>
            <HLid>0</HLid>
            <LG>UP</LG>
         </AeroPhase>
         <AeroPhase>
            <name>AP</name>
            <HLid>2</HLid>
            <LG>UP</LG>
         </AeroPhase>
         <AeroPhase>
            <name>LD</name>
            <HLid>3</HLid>
            <LG>DN</LG>
         </AeroPhase>
      </AeroConfSchedule>
      <SpeedScheduleList>
         <SpeedSchedule>
            <CompanyName>Default</CompanyName>
            <SpeedPhase>
               <name>Climb</name>
               <CAS1>170</CAS1>
               <CAS2>160</CAS2>
               <M>0.45</M>
            </SpeedPhase>
            <SpeedPhase>
               <name>Cruise</name>
               <CAS1>230</CAS1>
               <CAS2>210</CAS2>
               <M>0.45</M>
            </SpeedPhase>
            <SpeedPhase>
               <name>Descent</name>
               <CAS1>230</CAS1>
               <CAS2>230</CAS2>
               <M>0.55</M>
            </SpeedPhase>
         </SpeedSchedule>
      </SpeedScheduleList>
   </ARPM>
</bada40:ACM>