<?xml version="1.0" encoding="utf-8"?>
<bada40:ACM xmlns:bada40="http://www.eurocontrol.int/eec/public/standard_page/bada40">
   <model>ATR72-200</model>
   <type>TURBOPROP</type>
   <engine>PW124B-HS14SF</engine>
   <description/>
   <ICAO>
      <designator>AT72</designator>
      <WTC>M</WTC>
   </ICAO>
   <AFCM>
      <S>61</S>
      <Configuration HLid="0">
         <HLPosition>0000</HLPosition>
         <name>flaps 0</name>
         <vfe>250</vfe>
         <LGUP>
            <DPM_clean>
               <M_max>0.55</M_max>
               <scalar>9.835e-007</scalar>
               <CD_clean>
                  <d>54152571.24589552000000000000</d>
                  <d>-197764215.71515414000000000000</d>
                  <d>270545542.77747810000000000000</d>
                  <d>-164240783.98699036000000000000</d>
                  <d>37336148.36127091200000000000</d>
                  <d>-3509893.68604785950000000000</d>
                  <d>10656963.70396277700000000000</d>
                  <d>-11885387.46771682200000000000</d>
                  <d>5830936.43681416010000000000</d>
                  <d>-1064080.85965034880000000000</d>
                  <d>0</d>
                  <d>0</d>
                  <d>0</d>
                  <d>0</d>
                  <d>0</d>
               </CD_clean>
            </DPM_clean>
            <BLM>
               <CL_max>1.563</CL_max>
            </BLM>
         </LGUP>
         <LGDN>
            <DPM_nonclean>
               <CD_nonclean>
                  <d>0.063942</d>
                  <d>-0.018466</d>
                  <d>0.042689</d>
               </CD_nonclean>
            </DPM_nonclean>
            <BLM>
               <CL_max>1.563</CL_max>
            </BLM>
         </LGDN>
      </Configuration>
      <Configuration HLid="1">
         <HLPosition>0015</HLPosition>
         <name>flaps 15</name>
         <vfe>185</vfe>
         <LGUP>
            <DPM_nonclean>
               <CD_nonclean>
                  <d>0.060552</d>
                  <d>-0.033709</d>
                  <d>0.041654</d>
               </CD_nonclean>
            </DPM_nonclean>
            <BLM>
               <CL_max>2.1235</CL_max>
            </BLM>
         </LGUP>
         <LGDN>
            <DPM_nonclean>
               <CD_nonclean>
                  <d>0.078974</d>
                  <d>-0.035091</d>
                  <d>0.043577</d>
               </CD_nonclean>
            </DPM_nonclean>
            <BLM>
               <CL_max>2.1235</CL_max>
            </BLM>
         </LGDN>
      </Configuration>
      <Configuration HLid="2">
         <HLPosition>0030</HLPosition>
         <name>flaps 30</name>
         <vfe>150</vfe>
         <LGUP>
            <DPM_nonclean>
               <CD_nonclean>
                  <d>0.09419</d>
                  <d>-0.052645</d>
                  <d>0.045458</d>
               </CD_nonclean>
            </DPM_nonclean>
            <BLM>
               <CL_max>2.4725</CL_max>
            </BLM>
         </LGUP>
         <LGDN>
            <DPM_nonclean>
               <CD_nonclean>
                  <d>0.11228</d>
                  <d>-0.052782</d>
                  <d>0.045978</d>
               </CD_nonclean>
            </DPM_nonclean>
            <BLM>
               <CL_max>2.4725</CL_max>
            </BLM>
         </LGDN>
      </Configuration>
   </AFCM>
   <PFM>
      <MREF>21500</MREF>
      <LHV>43217000</LHV>
      <rho>810</rho>
      <n_eng>2</n_eng>
      <TFA>7</TFA>
      <TPM>
         <prop_dia>3.96</prop_dia>
         <max_eff>1</max_eff>
         <CP>
            <a>0</a>
            <a>0.74667684474696039000</a>
            <a>-7.06643848045971890000</a>
            <a>6.64173168061217110000</a>
            <a>0</a>
            <a>0</a>
            <a>-0.11116580382334931000</a>
            <a>1.61019817560955110000</a>
            <a>-1.41233755044197550000</a>
            <a>0</a>
            <a>0</a>
            <a>0</a>
            <a>0</a>
            <a>0</a>
            <a>0</a>
            <a>0</a>
            <a>0</a>
            <a>0</a>
            <a>0</a>
            <a>0</a>
            <a>0</a>
            <a>0</a>
            <a>0</a>
            <a>0</a>
            <a>0</a>
            <a>0</a>
            <a>0</a>
            <a>0</a>
            <a>0</a>
            <a>0</a>
            <a>0</a>
            <a>0</a>
            <a>0</a>
            <a>0</a>
            <a>0</a>
            <a>0</a>
         </CP>
         <CF>
            <f>0.03458441038710306800</f>
            <f>8.98256309388206730000</f>
            <f>-76.22911360025584300000</f>
            <f>3001.15064540294130000000</f>
            <f>0</f>
            <f>0.11902032775982754000</f>
            <f>-66.32918261594844000000</f>
            <f>1008.50042742948840000000</f>
            <f>-24671.90915373970300000000</f>
            <f>0</f>
            <f>-0.29111599702375596000</f>
            <f>206.18516449490278000000</f>
            <f>-3225.11941920867910000000</f>
            <f>64388.24019011740200000000</f>
            <f>0</f>
            <f>0.53785959825063945000</f>
            <f>-203.80875597080788000000</f>
            <f>2861.40040094261390000000</f>
            <f>-51591.50822435064800000000</f>
            <f>0</f>
            <f>0</f>
            <f>0</f>
            <f>0</f>
            <f>0</f>
            <f>0</f>
         </CF>
         <MCRZ>
            <max_power>3065941.6917</max_power>
            <rating>
               <p>-0.95917355450848518000</p>
               <p>12.83233795108684000000</p>
               <p>-15.48666482127561000000</p>
               <p>0</p>
               <p>0</p>
               <p>0</p>
               <p>2.85176944742735690000</p>
               <p>-20.43511987551873700000</p>
               <p>33.76323958234128500000</p>
               <p>0</p>
               <p>0</p>
               <p>0</p>
               <p>-1.93742468760616580000</p>
               <p>11.82073758816544800000</p>
               <p>-19.30952504567324700000</p>
               <p>0</p>
               <p>0</p>
               <p>0</p>
               <p>0</p>
               <p>0</p>
               <p>0</p>
               <p>0</p>
               <p>0</p>
               <p>0</p>
               <p>0</p>
               <p>0</p>
               <p>0</p>
               <p>0</p>
               <p>0</p>
               <p>0</p>
               <p>0</p>
               <p>0</p>
               <p>0</p>
               <p>0</p>
               <p>0</p>
               <p>0</p>
            </rating>
         </MCRZ>
         <MCMB>
            <max_power>3065568.2707</max_power>
            <rating>
               <p>-0.74762615019785372000</p>
               <p>11.88869031960029500000</p>
               <p>-14.10925064909739600000</p>
               <p>0</p>
               <p>0</p>
               <p>0</p>
               <p>2.38102664233636530000</p>
               <p>-18.31221319949192500000</p>
               <p>30.61469127349978700000</p>
               <p>0</p>
               <p>0</p>
               <p>0</p>
               <p>-1.67621166463416380000</p>
               <p>10.64895404910905600000</p>
               <p>-17.55914389595736900000</p>
               <p>0</p>
               <p>0</p>
               <p>0</p>
               <p>0</p>
               <p>0</p>
               <p>0</p>
               <p>0</p>
               <p>0</p>
               <p>0</p>
               <p>0</p>
               <p>0</p>
               <p>0</p>
               <p>0</p>
               <p>0</p>
               <p>0</p>
               <p>0</p>
               <p>0</p>
               <p>0</p>
               <p>0</p>
               <p>0</p>
               <p>0</p>
            </rating>
         </MCMB>
         <LIDL>
            <CT>
               <ti>0</ti>
               <ti>0</ti>
               <ti>0</ti>
               <ti>0</ti>
               <ti>0</ti>
               <ti>0.60358243592577610000</ti>
               <ti>0</ti>
               <ti>0</ti>
               <ti>-0.07048428281667031000</ti>
               <ti>-0.53961718406575021000</ti>
               <ti>0</ti>
               <ti>0</ti>
               <ti>-0.17394176847568552000</ti>
               <ti>0</ti>
               <ti>0</ti>
               <ti>0</ti>
               <ti>0.00358556717926118140</ti>
               <ti>0.10545809890791960000</ti>
               <ti>-0.03659240928078555400</ti>
               <ti>0</ti>
               <ti>0</ti>
               <ti>0</ti>
               <ti>0</ti>
               <ti>0</ti>
               <ti>-0.19950133716348775000</ti>
               <ti>0</ti>
               <ti>0</ti>
               <ti>0.00140678458915042130</ti>
               <ti>0.04491815159311216700</ti>
               <ti>0</ti>
               <ti>0</ti>
               <ti>0</ti>
            </CT>
            <CF>
               <fi>0.14745676750282458000</fi>
               <fi>0.11532522175711875000</fi>
               <fi>-0.09621806247157677100</fi>
               <fi>0.01628740294102987500</fi>
               <fi>-0.30277187226257685000</fi>
               <fi>0.51056325950817527000</fi>
               <fi>-0.04994276931807122700</fi>
               <fi>0.20776863800870154000</fi>
               <fi>-0.44523533950140454000</fi>
               <fi>-0.34233304277979260000</fi>
               <fi>0.17471344702136571000</fi>
               <fi>0.09039855986325233400</fi>
               <fi>0.41296262624667052000</fi>
               <fi>-0.49509504709074270000</fi>
            </CF>
         </LIDL>
         <throttle>
            <low>0.52018</low>
            <high>1.8591</high>
         </throttle>
      </TPM>
   </PFM>
   <OPM>
      <LGO>
         <Transition>
            <from>0</from>
            <to>1</to>
            <time>15</time>
         </Transition>
         <Transition>
            <from>1</from>
            <to>0</to>
            <time>15</time>
         </Transition>
      </LGO>
      <HLO>
         <Transition>
            <from>0</from>
            <to>1</to>
            <time>4</time>
         </Transition>
         <Transition>
            <from>1</from>
            <to>2</to>
            <time>6</time>
         </Transition>
         <Transition>
            <from>2</from>
            <to>1</to>
            <time>4.8</time>
         </Transition>
         <Transition>
            <from>1</from>
            <to>0</to>
            <time>6</time>
         </Transition>
      </HLO>
   </OPM>
   <ALM>
      <GLM>
         <hmo>25000</hmo>
      </GLM>
      <KLM>
         <mmo>0.55</mmo>
         <vmo>250</vmo>
         <vle>185</vle>
         <vloe>170</vloe>
         <vlor>160</vlor>
      </KLM>
      <ELM>
         <Tmin_f>
            <point>
               <Hp>-1000</Hp>
               <DeltaT>-71</DeltaT>
            </point>
            <point>
               <Hp>25000</Hp>
               <DeltaT>-19.5</DeltaT>
            </point>
         </Tmin_f>
         <Tmax_f>
            <point>
               <Hp>-1000</Hp>
               <DeltaT>33</DeltaT>
            </point>
            <point>
               <Hp>0</Hp>
               <DeltaT>35</DeltaT>
            </point>
            <point>
               <Hp>25000</Hp>
               <DeltaT>35</DeltaT>
            </point>
         </Tmax_f>
         <Tmin_g>
            <point>
               <Hp>-1000</Hp>
               <DeltaT>-52</DeltaT>
            </point>
            <point>
               <Hp>8500</Hp>
               <DeltaT>-33.2</DeltaT>
            </point>
         </Tmin_g>
         <Tmax_g>
            <point>
               <Hp>-1000</Hp>
               <DeltaT>33</DeltaT>
            </point>
            <point>
               <Hp>0</Hp>
               <DeltaT>35</DeltaT>
            </point>
            <point>
               <Hp>8500</Hp>
               <DeltaT>35</DeltaT>
            </point>
         </Tmax_g>
      </ELM>
      <DLM>
         <MTW>21680</MTW>
         <MTOW>21500</MTOW>
         <MLW>21350</MLW>
         <MZFW>19700</MZFW>
         <OEW>12300</OEW>
         <MPL>7400</MPL>
         <MFL>5000</MFL>
         <n1>2.5</n1>
         <n3>-1</n3>
         <nf1>2</nf1>
         <nf3>0</nf3>
      </DLM>
   </ALM>
   <Ground>
      <Dimensions>
         <span>27.050</span>
         <length>27.166</length>
      </Dimensions>
      <Runway>
         <TOL>1409</TOL>
         <LDL>1207</LDL>
      </Runway>
   </Ground>
   <ARPM>
      <AeroConfSchedule>
         <AeroPhase>
            <name>TO</name>
            <HLid>1</HLid>
            <LG>UP</LG>
         </AeroPhase>
         <AeroPhase>
            <name>IC</name>
            <HLid>0</HLid>
            <LG>UP</LG>
         </AeroPhase>
         <AeroPhase>
            <name>CR</name>
            <HLid>0</HLid>
            <LG>UP</LG>
         </AeroPhase>
         <AeroPhase>
            <name>AP</name>
            <HLid>1</HLid>
            <LG>UP</LG>
         </AeroPhase>
         <AeroPhase>
            <name>LD</name>
            <HLid>2</HLid>
            <LG>DN</LG>
         </AeroPhase>
      </AeroConfSchedule>
      <SpeedScheduleList>
         <SpeedSchedule>
            <CompanyName>Default</CompanyName>
            <SpeedPhase>
               <name>Climb</name>
               <CAS1>170</CAS1>
               <CAS2>170</CAS2>
               <M>0.45</M>
            </SpeedPhase>
            <SpeedPhase>
               <name>Cruise</name>
               <CAS1>230</CAS1>
               <CAS2>220</CAS2>
               <M>0.45</M>
            </SpeedPhase>
            <SpeedPhase>
               <name>Descent</name>
               <CAS1>230</CAS1>
               <CAS2>230</CAS2>
               <M>0.55</M>
            </SpeedPhase>
         </SpeedSchedule>
      </SpeedScheduleList>
   </ARPM>
</bada40:ACM>