<?xml version="1.0" encoding="utf-8"?>
<bada40:ACM xmlns:bada40="http://www.eurocontrol.int/eec/public/standard_page/bada40">
   <model>A320-232</model>
   <type>JET</type>
   <engine>IAE V2527-A5</engine>
   <description/>
   <ICAO>
      <designator>A320</designator>
      <WTC>M</WTC>
   </ICAO>
   <AFCM>
      <S>122.6</S>
      <Configuration HLid="0">
         <HLPosition>0000</HLPosition>
         <name>CLEAN</name>
         <vfe>350</vfe>
         <LGUP>
            <DPM_clean>
               <M_max>0.82</M_max>
               <scalar>9.835e-007</scalar>
               <CD_clean>
                  <d>-266813.50337002223000000000</d>
                  <d>836997.18975666352000000000</d>
                  <d>-913680.77374378033000000000</d>
                  <d>439415.63286791556000000000</d>
                  <d>-77917.12968735180000000000</d>
                  <d>72423.51980950089600000000</d>
                  <d>-61202.29133123620700000000</d>
                  <d>34691.40838356273200000000</d>
                  <d>-8782.39148691792800000000</d>
                  <d>783.57924586607749000000</d>
                  <d>-5145.20748084418760000000</d>
                  <d>55195.19924670105700000000</d>
                  <d>-96218.45225327485200000000</d>
                  <d>56321.00814894346000000000</d>
                  <d>-11043.10985822720400000000</d>
               </CD_clean>
            </DPM_clean>
            <BLM_clean>
               <Mmin>0.3</Mmin>
               <Mmax>0.82</Mmax>
               <CL_Mach0>1.432</CL_Mach0>
               <CL_clean>
                  <bf>0.43817885904461845000</bf>
                  <bf>10.84568610274765300000</bf>
                  <bf>-42.66512869929476200000</bf>
                  <bf>62.15917458194898200000</bf>
                  <bf>-31.36040963434326300000</bf>
               </CL_clean>
            </BLM_clean>
         </LGUP>
      </Configuration>
      <Configuration HLid="1">
         <HLPosition>1800</HLPosition>
         <name>CONF 1</name>
         <vfe>230</vfe>
         <LGUP>
            <DPM_nonclean>
               <CD_nonclean>
                  <d>0.024143</d>
                  <d>-0.0071753</d>
                  <d>0.04864</d>
               </CD_nonclean>
            </DPM_nonclean>
            <BLM>
               <CL_max>2.0298</CL_max>
            </BLM>
         </LGUP>
      </Configuration>
      <Configuration HLid="2">
         <HLPosition>1810</HLPosition>
         <name>CONF 1+F</name>
         <vfe>215</vfe>
         <LGUP>
            <DPM_nonclean>
               <CD_nonclean>
                  <d>0.049249</d>
                  <d>-0.041235</d>
                  <d>0.059392</d>
               </CD_nonclean>
            </DPM_nonclean>
            <BLM>
               <CL_max>2.2463</CL_max>
            </BLM>
         </LGUP>
      </Configuration>
      <Configuration HLid="3">
         <HLPosition>2215</HLPosition>
         <name>CONF 2</name>
         <vfe>200</vfe>
         <LGUP>
            <DPM_nonclean>
               <CD_nonclean>
                  <d>0.065238</d>
                  <d>-0.058515</d>
                  <d>0.064783</d>
               </CD_nonclean>
            </DPM_nonclean>
            <BLM>
               <CL_max>2.5573</CL_max>
            </BLM>
         </LGUP>
      </Configuration>
      <Configuration HLid="4">
         <HLPosition>2220</HLPosition>
         <name>CONF 3</name>
         <vfe>185</vfe>
         <LGUP>
            <DPM_nonclean>
               <CD_nonclean>
                  <d>0.072065</d>
                  <d>-0.058683</d>
                  <d>0.061414</d>
               </CD_nonclean>
            </DPM_nonclean>
            <BLM>
               <CL_max>2.5724</CL_max>
            </BLM>
         </LGUP>
         <LGDN>
            <DPM_nonclean>
               <CD_nonclean>
                  <d>0.097624</d>
                  <d>-0.055676</d>
                  <d>0.060422</d>
               </CD_nonclean>
            </DPM_nonclean>
            <BLM>
               <CL_max>2.5614</CL_max>
            </BLM>
         </LGDN>
      </Configuration>
      <Configuration HLid="5">
         <HLPosition>2740</HLPosition>
         <name>FULL</name>
         <vfe>177</vfe>
         <LGUP>
            <DPM_nonclean>
               <CD_nonclean>
                  <d>0.14973</d>
                  <d>-0.10801</d>
                  <d>0.076635</d>
               </CD_nonclean>
            </DPM_nonclean>
            <BLM>
               <CL_max>2.7523</CL_max>
            </BLM>
         </LGUP>
         <LGDN>
            <DPM_nonclean>
               <CD_nonclean>
                  <d>0.17847</d>
                  <d>-0.11348</d>
                  <d>0.077358</d>
               </CD_nonclean>
            </DPM_nonclean>
            <BLM>
               <CL_max>2.7117</CL_max>
            </BLM>
         </LGDN>
      </Configuration>
   </AFCM>
   <PFM>
      <MREF>78000</MREF>
      <LHV>43217000</LHV>
      <rho>810</rho>
      <n_eng>2</n_eng>
      <TFA>11.5</TFA>
      <TFM>
         <CT>
            <a>0</a>
            <a>-0.10000000001070018000</a>
            <a>0</a>
            <a>0</a>
            <a>0</a>
            <a>0</a>
            <a>0.30000000000550020000</a>
            <a>0</a>
            <a>0</a>
            <a>0</a>
            <a>0</a>
            <a>0</a>
            <a>0</a>
            <a>0</a>
            <a>0</a>
            <a>0</a>
            <a>0</a>
            <a>0</a>
            <a>0</a>
            <a>0</a>
            <a>0</a>
            <a>0</a>
            <a>0</a>
            <a>0</a>
            <a>0</a>
            <a>0</a>
            <a>0</a>
            <a>0</a>
            <a>0</a>
            <a>0</a>
            <a>0</a>
            <a>0</a>
            <a>0</a>
            <a>0</a>
            <a>0</a>
            <a>0</a>
         </CT>
         <CF>
            <f>-0.00292435668636954270</f>
            <f>1.62430162013120240000</f>
            <f>-1.89400957287290380000</f>
            <f>1.06890369502992490000</f>
            <f>12.12814563940951200000</f>
            <f>0.11565429144797186000</f>
            <f>0.24822949934248978000</f>
            <f>4.28926159097832030000</f>
            <f>-14.19495215340031400000</f>
            <f>33.24708701761609600000</f>
            <f>0</f>
            <f>0</f>
            <f>0</f>
            <f>0</f>
            <f>0</f>
            <f>0</f>
            <f>0</f>
            <f>0</f>
            <f>0</f>
            <f>0</f>
            <f>0</f>
            <f>0</f>
            <f>0</f>
            <f>0</f>
            <f>0</f>
         </CF>
         <MCRZ>
            <kink>10</kink>
            <flat_rating>
               <b>-3.35780229144803450000</b>
               <b>11.02764482643909500000</b>
               <b>-7.63253953981335710000</b>
               <b>0</b>
               <b>0</b>
               <b>0</b>
               <b>38.46249885638922400000</b>
               <b>-105.43422186566360000000</b>
               <b>84.35650152141718600000</b>
               <b>0</b>
               <b>0</b>
               <b>0</b>
               <b>-128.00511879897741000000</b>
               <b>370.47545407686874000000</b>
               <b>-328.45677179887338000000</b>
               <b>0</b>
               <b>0</b>
               <b>0</b>
               <b>208.17516803788408000000</b>
               <b>-651.19797790172163000000</b>
               <b>628.47065469968686000000</b>
               <b>0</b>
               <b>0</b>
               <b>0</b>
               <b>-171.16256982009992000000</b>
               <b>580.96247653733440000000</b>
               <b>-597.92090657544929000000</b>
               <b>0</b>
               <b>0</b>
               <b>0</b>
               <b>56.32371872888062800000</b>
               <b>-205.14591253676718000000</b>
               <b>220.40104496626611000000</b>
               <b>0</b>
               <b>0</b>
               <b>0</b>
            </flat_rating>
            <temp_rating>
               <c>861.55613813310413000000</c>
               <c>-3193.91952338350260000000</c>
               <c>2766.99759875826290000000</c>
               <c>0</c>
               <c>0</c>
               <c>-3437.29181134079680000000</c>
               <c>12775.95004546127200000000</c>
               <c>-11103.77710279837800000000</c>
               <c>0</c>
               <c>0</c>
               <c>5146.12605100402650000000</c>
               <c>-19147.33706781568600000000</c>
               <c>16705.36523455039100000000</c>
               <c>0</c>
               <c>0</c>
               <c>-3423.46848080204930000000</c>
               <c>12744.20497963174100000000</c>
               <c>-11165.67565881078900000000</c>
               <c>0</c>
               <c>0</c>
               <c>853.30224874749445000000</c>
               <c>-3178.22295405025940000000</c>
               <c>2797.16158372146490000000</c>
               <c>0</c>
               <c>0</c>
               <c>6.39588515346921140000</c>
               <c>-19.44314801118673200000</c>
               <c>13.92600429888908800000</c>
               <c>0</c>
               <c>0</c>
               <c>-18.62113756876537700000</c>
               <c>57.73913177898679500000</c>
               <c>-38.86987188744629400000</c>
               <c>0</c>
               <c>0</c>
               <c>18.92298080029905100000</c>
               <c>-55.09883241911980200000</c>
               <c>31.19641385347160400000</c>
               <c>0</c>
               <c>0</c>
               <c>-6.68993419656807480000</c>
               <c>18.10689731344549000000</c>
               <c>-8.23346703928107540000</c>
               <c>0</c>
               <c>0</c>
            </temp_rating>
         </MCRZ>
         <MCMB>
            <kink>10</kink>
            <flat_rating>
               <b>-5.48568704910427840000</b>
               <b>15.54355771877430000000</b>
               <b>-9.96479722850461690000</b>
               <b>0</b>
               <b>0</b>
               <b>0</b>
               <b>46.48592754209592200000</b>
               <b>-109.94693518416096000000</b>
               <b>79.58647741313438900000</b>
               <b>0</b>
               <b>0</b>
               <b>0</b>
               <b>-128.97960998696757000000</b>
               <b>308.61299911831657000000</b>
               <b>-261.32419329814184000000</b>
               <b>0</b>
               <b>0</b>
               <b>0</b>
               <b>183.32876989096181000000</b>
               <b>-479.95509483104826000000</b>
               <b>481.93328068586413000000</b>
               <b>0</b>
               <b>0</b>
               <b>0</b>
               <b>-138.73214859549086000000</b>
               <b>417.19530972527440000000</b>
               <b>-474.57306648414959000000</b>
               <b>0</b>
               <b>0</b>
               <b>0</b>
               <b>43.98357640912615800000</b>
               <b>-151.02861758233621000000</b>
               <b>183.82464723932912000000</b>
               <b>0</b>
               <b>0</b>
               <b>0</b>
            </flat_rating>
            <temp_rating>
               <c>877.12295497726620000000</c>
               <c>-3034.86115605779790000000</c>
               <c>2457.09360672721910000000</c>
               <c>0</c>
               <c>0</c>
               <c>-3408.26243969606730000000</c>
               <c>11810.38812261944100000000</c>
               <c>-9562.07955500112980000000</c>
               <c>0</c>
               <c>0</c>
               <c>4955.87356221370920000000</c>
               <c>-17176.77445652783400000000</c>
               <c>13919.11283645674100000000</c>
               <c>0</c>
               <c>0</c>
               <c>-3201.51811642059420000000</c>
               <c>11090.47565153038500000000</c>
               <c>-8997.68763481468700000000</c>
               <c>0</c>
               <c>0</c>
               <c>774.85128267726736000000</c>
               <c>-2682.29569193164750000000</c>
               <c>2179.34845301887890000000</c>
               <c>0</c>
               <c>0</c>
               <c>17.74244633946731000000</c>
               <c>-49.67534970269938600000</c>
               <c>33.94232094208128800000</c>
               <c>0</c>
               <c>0</c>
               <c>-38.53404646307294700000</c>
               <c>107.19571637307543000000</c>
               <c>-69.95700435282724100000</c>
               <c>0</c>
               <c>0</c>
               <c>34.02863071368666700000</c>
               <c>-89.69847538932620500000</c>
               <c>52.11071785810363400000</c>
               <c>0</c>
               <c>0</c>
               <c>-10.92254176028877300000</c>
               <c>27.05106752896740100000</c>
               <c>-13.72003450465538600000</c>
               <c>0</c>
               <c>0</c>
            </temp_rating>
         </MCMB>
         <LIDL>
            <CT>
               <ti>0.05874919112333992800</ti>
               <ti>0.07552210757810493000</ti>
               <ti>-0.62290589153806586000</ti>
               <ti>0.44975826642428479000</ti>
               <ti>-0.07626062331021646300</ti>
               <ti>-0.79404947259995684000</ti>
               <ti>3.13164694333855340000</ti>
               <ti>-2.01528960228963830000</ti>
               <ti>0.01141393657592586900</ti>
               <ti>0.91720969242290451000</ti>
               <ti>-3.26540419338439890000</ti>
               <ti>1.96199086588088910000</ti>
            </CT>
            <CF>
               <fi>0.07274175099634820600</fi>
               <fi>-0.14129807581280060000</fi>
               <fi>0.09989853214936729500</fi>
               <fi>-0.15878974667487691000</fi>
               <fi>0.43451494727074785000</fi>
               <fi>-0.17730404139025946000</fi>
               <fi>0.12754286660513547000</fi>
               <fi>-0.31895403161085617000</fi>
               <fi>-0.00151213610685529310</fi>
            </CF>
         </LIDL>
         <throttle>
            <low>0.3977292501</low>
            <high>1.209621375</high>
         </throttle>
      </TFM>
   </PFM>
   <OPM>
      <LGO>
         <Transition>
            <from>0</from>
            <to>1</to>
            <time>20</time>
         </Transition>
         <Transition>
            <from>1</from>
            <to>0</to>
            <time>20</time>
         </Transition>
      </LGO>
      <HLO>
         <Transition>
            <from>0</from>
            <to>1</to>
            <time>14.3</time>
         </Transition>
         <Transition>
            <from>1</from>
            <to>2</to>
            <time>3.2</time>
         </Transition>
         <Transition>
            <from>2</from>
            <to>3</to>
            <time>6.8</time>
         </Transition>
         <Transition>
            <from>3</from>
            <to>4</to>
            <time>2.9</time>
         </Transition>
         <Transition>
            <from>4</from>
            <to>5</to>
            <time>6.6</time>
         </Transition>
         <Transition>
            <from>5</from>
            <to>4</to>
            <time>6</time>
         </Transition>
         <Transition>
            <from>4</from>
            <to>3</to>
            <time>2.6</time>
         </Transition>
         <Transition>
            <from>3</from>
            <to>2</to>
            <time>6.8</time>
         </Transition>
         <Transition>
            <from>2</from>
            <to>1</to>
            <time>6.2</time>
         </Transition>
         <Transition>
            <from>1</from>
            <to>0</to>
            <time>14.3</time>
         </Transition>
      </HLO>
   </OPM>
   <ALM>
      <GLM>
         <hmo>41100</hmo>
         <mfa>20000</mfa>
      </GLM>
      <KLM>
         <mmo>0.82</mmo>
         <vmo>350</vmo>
         <mle>0.67</mle>
         <vle>280</vle>
         <vloe>250</vloe>
         <vlor>220</vlor>
      </KLM>
      <ELM>
         <Tmin_f>
            <point>
               <Hp>-2000</Hp>
               <DeltaT>-73</DeltaT>
            </point>
            <point>
               <Hp>18246</Hp>
               <DeltaT>-32.9</DeltaT>
            </point>
            <point>
               <Hp>36089</Hp>
               <DeltaT>-11.2</DeltaT>
            </point>
            <point>
               <Hp>39100</Hp>
               <DeltaT>-13.5</DeltaT>
            </point>
            <point>
               <Hp>41100</Hp>
               <DeltaT>-15</DeltaT>
            </point>
         </Tmin_f>
         <Tmax_f>
            <point>
               <Hp>-2000</Hp>
               <DeltaT>36</DeltaT>
            </point>
            <point>
               <Hp>0</Hp>
               <DeltaT>40</DeltaT>
            </point>
            <point>
               <Hp>10000</Hp>
               <DeltaT>40</DeltaT>
            </point>
            <point>
               <Hp>10001</Hp>
               <DeltaT>35</DeltaT>
            </point>
            <point>
               <Hp>36089</Hp>
               <DeltaT>35</DeltaT>
            </point>
            <point>
               <Hp>39800</Hp>
               <DeltaT>27.6</DeltaT>
            </point>
            <point>
               <Hp>41100</Hp>
               <DeltaT>25.1</DeltaT>
            </point>
         </Tmax_f>
         <Tmin_g>
            <point>
               <Hp>-2000</Hp>
               <DeltaT>-73</DeltaT>
            </point>
            <point>
               <Hp>14100</Hp>
               <DeltaT>-41.1</DeltaT>
            </point>
         </Tmin_g>
         <Tmax_g>
            <point>
               <Hp>-2000</Hp>
               <DeltaT>36</DeltaT>
            </point>
            <point>
               <Hp>0</Hp>
               <DeltaT>40</DeltaT>
            </point>
            <point>
               <Hp>10000</Hp>
               <DeltaT>40</DeltaT>
            </point>
            <point>
               <Hp>10001</Hp>
               <DeltaT>35</DeltaT>
            </point>
            <point>
               <Hp>14100</Hp>
               <DeltaT>35</DeltaT>
            </point>
         </Tmax_g>
      </ELM>
      <DLM>
         <MTW>78400</MTW>
         <MTOW>78000</MTOW>
         <MLW>64500</MLW>
         <MZFW>61000</MZFW>
         <OEW>43700</OEW>
         <MPL>17300</MPL>
         <MFL>23500</MFL>
         <n1>2.5</n1>
         <n3>-1</n3>
         <nf1>2</nf1>
         <nf3>0</nf3>
      </DLM>
   </ALM>
   <Ground>
      <Dimensions>
         <span>34.10</span>
         <length>37.57</length>
      </Dimensions>
      <Runway>
         <TOL>2190</TOL>
         <LDL>1440</LDL>
      </Runway>
   </Ground>
   <ARPM>
      <AeroConfSchedule>
         <AeroPhase>
            <name>TO</name>
            <HLid>3</HLid>
            <LG>UP</LG>
         </AeroPhase>
         <AeroPhase>
            <name>IC</name>
            <HLid>2</HLid>
            <LG>UP</LG>
         </AeroPhase>
         <AeroPhase>
            <name>CR</name>
            <HLid>0</HLid>
            <LG>UP</LG>
         </AeroPhase>
         <AeroPhase>
            <name>AP</name>
            <HLid>3</HLid>
            <LG>UP</LG>
         </AeroPhase>
         <AeroPhase>
            <name>LD</name>
            <HLid>5</HLid>
            <LG>DN</LG>
         </AeroPhase>
      </AeroConfSchedule>
      <SpeedScheduleList>
         <SpeedSchedule>
            <CompanyName>Default</CompanyName>
            <SpeedPhase>
               <name>Climb</name>
               <CAS1>310</CAS1>
               <CAS2>310</CAS2>
               <M>0.78</M>
            </SpeedPhase>
            <SpeedPhase>
               <name>Cruise</name>
               <CAS1>250</CAS1>
               <CAS2>310</CAS2>
               <M>0.78</M>
            </SpeedPhase>
            <SpeedPhase>
               <name>Descent</name>
               <CAS1>300</CAS1>
               <CAS2>300</CAS2>
               <M>0.79</M>
            </SpeedPhase>
         </SpeedSchedule>
      </SpeedScheduleList>
   </ARPM>
</bada40:ACM>