<?xml version="1.0" encoding="utf-8"?>
<bada40:ACM xmlns:bada40="http://www.eurocontrol.int/eec/public/standard_page/bada40">
   <model>A310-308</model>
   <type>JET</type>
   <engine>CF6-80C2A8</engine>
   <description/>
   <ICAO>
      <designator>A310</designator>
      <WTC>H</WTC>
   </ICAO>
   <AFCM>
      <S>219</S>
      <Configuration HLid="0">
         <HLPosition>0000</HLPosition>
         <name>CLEAN</name>
         <vfe>340</vfe>
         <LGUP>
            <DPM_clean>
               <M_max>0.84</M_max>
               <scalar>9.835e-007</scalar>
               <CD_clean>
                  <d>299558.78000417229000000000</d>
                  <d>-722055.69200605061000000000</d>
                  <d>678631.11703729827000000000</d>
                  <d>-279680.45192901860000000000</d>
                  <d>43393.50771721976300000000</d>
                  <d>-22694.56914632985400000000</d>
                  <d>85579.98549125719000000000</d>
                  <d>-38042.03253687910900000000</d>
                  <d>6458.28861931430220000000</d>
                  <d>-380.95973089803925000000</d>
                  <d>3048.79733588020550000000</d>
                  <d>2434.14969379920330000000</d>
                  <d>-2646.01556099045050000000</d>
                  <d>765.07790598367751000000</d>
                  <d>-11.17045742619916900000</d>
               </CD_clean>
            </DPM_clean>
            <BLM_clean>
               <Mmin>0.3</Mmin>
               <Mmax>0.84</Mmax>
               <CL_Mach0>1.5202</CL_Mach0>
               <CL_clean>
                  <bf>-0.20163675587152050000</bf>
                  <bf>18.67060691838640500000</bf>
                  <bf>-69.75341879500055600000</bf>
                  <bf>99.23841188918714800000</bf>
                  <bf>-49.20093134651495600000</bf>
               </CL_clean>
            </BLM_clean>
         </LGUP>
      </Configuration>
      <Configuration HLid="1">
         <HLPosition>1500</HLPosition>
         <name>S15F00</name>
         <vfe>245</vfe>
         <LGUP>
            <DPM_nonclean>
               <CD_nonclean>
                  <d>0.024513</d>
                  <d>0.011721</d>
                  <d>0.038579</d>
               </CD_nonclean>
            </DPM_nonclean>
            <BLM>
               <CL_max>2.1996</CL_max>
            </BLM>
         </LGUP>
      </Configuration>
      <Configuration HLid="2">
         <HLPosition>1515</HLPosition>
         <name>S15F15</name>
         <vfe>210</vfe>
         <LGUP>
            <DPM_nonclean>
               <CD_nonclean>
                  <d>0.037241</d>
                  <d>-0.0034109</d>
                  <d>0.044152</d>
               </CD_nonclean>
            </DPM_nonclean>
            <BLM>
               <CL_max>2.5193</CL_max>
            </BLM>
         </LGUP>
      </Configuration>
      <Configuration HLid="3">
         <HLPosition>2020</HLPosition>
         <name>S20F20</name>
         <vfe>195</vfe>
         <LGUP>
            <DPM_nonclean>
               <CD_nonclean>
                  <d>0.056969</d>
                  <d>-0.017045</d>
                  <d>0.045765</d>
               </CD_nonclean>
            </DPM_nonclean>
            <BLM>
               <CL_max>2.6992</CL_max>
            </BLM>
         </LGUP>
         <LGDN>
            <DPM_nonclean>
               <CD_nonclean>
                  <d>0.090484</d>
                  <d>-0.031061</d>
                  <d>0.049953</d>
               </CD_nonclean>
            </DPM_nonclean>
            <BLM>
               <CL_max>2.6285</CL_max>
            </BLM>
         </LGDN>
      </Configuration>
      <Configuration HLid="4">
         <HLPosition>3040</HLPosition>
         <name>S30F40</name>
         <vfe>180</vfe>
         <LGUP>
            <DPM_nonclean>
               <CD_nonclean>
                  <d>0.10729</d>
                  <d>-0.012042</d>
                  <d>0.039053</d>
               </CD_nonclean>
            </DPM_nonclean>
            <BLM>
               <CL_max>3.1674</CL_max>
            </BLM>
         </LGUP>
         <LGDN>
            <DPM_nonclean>
               <CD_nonclean>
                  <d>0.1404</d>
                  <d>-0.040872</d>
                  <d>0.049179</d>
               </CD_nonclean>
            </DPM_nonclean>
            <BLM>
               <CL_max>3.0074</CL_max>
            </BLM>
         </LGDN>
      </Configuration>
   </AFCM>
   <PFM>
      <MREF>170000</MREF>
      <LHV>43217000</LHV>
      <rho>810</rho>
      <n_eng>2</n_eng>
      <TFA>20</TFA>
      <TFM>
         <CT>
            <a>0</a>
            <a>-0.10000000000008467000</a>
            <a>0</a>
            <a>0</a>
            <a>0</a>
            <a>0</a>
            <a>0.30000000000052357000</a>
            <a>0</a>
            <a>0</a>
            <a>0</a>
            <a>0</a>
            <a>0</a>
            <a>0</a>
            <a>0</a>
            <a>0</a>
            <a>0</a>
            <a>0</a>
            <a>0</a>
            <a>0</a>
            <a>0</a>
            <a>0</a>
            <a>0</a>
            <a>0</a>
            <a>0</a>
            <a>0</a>
            <a>0</a>
            <a>0</a>
            <a>0</a>
            <a>0</a>
            <a>0</a>
            <a>0</a>
            <a>0</a>
            <a>0</a>
            <a>0</a>
            <a>0</a>
            <a>0</a>
         </CT>
         <CF>
            <f>-0.00183870300836410710</f>
            <f>1.21694432126103940000</f>
            <f>-1.98949296340616420000</f>
            <f>2.73219718756396630000</f>
            <f>21.78064890486330500000</f>
            <f>0.09532418523192617800</f>
            <f>0.63587867950707810000</f>
            <f>9.35423435329163230000</f>
            <f>-44.36016815554782500000</f>
            <f>63.29907741144436500000</f>
            <f>0</f>
            <f>0</f>
            <f>0</f>
            <f>0</f>
            <f>0</f>
            <f>0</f>
            <f>0</f>
            <f>0</f>
            <f>0</f>
            <f>0</f>
            <f>0</f>
            <f>0</f>
            <f>0</f>
            <f>0</f>
            <f>0</f>
         </CF>
         <MCRZ>
            <kink>10</kink>
            <flat_rating>
               <b>-5.06452259084103940000</b>
               <b>12.52189153067209700000</b>
               <b>-8.29777586701359480000</b>
               <b>0</b>
               <b>0</b>
               <b>0</b>
               <b>42.30775348540682000000</b>
               <b>-78.23017749396586900000</b>
               <b>58.88993810244805600000</b>
               <b>0</b>
               <b>0</b>
               <b>0</b>
               <b>-117.55435866576887000000</b>
               <b>202.61345813154884000000</b>
               <b>-185.00572727570739000000</b>
               <b>0</b>
               <b>0</b>
               <b>0</b>
               <b>167.07078810169838000000</b>
               <b>-290.97137891849144000000</b>
               <b>318.75938005447301000000</b>
               <b>0</b>
               <b>0</b>
               <b>0</b>
               <b>-122.22017971645815000000</b>
               <b>226.00240571562543000000</b>
               <b>-280.00404358954080000000</b>
               <b>0</b>
               <b>0</b>
               <b>0</b>
               <b>36.20570933948670200000</b>
               <b>-72.46276441694443800000</b>
               <b>96.15231540778522400000</b>
               <b>0</b>
               <b>0</b>
               <b>0</b>
            </flat_rating>
            <temp_rating>
               <c>26.93718473508327100000</c>
               <c>-553.30660097869850000000</c>
               <c>490.28332469026299000000</c>
               <c>0</c>
               <c>0</c>
               <c>-74.00006324270232500000</c>
               <c>1972.39278933799300000000</c>
               <c>-1675.02476728334180000000</c>
               <c>0</c>
               <c>0</c>
               <c>86.38357224967923300000</c>
               <c>-2637.16875558741230000000</c>
               <c>2107.55958016707380000000</c>
               <c>0</c>
               <c>0</c>
               <c>-40.58390764793941900000</c>
               <c>1539.63472382883830000000</c>
               <c>-1138.33940993004170000000</c>
               <c>0</c>
               <c>0</c>
               <c>5.39345701851853490000</c>
               <c>-329.48564995203208000000</c>
               <c>218.72791224411026000000</c>
               <c>0</c>
               <c>0</c>
               <c>-18.59162022811483400000</c>
               <c>38.80180686817924100000</c>
               <c>-5.96024450428069130000</c>
               <c>0</c>
               <c>0</c>
               <c>39.04689377964958700000</c>
               <c>-68.05909384874016200000</c>
               <c>-14.83997599108198500000</c>
               <c>0</c>
               <c>0</c>
               <c>-34.53293282951435800000</c>
               <c>42.79028040948107000000</c>
               <c>48.64071137824140600000</c>
               <c>0</c>
               <c>0</c>
               <c>10.61465537946568100000</c>
               <c>-5.37503221414000890000</c>
               <c>-31.26067189731978500000</c>
               <c>0</c>
               <c>0</c>
            </temp_rating>
         </MCRZ>
         <MCMB>
            <kink>10</kink>
            <flat_rating>
               <b>-3.31389387130096180000</b>
               <b>8.26328502790527960000</b>
               <b>-4.30535906420159000000</b>
               <b>0</b>
               <b>0</b>
               <b>0</b>
               <b>29.51242779681276200000</b>
               <b>-47.03147651925012700000</b>
               <b>24.89617745757983200000</b>
               <b>0</b>
               <b>0</b>
               <b>0</b>
               <b>-79.85350740910084300000</b>
               <b>103.50148698655607000000</b>
               <b>-55.99370962382116800000</b>
               <b>0</b>
               <b>0</b>
               <b>0</b>
               <b>109.28430454046695000000</b>
               <b>-112.83342946524775000000</b>
               <b>59.35206641773697800000</b>
               <b>0</b>
               <b>0</b>
               <b>0</b>
               <b>-75.44860847547680300000</b>
               <b>55.18308375236907900000</b>
               <b>-21.18060239512003000000</b>
               <b>0</b>
               <b>0</b>
               <b>0</b>
               <b>20.54101572990929400000</b>
               <b>-7.14592361750026410000</b>
               <b>-2.89347984549005770000</b>
               <b>0</b>
               <b>0</b>
               <b>0</b>
            </flat_rating>
            <temp_rating>
               <c>-276.41876861123228000000</c>
               <c>452.86832981358936000000</c>
               <c>-226.32087061952129000000</c>
               <c>0</c>
               <c>0</c>
               <c>1131.74757685328180000000</c>
               <c>-2042.85541171115870000000</c>
               <c>1178.85540801771550000000</c>
               <c>0</c>
               <c>0</c>
               <c>-1708.12838236119160000000</c>
               <c>3353.87591215003160000000</c>
               <c>-2135.48729350681740000000</c>
               <c>0</c>
               <c>0</c>
               <c>1143.60421038463910000000</c>
               <c>-2420.51124434262970000000</c>
               <c>1656.19632578517960000000</c>
               <c>0</c>
               <c>0</c>
               <c>-286.98061604671432000000</c>
               <c>649.15737083395425000000</c>
               <c>-469.33233055482401000000</c>
               <c>0</c>
               <c>0</c>
               <c>-17.76815194566315600000</c>
               <c>42.54798649733600500000</c>
               <c>-17.84252325800174800000</c>
               <c>0</c>
               <c>0</c>
               <c>41.04776694813659100000</c>
               <c>-94.79890168221099600000</c>
               <c>33.22046878108364600000</c>
               <c>0</c>
               <c>0</c>
               <c>-40.62277705506422600000</c>
               <c>88.69868807372623100000</c>
               <c>-21.33970829529890500000</c>
               <c>0</c>
               <c>0</c>
               <c>14.33925896724833900000</c>
               <c>-29.24085928176581500000</c>
               <c>2.42790829641178220000</c>
               <c>0</c>
               <c>0</c>
            </temp_rating>
         </MCMB>
         <LIDL>
            <CT>
               <ti>0.01545323157379283400</ti>
               <ti>-0.00829240257342037270</ti>
               <ti>-0.02235042147929566100</ti>
               <ti>0.02386180335649670100</ti>
               <ti>-0.00567969231146460070</ti>
               <ti>-0.10988956945511161000</ti>
               <ti>0.22371329305483798000</ti>
               <ti>-0.12973178208073838000</ti>
               <ti>0.00494781038125768640</ti>
               <ti>0.03334788572086486900</ti>
               <ti>-0.08987145564057180700</ti>
               <ti>0.01922741510897362300</ti>
            </CT>
            <CF>
               <fi>0.01205090201137522100</fi>
               <fi>-0.00830604610892827010</fi>
               <fi>0.02893205245622583100</fi>
               <fi>-0.03290170316034402700</fi>
               <fi>0.18617706469554979000</fi>
               <fi>-0.19337016040445551000</fi>
               <fi>0.05656824164183029600</fi>
               <fi>-0.24167684828423472000</fi>
               <fi>0.24885063711344882000</fi>
            </CF>
         </LIDL>
         <throttle>
            <low>0.5112147187</low>
            <high>1.205036004</high>
         </throttle>
      </TFM>
   </PFM>
   <OPM>
      <LGO>
         <Transition>
            <from>0</from>
            <to>1</to>
            <time>20</time>
         </Transition>
         <Transition>
            <from>1</from>
            <to>0</to>
            <time>20</time>
         </Transition>
      </LGO>
      <HLO>
         <Transition>
            <from>0</from>
            <to>1</to>
            <time>9</time>
         </Transition>
         <Transition>
            <from>1</from>
            <to>2</to>
            <time>14.5</time>
         </Transition>
         <Transition>
            <from>2</from>
            <to>3</to>
            <time>2</time>
         </Transition>
         <Transition>
            <from>3</from>
            <to>4</to>
            <time>9.5</time>
         </Transition>
         <Transition>
            <from>4</from>
            <to>3</to>
            <time>9.5</time>
         </Transition>
         <Transition>
            <from>3</from>
            <to>2</to>
            <time>2</time>
         </Transition>
         <Transition>
            <from>2</from>
            <to>1</to>
            <time>15</time>
         </Transition>
         <Transition>
            <from>1</from>
            <to>0</to>
            <time>8</time>
         </Transition>
      </HLO>
   </OPM>
   <ALM>
      <GLM>
         <hmo>41100</hmo>
         <mfa>20000</mfa>
      </GLM>
      <KLM>
         <mmo>0.84</mmo>
         <vmo>340</vmo>
         <mle>0.65</mle>
         <vle>270</vle>
         <mlo>0.59</mlo>
         <vloe>270</vloe>
         <vlor>270</vlor>
      </KLM>
      <ELM>
         <Tmin_f>
            <point>
               <Hp>-1000</Hp>
               <DeltaT>-57</DeltaT>
            </point>
            <point>
               <Hp>36089</Hp>
               <DeltaT>-10.8</DeltaT>
            </point>
            <point>
               <Hp>41100</Hp>
               <DeltaT>-14.5</DeltaT>
            </point>
         </Tmin_f>
         <Tmax_f>
            <point>
               <Hp>-1000</Hp>
               <DeltaT>38</DeltaT>
            </point>
            <point>
               <Hp>0</Hp>
               <DeltaT>40</DeltaT>
            </point>
            <point>
               <Hp>10000</Hp>
               <DeltaT>41.8</DeltaT>
            </point>
            <point>
               <Hp>10001</Hp>
               <DeltaT>34.8</DeltaT>
            </point>
            <point>
               <Hp>36089</Hp>
               <DeltaT>34.5</DeltaT>
            </point>
            <point>
               <Hp>41100</Hp>
               <DeltaT>24.5</DeltaT>
            </point>
         </Tmax_f>
         <Tmin_g>
            <point>
               <Hp>-1000</Hp>
               <DeltaT>-57</DeltaT>
            </point>
            <point>
               <Hp>8500</Hp>
               <DeltaT>-45.2</DeltaT>
            </point>
         </Tmin_g>
         <Tmax_g>
            <point>
               <Hp>-1000</Hp>
               <DeltaT>38</DeltaT>
            </point>
            <point>
               <Hp>0</Hp>
               <DeltaT>40</DeltaT>
            </point>
            <point>
               <Hp>8500</Hp>
               <DeltaT>41.5</DeltaT>
            </point>
         </Tmax_g>
      </ELM>
      <DLM>
         <MTW>170900</MTW>
         <MTOW>170000</MTOW>
         <MLW>124000</MLW>
         <MZFW>114000</MZFW>
         <OEW>80000</OEW>
         <MPL>34000</MPL>
         <MFL>43175</MFL>
         <n1>2.5</n1>
         <n3>-1</n3>
         <nf1>2</nf1>
         <nf3>0</nf3>
      </DLM>
   </ALM>
   <Ground>
      <Dimensions>
         <span>43.90</span>
         <length>46.66</length>
      </Dimensions>
      <Runway>
         <TOL>2290</TOL>
         <LDL>1490</LDL>
      </Runway>
   </Ground>
   <ARPM>
      <AeroConfSchedule>
         <AeroPhase>
            <name>TO</name>
            <HLid>2</HLid>
            <LG>UP</LG>
         </AeroPhase>
         <AeroPhase>
            <name>IC</name>
            <HLid>1</HLid>
            <LG>UP</LG>
         </AeroPhase>
         <AeroPhase>
            <name>CR</name>
            <HLid>0</HLid>
            <LG>UP</LG>
         </AeroPhase>
         <AeroPhase>
            <name>AP</name>
            <HLid>2</HLid>
            <LG>UP</LG>
         </AeroPhase>
         <AeroPhase>
            <name>LD</name>
            <HLid>4</HLid>
            <LG>DN</LG>
         </AeroPhase>
      </AeroConfSchedule>
      <SpeedScheduleList>
         <SpeedSchedule>
            <CompanyName>Default</CompanyName>
            <SpeedPhase>
               <name>Climb</name>
               <CAS1>310</CAS1>
               <CAS2>310</CAS2>
               <M>0.80</M>
            </SpeedPhase>
            <SpeedPhase>
               <name>Cruise</name>
               <CAS1>250</CAS1>
               <CAS2>310</CAS2>
               <M>0.80</M>
            </SpeedPhase>
            <SpeedPhase>
               <name>Descent</name>
               <CAS1>300</CAS1>
               <CAS2>300</CAS2>
               <M>0.80</M>
            </SpeedPhase>
         </SpeedSchedule>
      </SpeedScheduleList>
   </ARPM>
</bada40:ACM>