<?xml version="1.0" encoding="utf-8"?>
<bada40:ACM xmlns:bada40="http://www.eurocontrol.int/eec/public/standard_page/bada40">
   <model>717-200</model>
   <type>JET</type>
   <engine>BR700-715C1</engine>
   <description>high gross weight</description>
   <ICAO>
      <designator>B712</designator>
      <WTC>M</WTC>
   </ICAO>
   <AFCM>
      <S>92.90304000000000400000</S>
      <Configuration HLid="0">
         <HLPosition>0000</HLPosition>
         <name>flaps  0</name>
         <vfe>280</vfe>
         <LGUP>
            <DPM_clean>
               <M_max>0.82000</M_max>
               <scalar>9.835e-007</scalar>
               <CD_clean>
                  <d>753658.13834922679000000000</d>
                  <d>-2237878.99803717990000000000</d>
                  <d>2525143.79513294900000000000</d>
                  <d>-1249586.87272252650000000000</d>
                  <d>229630.60122841847000000000</d>
                  <d>57138.79531405129100000000</d>
                  <d>-24694.74593457657500000000</d>
                  <d>16698.16506462071300000000</d>
                  <d>-4577.72454912615100000000</d>
                  <d>430.02967832839249000000</d>
                  <d>-10271.88388652620800000000</d>
                  <d>149782.18976207857000000000</d>
                  <d>-266164.79955073528000000000</d>
                  <d>156622.00432265701000000000</d>
                  <d>-30423.66546609779100000000</d>
               </CD_clean>
            </DPM_clean>
            <BLM_clean>
               <Mmin>0.40000</Mmin>
               <Mmax>0.84000</Mmax>
               <CL_Mach0>1.05270532684070690000</CL_Mach0>
               <CL_clean>
                  <bf>-11.26618001127306600000</bf>
                  <bf>93.52658512033392000000</bf>
                  <bf>-260.14063284432518000000</bf>
                  <bf>311.91287412039429000000</bf>
                  <bf>-137.24933057021195000000</bf>
               </CL_clean>
            </BLM_clean>
         </LGUP>
         <LGDN>
            <DPM_nonclean>
               <CD_nonclean>
                  <d>0.01683000000000000100</d>
                  <d>-0.00000000000000006245</d>
                  <d>0.04662000000000007100</d>
               </CD_nonclean>
            </DPM_nonclean>
            <BLM>
               <CL_max>1.05270532684070690000</CL_max>
            </BLM>
         </LGDN>
      </Configuration>
      <Configuration HLid="1">
         <HLPosition>0005</HLPosition>
         <name>flaps  5</name>
         <vfe>280</vfe>
         <LGUP>
            <DPM_nonclean>
               <CD_nonclean>
                  <d>0.00970000000000000030</d>
                  <d>-0.00000000000000000801</d>
                  <d>0.04164000000000001700</d>
               </CD_nonclean>
            </DPM_nonclean>
            <BLM>
               <CL_max>1.93233319099587940000</CL_max>
            </BLM>
         </LGUP>
         <LGDN>
            <DPM_nonclean>
               <CD_nonclean>
                  <d>0.02610000000000002600</d>
                  <d>-0.00000000000000007559</d>
                  <d>0.04164000000000004500</d>
               </CD_nonclean>
            </DPM_nonclean>
            <BLM>
               <CL_max>1.93233319099587940000</CL_max>
            </BLM>
         </LGDN>
      </Configuration>
      <Configuration HLid="2">
         <HLPosition>0013</HLPosition>
         <name>flaps 13</name>
         <vfe>240</vfe>
         <LGUP>
            <DPM_nonclean>
               <CD_nonclean>
                  <d>0.01243000000000000000</d>
                  <d>-0.00000000000000003205</d>
                  <d>0.04342000000000002800</d>
               </CD_nonclean>
            </DPM_nonclean>
            <BLM>
               <CL_max>2.06330244060779090000</CL_max>
            </BLM>
         </LGUP>
         <LGDN>
            <DPM_nonclean>
               <CD_nonclean>
                  <d>0.02692999999999999900</d>
                  <d>-0.00000000000000003205</d>
                  <d>0.04342000000000002800</d>
               </CD_nonclean>
            </DPM_nonclean>
            <BLM>
               <CL_max>2.06330244060779090000</CL_max>
            </BLM>
         </LGDN>
      </Configuration>
      <Configuration HLid="3">
         <HLPosition>0018</HLPosition>
         <name>flaps 18</name>
         <vfe>240</vfe>
         <LGUP>
            <DPM_nonclean>
               <CD_nonclean>
                  <d>0.02950999999999999800</d>
                  <d>-0.00557379187089238930</d>
                  <d>0.04559396937893778200</d>
               </CD_nonclean>
            </DPM_nonclean>
            <BLM>
               <CL_max>2.14108940830562580000</CL_max>
            </BLM>
         </LGUP>
         <LGDN>
            <DPM_nonclean>
               <CD_nonclean>
                  <d>0.04220999999999999800</d>
                  <d>-0.00557379187089238930</d>
                  <d>0.04559396937893778200</d>
               </CD_nonclean>
            </DPM_nonclean>
            <BLM>
               <CL_max>2.14108940830562580000</CL_max>
            </BLM>
         </LGDN>
      </Configuration>
      <Configuration HLid="4">
         <HLPosition>0020</HLPosition>
         <name>flaps 20</name>
         <vfe>240</vfe>
         <LGUP>
            <DPM_nonclean>
               <CD_nonclean>
                  <d>0.03604999999999999900</d>
                  <d>-0.00001204591507133204</d>
                  <d>0.04019786738387244600</d>
               </CD_nonclean>
            </DPM_nonclean>
            <BLM>
               <CL_max>2.17046936553087690000</CL_max>
            </BLM>
         </LGUP>
         <LGDN>
            <DPM_nonclean>
               <CD_nonclean>
                  <d>0.04775000000000000100</d>
                  <d>-0.00001204591507136171</d>
                  <d>0.04019786738387246700</d>
               </CD_nonclean>
            </DPM_nonclean>
            <BLM>
               <CL_max>2.17046936553087690000</CL_max>
            </BLM>
         </LGDN>
      </Configuration>
      <Configuration HLid="5">
         <HLPosition>0025</HLPosition>
         <name>flaps 25</name>
         <vfe>220</vfe>
         <LGUP>
            <DPM_nonclean>
               <CD_nonclean>
                  <d>0.05896999999999996700</d>
                  <d>0.00000000000000001457</d>
                  <d>0.03600000000000000400</d>
               </CD_nonclean>
            </DPM_nonclean>
            <BLM>
               <CL_max>2.24662042682436880000</CL_max>
            </BLM>
         </LGUP>
         <LGDN>
            <DPM_nonclean>
               <CD_nonclean>
                  <d>0.06976999999999998500</d>
                  <d>0.00000000000000002914</d>
                  <d>0.03599999999999998300</d>
               </CD_nonclean>
            </DPM_nonclean>
            <BLM>
               <CL_max>2.24662042682436880000</CL_max>
            </BLM>
         </LGDN>
      </Configuration>
      <Configuration HLid="6">
         <HLPosition>0040</HLPosition>
         <name>flaps 40</name>
         <vfe>200</vfe>
         <LGUP>
            <DPM_nonclean>
               <CD_nonclean>
                  <d>0.09364998300947338600</d>
                  <d>-0.00000913377055498773</d>
                  <d>0.03558469650132908800</d>
               </CD_nonclean>
            </DPM_nonclean>
            <BLM>
               <CL_max>2.36858698539163060000</CL_max>
            </BLM>
         </LGUP>
         <LGDN>
            <DPM_nonclean>
               <CD_nonclean>
                  <d>0.10149998300947337000</d>
                  <d>-0.00000913377055503932</d>
                  <d>0.03558469650132913000</d>
               </CD_nonclean>
            </DPM_nonclean>
            <BLM>
               <CL_max>2.36858698539163060000</CL_max>
            </BLM>
         </LGDN>
      </Configuration>
   </AFCM>
   <PFM>
      <MREF>54884</MREF>
      <LHV>43217000</LHV>
      <rho>810</rho>
      <n_eng>2</n_eng>
      <TFA>12</TFA>
      <TFM>
         <CT>
            <a>0.00000000000000000000</a>
            <a>-0.09999999997948434700</a>
            <a>0.00000000000000000000</a>
            <a>0.00000000000000000000</a>
            <a>0.00000000000000000000</a>
            <a>0.00000000000000000000</a>
            <a>0.29999999997686955000</a>
            <a>0.00000000000000000000</a>
            <a>0.00000000000000000000</a>
            <a>0.00000000000000000000</a>
            <a>0.00000000000000000000</a>
            <a>0.00000000000000000000</a>
            <a>0.00000000000000000000</a>
            <a>0.00000000000000000000</a>
            <a>0.00000000000000000000</a>
            <a>0.00000000000000000000</a>
            <a>0.00000000000000000000</a>
            <a>0.00000000000000000000</a>
            <a>0.00000000000000000000</a>
            <a>0.00000000000000000000</a>
            <a>0.00000000000000000000</a>
            <a>0.00000000000000000000</a>
            <a>0.00000000000000000000</a>
            <a>0.00000000000000000000</a>
            <a>0.00000000000000000000</a>
            <a>0.00000000000000000000</a>
            <a>0.00000000000000000000</a>
            <a>0.00000000000000000000</a>
            <a>0.00000000000000000000</a>
            <a>0.00000000000000000000</a>
            <a>0.00000000000000000000</a>
            <a>0.00000000000000000000</a>
            <a>0.00000000000000000000</a>
            <a>0.00000000000000000000</a>
            <a>0.00000000000000000000</a>
            <a>0.00000000000000000000</a>
         </CT>
         <CF>
            <f>0.01625528677107319200</f>
            <f>0.84198046946624405000</f>
            <f>0.78000199081456978000</f>
            <f>9.79208295923138120000</f>
            <f>-28.78090716523687900000</f>
            <f>0.08262280393651706700</f>
            <f>2.23264213829520970000</f>
            <f>-6.77943774777175270000</f>
            <f>6.56832507302923490000</f>
            <f>24.30597615032544900000</f>
            <f>0.00000000000000000000</f>
            <f>0.00000000000000000000</f>
            <f>0.00000000000000000000</f>
            <f>0.00000000000000000000</f>
            <f>0.00000000000000000000</f>
            <f>0.00000000000000000000</f>
            <f>0.00000000000000000000</f>
            <f>0.00000000000000000000</f>
            <f>0.00000000000000000000</f>
            <f>0.00000000000000000000</f>
            <f>0.00000000000000000000</f>
            <f>0.00000000000000000000</f>
            <f>0.00000000000000000000</f>
            <f>0.00000000000000000000</f>
            <f>0.00000000000000000000</f>
         </CF>
         <MCRZ>
            <kink>10</kink>
            <flat_rating>
               <b>0.50514471000691219000</b>
               <b>0.92221099045114618000</b>
               <b>-0.01047657946981447200</b>
               <b>0.00000000000000000000</b>
               <b>0.00000000000000000000</b>
               <b>0.00000000000000000000</b>
               <b>-0.93820691965224701000</b>
               <b>7.90497271459886530000</b>
               <b>-4.14847414261499290000</b>
               <b>0.00000000000000000000</b>
               <b>0.00000000000000000000</b>
               <b>0.00000000000000000000</b>
               <b>19.19455282227459100000</b>
               <b>-54.64376549561405500000</b>
               <b>10.47407043556757100000</b>
               <b>0.00000000000000000000</b>
               <b>0.00000000000000000000</b>
               <b>0.00000000000000000000</b>
               <b>-49.55468466036566600000</b>
               <b>96.45223922290382700000</b>
               <b>12.31330654568733400000</b>
               <b>0.00000000000000000000</b>
               <b>0.00000000000000000000</b>
               <b>0.00000000000000000000</b>
               <b>46.56845276545663400000</b>
               <b>-62.20832803142579300000</b>
               <b>-45.46091017782866600000</b>
               <b>0.00000000000000000000</b>
               <b>0.00000000000000000000</b>
               <b>0.00000000000000000000</b>
               <b>-14.84663509718924800000</b>
               <b>10.09301105702497400000</b>
               <b>28.50412874918907800000</b>
               <b>0.00000000000000000000</b>
               <b>0.00000000000000000000</b>
               <b>0.00000000000000000000</b>
            </flat_rating>
            <temp_rating>
               <c>-748.14869697232859000000</c>
               <c>2445.20700553396680000000</c>
               <c>-2314.29720396268020000000</c>
               <c>0.00000000000000000000</c>
               <c>0.00000000000000000000</c>
               <c>3010.23397195723240000000</c>
               <c>-9910.96380395794040000000</c>
               <c>9441.15638779358960000000</c>
               <c>0.00000000000000000000</c>
               <c>0.00000000000000000000</c>
               <c>-4528.23126749877880000000</c>
               <c>15051.75166097542800000000</c>
               <c>-14419.36584887765500000000</c>
               <c>0.00000000000000000000</c>
               <c>0.00000000000000000000</c>
               <c>3015.69779980857670000000</c>
               <c>-10132.11549728253500000000</c>
               <c>9760.85971414998680000000</c>
               <c>0.00000000000000000000</c>
               <c>0.00000000000000000000</c>
               <c>-751.18142619725802000000</c>
               <c>2551.82009691308670000000</c>
               <c>-2471.99022946629290000000</c>
               <c>0.00000000000000000000</c>
               <c>0.00000000000000000000</c>
               <c>15.58235804651266500000</c>
               <c>-38.74054250749399100000</c>
               <c>27.36733315485076500000</c>
               <c>0.00000000000000000000</c>
               <c>0.00000000000000000000</c>
               <c>-36.13294987717545600000</c>
               <c>90.15698939814612300000</c>
               <c>-61.64726160775771300000</c>
               <c>0.00000000000000000000</c>
               <c>0.00000000000000000000</c>
               <c>35.88542048896592700000</c>
               <c>-88.50824838664083000000</c>
               <c>57.00184858259879700000</c>
               <c>0.00000000000000000000</c>
               <c>0.00000000000000000000</c>
               <c>-12.72671859959546100000</c>
               <c>30.23011319794513300000</c>
               <c>-17.30478773749989700000</c>
               <c>0.00000000000000000000</c>
               <c>0.00000000000000000000</c>
            </temp_rating>
         </MCRZ>
         <MCMB>
            <kink>10</kink>
            <flat_rating>
               <b>-0.49574932750232958000</b>
               <b>4.97589292898499560000</b>
               <b>-3.63094829635575110000</b>
               <b>0.00000000000000000000</b>
               <b>0.00000000000000000000</b>
               <b>0.00000000000000000000</b>
               <b>10.83919321759487900000</b>
               <b>-36.13147322909399900000</b>
               <b>36.33582036417217900000</b>
               <b>0.00000000000000000000</b>
               <b>0.00000000000000000000</b>
               <b>0.00000000000000000000</b>
               <b>-29.29704009556061800000</b>
               <b>126.75729923236537000000</b>
               <b>-159.72030639187139000000</b>
               <b>0.00000000000000000000</b>
               <b>0.00000000000000000000</b>
               <b>0.00000000000000000000</b>
               <b>45.90572952521674900000</b>
               <b>-261.86328035345014000000</b>
               <b>355.59179985982115000000</b>
               <b>0.00000000000000000000</b>
               <b>0.00000000000000000000</b>
               <b>0.00000000000000000000</b>
               <b>-42.92426887150626400000</b>
               <b>276.95098006101841000000</b>
               <b>-377.27878570269331000000</b>
               <b>0.00000000000000000000</b>
               <b>0.00000000000000000000</b>
               <b>0.00000000000000000000</b>
               <b>17.13483876715271100000</b>
               <b>-112.65966325106808000000</b>
               <b>150.84639962781455000000</b>
               <b>0.00000000000000000000</b>
               <b>0.00000000000000000000</b>
               <b>0.00000000000000000000</b>
            </flat_rating>
            <temp_rating>
               <c>-405.92657463799418000000</c>
               <c>1410.73707037426110000000</c>
               <c>-1459.86222845585800000000</c>
               <c>0.00000000000000000000</c>
               <c>0.00000000000000000000</c>
               <c>1661.52104894030390000000</c>
               <c>-5791.02555856527400000000</c>
               <c>5997.87805645469140000000</c>
               <c>0.00000000000000000000</c>
               <c>0.00000000000000000000</c>
               <c>-2539.06347234277200000000</c>
               <c>8908.36021191240070000000</c>
               <c>-9220.11246286466480000000</c>
               <c>0.00000000000000000000</c>
               <c>0.00000000000000000000</c>
               <c>1715.55808395003780000000</c>
               <c>-6067.71752026702600000000</c>
               <c>6274.75054649197050000000</c>
               <c>0.00000000000000000000</c>
               <c>0.00000000000000000000</c>
               <c>-433.26527158398932000000</c>
               <c>1544.79204460201120000000</c>
               <c>-1596.02375885872040000000</c>
               <c>0.00000000000000000000</c>
               <c>0.00000000000000000000</c>
               <c>13.57760256538452200000</c>
               <c>-36.53411705620354200000</c>
               <c>26.59174564651688400000</c>
               <c>0.00000000000000000000</c>
               <c>0.00000000000000000000</c>
               <c>-30.50946549587917600000</c>
               <c>82.90662902624276900000</c>
               <c>-57.51564739157671400000</c>
               <c>0.00000000000000000000</c>
               <c>0.00000000000000000000</c>
               <c>28.76888732774238000000</c>
               <c>-76.75704420943215200000</c>
               <c>48.20997026517503100000</c>
               <c>0.00000000000000000000</c>
               <c>0.00000000000000000000</c>
               <c>-9.56059939844346830000</c>
               <c>24.02372287722065600000</c>
               <c>-12.12075789969269300000</c>
               <c>0.00000000000000000000</c>
               <c>0.00000000000000000000</c>
            </temp_rating>
         </MCMB>
         <MTKF>
            <kink>10</kink>
            <flat_rating>
               <b>7.24464089887039190000</b>
               <b>-29.98046279709218700000</b>
               <b>39.56615860785985500000</b>
               <b>0.00000000000000000000</b>
               <b>0.00000000000000000000</b>
               <b>0.00000000000000000000</b>
               <b>-46.52973874650335500000</b>
               <b>255.79374766029460000000</b>
               <b>-352.69390406169936000000</b>
               <b>0.00000000000000000000</b>
               <b>0.00000000000000000000</b>
               <b>0.00000000000000000000</b>
               <b>157.98977310271579000000</b>
               <b>-900.23709834317901000000</b>
               <b>1256.33374128773180000000</b>
               <b>0.00000000000000000000</b>
               <b>0.00000000000000000000</b>
               <b>0.00000000000000000000</b>
               <b>-266.34473103451415000000</b>
               <b>1534.55279196894320000000</b>
               <b>-2152.45609306794180000000</b>
               <b>0.00000000000000000000</b>
               <b>0.00000000000000000000</b>
               <b>0.00000000000000000000</b>
               <b>218.28243617915126000000</b>
               <b>-1263.05346871839970000000</b>
               <b>1774.08781589589100000000</b>
               <b>0.00000000000000000000</b>
               <b>0.00000000000000000000</b>
               <b>0.00000000000000000000</b>
               <b>-70.04332619187752600000</b>
               <b>405.78157978270718000000</b>
               <b>-569.42325389387838000000</b>
               <b>0.00000000000000000000</b>
               <b>0.00000000000000000000</b>
               <b>0.00000000000000000000</b>
            </flat_rating>
            <temp_rating>
               <c>3795.35989676694360000000</c>
               <c>-14279.97077148759100000000</c>
               <c>13298.70814977388900000000</c>
               <c>0.00000000000000000000</c>
               <c>0.00000000000000000000</c>
               <c>-14403.01313046543500000000</c>
               <c>54406.97932936404000000000</c>
               <c>-50815.11359633596300000000</c>
               <c>0.00000000000000000000</c>
               <c>0.00000000000000000000</c>
               <c>20494.82174728771900000000</c>
               <c>-77727.77334886140300000000</c>
               <c>72837.70642550959000000000</c>
               <c>0.00000000000000000000</c>
               <c>0.00000000000000000000</c>
               <c>-12931.01312466283200000000</c>
               <c>49241.93255244565800000000</c>
               <c>-46311.20003075942100000000</c>
               <c>0.00000000000000000000</c>
               <c>0.00000000000000000000</c>
               <c>3052.47396169582000000000</c>
               <c>-11673.88943106930100000000</c>
               <c>11021.63739027065100000000</c>
               <c>0.00000000000000000000</c>
               <c>0.00000000000000000000</c>
               <c>-52.46595873140872600000</c>
               <c>224.76082165008305000000</c>
               <c>-222.44857187403295000000</c>
               <c>0.00000000000000000000</c>
               <c>0.00000000000000000000</c>
               <c>140.67850607819756000000</c>
               <c>-596.92125797493270000000</c>
               <c>599.00444331682650000000</c>
               <c>0.00000000000000000000</c>
               <c>0.00000000000000000000</c>
               <c>-157.70896322180022000000</c>
               <c>664.94054808818282000000</c>
               <c>-671.11200964430509000000</c>
               <c>0.00000000000000000000</c>
               <c>0.00000000000000000000</c>
               <c>61.40665703034265700000</c>
               <c>-256.86601271670389000000</c>
               <c>258.59451885187303000000</c>
               <c>0.00000000000000000000</c>
               <c>0.00000000000000000000</c>
            </temp_rating>
         </MTKF>
         <LIDL>
            <CT>
               <ti>0.08275629414590424100</ti>
               <ti>-0.63076337399655258000</ti>
               <ti>1.17441531616347360000</ti>
               <ti>-0.61245668853755686000</ti>
               <ti>-0.29113329968445389000</ti>
               <ti>2.33347261824038070000</ti>
               <ti>-4.25327692745200100000</ti>
               <ti>2.14678300992048100000</ti>
               <ti>0.26158171681284920000</ti>
               <ti>-1.98946513510194190000</ti>
               <ti>3.42717872321038990000</ti>
               <ti>-1.65217985057336620000</ti>
            </CT>
            <CF>
               <fi>0.00886626678435935980</fi>
               <fi>0.00940689247445841010</fi>
               <fi>0.00083398488635191674</fi>
               <fi>0.00266681373393370250</fi>
               <fi>0.07102513389863472600</fi>
               <fi>0.08033845332954346600</fi>
               <fi>0.01992559051646058300</fi>
               <fi>0.01632190813314009200</fi>
               <fi>-0.25651006049099179000</fi>
            </CF>
         </LIDL>
         <throttle>
            <low>0.48825959061955349000</low>
            <high>1.40581494354432900000</high>
         </throttle>
      </TFM>
   </PFM>
   <OPM>
      <LGO>
         <Transition>
            <from>0</from>
            <to>1</to>
            <time>9</time>
         </Transition>
         <Transition>
            <from>1</from>
            <to>0</to>
            <time>8.75</time>
         </Transition>
      </LGO>
      <HLO>
         <Transition>
            <from>0</from>
            <to>1</to>
            <time>2.5</time>
         </Transition>
         <Transition>
            <from>1</from>
            <to>2</to>
            <time>3.5</time>
         </Transition>
         <Transition>
            <from>2</from>
            <to>3</to>
            <time>3</time>
         </Transition>
         <Transition>
            <from>3</from>
            <to>4</to>
            <time>1</time>
         </Transition>
         <Transition>
            <from>4</from>
            <to>5</to>
            <time>2.5</time>
         </Transition>
         <Transition>
            <from>5</from>
            <to>6</to>
            <time>9.5</time>
         </Transition>
         <Transition>
            <from>6</from>
            <to>5</to>
            <time>9.5</time>
         </Transition>
         <Transition>
            <from>5</from>
            <to>4</to>
            <time>1.6</time>
         </Transition>
         <Transition>
            <from>4</from>
            <to>3</to>
            <time>1.02</time>
         </Transition>
         <Transition>
            <from>3</from>
            <to>2</to>
            <time>2.62</time>
         </Transition>
         <Transition>
            <from>2</from>
            <to>1</to>
            <time>4.44</time>
         </Transition>
         <Transition>
            <from>1</from>
            <to>0</to>
            <time>2.81</time>
         </Transition>
      </HLO>
   </OPM>
   <ALM>
      <GLM>
         <hmo>37000</hmo>
         <mfa>20000</mfa>
      </GLM>
      <KLM>
         <mmo>0.82</mmo>
         <vmo>340</vmo>
         <mle>0.7</mle>
         <vle>300</vle>
         <mlo>0.7</mlo>
         <vloe>300</vloe>
         <vlor>250</vlor>
      </KLM>
      <ELM>
         <Tmin_f>
            <point>
               <Hp>-2000.0</Hp>
               <DeltaT>-73.00000000000000000000</DeltaT>
            </point>
            <point>
               <Hp>0.0</Hp>
               <DeltaT>-69.00000000000000000000</DeltaT>
            </point>
            <point>
               <Hp>36089.0</Hp>
               <DeltaT>-18.50000000000000000000</DeltaT>
            </point>
            <point>
               <Hp>37000.0</Hp>
               <DeltaT>-19.50000000000000000000</DeltaT>
            </point>
         </Tmin_f>
         <Tmax_f>
            <point>
               <Hp>-2000.0</Hp>
               <DeltaT>31.00000000000000000000</DeltaT>
            </point>
            <point>
               <Hp>0.0</Hp>
               <DeltaT>35.00000000000000000000</DeltaT>
            </point>
            <point>
               <Hp>36089.0</Hp>
               <DeltaT>34.50000000000000000000</DeltaT>
            </point>
            <point>
               <Hp>37000.0</Hp>
               <DeltaT>33.50000000000000000000</DeltaT>
            </point>
         </Tmax_f>
         <Tmin_g>
            <point>
               <Hp>-2000.0</Hp>
               <DeltaT>-73.00000000000000000000</DeltaT>
            </point>
            <point>
               <Hp>8500.0</Hp>
               <DeltaT>-52.00000000000000000000</DeltaT>
            </point>
         </Tmin_g>
         <Tmax_g>
            <point>
               <Hp>-2000.0</Hp>
               <DeltaT>31.00000000000000000000</DeltaT>
            </point>
            <point>
               <Hp>2500.0</Hp>
               <DeltaT>40.00000000000000000000</DeltaT>
            </point>
            <point>
               <Hp>8500.0</Hp>
               <DeltaT>40.00000000000000000000</DeltaT>
            </point>
         </Tmax_g>
      </ELM>
      <DLM>
         <MTW>55338</MTW>
         <MTOW>54884</MTOW>
         <MLW>49898</MLW>
         <MZFW>45586</MZFW>
         <OEW>31071</OEW>
         <MPL>14515</MPL>
         <MFL>16665</MFL>
         <n1>2.5</n1>
         <n3>-1</n3>
         <nf1>2</nf1>
         <nf3>0</nf3>
      </DLM>
   </ALM>
   <Ground>
      <Dimensions>
         <span>28.40</span>
         <length>37.80</length>
      </Dimensions>
      <Runway>
         <TOL>1900</TOL>
         <LDL>1550</LDL>
      </Runway>
   </Ground>
   <ARPM>
      <AeroConfSchedule>
         <AeroPhase>
            <name>TO</name>
            <HLid>1</HLid>
            <LG>UP</LG>
         </AeroPhase>
         <AeroPhase>
            <name>IC</name>
            <HLid>0</HLid>
            <LG>UP</LG>
         </AeroPhase>
         <AeroPhase>
            <name>CR</name>
            <HLid>0</HLid>
            <LG>UP</LG>
         </AeroPhase>
         <AeroPhase>
            <name>AP</name>
            <HLid>3</HLid>
            <LG>UP</LG>
         </AeroPhase>
         <AeroPhase>
            <name>LD</name>
            <HLid>5</HLid>
            <LG>DN</LG>
         </AeroPhase>
      </AeroConfSchedule>
      <SpeedScheduleList>
         <SpeedSchedule>
            <CompanyName>Default</CompanyName>
            <SpeedPhase>
               <name>Climb</name>
               <CAS1>275</CAS1>
               <CAS2>275</CAS2>
               <M>0.72</M>
            </SpeedPhase>
            <SpeedPhase>
               <name>Cruise</name>
               <CAS1>275</CAS1>
               <CAS2>275</CAS2>
               <M>0.75</M>
            </SpeedPhase>
            <SpeedPhase>
               <name>Descent</name>
               <CAS1>260</CAS1>
               <CAS2>260</CAS2>
               <M>0.74</M>
            </SpeedPhase>
         </SpeedSchedule>
      </SpeedScheduleList>
   </ARPM>
</bada40:ACM>