<?xml version="1.0" encoding="utf-8"?>
<bada40:ACM xmlns:bada40="http://www.eurocontrol.int/eec/public/standard_page/bada40">
   <model>A318-112</model>
   <type>JET</type>
   <engine>CFM56-5B9</engine>
   <description/>
   <ICAO>
      <designator>A318</designator>
      <WTC>M</WTC>
   </ICAO>
   <AFCM>
      <S>122.6</S>
      <Configuration HLid="0">
         <HLPosition>0000</HLPosition>
         <name>CLEAN</name>
         <vfe>350</vfe>
         <LGUP>
            <DPM_clean>
               <M_max>0.82</M_max>
               <scalar>9.835e-007</scalar>
               <CD_clean>
                  <d>97811.74262603164200000000</d>
                  <d>-237743.33907574610000000000</d>
                  <d>262757.91815507697000000000</d>
                  <d>-127256.08701643739000000000</d>
                  <d>23287.87419286722400000000</d>
                  <d>38817.20710243795500000000</d>
                  <d>-758.99407587587427000000</d>
                  <d>1951.32822524478730000000</d>
                  <d>-1233.27895427086470000000</d>
                  <d>166.69477963000850000000</d>
                  <d>-1875.69229233908550000000</d>
                  <d>33813.26946763336300000000</d>
                  <d>-60289.37993230079200000000</d>
                  <d>35866.61221837833700000000</d>
                  <d>-7096.46165968289100000000</d>
               </CD_clean>
            </DPM_clean>
            <BLM_clean>
               <Mmin>0.3</Mmin>
               <Mmax>0.82</Mmax>
               <CL_Mach0>1.3718</CL_Mach0>
               <CL_clean>
                  <bf>0.09142389763552613600</bf>
                  <bf>16.41544773426095800000</bf>
                  <bf>-66.28775132959452800000</bf>
                  <bf>99.29081292389453500000</bf>
                  <bf>-50.89028799315052300000</bf>
               </CL_clean>
            </BLM_clean>
         </LGUP>
      </Configuration>
      <Configuration HLid="1">
         <HLPosition>1800</HLPosition>
         <name>CONF 1</name>
         <vfe>230</vfe>
         <LGUP>
            <DPM_nonclean>
               <CD_nonclean>
                  <d>0.02188</d>
                  <d>-0.0090621</d>
                  <d>0.052988</d>
               </CD_nonclean>
            </DPM_nonclean>
            <BLM>
               <CL_max>2.0869</CL_max>
            </BLM>
         </LGUP>
      </Configuration>
      <Configuration HLid="2">
         <HLPosition>1810</HLPosition>
         <name>CONF 1+F</name>
         <vfe>215</vfe>
         <LGUP>
            <DPM_nonclean>
               <CD_nonclean>
                  <d>0.05791</d>
                  <d>-0.053453</d>
                  <d>0.063749</d>
               </CD_nonclean>
            </DPM_nonclean>
            <BLM>
               <CL_max>2.4433</CL_max>
            </BLM>
         </LGUP>
      </Configuration>
      <Configuration HLid="3">
         <HLPosition>2215</HLPosition>
         <name>CONF 2</name>
         <vfe>200</vfe>
         <LGUP>
            <DPM_nonclean>
               <CD_nonclean>
                  <d>0.061736</d>
                  <d>-0.047514</d>
                  <d>0.058681</d>
               </CD_nonclean>
            </DPM_nonclean>
            <BLM>
               <CL_max>2.6957</CL_max>
            </BLM>
         </LGUP>
      </Configuration>
      <Configuration HLid="4">
         <HLPosition>2220</HLPosition>
         <name>CONF 3</name>
         <vfe>185</vfe>
         <LGUP>
            <DPM_nonclean>
               <CD_nonclean>
                  <d>0.080014</d>
                  <d>-0.063689</d>
                  <d>0.064092</d>
               </CD_nonclean>
            </DPM_nonclean>
            <BLM>
               <CL_max>2.7902</CL_max>
            </BLM>
         </LGUP>
         <LGDN>
            <DPM_nonclean>
               <CD_nonclean>
                  <d>0.10158</d>
                  <d>-0.061485</d>
                  <d>0.064498</d>
               </CD_nonclean>
            </DPM_nonclean>
            <BLM>
               <CL_max>2.6301</CL_max>
            </BLM>
         </LGDN>
      </Configuration>
      <Configuration HLid="5">
         <HLPosition>2740</HLPosition>
         <name>FULL</name>
         <vfe>177</vfe>
         <LGUP>
            <DPM_nonclean>
               <CD_nonclean>
                  <d>0.12242</d>
                  <d>-0.074795</d>
                  <d>0.066611</d>
               </CD_nonclean>
            </DPM_nonclean>
            <BLM>
               <CL_max>3.0797</CL_max>
            </BLM>
         </LGUP>
         <LGDN>
            <DPM_nonclean>
               <CD_nonclean>
                  <d>0.14667</d>
                  <d>-0.084644</d>
                  <d>0.072541</d>
               </CD_nonclean>
            </DPM_nonclean>
            <BLM>
               <CL_max>3.0196</CL_max>
            </BLM>
         </LGDN>
      </Configuration>
   </AFCM>
   <PFM>
      <MREF>68000</MREF>
      <LHV>43217000</LHV>
      <rho>810</rho>
      <n_eng>2</n_eng>
      <TFA>10</TFA>
      <TFM>
         <CT>
            <a>0</a>
            <a>-0.10000000000505926000</a>
            <a>0</a>
            <a>0</a>
            <a>0</a>
            <a>0</a>
            <a>0.30000000000320665000</a>
            <a>0</a>
            <a>0</a>
            <a>0</a>
            <a>0</a>
            <a>0</a>
            <a>0</a>
            <a>0</a>
            <a>0</a>
            <a>0</a>
            <a>0</a>
            <a>0</a>
            <a>0</a>
            <a>0</a>
            <a>0</a>
            <a>0</a>
            <a>0</a>
            <a>0</a>
            <a>0</a>
            <a>0</a>
            <a>0</a>
            <a>0</a>
            <a>0</a>
            <a>0</a>
            <a>0</a>
            <a>0</a>
            <a>0</a>
            <a>0</a>
            <a>0</a>
            <a>0</a>
         </CT>
         <CF>
            <f>0.00153129328784097610</f>
            <f>1.77439483471960480000</f>
            <f>-9.47925771833511990000</f>
            <f>42.30005462907126200000</f>
            <f>-54.05154651518302700000</f>
            <f>0.12708323354513887000</f>
            <f>-0.07186892101027365900</f>
            <f>15.08761148848149800000</f>
            <f>-66.60131494949364100000</f>
            <f>100.10330790025972000000</f>
            <f>0</f>
            <f>0</f>
            <f>0</f>
            <f>0</f>
            <f>0</f>
            <f>0</f>
            <f>0</f>
            <f>0</f>
            <f>0</f>
            <f>0</f>
            <f>0</f>
            <f>0</f>
            <f>0</f>
            <f>0</f>
            <f>0</f>
         </CF>
         <MCRZ>
            <kink>10</kink>
            <flat_rating>
               <b>-6.76136374445619380000</b>
               <b>18.62663083317344400000</b>
               <b>-10.59284610249025600000</b>
               <b>0</b>
               <b>0</b>
               <b>0</b>
               <b>76.38687487407746300000</b>
               <b>-173.41272313818425000000</b>
               <b>96.61490623124491600000</b>
               <b>0</b>
               <b>0</b>
               <b>0</b>
               <b>-268.58997360245939000000</b>
               <b>586.55305851540368000000</b>
               <b>-311.06618865973661000000</b>
               <b>0</b>
               <b>0</b>
               <b>0</b>
               <b>434.28642059172211000000</b>
               <b>-911.94663851142445000000</b>
               <b>443.14244528497295000000</b>
               <b>0</b>
               <b>0</b>
               <b>0</b>
               <b>-332.20718569521506000000</b>
               <b>665.23142848920634000000</b>
               <b>-283.61651361428670000000</b>
               <b>0</b>
               <b>0</b>
               <b>0</b>
               <b>97.35755111999895900000</b>
               <b>-183.40283136906081000000</b>
               <b>63.37228126206245100000</b>
               <b>0</b>
               <b>0</b>
               <b>0</b>
            </flat_rating>
            <temp_rating>
               <c>321.53329476364297000000</c>
               <c>-1078.78625224165940000000</c>
               <c>789.32137166506891000000</c>
               <c>0</c>
               <c>0</c>
               <c>-1259.02591520711300000000</c>
               <c>4303.24040752579820000000</c>
               <c>-3169.27538735347480000000</c>
               <c>0</c>
               <c>0</c>
               <c>1856.29087457793030000000</c>
               <c>-6430.85565007400240000000</c>
               <c>4773.83751688842860000000</c>
               <c>0</c>
               <c>0</c>
               <c>-1212.34884204515450000000</c>
               <c>4245.22664205159890000000</c>
               <c>-3177.10381352563540000000</c>
               <c>0</c>
               <c>0</c>
               <c>295.74900423571637000000</c>
               <c>-1045.59601578319730000000</c>
               <c>789.08348883936981000000</c>
               <c>0</c>
               <c>0</c>
               <c>-6.91641786138708610000</c>
               <c>35.87414965450894000000</c>
               <c>-29.26202957462763300000</c>
               <c>0</c>
               <c>0</c>
               <c>12.68198726554781100000</c>
               <c>-73.47969365523242400000</c>
               <c>61.71081693846500100000</c>
               <c>0</c>
               <c>0</c>
               <c>-11.64495796644257200000</c>
               <c>72.56879087542981200000</c>
               <c>-64.03030362708149400000</c>
               <c>0</c>
               <c>0</c>
               <c>4.28142527593870610000</c>
               <c>-27.20463291301831500000</c>
               <c>24.93042055142693400000</c>
               <c>0</c>
               <c>0</c>
            </temp_rating>
         </MCRZ>
         <MCMB>
            <kink>10</kink>
            <flat_rating>
               <b>-6.26215047975247700000</b>
               <b>16.33903786379695000000</b>
               <b>-8.07287233420464470000</b>
               <b>0</b>
               <b>0</b>
               <b>0</b>
               <b>72.21360623756470400000</b>
               <b>-151.94337746327236000000</b>
               <b>71.92290738367249500000</b>
               <b>0</b>
               <b>0</b>
               <b>0</b>
               <b>-253.01740650014037000000</b>
               <b>504.92282251733042000000</b>
               <b>-211.97118220464250000000</b>
               <b>0</b>
               <b>0</b>
               <b>0</b>
               <b>405.63824800639742000000</b>
               <b>-757.74652332596565000000</b>
               <b>248.99725325082034000000</b>
               <b>0</b>
               <b>0</b>
               <b>0</b>
               <b>-306.92740829151330000000</b>
               <b>525.30902304519827000000</b>
               <b>-103.88974823522041000000</b>
               <b>0</b>
               <b>0</b>
               <b>0</b>
               <b>88.86934962959665500000</b>
               <b>-135.19670852501577000000</b>
               <b>0.82785929707191563000</b>
               <b>0</b>
               <b>0</b>
               <b>0</b>
            </flat_rating>
            <temp_rating>
               <c>337.01109032599186000000</c>
               <c>-1441.08548742601920000000</c>
               <c>1322.45793543971260000000</c>
               <c>0</c>
               <c>0</c>
               <c>-1341.14587742614140000000</c>
               <c>5827.27042966725000000000</c>
               <c>-5396.82681103198410000000</c>
               <c>0</c>
               <c>0</c>
               <c>2015.20750905220870000000</c>
               <c>-8842.55501245882990000000</c>
               <c>8266.16885341525450000000</c>
               <c>0</c>
               <c>0</c>
               <c>-1343.14251634869400000000</c>
               <c>5938.35465398584980000000</c>
               <c>-5605.16447978630370000000</c>
               <c>0</c>
               <c>0</c>
               <c>334.76673564121432000000</c>
               <c>-1490.12683153882610000000</c>
               <c>1420.32174571930430000000</c>
               <c>0</c>
               <c>0</c>
               <c>-10.28311923408428900000</c>
               <c>47.25585373205905200000</c>
               <c>-39.16473056736936100000</c>
               <c>0</c>
               <c>0</c>
               <c>22.13989011727157300000</c>
               <c>-108.30312446733052000000</c>
               <c>94.65631668414208400000</c>
               <c>0</c>
               <c>0</c>
               <c>-23.08438617325231900000</c>
               <c>117.19648799116432000000</c>
               <c>-108.49450253371261000000</c>
               <c>0</c>
               <c>0</c>
               <c>9.24972251529042210000</c>
               <c>-47.34641534886454700000</c>
               <c>45.66880113673691700000</c>
               <c>0</c>
               <c>0</c>
            </temp_rating>
         </MCMB>
         <LIDL>
            <CT>
               <ti>-0.04340248973496440400</ti>
               <ti>0.24717821773077869000</ti>
               <ti>-0.42939544600258983000</ti>
               <ti>0.24467349113482981000</ti>
               <ti>0.00920555127197716930</ti>
               <ti>0.15067411964602401000</ti>
               <ti>-0.40133674382664158000</ti>
               <ti>0.18038486308842747000</ti>
               <ti>0.11958111059244789000</ti>
               <ti>-1.09836543173989720000</ti>
               <ti>2.31383711253614700000</ti>
               <ti>-1.38179262367899860000</ti>
            </CT>
            <CF>
               <fi>0.10671875005918623000</fi>
               <fi>-0.55001246940917026000</fi>
               <fi>0.58800353460438015000</fi>
               <fi>-0.49743153650205868000</fi>
               <fi>2.78854087967748800000</fi>
               <fi>-2.84944944236398050000</fi>
               <fi>0.47359712121211611000</fi>
               <fi>-2.61071383933921240000</fi>
               <fi>2.74477784606473610000</fi>
            </CF>
         </LIDL>
         <throttle>
            <low>0.6067811536</low>
            <high>1.341673084</high>
         </throttle>
      </TFM>
   </PFM>
   <OPM>
      <LGO>
         <Transition>
            <from>0</from>
            <to>1</to>
            <time>20</time>
         </Transition>
         <Transition>
            <from>1</from>
            <to>0</to>
            <time>20</time>
         </Transition>
      </LGO>
      <HLO>
         <Transition>
            <from>0</from>
            <to>1</to>
            <time>12.6</time>
         </Transition>
         <Transition>
            <from>1</from>
            <to>2</to>
            <time>5.3</time>
         </Transition>
         <Transition>
            <from>2</from>
            <to>3</to>
            <time>3.9</time>
         </Transition>
         <Transition>
            <from>3</from>
            <to>4</to>
            <time>2.5</time>
         </Transition>
         <Transition>
            <from>4</from>
            <to>5</to>
            <time>5.9</time>
         </Transition>
         <Transition>
            <from>5</from>
            <to>4</to>
            <time>5.4</time>
         </Transition>
         <Transition>
            <from>4</from>
            <to>3</to>
            <time>2.4</time>
         </Transition>
         <Transition>
            <from>3</from>
            <to>2</to>
            <time>3.9</time>
         </Transition>
         <Transition>
            <from>2</from>
            <to>1</to>
            <time>2</time>
         </Transition>
         <Transition>
            <from>1</from>
            <to>0</to>
            <time>10.5</time>
         </Transition>
      </HLO>
   </OPM>
   <ALM>
      <GLM>
         <hmo>39800</hmo>
         <mfa>20000</mfa>
      </GLM>
      <KLM>
         <mmo>0.82</mmo>
         <vmo>350</vmo>
         <mle>0.67</mle>
         <vle>280</vle>
         <vloe>250</vloe>
         <vlor>220</vlor>
      </KLM>
      <ELM>
         <Tmin_f>
            <point>
               <Hp>-2000</Hp>
               <DeltaT>-73</DeltaT>
            </point>
            <point>
               <Hp>18246</Hp>
               <DeltaT>-32.9</DeltaT>
            </point>
            <point>
               <Hp>36089</Hp>
               <DeltaT>-11.2</DeltaT>
            </point>
            <point>
               <Hp>39100</Hp>
               <DeltaT>-13.5</DeltaT>
            </point>
            <point>
               <Hp>39800</Hp>
               <DeltaT>-14</DeltaT>
            </point>
         </Tmin_f>
         <Tmax_f>
            <point>
               <Hp>-2000</Hp>
               <DeltaT>36</DeltaT>
            </point>
            <point>
               <Hp>0</Hp>
               <DeltaT>40</DeltaT>
            </point>
            <point>
               <Hp>14100</Hp>
               <DeltaT>40</DeltaT>
            </point>
            <point>
               <Hp>14101</Hp>
               <DeltaT>35</DeltaT>
            </point>
            <point>
               <Hp>36089</Hp>
               <DeltaT>35</DeltaT>
            </point>
            <point>
               <Hp>39800</Hp>
               <DeltaT>27.6</DeltaT>
            </point>
         </Tmax_f>
         <Tmin_g>
            <point>
               <Hp>-2000</Hp>
               <DeltaT>-73</DeltaT>
            </point>
            <point>
               <Hp>14100</Hp>
               <DeltaT>-41.1</DeltaT>
            </point>
         </Tmin_g>
         <Tmax_g>
            <point>
               <Hp>-2000</Hp>
               <DeltaT>36</DeltaT>
            </point>
            <point>
               <Hp>0</Hp>
               <DeltaT>40</DeltaT>
            </point>
            <point>
               <Hp>14100</Hp>
               <DeltaT>40</DeltaT>
            </point>
         </Tmax_g>
      </ELM>
      <DLM>
         <MTW>68400</MTW>
         <MTOW>68000</MTOW>
         <MLW>57500</MLW>
         <MZFW>54500</MZFW>
         <OEW>40900</OEW>
         <MPL>13600</MPL>
         <MFL>18800</MFL>
         <n1>2.5</n1>
         <n3>-1</n3>
         <nf1>2</nf1>
         <nf3>0</nf3>
      </DLM>
   </ALM>
   <Ground>
      <Dimensions>
         <span>34.10</span>
         <length>31.45</length>
      </Dimensions>
      <Runway>
         <TOL>1630</TOL>
         <LDL>1360</LDL>
      </Runway>
   </Ground>
   <ARPM>
      <AeroConfSchedule>
         <AeroPhase>
            <name>TO</name>
            <HLid>3</HLid>
            <LG>UP</LG>
         </AeroPhase>
         <AeroPhase>
            <name>IC</name>
            <HLid>2</HLid>
            <LG>UP</LG>
         </AeroPhase>
         <AeroPhase>
            <name>CR</name>
            <HLid>0</HLid>
            <LG>UP</LG>
         </AeroPhase>
         <AeroPhase>
            <name>AP</name>
            <HLid>3</HLid>
            <LG>UP</LG>
         </AeroPhase>
         <AeroPhase>
            <name>LD</name>
            <HLid>5</HLid>
            <LG>DN</LG>
         </AeroPhase>
      </AeroConfSchedule>
      <SpeedScheduleList>
         <SpeedSchedule>
            <CompanyName>Default</CompanyName>
            <SpeedPhase>
               <name>Climb</name>
               <CAS1>300</CAS1>
               <CAS2>300</CAS2>
               <M>0.78</M>
            </SpeedPhase>
            <SpeedPhase>
               <name>Cruise</name>
               <CAS1>250</CAS1>
               <CAS2>300</CAS2>
               <M>0.78</M>
            </SpeedPhase>
            <SpeedPhase>
               <name>Descent</name>
               <CAS1>290</CAS1>
               <CAS2>290</CAS2>
               <M>0.78</M>
            </SpeedPhase>
         </SpeedSchedule>
      </SpeedScheduleList>
   </ARPM>
</bada40:ACM>