<?xml version="1.0" encoding="utf-8"?>
<bada40:ACM xmlns:bada40="http://www.eurocontrol.int/eec/public/standard_page/bada40">
   <model>737-400</model>
   <type>JET</type>
   <engine>CFM56-3C (23.5K)</engine>
   <description/>
   <ICAO>
      <designator>B734</designator>
      <WTC>M</WTC>
   </ICAO>
   <AFCM>
      <S>91.04497920000000000000</S>
      <Configuration HLid="0">
         <HLPosition>0000</HLPosition>
         <name>flaps  0</name>
         <vfe>340</vfe>
         <LGUP>
            <DPM_clean>
               <M_max>0.82000</M_max>
               <scalar>9.835e-007</scalar>
               <CD_clean>
                  <d>1879206.16983149040000000000</d>
                  <d>-5515094.65632618590000000000</d>
                  <d>6091066.55925803720000000000</d>
                  <d>-2965023.92592785550000000000</d>
                  <d>537286.81351555232000000000</d>
                  <d>5049.88326648399110000000</d>
                  <d>77706.79100228278500000000</d>
                  <d>-53315.31527941109400000000</d>
                  <d>13669.33395321440700000000</d>
                  <d>-1143.33160517733450000000</d>
                  <d>-1830.43501290463610000000</d>
                  <d>32697.23858154149600000000</d>
                  <d>-59439.69403743312400000000</d>
                  <d>36066.06282084905300000000</d>
                  <d>-7274.11265109810390000000</d>
               </CD_clean>
            </DPM_clean>
            <BLM_clean>
               <Mmin>0.30000</Mmin>
               <Mmax>0.82000</Mmax>
               <CL_Mach0>1.33632676200605190000</CL_Mach0>
               <CL_clean>
                  <bf>3.91582731910368940000</bf>
                  <bf>-15.22575294359138500000</bf>
                  <bf>28.80836662752305300000</bf>
                  <bf>-18.72490838081144900000</bf>
                  <bf>0.00000000000000000000</bf>
               </CL_clean>
            </BLM_clean>
         </LGUP>
         <LGDN>
            <DPM_nonclean>
               <CD_nonclean>
                  <d>0.05757595665163282900</d>
                  <d>-0.02068066165850497200</d>
                  <d>0.06250319022030641200</d>
               </CD_nonclean>
            </DPM_nonclean>
            <BLM>
               <CL_max>1.33632676200605190000</CL_max>
            </BLM>
         </LGDN>
      </Configuration>
      <Configuration HLid="1">
         <HLPosition>0001</HLPosition>
         <name>flaps  1</name>
         <vfe>250</vfe>
         <LGUP>
            <DPM_nonclean>
               <CD_nonclean>
                  <d>0.05232813032540174800</d>
                  <d>-0.05135033733265885500</d>
                  <d>0.06971589093891929200</d>
               </CD_nonclean>
            </DPM_nonclean>
            <BLM>
               <CL_max>1.89388713436231050000</CL_max>
            </BLM>
         </LGUP>
         <LGDN>
            <DPM_nonclean>
               <CD_nonclean>
                  <d>0.08122813032540160400</d>
                  <d>-0.05135033733265861900</d>
                  <d>0.06971589093891919500</d>
               </CD_nonclean>
            </DPM_nonclean>
            <BLM>
               <CL_max>1.89388713436231050000</CL_max>
            </BLM>
         </LGDN>
      </Configuration>
      <Configuration HLid="2">
         <HLPosition>0005</HLPosition>
         <name>flaps  5</name>
         <vfe>250</vfe>
         <LGUP>
            <DPM_nonclean>
               <CD_nonclean>
                  <d>0.05332609236739923500</d>
                  <d>-0.03830121498201452500</d>
                  <d>0.05934131020298418600</d>
               </CD_nonclean>
            </DPM_nonclean>
            <BLM>
               <CL_max>2.03220879922594610000</CL_max>
            </BLM>
         </LGUP>
         <LGDN>
            <DPM_nonclean>
               <CD_nonclean>
                  <d>0.08052609236739928500</d>
                  <d>-0.03830121498201462900</d>
                  <d>0.05934131020298424200</d>
               </CD_nonclean>
            </DPM_nonclean>
            <BLM>
               <CL_max>2.03220879922594610000</CL_max>
            </BLM>
         </LGDN>
      </Configuration>
      <Configuration HLid="3">
         <HLPosition>0015</HLPosition>
         <name>flaps 15</name>
         <vfe>205</vfe>
         <LGUP>
            <DPM_nonclean>
               <CD_nonclean>
                  <d>0.10250530454747613000</d>
                  <d>-0.07576907105466322600</d>
                  <d>0.06578353430815726800</d>
               </CD_nonclean>
            </DPM_nonclean>
            <BLM>
               <CL_max>2.32841575011936100000</CL_max>
            </BLM>
         </LGUP>
         <LGDN>
            <DPM_nonclean>
               <CD_nonclean>
                  <d>0.09249233266733390700</d>
                  <d>-0.03008641358641524200</d>
                  <d>0.05143856143856200000</d>
               </CD_nonclean>
            </DPM_nonclean>
            <BLM>
               <CL_max>2.29889572210760470000</CL_max>
            </BLM>
         </LGDN>
      </Configuration>
      <Configuration HLid="4">
         <HLPosition>0030</HLPosition>
         <name>flaps 30</name>
         <vfe>185</vfe>
         <LGDN>
            <DPM_nonclean>
               <CD_nonclean>
                  <d>0.19545714285714375000</d>
                  <d>-0.11137500000000103000</d>
                  <d>0.07145604395604424100</d>
               </CD_nonclean>
            </DPM_nonclean>
            <BLM>
               <CL_max>2.67598363698257160000</CL_max>
            </BLM>
         </LGDN>
      </Configuration>
      <Configuration HLid="5">
         <HLPosition>0040</HLPosition>
         <name>flaps 40</name>
         <vfe>162</vfe>
         <LGDN>
            <DPM_nonclean>
               <CD_nonclean>
                  <d>0.29569541208791589000</d>
                  <d>-0.16378653846154251000</d>
                  <d>0.08260989010989119900</d>
               </CD_nonclean>
            </DPM_nonclean>
            <BLM>
               <CL_max>2.79453314823814970000</CL_max>
            </BLM>
         </LGDN>
      </Configuration>
   </AFCM>
   <PFM>
      <MREF>68040</MREF>
      <LHV>43217000</LHV>
      <rho>810</rho>
      <n_eng>2</n_eng>
      <TFA>11.34</TFA>
      <TFM>
         <CT>
            <a>0.00000000000000000000</a>
            <a>-0.09999999988618889200</a>
            <a>0.00000000000000000000</a>
            <a>0.00000000000000000000</a>
            <a>0.00000000000000000000</a>
            <a>0.00000000000000000000</a>
            <a>0.29999999992173271000</a>
            <a>0.00000000000000000000</a>
            <a>0.00000000000000000000</a>
            <a>0.00000000000000000000</a>
            <a>0.00000000000000000000</a>
            <a>0.00000000000000000000</a>
            <a>0.00000000000000000000</a>
            <a>0.00000000000000000000</a>
            <a>0.00000000000000000000</a>
            <a>0.00000000000000000000</a>
            <a>0.00000000000000000000</a>
            <a>0.00000000000000000000</a>
            <a>0.00000000000000000000</a>
            <a>0.00000000000000000000</a>
            <a>0.00000000000000000000</a>
            <a>0.00000000000000000000</a>
            <a>0.00000000000000000000</a>
            <a>0.00000000000000000000</a>
            <a>0.00000000000000000000</a>
            <a>0.00000000000000000000</a>
            <a>0.00000000000000000000</a>
            <a>0.00000000000000000000</a>
            <a>0.00000000000000000000</a>
            <a>0.00000000000000000000</a>
            <a>0.00000000000000000000</a>
            <a>0.00000000000000000000</a>
            <a>0.00000000000000000000</a>
            <a>0.00000000000000000000</a>
            <a>0.00000000000000000000</a>
            <a>0.00000000000000000000</a>
         </CT>
         <CF>
            <f>0.00865907534320542630</f>
            <f>1.98645435341419610000</f>
            <f>-6.53044999565803860000</f>
            <f>13.54020056674956300000</f>
            <f>10.47389929020084600000</f>
            <f>0.09430241472811315400</f>
            <f>-0.65702111809949804000</f>
            <f>26.24831766005955600000</f>
            <f>-108.40772182584935000000</f>
            <f>143.92109708025239000000</f>
            <f>0.00000000000000000000</f>
            <f>0.00000000000000000000</f>
            <f>0.00000000000000000000</f>
            <f>0.00000000000000000000</f>
            <f>0.00000000000000000000</f>
            <f>0.00000000000000000000</f>
            <f>0.00000000000000000000</f>
            <f>0.00000000000000000000</f>
            <f>0.00000000000000000000</f>
            <f>0.00000000000000000000</f>
            <f>0.00000000000000000000</f>
            <f>0.00000000000000000000</f>
            <f>0.00000000000000000000</f>
            <f>0.00000000000000000000</f>
            <f>0.00000000000000000000</f>
         </CF>
         <MCRZ>
            <kink>10</kink>
            <flat_rating>
               <b>2.86951811236395880000</b>
               <b>-4.47401991856496470000</b>
               <b>2.35779610448223350000</b>
               <b>0.00000000000000000000</b>
               <b>0.00000000000000000000</b>
               <b>0.00000000000000000000</b>
               <b>-12.96917214509533200000</b>
               <b>26.51380282042877200000</b>
               <b>-3.84046877308469050000</b>
               <b>0.00000000000000000000</b>
               <b>0.00000000000000000000</b>
               <b>0.00000000000000000000</b>
               <b>35.32547053297186300000</b>
               <b>-55.47170121406101400000</b>
               <b>-29.30737495559947100000</b>
               <b>0.00000000000000000000</b>
               <b>0.00000000000000000000</b>
               <b>0.00000000000000000000</b>
               <b>-43.83066001928663300000</b>
               <b>26.12400855748909500000</b>
               <b>121.30762537808012000000</b>
               <b>0.00000000000000000000</b>
               <b>0.00000000000000000000</b>
               <b>0.00000000000000000000</b>
               <b>23.07675836033169900000</b>
               <b>31.50017959723345800000</b>
               <b>-152.99047469005274000000</b>
               <b>0.00000000000000000000</b>
               <b>0.00000000000000000000</b>
               <b>0.00000000000000000000</b>
               <b>-3.59929995364515780000</b>
               <b>-24.84767680815852800000</b>
               <b>63.15880900517083100000</b>
               <b>0.00000000000000000000</b>
               <b>0.00000000000000000000</b>
               <b>0.00000000000000000000</b>
            </flat_rating>
            <temp_rating>
               <c>-258.55415417690529000000</c>
               <c>855.15979784234344000000</c>
               <c>-725.96720576188557000000</c>
               <c>0.00000000000000000000</c>
               <c>0.00000000000000000000</c>
               <c>1022.14502929367150000000</c>
               <c>-3368.11624101582900000000</c>
               <c>2853.40149204837870000000</c>
               <c>0.00000000000000000000</c>
               <c>0.00000000000000000000</c>
               <c>-1500.12785076015830000000</c>
               <c>4955.28452379283320000000</c>
               <c>-4189.14971168630750000000</c>
               <c>0.00000000000000000000</c>
               <c>0.00000000000000000000</c>
               <c>974.17716120428770000000</c>
               <c>-3232.81934468306100000000</c>
               <c>2728.34219231984930000000</c>
               <c>0.00000000000000000000</c>
               <c>0.00000000000000000000</c>
               <c>-236.69897835805554000000</c>
               <c>789.72397263363075000000</c>
               <c>-665.82057133861451000000</c>
               <c>0.00000000000000000000</c>
               <c>0.00000000000000000000</c>
               <c>-0.00719774017542888860</c>
               <c>-0.56662473016293369000</c>
               <c>2.51356749432093450000</c>
               <c>0.00000000000000000000</c>
               <c>0.00000000000000000000</c>
               <c>-0.33995265239063438000</c>
               <c>4.79551440484045610000</c>
               <c>-9.91856880176254130000</c>
               <c>0.00000000000000000000</c>
               <c>0.00000000000000000000</c>
               <c>1.08331407801344940000</c>
               <c>-9.98005627617884810000</c>
               <c>16.43731646245263500000</c>
               <c>0.00000000000000000000</c>
               <c>0.00000000000000000000</c>
               <c>-0.83317118340870733000</c>
               <c>6.29217057414725730000</c>
               <c>-9.33387499559167820000</c>
               <c>0.00000000000000000000</c>
               <c>0.00000000000000000000</c>
            </temp_rating>
         </MCRZ>
         <MCMB>
            <kink>10</kink>
            <flat_rating>
               <b>3.29644051081865100000</b>
               <b>-7.56558506665869500000</b>
               <b>5.50478911784880070000</b>
               <b>0.00000000000000000000</b>
               <b>0.00000000000000000000</b>
               <b>0.00000000000000000000</b>
               <b>-18.91095150416658700000</b>
               <b>58.21893715117801800000</b>
               <b>-31.80617854227251600000</b>
               <b>0.00000000000000000000</b>
               <b>0.00000000000000000000</b>
               <b>0.00000000000000000000</b>
               <b>60.73706173049174600000</b>
               <b>-164.24829090710710000000</b>
               <b>57.19075695020929100000</b>
               <b>0.00000000000000000000</b>
               <b>0.00000000000000000000</b>
               <b>0.00000000000000000000</b>
               <b>-88.87595943503488600000</b>
               <b>193.90847278510333000000</b>
               <b>0.17498701882831197000</b>
               <b>0.00000000000000000000</b>
               <b>0.00000000000000000000</b>
               <b>0.00000000000000000000</b>
               <b>58.91326933229810700000</b>
               <b>-87.26663666116384400000</b>
               <b>-77.36753044751853300000</b>
               <b>0.00000000000000000000</b>
               <b>0.00000000000000000000</b>
               <b>0.00000000000000000000</b>
               <b>-14.16611003905647300000</b>
               <b>6.04301695728281450000</b>
               <b>47.37911595557998400000</b>
               <b>0.00000000000000000000</b>
               <b>0.00000000000000000000</b>
               <b>0.00000000000000000000</b>
            </flat_rating>
            <temp_rating>
               <c>265.70132438756661000000</c>
               <c>-1040.29780889122730000000</c>
               <c>874.77762940168373000000</c>
               <c>0.00000000000000000000</c>
               <c>0.00000000000000000000</c>
               <c>-1098.42653658541600000000</c>
               <c>4250.80186942068030000000</c>
               <c>-3583.80020792246300000000</c>
               <c>0.00000000000000000000</c>
               <c>0.00000000000000000000</c>
               <c>1712.04493100760990000000</c>
               <c>-6513.97481369597520000000</c>
               <c>5508.54603837754260000000</c>
               <c>0.00000000000000000000</c>
               <c>0.00000000000000000000</c>
               <c>-1184.49543112131320000000</c>
               <c>4429.96857556495430000000</c>
               <c>-3758.43948242470470000000</c>
               <c>0.00000000000000000000</c>
               <c>0.00000000000000000000</c>
               <c>306.37943236574273000000</c>
               <c>-1127.60366215482960000000</c>
               <c>959.79804011129693000000</c>
               <c>0.00000000000000000000</c>
               <c>0.00000000000000000000</c>
               <c>-0.38826707074724776000</c>
               <c>-1.00562522594311730000</c>
               <c>4.34344396719704130000</c>
               <c>0.00000000000000000000</c>
               <c>0.00000000000000000000</c>
               <c>-0.47259909636561864000</c>
               <c>10.30054290728302200000</c>
               <c>-18.76606486439058900000</c>
               <c>0.00000000000000000000</c>
               <c>0.00000000000000000000</c>
               <c>2.02145719669347910000</c>
               <c>-19.42069252584534000000</c>
               <c>29.55307299418818800000</c>
               <c>0.00000000000000000000</c>
               <c>0.00000000000000000000</c>
               <c>-1.41855963823857260000</c>
               <c>10.99654493263939700000</c>
               <c>-15.51349279027405400000</c>
               <c>0.00000000000000000000</c>
               <c>0.00000000000000000000</c>
            </temp_rating>
         </MCMB>
         <MTKF>
            <kink>10</kink>
            <flat_rating>
               <b>3.01440464662889070000</b>
               <b>-2.69111414398976260000</b>
               <b>-1.78537280673200960000</b>
               <b>0.00000000000000000000</b>
               <b>0.00000000000000000000</b>
               <b>0.00000000000000000000</b>
               <b>-8.53512622073235330000</b>
               <b>6.76880346723478790000</b>
               <b>21.71562466635230500000</b>
               <b>0.00000000000000000000</b>
               <b>0.00000000000000000000</b>
               <b>0.00000000000000000000</b>
               <b>14.81504607585013000000</b>
               <b>1.66770758524926090000</b>
               <b>-72.17072590404203000000</b>
               <b>0.00000000000000000000</b>
               <b>0.00000000000000000000</b>
               <b>0.00000000000000000000</b>
               <b>-13.60334632532894300000</b>
               <b>-15.39381607894206100000</b>
               <b>98.17557266188596500000</b>
               <b>0.00000000000000000000</b>
               <b>0.00000000000000000000</b>
               <b>0.00000000000000000000</b>
               <b>6.62670187560649280000</b>
               <b>12.51402012649531100000</b>
               <b>-59.24322022011732300000</b>
               <b>0.00000000000000000000</b>
               <b>0.00000000000000000000</b>
               <b>0.00000000000000000000</b>
               <b>-1.38815923244940920000</b>
               <b>-2.92516433420165360000</b>
               <b>13.15383568990748000000</b>
               <b>0.00000000000000000000</b>
               <b>0.00000000000000000000</b>
               <b>0.00000000000000000000</b>
            </flat_rating>
            <temp_rating>
               <c>2269.30423578564800000000</c>
               <c>-12114.09796555630100000000</c>
               <c>13460.47565307541500000000</c>
               <c>0.00000000000000000000</c>
               <c>0.00000000000000000000</c>
               <c>-8803.38737733300700000000</c>
               <c>47246.35747179877900000000</c>
               <c>-52959.32370203128800000000</c>
               <c>0.00000000000000000000</c>
               <c>0.00000000000000000000</c>
               <c>12782.74081505784100000000</c>
               <c>-68890.90704524537400000000</c>
               <c>77816.85365926341900000000</c>
               <c>0.00000000000000000000</c>
               <c>0.00000000000000000000</c>
               <c>-8222.88481476371820000000</c>
               <c>44493.81604339564400000000</c>
               <c>-50606.87494273545600000000</c>
               <c>0.00000000000000000000</c>
               <c>0.00000000000000000000</c>
               <c>1977.13066127547340000000</c>
               <c>-10741.23522083193000000000</c>
               <c>12293.18232968381200000000</c>
               <c>0.00000000000000000000</c>
               <c>0.00000000000000000000</c>
               <c>-7.04626882365079780000</c>
               <c>14.38085415330721700000</c>
               <c>3.67399386065882010000</c>
               <c>0.00000000000000000000</c>
               <c>0.00000000000000000000</c>
               <c>7.62076253254407820000</c>
               <c>6.89501836863661490000</c>
               <c>-58.41264484839446400000</c>
               <c>0.00000000000000000000</c>
               <c>0.00000000000000000000</c>
               <c>-1.80147364186996000000</c>
               <c>-33.64247129177032700000</c>
               <c>91.43519920641179500000</c>
               <c>0.00000000000000000000</c>
               <c>0.00000000000000000000</c>
               <c>-0.76288274463094075000</c>
               <c>18.84799887850843100000</c>
               <c>-41.48696385908424800000</c>
               <c>0.00000000000000000000</c>
               <c>0.00000000000000000000</c>
            </temp_rating>
         </MTKF>
         <LIDL>
            <CT>
               <ti>-0.01670567835150844200</ti>
               <ti>0.14369486253833799000</ti>
               <ti>-0.13087219783594267000</ti>
               <ti>0.00937149383399640480</ti>
               <ti>0.03478286006161953500</ti>
               <ti>-0.30442886921778728000</ti>
               <ti>0.01916173375957147900</ti>
               <ti>0.29258611235079385000</ti>
               <ti>-0.00520500735304744650</ti>
               <ti>0.02110588541844884300</ti>
               <ti>0.52161943149850643000</ti>
               <ti>-0.64397162182313439000</ti>
            </CT>
            <CF>
               <fi>0.00317676668831709620</fi>
               <fi>0.05613024257259938800</fi>
               <fi>-0.00862077808210846670</fi>
               <fi>0.01336018324760534500</fi>
               <fi>-0.05339251440603484000</fi>
               <fi>0.04271226877532866700</fi>
               <fi>-0.01325690710233646600</fi>
               <fi>0.06344674342541965800</fi>
               <fi>-0.05323518660529110600</fi>
            </CF>
         </LIDL>
         <throttle>
            <low>0.62263927802030827000</low>
            <high>1.32438500222667390000</high>
         </throttle>
      </TFM>
   </PFM>
   <OPM>
      <LGO>
         <Transition>
            <from>0</from>
            <to>1</to>
            <time>5.5</time>
         </Transition>
         <Transition>
            <from>1</from>
            <to>0</to>
            <time>11.5</time>
         </Transition>
      </LGO>
      <HLO>
         <Transition>
            <from>0</from>
            <to>1</to>
            <time>10.8</time>
         </Transition>
         <Transition>
            <from>1</from>
            <to>2</to>
            <time>21.2</time>
         </Transition>
         <Transition>
            <from>2</from>
            <to>3</to>
            <time>9.4</time>
         </Transition>
         <Transition>
            <from>3</from>
            <to>4</to>
            <time>4.8</time>
         </Transition>
         <Transition>
            <from>4</from>
            <to>5</to>
            <time>4.2</time>
         </Transition>
         <Transition>
            <from>5</from>
            <to>4</to>
            <time>4</time>
         </Transition>
         <Transition>
            <from>4</from>
            <to>3</to>
            <time>4.6</time>
         </Transition>
         <Transition>
            <from>3</from>
            <to>2</to>
            <time>13.2</time>
         </Transition>
         <Transition>
            <from>2</from>
            <to>1</to>
            <time>16.3</time>
         </Transition>
         <Transition>
            <from>1</from>
            <to>0</to>
            <time>8.7</time>
         </Transition>
      </HLO>
   </OPM>
   <ALM>
      <GLM>
         <hmo>37000</hmo>
         <mfa>20000</mfa>
      </GLM>
      <KLM>
         <mmo>0.82</mmo>
         <vmo>340</vmo>
         <mle>0.82</mle>
         <vle>320</vle>
         <mlo>0.82</mlo>
         <vloe>270</vloe>
         <vlor>235</vlor>
      </KLM>
      <ELM>
         <Tmin_f>
            <point>
               <Hp>-1000.0</Hp>
               <DeltaT>-71.00000000000000000000</DeltaT>
            </point>
            <point>
               <Hp>0.0</Hp>
               <DeltaT>-69.00000000000000000000</DeltaT>
            </point>
            <point>
               <Hp>1.0</Hp>
               <DeltaT>-89.00000000000000000000</DeltaT>
            </point>
            <point>
               <Hp>36089.0</Hp>
               <DeltaT>-17.50000000000000000000</DeltaT>
            </point>
            <point>
               <Hp>41000.0</Hp>
               <DeltaT>-17.50000000000000000000</DeltaT>
            </point>
         </Tmin_f>
         <Tmax_f>
            <point>
               <Hp>-1000.0</Hp>
               <DeltaT>37.39999999999999900000</DeltaT>
            </point>
            <point>
               <Hp>0.0</Hp>
               <DeltaT>39.39999999999999900000</DeltaT>
            </point>
            <point>
               <Hp>8500.0</Hp>
               <DeltaT>39.39999999999999900000</DeltaT>
            </point>
            <point>
               <Hp>8501.0</Hp>
               <DeltaT>34.00000000000000000000</DeltaT>
            </point>
            <point>
               <Hp>37000.0</Hp>
               <DeltaT>34.00000000000000000000</DeltaT>
            </point>
         </Tmax_f>
         <Tmin_g>
            <point>
               <Hp>-1000.0</Hp>
               <DeltaT>-71.00000000000000000000</DeltaT>
            </point>
            <point>
               <Hp>8500.0</Hp>
               <DeltaT>-52.00000000000000000000</DeltaT>
            </point>
         </Tmin_g>
         <Tmax_g>
            <point>
               <Hp>-1000.0</Hp>
               <DeltaT>37.39999999999999900000</DeltaT>
            </point>
            <point>
               <Hp>0.0</Hp>
               <DeltaT>39.39999999999999900000</DeltaT>
            </point>
            <point>
               <Hp>8500.0</Hp>
               <DeltaT>39.39999999999999900000</DeltaT>
            </point>
         </Tmax_g>
      </ELM>
      <DLM>
         <MTW>68266</MTW>
         <MTOW>68040</MTOW>
         <MLW>56246</MLW>
         <MZFW>53071</MZFW>
         <OEW>33190</OEW>
         <MPL>19881</MPL>
         <MFL>23827</MFL>
         <n1>2.5</n1>
         <n3>-1</n3>
         <nf1>2</nf1>
         <nf3>0</nf3>
      </DLM>
   </ALM>
   <Ground>
      <Dimensions>
         <span>28.88</span>
         <length>36.40</length>
      </Dimensions>
      <Runway>
         <TOL>2550</TOL>
         <LDL>1800</LDL>
      </Runway>
   </Ground>
   <ARPM>
      <AeroConfSchedule>
         <AeroPhase>
            <name>TO</name>
            <HLid>2</HLid>
            <LG>UP</LG>
         </AeroPhase>
         <AeroPhase>
            <name>IC</name>
            <HLid>1</HLid>
            <LG>UP</LG>
         </AeroPhase>
         <AeroPhase>
            <name>CR</name>
            <HLid>0</HLid>
            <LG>UP</LG>
         </AeroPhase>
         <AeroPhase>
            <name>AP</name>
            <HLid>3</HLid>
            <LG>UP</LG>
         </AeroPhase>
         <AeroPhase>
            <name>LD</name>
            <HLid>4</HLid>
            <LG>DN</LG>
         </AeroPhase>
      </AeroConfSchedule>
      <SpeedScheduleList>
         <SpeedSchedule>
            <CompanyName>Default</CompanyName>
            <SpeedPhase>
               <name>Climb</name>
               <CAS1>290</CAS1>
               <CAS2>290</CAS2>
               <M>0.74</M>
            </SpeedPhase>
            <SpeedPhase>
               <name>Cruise</name>
               <CAS1>280</CAS1>
               <CAS2>280</CAS2>
               <M>0.74</M>
            </SpeedPhase>
            <SpeedPhase>
               <name>Descent</name>
               <CAS1>290</CAS1>
               <CAS2>290</CAS2>
               <M>0.74</M>
            </SpeedPhase>
         </SpeedSchedule>
      </SpeedScheduleList>
   </ARPM>
</bada40:ACM>