<?xml version="1.0" encoding="utf-8"?>
<bada40:ACM xmlns:bada40="http://www.eurocontrol.int/eec/public/standard_page/bada40">
   <model>ATR72-600</model>
   <type>TURBOPROP</type>
   <engine>PW127M-HS568F</engine>
   <description>ATR72-212A 600 version</description>
   <ICAO>
      <designator>AT76</designator>
      <WTC>M</WTC>
   </ICAO>
   <AFCM>
      <S>61</S>
      <Configuration HLid="0">
         <HLPosition>0000</HLPosition>
         <name>flaps 0</name>
         <vfe>250</vfe>
         <LGUP>
            <DPM_clean>
               <M_max>0.55</M_max>
               <scalar>9.835e-007</scalar>
               <CD_clean>
                  <d>54596092.45189955100000000000</d>
                  <d>-197598296.02213225000000000000</d>
                  <d>267952917.56926650000000000000</d>
                  <d>-161271489.38800129000000000000</d>
                  <d>36352410.56407106700000000000</d>
                  <d>-2543071.22121601830000000000</d>
                  <d>7564408.23445871660000000000</d>
                  <d>-8224905.51735918410000000000</d>
                  <d>3930774.04120518640000000000</d>
                  <d>-698617.71315397962000000000</d>
                  <d>0</d>
                  <d>0</d>
                  <d>0</d>
                  <d>0</d>
                  <d>0</d>
               </CD_clean>
            </DPM_clean>
            <BLM>
               <CL_max>1.6215</CL_max>
            </BLM>
         </LGUP>
         <LGDN>
            <DPM_nonclean>
               <CD_nonclean>
                  <d>0.064527</d>
                  <d>-0.016836</d>
                  <d>0.041973</d>
               </CD_nonclean>
            </DPM_nonclean>
            <BLM>
               <CL_max>1.6215</CL_max>
            </BLM>
         </LGDN>
      </Configuration>
      <Configuration HLid="1">
         <HLPosition>0015</HLPosition>
         <name>flaps 15</name>
         <vfe>185</vfe>
         <LGUP>
            <DPM_nonclean>
               <CD_nonclean>
                  <d>0.058819</d>
                  <d>-0.050188</d>
                  <d>0.053824</d>
               </CD_nonclean>
            </DPM_nonclean>
            <BLM>
               <CL_max>2.1928</CL_max>
            </BLM>
         </LGUP>
         <LGDN>
            <DPM_nonclean>
               <CD_nonclean>
                  <d>0.077152</d>
                  <d>-0.050999</d>
                  <d>0.055193</d>
               </CD_nonclean>
            </DPM_nonclean>
            <BLM>
               <CL_max>2.1928</CL_max>
            </BLM>
         </LGDN>
      </Configuration>
      <Configuration HLid="2">
         <HLPosition>0030</HLPosition>
         <name>flaps 30</name>
         <vfe>150</vfe>
         <LGUP>
            <DPM_nonclean>
               <CD_nonclean>
                  <d>0.10743</d>
                  <d>-0.055113</d>
                  <d>0.047731</d>
               </CD_nonclean>
            </DPM_nonclean>
            <BLM>
               <CL_max>2.6642</CL_max>
            </BLM>
         </LGUP>
         <LGDN>
            <DPM_nonclean>
               <CD_nonclean>
                  <d>0.12576</d>
                  <d>-0.055734</d>
                  <d>0.04838</d>
               </CD_nonclean>
            </DPM_nonclean>
            <BLM>
               <CL_max>2.6642</CL_max>
            </BLM>
         </LGDN>
      </Configuration>
   </AFCM>
   <PFM>
      <MREF>22800</MREF>
      <LHV>43217000</LHV>
      <rho>810</rho>
      <n_eng>2</n_eng>
      <TFA>7</TFA>
      <TPM>
         <prop_dia>3.93</prop_dia>
         <max_eff>1</max_eff>
         <CP>
            <a>0</a>
            <a>1.76866567651942310000</a>
            <a>-17.32358064806909000000</a>
            <a>20.36962854407778800000</a>
            <a>0</a>
            <a>0</a>
            <a>-0.17017609730265612000</a>
            <a>1.92134512669603170000</a>
            <a>-2.26714485797501690000</a>
            <a>0</a>
            <a>0</a>
            <a>0</a>
            <a>0</a>
            <a>0</a>
            <a>0</a>
            <a>0</a>
            <a>0</a>
            <a>0</a>
            <a>0</a>
            <a>0</a>
            <a>0</a>
            <a>0</a>
            <a>0</a>
            <a>0</a>
            <a>0</a>
            <a>0</a>
            <a>0</a>
            <a>0</a>
            <a>0</a>
            <a>0</a>
            <a>0</a>
            <a>0</a>
            <a>0</a>
            <a>0</a>
            <a>0</a>
            <a>0</a>
         </CP>
         <CF>
            <f>0.12091195203516183000</f>
            <f>2.37681861614466120000</f>
            <f>25.63705462118082700000</f>
            <f>2680.72533766760530000000</f>
            <f>0</f>
            <f>-0.54061404394692880000</f>
            <f>-6.21922049669006860000</f>
            <f>-47.97615559927456300000</f>
            <f>-18384.08698125644200000000</f>
            <f>0</f>
            <f>1.17776272575572130000</f>
            <f>50.97312718385040100000</f>
            <f>-725.69616304610008000000</f>
            <f>48828.94485120459300000000</f>
            <f>0</f>
            <f>-0.47574594911911106000</f>
            <f>-71.04007467099148700000</f>
            <f>1071.21552015783440000000</f>
            <f>-41894.18377929588300000000</f>
            <f>0</f>
            <f>0</f>
            <f>0</f>
            <f>0</f>
            <f>0</f>
            <f>0</f>
         </CF>
         <MCRZ>
            <max_power>3125231.9189</max_power>
            <rating>
               <p>-0.85016437171267423000</p>
               <p>18.07404858390032800000</p>
               <p>-16.93153235459454800000</p>
               <p>0</p>
               <p>0</p>
               <p>0</p>
               <p>3.33853824235812000000</p>
               <p>-25.70912847461392300000</p>
               <p>44.59631376759634200000</p>
               <p>0</p>
               <p>0</p>
               <p>0</p>
               <p>-2.54746989548574380000</p>
               <p>16.64718393085960500000</p>
               <p>-28.50105513897191800000</p>
               <p>0</p>
               <p>0</p>
               <p>0</p>
               <p>0</p>
               <p>0</p>
               <p>0</p>
               <p>0</p>
               <p>0</p>
               <p>0</p>
               <p>0</p>
               <p>0</p>
               <p>0</p>
               <p>0</p>
               <p>0</p>
               <p>0</p>
               <p>0</p>
               <p>0</p>
               <p>0</p>
               <p>0</p>
               <p>0</p>
               <p>0</p>
            </rating>
         </MCRZ>
         <MCMB>
            <max_power>3210191.1045</max_power>
            <rating>
               <p>-0.62184286299297054000</p>
               <p>16.81366692690378500000</p>
               <p>-14.43684989595731900000</p>
               <p>0</p>
               <p>0</p>
               <p>0</p>
               <p>2.81580095110772710000</p>
               <p>-22.62153936146036800000</p>
               <p>38.56259435719390900000</p>
               <p>0</p>
               <p>0</p>
               <p>0</p>
               <p>-2.23317203872500870000</p>
               <p>14.75322615193449500000</p>
               <p>-24.86702647794734500000</p>
               <p>0</p>
               <p>0</p>
               <p>0</p>
               <p>0</p>
               <p>0</p>
               <p>0</p>
               <p>0</p>
               <p>0</p>
               <p>0</p>
               <p>0</p>
               <p>0</p>
               <p>0</p>
               <p>0</p>
               <p>0</p>
               <p>0</p>
               <p>0</p>
               <p>0</p>
               <p>0</p>
               <p>0</p>
               <p>0</p>
               <p>0</p>
            </rating>
         </MCMB>
         <LIDL>
            <CT>
               <ti>0</ti>
               <ti>0</ti>
               <ti>0</ti>
               <ti>0</ti>
               <ti>0</ti>
               <ti>0.89942099246312912000</ti>
               <ti>0</ti>
               <ti>0</ti>
               <ti>0.11926085340585715000</ti>
               <ti>-0.63733602946751944000</ti>
               <ti>0</ti>
               <ti>0</ti>
               <ti>-0.26536916082899209000</ti>
               <ti>0</ti>
               <ti>0</ti>
               <ti>0</ti>
               <ti>0.06018283275373485800</ti>
               <ti>0.20506327710915892000</ti>
               <ti>-0.09149292329914918100</ti>
               <ti>0</ti>
               <ti>0</ti>
               <ti>0</ti>
               <ti>0</ti>
               <ti>0</ti>
               <ti>-0.37795455533717232000</ti>
               <ti>0</ti>
               <ti>0</ti>
               <ti>-0.26702807972289427000</ti>
               <ti>0.14531766614356842000</ti>
               <ti>0</ti>
               <ti>0</ti>
               <ti>0</ti>
            </CT>
            <CF>
               <fi>0.25121640117788280000</fi>
               <fi>-0.13676591493704610000</fi>
               <fi>0.21604034793899371000</fi>
               <fi>-0.30902321441457958000</fi>
               <fi>-0.32510643351795593000</fi>
               <fi>-1.51156612425326450000</fi>
               <fi>0.44477883562100673000</fi>
               <fi>-2.52153555057716440000</fi>
               <fi>2.79055295133122220000</fi>
               <fi>-0.43548281124975152000</fi>
               <fi>0.19912733518367534000</fi>
               <fi>0.16056999539412420000</fi>
               <fi>4.00390448330823560000</fi>
               <fi>-2.43613399586652690000</fi>
            </CF>
         </LIDL>
         <throttle>
            <low>1.2325</low>
            <high>4.3816</high>
         </throttle>
      </TPM>
   </PFM>
   <OPM>
      <LGO>
         <Transition>
            <from>0</from>
            <to>1</to>
            <time>15</time>
         </Transition>
         <Transition>
            <from>1</from>
            <to>0</to>
            <time>15</time>
         </Transition>
      </LGO>
      <HLO>
         <Transition>
            <from>0</from>
            <to>1</to>
            <time>4</time>
         </Transition>
         <Transition>
            <from>1</from>
            <to>2</to>
            <time>6</time>
         </Transition>
         <Transition>
            <from>2</from>
            <to>1</to>
            <time>4.8</time>
         </Transition>
         <Transition>
            <from>1</from>
            <to>0</to>
            <time>6</time>
         </Transition>
      </HLO>
   </OPM>
   <ALM>
      <GLM>
         <hmo>25000</hmo>
      </GLM>
      <KLM>
         <mmo>0.55</mmo>
         <vmo>250</vmo>
         <vle>185</vle>
         <vloe>170</vloe>
         <vlor>160</vlor>
      </KLM>
      <ELM>
         <Tmin_f>
            <point>
               <Hp>-1000</Hp>
               <DeltaT>-71</DeltaT>
            </point>
            <point>
               <Hp>25000</Hp>
               <DeltaT>-19.5</DeltaT>
            </point>
         </Tmin_f>
         <Tmax_f>
            <point>
               <Hp>-1000</Hp>
               <DeltaT>33</DeltaT>
            </point>
            <point>
               <Hp>0</Hp>
               <DeltaT>35</DeltaT>
            </point>
            <point>
               <Hp>25000</Hp>
               <DeltaT>35</DeltaT>
            </point>
         </Tmax_f>
         <Tmin_g>
            <point>
               <Hp>-1000</Hp>
               <DeltaT>-52</DeltaT>
            </point>
            <point>
               <Hp>8500</Hp>
               <DeltaT>-33.2</DeltaT>
            </point>
         </Tmin_g>
         <Tmax_g>
            <point>
               <Hp>-1000</Hp>
               <DeltaT>33</DeltaT>
            </point>
            <point>
               <Hp>0</Hp>
               <DeltaT>35</DeltaT>
            </point>
            <point>
               <Hp>8500</Hp>
               <DeltaT>35</DeltaT>
            </point>
         </Tmax_g>
      </ELM>
      <DLM>
         <MTW>22970</MTW>
         <MTOW>22800</MTOW>
         <MLW>22350</MLW>
         <MZFW>20800</MZFW>
         <OEW>13200</OEW>
         <MPL>7600</MPL>
         <MFL>5000</MFL>
         <n1>2.5</n1>
         <n3>-1</n3>
         <nf1>2</nf1>
         <nf3>0</nf3>
      </DLM>
   </ALM>
   <Ground>
      <Dimensions>
         <span>27.050</span>
         <length>27.166</length>
      </Dimensions>
      <Runway>
         <TOL>1333</TOL>
         <LDL>1067</LDL>
      </Runway>
   </Ground>
   <ARPM>
      <AeroConfSchedule>
         <AeroPhase>
            <name>TO</name>
            <HLid>1</HLid>
            <LG>UP</LG>
         </AeroPhase>
         <AeroPhase>
            <name>IC</name>
            <HLid>0</HLid>
            <LG>UP</LG>
         </AeroPhase>
         <AeroPhase>
            <name>CR</name>
            <HLid>0</HLid>
            <LG>UP</LG>
         </AeroPhase>
         <AeroPhase>
            <name>AP</name>
            <HLid>1</HLid>
            <LG>UP</LG>
         </AeroPhase>
         <AeroPhase>
            <name>LD</name>
            <HLid>2</HLid>
            <LG>DN</LG>
         </AeroPhase>
      </AeroConfSchedule>
      <SpeedScheduleList>
         <SpeedSchedule>
            <CompanyName>Default</CompanyName>
            <SpeedPhase>
               <name>Climb</name>
               <CAS1>170</CAS1>
               <CAS2>170</CAS2>
               <M>0.45</M>
            </SpeedPhase>
            <SpeedPhase>
               <name>Cruise</name>
               <CAS1>230</CAS1>
               <CAS2>220</CAS2>
               <M>0.45</M>
            </SpeedPhase>
            <SpeedPhase>
               <name>Descent</name>
               <CAS1>230</CAS1>
               <CAS2>230</CAS2>
               <M>0.55</M>
            </SpeedPhase>
         </SpeedSchedule>
      </SpeedScheduleList>
   </ARPM>
</bada40:ACM>