<?xml version="1.0" encoding="utf-8"?>
<bada40:ACM xmlns:bada40="http://www.eurocontrol.int/eec/public/standard_page/bada40">
   <model>777-200LR</model>
   <type>JET</type>
   <engine>GE-90 110B1L</engine>
   <description>long range</description>
   <ICAO>
      <designator>B77L</designator>
      <WTC>H</WTC>
   </ICAO>
   <AFCM>
      <S>427.81849920000002000000</S>
      <Configuration HLid="0">
         <HLPosition>0000</HLPosition>
         <name>flaps  0</name>
         <vfe>330</vfe>
         <LGUP>
            <DPM_clean>
               <M_max>0.87000</M_max>
               <scalar>9.835e-007</scalar>
               <CD_clean>
                  <d>289729.23755412531000000000</d>
                  <d>-742302.83858625439000000000</d>
                  <d>741048.99266707955000000000</d>
                  <d>-325831.88251781231000000000</d>
                  <d>53399.80646595692100000000</d>
                  <d>25831.06699043927100000000</d>
                  <d>16242.75797487905900000000</d>
                  <d>-7271.18662322123510000000</d>
                  <d>1224.23400111824660000000</d>
                  <d>-72.06270517729754500000</d>
                  <d>6718.04638124301710000000</d>
                  <d>10736.85199078217600000000</d>
                  <d>-16560.18535826710600000000</d>
                  <d>8513.91868173898730000000</d>
                  <d>-1455.67157254513020000000</d>
               </CD_clean>
            </DPM_clean>
            <BLM_clean>
               <Mmin>0.28000</Mmin>
               <Mmax>0.86000</Mmax>
               <CL_Mach0>1.11714233778581920000</CL_Mach0>
               <CL_clean>
                  <bf>0.40933542739744333000</bf>
                  <bf>8.36139640688874410000</bf>
                  <bf>-29.79603104816177600000</bf>
                  <bf>39.31971042259188900000</bf>
                  <bf>-18.00318831050433100000</bf>
               </CL_clean>
            </BLM_clean>
         </LGUP>
         <LGDN>
            <DPM_nonclean>
               <CD_nonclean>
                  <d>0.04730301547987620500</d>
                  <d>-0.01220825298540479200</d>
                  <d>0.05099601946041580600</d>
               </CD_nonclean>
            </DPM_nonclean>
            <BLM>
               <CL_max>1.11714233778581920000</CL_max>
            </BLM>
         </LGDN>
      </Configuration>
      <Configuration HLid="1">
         <HLPosition>0001</HLPosition>
         <name>flaps 1</name>
         <vfe>265</vfe>
         <LGUP>
            <DPM_nonclean>
               <CD_nonclean>
                  <d>0.02928822245300095200</d>
                  <d>-0.03573300658562225700</d>
                  <d>0.06768268424177029100</d>
               </CD_nonclean>
            </DPM_nonclean>
            <BLM>
               <CL_max>1.59143377776150370000</CL_max>
            </BLM>
         </LGUP>
         <LGDN>
            <DPM_nonclean>
               <CD_nonclean>
                  <d>0.05783822245300099300</d>
                  <d>-0.03573300658562229800</d>
                  <d>0.06768268424177030500</d>
               </CD_nonclean>
            </DPM_nonclean>
            <BLM>
               <CL_max>1.59143377776150370000</CL_max>
            </BLM>
         </LGDN>
      </Configuration>
      <Configuration HLid="2">
         <HLPosition>0005</HLPosition>
         <name>flaps 5</name>
         <vfe>245</vfe>
         <LGUP>
            <DPM_nonclean>
               <CD_nonclean>
                  <d>0.03996803673571985200</d>
                  <d>-0.04288554758392961600</d>
                  <d>0.06363753492248328000</d>
               </CD_nonclean>
            </DPM_nonclean>
            <BLM>
               <CL_max>1.81851113011747210000</CL_max>
            </BLM>
         </LGUP>
         <LGDN>
            <DPM_nonclean>
               <CD_nonclean>
                  <d>0.06791137862137898400</d>
                  <d>-0.04399395604395668600</d>
                  <d>0.06367382617382647000</d>
               </CD_nonclean>
            </DPM_nonclean>
            <BLM>
               <CL_max>1.81851113011747210000</CL_max>
            </BLM>
         </LGDN>
      </Configuration>
      <Configuration HLid="3">
         <HLPosition>0015</HLPosition>
         <name>flaps 15</name>
         <vfe>230</vfe>
         <LGUP>
            <DPM_nonclean>
               <CD_nonclean>
                  <d>0.05015833977280478900</d>
                  <d>-0.05156489458614718600</d>
                  <d>0.06540493757658207000</d>
               </CD_nonclean>
            </DPM_nonclean>
            <BLM>
               <CL_max>1.92012518901871190000</CL_max>
            </BLM>
         </LGUP>
         <LGDN>
            <DPM_nonclean>
               <CD_nonclean>
                  <d>0.08200248351648351000</d>
                  <d>-0.06236857142857146800</d>
                  <d>0.06979120879120884200</d>
               </CD_nonclean>
            </DPM_nonclean>
            <BLM>
               <CL_max>1.92012518901871190000</CL_max>
            </BLM>
         </LGDN>
      </Configuration>
      <Configuration HLid="4">
         <HLPosition>0020</HLPosition>
         <name>flaps 20</name>
         <vfe>225</vfe>
         <LGUP>
            <DPM_nonclean>
               <CD_nonclean>
                  <d>0.05480652150277875300</d>
                  <d>-0.04333952046766307400</d>
                  <d>0.05925217703934357300</d>
               </CD_nonclean>
            </DPM_nonclean>
            <BLM>
               <CL_max>2.01415837497941830000</CL_max>
            </BLM>
         </LGUP>
         <LGDN>
            <DPM_nonclean>
               <CD_nonclean>
                  <d>0.07460652150277877200</d>
                  <d>-0.04333952046766309500</d>
                  <d>0.05925217703934358700</d>
               </CD_nonclean>
            </DPM_nonclean>
            <BLM>
               <CL_max>2.01415837497941830000</CL_max>
            </BLM>
         </LGDN>
      </Configuration>
      <Configuration HLid="5">
         <HLPosition>0025</HLPosition>
         <name>flaps 25</name>
         <vfe>200</vfe>
         <LGDN>
            <DPM_nonclean>
               <CD_nonclean>
                  <d>0.21936959619834850000</d>
                  <d>-0.17482651377387243000</d>
                  <d>0.09388652638979867700</d>
               </CD_nonclean>
            </DPM_nonclean>
            <BLM>
               <CL_max>2.22419557409388440000</CL_max>
            </BLM>
         </LGDN>
      </Configuration>
      <Configuration HLid="6">
         <HLPosition>0030</HLPosition>
         <name>flaps 30</name>
         <vfe>180</vfe>
         <LGDN>
            <DPM_nonclean>
               <CD_nonclean>
                  <d>0.24294174895829898000</d>
                  <d>-0.15932598353613159000</d>
                  <d>0.08506934296760813900</d>
               </CD_nonclean>
            </DPM_nonclean>
            <BLM>
               <CL_max>2.30155314905494810000</CL_max>
            </BLM>
         </LGDN>
      </Configuration>
   </AFCM>
   <PFM>
      <MREF>347452</MREF>
      <LHV>43217000</LHV>
      <rho>810</rho>
      <n_eng>2</n_eng>
      <TFA>33</TFA>
      <TFM>
         <CT>
            <a>0.00000000000000000000</a>
            <a>-0.09999999996244746100</a>
            <a>0.00000000000000000000</a>
            <a>0.00000000000000000000</a>
            <a>0.00000000000000000000</a>
            <a>0.00000000000000000000</a>
            <a>0.29999999996785487000</a>
            <a>0.00000000000000000000</a>
            <a>0.00000000000000000000</a>
            <a>0.00000000000000000000</a>
            <a>0.00000000000000000000</a>
            <a>0.00000000000000000000</a>
            <a>0.00000000000000000000</a>
            <a>0.00000000000000000000</a>
            <a>0.00000000000000000000</a>
            <a>0.00000000000000000000</a>
            <a>0.00000000000000000000</a>
            <a>0.00000000000000000000</a>
            <a>0.00000000000000000000</a>
            <a>0.00000000000000000000</a>
            <a>0.00000000000000000000</a>
            <a>0.00000000000000000000</a>
            <a>0.00000000000000000000</a>
            <a>0.00000000000000000000</a>
            <a>0.00000000000000000000</a>
            <a>0.00000000000000000000</a>
            <a>0.00000000000000000000</a>
            <a>0.00000000000000000000</a>
            <a>0.00000000000000000000</a>
            <a>0.00000000000000000000</a>
            <a>0.00000000000000000000</a>
            <a>0.00000000000000000000</a>
            <a>0.00000000000000000000</a>
            <a>0.00000000000000000000</a>
            <a>0.00000000000000000000</a>
            <a>0.00000000000000000000</a>
         </CT>
         <CF>
            <f>-0.00238921820101430790</f>
            <f>1.46917531067826500000</f>
            <f>-8.92371083067697950000</f>
            <f>47.99589867472337100000</f>
            <f>-74.20120448673382900000</f>
            <f>0.06718690028446860900</f>
            <f>-0.45305170595693994000</f>
            <f>31.03577442222550100000</f>
            <f>-187.30955552469234000000</f>
            <f>380.82212984595856000000</f>
            <f>0.00000000000000000000</f>
            <f>0.00000000000000000000</f>
            <f>0.00000000000000000000</f>
            <f>0.00000000000000000000</f>
            <f>0.00000000000000000000</f>
            <f>0.00000000000000000000</f>
            <f>0.00000000000000000000</f>
            <f>0.00000000000000000000</f>
            <f>0.00000000000000000000</f>
            <f>0.00000000000000000000</f>
            <f>0.00000000000000000000</f>
            <f>0.00000000000000000000</f>
            <f>0.00000000000000000000</f>
            <f>0.00000000000000000000</f>
            <f>0.00000000000000000000</f>
         </CF>
         <MCRZ>
            <kink>12</kink>
            <flat_rating>
               <b>-0.41692523015321115000</b>
               <b>2.47485680185468170000</b>
               <b>-1.88496961898536600000</b>
               <b>0.00000000000000000000</b>
               <b>0.00000000000000000000</b>
               <b>0.00000000000000000000</b>
               <b>2.64485220370580040000</b>
               <b>-1.81428339101441520000</b>
               <b>10.61259277767195300000</b>
               <b>0.00000000000000000000</b>
               <b>0.00000000000000000000</b>
               <b>0.00000000000000000000</b>
               <b>10.29015863695536800000</b>
               <b>-30.49995289072388300000</b>
               <b>-30.30942644987157000000</b>
               <b>0.00000000000000000000</b>
               <b>0.00000000000000000000</b>
               <b>0.00000000000000000000</b>
               <b>-35.41857621862350700000</b>
               <b>73.39508782948911400000</b>
               <b>58.39276222752774000000</b>
               <b>0.00000000000000000000</b>
               <b>0.00000000000000000000</b>
               <b>0.00000000000000000000</b>
               <b>35.79925993104314600000</b>
               <b>-62.09447722878793000000</b>
               <b>-60.09493817303820900000</b>
               <b>0.00000000000000000000</b>
               <b>0.00000000000000000000</b>
               <b>0.00000000000000000000</b>
               <b>-12.06011806308345200000</b>
               <b>17.52852231340075000000</b>
               <b>24.55709234548586300000</b>
               <b>0.00000000000000000000</b>
               <b>0.00000000000000000000</b>
               <b>0.00000000000000000000</b>
            </flat_rating>
            <temp_rating>
               <c>662.71928662389132000000</c>
               <c>-3214.27433396849350000000</c>
               <c>3074.58229536224740000000</c>
               <c>0.00000000000000000000</c>
               <c>0.00000000000000000000</c>
               <c>-2440.67437390185750000000</c>
               <c>12090.12725049415300000000</c>
               <c>-11669.73574057089900000000</c>
               <c>0.00000000000000000000</c>
               <c>0.00000000000000000000</c>
               <c>3375.67304025408430000000</c>
               <c>-17023.33044562761600000000</c>
               <c>16573.22875662305200000000</c>
               <c>0.00000000000000000000</c>
               <c>0.00000000000000000000</c>
               <c>-2072.82657061028070000000</c>
               <c>10629.93882390922200000000</c>
               <c>-10436.31191771445600000000</c>
               <c>0.00000000000000000000</c>
               <c>0.00000000000000000000</c>
               <c>476.30888593802609000000</c>
               <c>-2483.16363731185220000000</c>
               <c>2458.10165808466540000000</c>
               <c>0.00000000000000000000</c>
               <c>0.00000000000000000000</c>
               <c>-6.65733708323466810000</c>
               <c>8.91888716961973670000</c>
               <c>3.18087382814480300000</c>
               <c>0.00000000000000000000</c>
               <c>0.00000000000000000000</c>
               <c>20.03052896951020000000</c>
               <c>-24.30890233139927400000</c>
               <c>-11.98240526212787100000</c>
               <c>0.00000000000000000000</c>
               <c>0.00000000000000000000</c>
               <c>-21.75095284213557200000</c>
               <c>20.74607463616966600000</c>
               <c>21.69575710434969900000</c>
               <c>0.00000000000000000000</c>
               <c>0.00000000000000000000</c>
               <c>8.05431577797327590000</c>
               <c>-5.18905194749110880000</c>
               <c>-11.95445323746347700000</c>
               <c>0.00000000000000000000</c>
               <c>0.00000000000000000000</c>
            </temp_rating>
         </MCRZ>
         <MCMB>
            <kink>12</kink>
            <flat_rating>
               <b>-1.14610879012891350000</b>
               <b>4.12689502170661180000</b>
               <b>-2.82800870715784300000</b>
               <b>0.00000000000000000000</b>
               <b>0.00000000000000000000</b>
               <b>0.00000000000000000000</b>
               <b>8.77273418994335150000</b>
               <b>-13.09538815564489900000</b>
               <b>16.85711997982816600000</b>
               <b>0.00000000000000000000</b>
               <b>0.00000000000000000000</b>
               <b>0.00000000000000000000</b>
               <b>-7.82040740815460020000</b>
               <b>-1.61384112769815790000</b>
               <b>-47.13400056519105900000</b>
               <b>0.00000000000000000000</b>
               <b>0.00000000000000000000</b>
               <b>0.00000000000000000000</b>
               <b>-8.71219947717557910000</b>
               <b>34.51451960860981700000</b>
               <b>85.61016989007661900000</b>
               <b>0.00000000000000000000</b>
               <b>0.00000000000000000000</b>
               <b>0.00000000000000000000</b>
               <b>15.70606387537843000000</b>
               <b>-32.60250379436877900000</b>
               <b>-86.69035451559419400000</b>
               <b>0.00000000000000000000</b>
               <b>0.00000000000000000000</b>
               <b>0.00000000000000000000</b>
               <b>-5.86377117634102160000</b>
               <b>7.42146799963710360000</b>
               <b>35.72015007911130600000</b>
               <b>0.00000000000000000000</b>
               <b>0.00000000000000000000</b>
               <b>0.00000000000000000000</b>
            </flat_rating>
            <temp_rating>
               <c>933.29370834178667000000</c>
               <c>-4269.66063277067220000000</c>
               <c>4109.98752184029490000000</c>
               <c>0.00000000000000000000</c>
               <c>0.00000000000000000000</c>
               <c>-3516.01472595758920000000</c>
               <c>16289.16163220248900000000</c>
               <c>-15792.06613481678300000000</c>
               <c>0.00000000000000000000</c>
               <c>0.00000000000000000000</c>
               <c>4977.63303386323610000000</c>
               <c>-23281.72389470198000000000</c>
               <c>22720.79549467850300000000</c>
               <c>0.00000000000000000000</c>
               <c>0.00000000000000000000</c>
               <c>-3132.32350023202030000000</c>
               <c>14769.96007262225800000000</c>
               <c>-14505.29167270335900000000</c>
               <c>0.00000000000000000000</c>
               <c>0.00000000000000000000</c>
               <c>738.73968525347925000000</c>
               <c>-3508.71882605903060000000</c>
               <c>3466.62608068867480000000</c>
               <c>0.00000000000000000000</c>
               <c>0.00000000000000000000</c>
               <c>-7.50662186436009460000</c>
               <c>11.28778252894021600000</c>
               <c>1.81258043519024970000</c>
               <c>0.00000000000000000000</c>
               <c>0.00000000000000000000</c>
               <c>22.66825216941434800000</c>
               <c>-31.23396537512269000000</c>
               <c>-8.16819643780179660000</c>
               <c>0.00000000000000000000</c>
               <c>0.00000000000000000000</c>
               <c>-24.87493302324166000000</c>
               <c>28.72558149407711500000</c>
               <c>17.42261771727939000000</c>
               <c>0.00000000000000000000</c>
               <c>0.00000000000000000000</c>
               <c>9.34317655064172570000</c>
               <c>-8.45447455943672030000</c>
               <c>-10.20957613178341800000</c>
               <c>0.00000000000000000000</c>
               <c>0.00000000000000000000</c>
            </temp_rating>
         </MCMB>
         <MTKF>
            <kink>12</kink>
            <flat_rating>
               <b>4.32330563802071580000</b>
               <b>-14.60969563862503900000</b>
               <b>-13.98472261447067800000</b>
               <b>0.00000000000000000000</b>
               <b>0.00000000000000000000</b>
               <b>0.00000000000000000000</b>
               <b>-8.53876947154193110000</b>
               <b>29.43609112856816900000</b>
               <b>198.53545615922687000000</b>
               <b>0.00000000000000000000</b>
               <b>0.00000000000000000000</b>
               <b>0.00000000000000000000</b>
               <b>-41.20963144897147900000</b>
               <b>219.76851095410836000000</b>
               <b>-930.22232377078819000000</b>
               <b>0.00000000000000000000</b>
               <b>0.00000000000000000000</b>
               <b>0.00000000000000000000</b>
               <b>167.69317809847303000000</b>
               <b>-822.69889051033260000000</b>
               <b>1912.81985720462420000000</b>
               <b>0.00000000000000000000</b>
               <b>0.00000000000000000000</b>
               <b>0.00000000000000000000</b>
               <b>-197.40681379961185000000</b>
               <b>955.82128997478060000000</b>
               <b>-1779.46829224498420000000</b>
               <b>0.00000000000000000000</b>
               <b>0.00000000000000000000</b>
               <b>0.00000000000000000000</b>
               <b>76.08739554400524700000</b>
               <b>-368.13286217650983000000</b>
               <b>612.45983453818837000000</b>
               <b>0.00000000000000000000</b>
               <b>0.00000000000000000000</b>
               <b>0.00000000000000000000</b>
            </flat_rating>
            <temp_rating>
               <c>1137.35208656733330000000</c>
               <c>-6157.06132708245880000000</c>
               <c>8406.58782373361830000000</c>
               <c>0.00000000000000000000</c>
               <c>0.00000000000000000000</c>
               <c>-4083.23764599263680000000</c>
               <c>22786.11923263116500000000</c>
               <c>-31656.97707262261200000000</c>
               <c>0.00000000000000000000</c>
               <c>0.00000000000000000000</c>
               <c>5488.08279526742260000000</c>
               <c>-31670.78576505551600000000</c>
               <c>44847.82436334591300000000</c>
               <c>0.00000000000000000000</c>
               <c>0.00000000000000000000</c>
               <c>-3249.73392419906390000000</c>
               <c>19487.62342968865400000000</c>
               <c>-28178.75309168563400000000</c>
               <c>0.00000000000000000000</c>
               <c>0.00000000000000000000</c>
               <c>714.58674021155730000000</c>
               <c>-4480.29637198778620000000</c>
               <c>6627.46126217151780000000</c>
               <c>0.00000000000000000000</c>
               <c>0.00000000000000000000</c>
               <c>-47.09373579115848700000</c>
               <c>245.06820704005338000000</c>
               <c>-316.33396110551189000000</c>
               <c>0.00000000000000000000</c>
               <c>0.00000000000000000000</c>
               <c>120.54897216552014000000</c>
               <c>-611.56976523860067000000</c>
               <c>774.03355647057208000000</c>
               <c>0.00000000000000000000</c>
               <c>0.00000000000000000000</c>
               <c>-125.66948504688000000000</c>
               <c>632.18940819200111000000</c>
               <c>-790.87123640084189000000</c>
               <c>0.00000000000000000000</c>
               <c>0.00000000000000000000</c>
               <c>45.48543759734462800000</c>
               <c>-228.31621411983517000000</c>
               <c>283.47899447450760000000</c>
               <c>0.00000000000000000000</c>
               <c>0.00000000000000000000</c>
            </temp_rating>
         </MTKF>
         <LIDL>
            <CT>
               <ti>-0.05092034819278516700</ti>
               <ti>0.18574639600562390000</ti>
               <ti>-0.15982024085488036000</ti>
               <ti>0.02729336479944525000</ti>
               <ti>0.12869680551017565000</ti>
               <ti>-0.29952147160944215000</ti>
               <ti>-0.01377268736309190100</ti>
               <ti>0.20786366130007028000</ti>
               <ti>-0.07220022562011763100</ti>
               <ti>-0.01803661131949208000</ti>
               <ti>0.43056407879298458000</ti>
               <ti>-0.41185974924541469000</ti>
            </CT>
            <CF>
               <fi>-0.00265542492109780090</fi>
               <fi>0.04996829138678941100</fi>
               <fi>-0.01522981729952799800</fi>
               <fi>0.02974316530087860500</fi>
               <fi>-0.05880663237905210700</fi>
               <fi>-0.00839264918732000700</fi>
               <fi>-0.02214585756156273900</fi>
               <fi>0.01373835474576681600</fi>
               <fi>0.04069751469045562700</fi>
            </CF>
         </LIDL>
         <throttle>
            <low>0.53846442416235307000</low>
            <high>1.10943450594844270000</high>
         </throttle>
      </TFM>
   </PFM>
   <OPM>
      <LGO>
         <Transition>
            <from>0</from>
            <to>1</to>
            <time>19.4</time>
         </Transition>
         <Transition>
            <from>1</from>
            <to>0</to>
            <time>19.4</time>
         </Transition>
      </LGO>
      <HLO>
         <Transition>
            <from>0</from>
            <to>1</to>
            <time>11</time>
         </Transition>
         <Transition>
            <from>1</from>
            <to>2</to>
            <time>18</time>
         </Transition>
         <Transition>
            <from>2</from>
            <to>3</to>
            <time>6</time>
         </Transition>
         <Transition>
            <from>3</from>
            <to>4</to>
            <time>6</time>
         </Transition>
         <Transition>
            <from>4</from>
            <to>5</to>
            <time>14</time>
         </Transition>
         <Transition>
            <from>5</from>
            <to>6</to>
            <time>7</time>
         </Transition>
         <Transition>
            <from>6</from>
            <to>5</to>
            <time>7</time>
         </Transition>
         <Transition>
            <from>5</from>
            <to>4</to>
            <time>14</time>
         </Transition>
         <Transition>
            <from>4</from>
            <to>3</to>
            <time>6</time>
         </Transition>
         <Transition>
            <from>3</from>
            <to>2</to>
            <time>6</time>
         </Transition>
         <Transition>
            <from>2</from>
            <to>1</to>
            <time>18</time>
         </Transition>
         <Transition>
            <from>1</from>
            <to>0</to>
            <time>11</time>
         </Transition>
      </HLO>
   </OPM>
   <ALM>
      <GLM>
         <hmo>43100</hmo>
         <mfa>20000</mfa>
      </GLM>
      <KLM>
         <mmo>0.87</mmo>
         <vmo>330</vmo>
         <mle>0.82</mle>
         <vle>270</vle>
         <mlo>0.82</mlo>
         <vloe>270</vloe>
         <vlor>270</vlor>
      </KLM>
      <ELM>
         <Tmin_f>
            <point>
               <Hp>-2000.0</Hp>
               <DeltaT>-81.00000000000000000000</DeltaT>
            </point>
            <point>
               <Hp>0.0</Hp>
               <DeltaT>-77.00000000000000000000</DeltaT>
            </point>
            <point>
               <Hp>32000.0</Hp>
               <DeltaT>-26.60000000000000100000</DeltaT>
            </point>
            <point>
               <Hp>36089.0</Hp>
               <DeltaT>-18.50000000000000000000</DeltaT>
            </point>
            <point>
               <Hp>43100.0</Hp>
               <DeltaT>-18.50000000000000000000</DeltaT>
            </point>
         </Tmin_f>
         <Tmax_f>
            <point>
               <Hp>-2000.0</Hp>
               <DeltaT>35.03999999999999900000</DeltaT>
            </point>
            <point>
               <Hp>0.0</Hp>
               <DeltaT>39.39999999999999900000</DeltaT>
            </point>
            <point>
               <Hp>10000.0</Hp>
               <DeltaT>39.39999999999999900000</DeltaT>
            </point>
            <point>
               <Hp>10001.0</Hp>
               <DeltaT>34.00000000000000000000</DeltaT>
            </point>
            <point>
               <Hp>36089.0</Hp>
               <DeltaT>34.00000000000000000000</DeltaT>
            </point>
            <point>
               <Hp>43100.0</Hp>
               <DeltaT>20.00000000000000000000</DeltaT>
            </point>
         </Tmax_f>
         <Tmin_g>
            <point>
               <Hp>-2000.0</Hp>
               <DeltaT>-73.00000000000000000000</DeltaT>
            </point>
            <point>
               <Hp>6500.0</Hp>
               <DeltaT>-56.00000000000000000000</DeltaT>
            </point>
            <point>
               <Hp>8500.0</Hp>
               <DeltaT>-43.00000000000000000000</DeltaT>
            </point>
         </Tmin_g>
         <Tmax_g>
            <point>
               <Hp>-2000.0</Hp>
               <DeltaT>35.03999999999999900000</DeltaT>
            </point>
            <point>
               <Hp>0.0</Hp>
               <DeltaT>39.39999999999999900000</DeltaT>
            </point>
            <point>
               <Hp>8500.0</Hp>
               <DeltaT>39.39999999999999900000</DeltaT>
            </point>
         </Tmax_g>
      </ELM>
      <DLM>
         <MTW>348358</MTW>
         <MTOW>347452</MTOW>
         <MLW>223168</MLW>
         <MZFW>209106</MZFW>
         <OEW>145150</OEW>
         <MPL>63957</MPL>
         <MFL>181283</MFL>
         <n1>2.5</n1>
         <n3>-1</n3>
         <nf1>2</nf1>
         <nf3>0</nf3>
      </DLM>
   </ALM>
   <Ground>
      <Dimensions>
         <span>62.94</span>
         <length>63.73</length>
      </Dimensions>
      <Runway>
         <TOL>3100</TOL>
         <LDL>1600</LDL>
      </Runway>
   </Ground>
   <ARPM>
      <AeroConfSchedule>
         <AeroPhase>
            <name>TO</name>
            <HLid>2</HLid>
            <LG>UP</LG>
         </AeroPhase>
         <AeroPhase>
            <name>IC</name>
            <HLid>1</HLid>
            <LG>UP</LG>
         </AeroPhase>
         <AeroPhase>
            <name>CR</name>
            <HLid>0</HLid>
            <LG>UP</LG>
         </AeroPhase>
         <AeroPhase>
            <name>AP</name>
            <HLid>3</HLid>
            <LG>UP</LG>
         </AeroPhase>
         <AeroPhase>
            <name>LD</name>
            <HLid>6</HLid>
            <LG>DN</LG>
         </AeroPhase>
      </AeroConfSchedule>
      <SpeedScheduleList>
         <SpeedSchedule>
            <CompanyName>Default</CompanyName>
            <SpeedPhase>
               <name>Climb</name>
               <CAS1>310</CAS1>
               <CAS2>310</CAS2>
               <M>0.84</M>
            </SpeedPhase>
            <SpeedPhase>
               <name>Cruise</name>
               <CAS1>310</CAS1>
               <CAS2>310</CAS2>
               <M>0.84</M>
            </SpeedPhase>
            <SpeedPhase>
               <name>Descent</name>
               <CAS1>310</CAS1>
               <CAS2>310</CAS2>
               <M>0.84</M>
            </SpeedPhase>
         </SpeedSchedule>
      </SpeedScheduleList>
   </ARPM>
</bada40:ACM>