<?xml version="1.0" encoding="utf-8"?>
<bada40:ACM xmlns:bada40="http://www.eurocontrol.int/eec/public/standard_page/bada40">
   <model>Dummy-TWIN</model>
   <type>JET</type>
   <engine>CFM56-XXX</engine>
   <description/>
   <ICAO>
      <designator>DUM2</designator>
      <WTC>M</WTC>
   </ICAO>
   <AFCM>
      <S>118.2</S>
      <Configuration HLid="0">
         <HLPosition>0000</HLPosition>
         <name>flaps 0</name>
         <vfe>340</vfe>
         <LGUP>
            <DPM_clean>
               <M_max>0.81</M_max>
               <scalar>1e-006</scalar>
               <CD_clean>
                  <d>609277.84129150247000000000</d>
                  <d>-1825962.42239711710000000000</d>
                  <d>2105787.63895983200000000000</d>
                  <d>-1073458.53250061510000000000</d>
                  <d>204356.00350371850000000000</d>
                  <d>7788.30257138809880000000</d>
                  <d>52884.74745182040400000000</d>
                  <d>-35010.59077153979200000000</d>
                  <d>9645.29455180714650000000</d>
                  <d>-926.91335346472545000000</d>
                  <d>485.73209393517601000000</d>
                  <d>4037.11675068008660000000</d>
                  <d>-1712.21313894074750000000</d>
                  <d>-2714.90287659332130000000</d>
                  <d>1380.16367424224680000000</d>
               </CD_clean>
            </DPM_clean>
            <BLM_clean>
               <Mmin>0.314</Mmin>
               <Mmax>0.82</Mmax>
               <CL_Mach0>1.4363</CL_Mach0>
               <CL_clean>
                  <bf>0.64734425549339292000</bf>
                  <bf>12.05263986426068200000</bf>
                  <bf>-53.38407067650780400000</bf>
                  <bf>82.93686008499547300000</bf>
                  <bf>-43.43267897547836000000</bf>
               </CL_clean>
            </BLM_clean>
         </LGUP>
      </Configuration>
      <Configuration HLid="1">
         <HLPosition>0015</HLPosition>
         <name>flaps 15</name>
         <vfe>230</vfe>
         <LGUP>
            <DPM_nonclean>
               <CD_nonclean>
                  <d>0.023559</d>
                  <d>-0.012174</d>
                  <d>0.057331</d>
               </CD_nonclean>
            </DPM_nonclean>
            <BLM>
               <CL_max>2.1324</CL_max>
            </BLM>
         </LGUP>
      </Configuration>
      <Configuration HLid="2">
         <HLPosition>0018</HLPosition>
         <name>flaps 18</name>
         <vfe>215</vfe>
         <LGUP>
            <DPM_nonclean>
               <CD_nonclean>
                  <d>0.062096</d>
                  <d>-0.059759</d>
                  <d>0.069141</d>
               </CD_nonclean>
            </DPM_nonclean>
            <BLM>
               <CL_max>2.4957</CL_max>
            </BLM>
         </LGUP>
      </Configuration>
      <Configuration HLid="3">
         <HLPosition>0021</HLPosition>
         <name>flaps 21</name>
         <vfe>200</vfe>
         <LGUP>
            <DPM_nonclean>
               <CD_nonclean>
                  <d>0.066199</d>
                  <d>-0.051749</d>
                  <d>0.062858</d>
               </CD_nonclean>
            </DPM_nonclean>
            <BLM>
               <CL_max>2.7919</CL_max>
            </BLM>
         </LGUP>
      </Configuration>
      <Configuration HLid="4">
         <HLPosition>0024</HLPosition>
         <name>flaps 24</name>
         <vfe>185</vfe>
         <LGUP>
            <DPM_nonclean>
               <CD_nonclean>
                  <d>0.088985</d>
                  <d>-0.070279</d>
                  <d>0.071119</d>
               </CD_nonclean>
            </DPM_nonclean>
            <BLM>
               <CL_max>2.8464</CL_max>
            </BLM>
         </LGUP>
         <LGDN>
            <DPM_nonclean>
               <CD_nonclean>
                  <d>0.11167</d>
                  <d>-0.064767</d>
                  <d>0.070087</d>
               </CD_nonclean>
            </DPM_nonclean>
            <BLM>
               <CL_max>2.6876</CL_max>
            </BLM>
         </LGDN>
      </Configuration>
      <Configuration HLid="5">
         <HLPosition>0030</HLPosition>
         <name>flaps 30</name>
         <vfe>177</vfe>
         <LGUP>
            <DPM_nonclean>
               <CD_nonclean>
                  <d>0.13803</d>
                  <d>-0.084484</d>
                  <d>0.074678</d>
               </CD_nonclean>
            </DPM_nonclean>
            <BLM>
               <CL_max>3.1443</CL_max>
            </BLM>
         </LGUP>
         <LGDN>
            <DPM_nonclean>
               <CD_nonclean>
                  <d>0.1651</d>
                  <d>-0.096208</d>
                  <d>0.081688</d>
               </CD_nonclean>
            </DPM_nonclean>
            <BLM>
               <CL_max>3.0811</CL_max>
            </BLM>
         </LGDN>
      </Configuration>
   </AFCM>
   <PFM>
      <MREF>65000</MREF>
      <LHV>43217000</LHV>
      <rho>810</rho>
      <n_eng>2</n_eng>
      <TFM>
         <CT>
            <a>0</a>
            <a>-0.55894280617049841000</a>
            <a>1.24915391331729330000</a>
            <a>-0.71318239766169467000</a>
            <a>0</a>
            <a>0</a>
            <a>0.21724228326085213000</a>
            <a>-0.20963005016648906000</a>
            <a>0.08527979020658758800</a>
            <a>0</a>
            <a>0</a>
            <a>0</a>
            <a>0</a>
            <a>0</a>
            <a>0</a>
            <a>0</a>
            <a>0</a>
            <a>0</a>
            <a>0</a>
            <a>0</a>
            <a>0</a>
            <a>0</a>
            <a>0</a>
            <a>0</a>
            <a>0</a>
            <a>0</a>
            <a>0</a>
            <a>0</a>
            <a>0</a>
            <a>0</a>
            <a>0</a>
            <a>0</a>
            <a>0</a>
            <a>0</a>
            <a>0</a>
            <a>0</a>
         </CT>
         <CF>
            <f>-0.02293239511928801100</f>
            <f>1.58571545619417640000</f>
            <f>-0.78259796163507067000</f>
            <f>0</f>
            <f>0</f>
            <f>0.17629907490422286000</f>
            <f>0.35834724713084970000</f>
            <f>0</f>
            <f>5.78622005700447420000</f>
            <f>0</f>
            <f>0</f>
            <f>0.24022490533048910000</f>
            <f>0</f>
            <f>0</f>
            <f>0</f>
            <f>0</f>
            <f>0</f>
            <f>0</f>
            <f>0</f>
            <f>0</f>
            <f>0</f>
            <f>0</f>
            <f>0</f>
            <f>0</f>
            <f>0</f>
         </CF>
         <MCRZ>
            <kink>10</kink>
            <flat_rating>
               <b>3.32210144344263640000</b>
               <b>-1.27234790291458790000</b>
               <b>2.52723022772915670000</b>
               <b>0</b>
               <b>0</b>
               <b>0</b>
               <b>-2.90949458632056060000</b>
               <b>5.66289105338170810000</b>
               <b>-8.08259536284195690000</b>
               <b>0</b>
               <b>0</b>
               <b>0</b>
               <b>0.48073099028257332000</b>
               <b>0</b>
               <b>0</b>
               <b>0</b>
               <b>0</b>
               <b>0</b>
               <b>0</b>
               <b>0</b>
               <b>0</b>
               <b>0</b>
               <b>0</b>
               <b>0</b>
               <b>0</b>
               <b>0</b>
               <b>0</b>
               <b>0</b>
               <b>0</b>
               <b>0</b>
               <b>0</b>
               <b>0</b>
               <b>0</b>
               <b>0</b>
               <b>0</b>
               <b>0</b>
            </flat_rating>
            <temp_rating>
               <c>1.03987123555667680000</c>
               <c>8.72917244989493210000</c>
               <c>-10.83765350795595800000</c>
               <c>0</c>
               <c>0</c>
               <c>10.02179480639418200000</c>
               <c>-34.92125587679495900000</c>
               <c>45.37072830560722300000</c>
               <c>0</c>
               <c>0</c>
               <c>-9.35676808964645090000</c>
               <c>27.24117905409870100000</c>
               <c>-34.85570724445885600000</c>
               <c>0</c>
               <c>0</c>
               <c>0</c>
               <c>0</c>
               <c>0</c>
               <c>0</c>
               <c>0</c>
               <c>0</c>
               <c>0</c>
               <c>0</c>
               <c>0</c>
               <c>0</c>
               <c>0</c>
               <c>0</c>
               <c>0</c>
               <c>0</c>
               <c>0</c>
               <c>0</c>
               <c>0</c>
               <c>0</c>
               <c>0</c>
               <c>0</c>
               <c>0</c>
               <c>0</c>
               <c>0</c>
               <c>0</c>
               <c>0</c>
               <c>0</c>
               <c>0</c>
               <c>0</c>
               <c>0</c>
               <c>0</c>
            </temp_rating>
         </MCRZ>
         <MCMB>
            <kink>10</kink>
            <flat_rating>
               <b>3.29107863281173520000</b>
               <b>-0.82513351589320572000</b>
               <b>2.51052601051280750000</b>
               <b>0</b>
               <b>0</b>
               <b>0</b>
               <b>-2.55408151291924890000</b>
               <b>4.97522471557479130000</b>
               <b>-7.69525677084145700000</b>
               <b>0</b>
               <b>0</b>
               <b>0</b>
               <b>0.42000565755659364000</b>
               <b>0</b>
               <b>0</b>
               <b>0</b>
               <b>0</b>
               <b>0</b>
               <b>0</b>
               <b>0</b>
               <b>0</b>
               <b>0</b>
               <b>0</b>
               <b>0</b>
               <b>0</b>
               <b>0</b>
               <b>0</b>
               <b>0</b>
               <b>0</b>
               <b>0</b>
               <b>0</b>
               <b>0</b>
               <b>0</b>
               <b>0</b>
               <b>0</b>
               <b>0</b>
            </flat_rating>
            <temp_rating>
               <c>5.53313588587396500000</c>
               <c>4.84210125656722830000</c>
               <c>-15.54715390355857500000</c>
               <c>0</c>
               <c>0</c>
               <c>0.78511473805320942000</c>
               <c>-25.42399311015655500000</c>
               <c>53.99439566113199600000</c>
               <c>0</c>
               <c>0</c>
               <c>-4.38675054348596480000</c>
               <c>21.42242284388572000000</c>
               <c>-38.33918116006547900000</c>
               <c>0</c>
               <c>0</c>
               <c>0</c>
               <c>0</c>
               <c>0</c>
               <c>0</c>
               <c>0</c>
               <c>0</c>
               <c>0</c>
               <c>0</c>
               <c>0</c>
               <c>0</c>
               <c>0</c>
               <c>0</c>
               <c>0</c>
               <c>0</c>
               <c>0</c>
               <c>0</c>
               <c>0</c>
               <c>0</c>
               <c>0</c>
               <c>0</c>
               <c>0</c>
               <c>0</c>
               <c>0</c>
               <c>0</c>
               <c>0</c>
               <c>0</c>
               <c>0</c>
               <c>0</c>
               <c>0</c>
               <c>0</c>
            </temp_rating>
         </MCMB>
         <LIDL>
            <CT>
               <ti>0.00637061448199834850</ti>
               <ti>0.00498182903281458020</ti>
               <ti>0.00203752388274378030</ti>
               <ti>0</ti>
               <ti>0.00163761934596308940</ti>
               <ti>-0.06613027945716172500</ti>
               <ti>0</ti>
               <ti>0</ti>
               <ti>0</ti>
               <ti>0</ti>
               <ti>0</ti>
               <ti>0</ti>
            </CT>
            <CF>
               <fi>0.02183732083783613100</fi>
               <fi>0.00540851193994311770</fi>
               <fi>0.01164166160755449200</fi>
               <fi>-0.00718851110959943790</fi>
               <fi>0</fi>
               <fi>0</fi>
               <fi>0</fi>
               <fi>0</fi>
               <fi>0</fi>
            </CF>
         </LIDL>
         <throttle>
            <low>1.2895</low>
            <high>3.5252</high>
         </throttle>
      </TFM>
   </PFM>
   <OPM>
      <LGO>
         <Transition>
            <from>0</from>
            <to>1</to>
            <time>20</time>
         </Transition>
         <Transition>
            <from>1</from>
            <to>0</to>
            <time>20</time>
         </Transition>
      </LGO>
      <HLO>
         <Transition>
            <from>0</from>
            <to>1</to>
            <time>12</time>
         </Transition>
         <Transition>
            <from>1</from>
            <to>2</to>
            <time>6.5</time>
         </Transition>
         <Transition>
            <from>2</from>
            <to>3</to>
            <time>3.9</time>
         </Transition>
         <Transition>
            <from>3</from>
            <to>4</to>
            <time>2.5</time>
         </Transition>
         <Transition>
            <from>4</from>
            <to>5</to>
            <time>5.9</time>
         </Transition>
         <Transition>
            <from>5</from>
            <to>4</to>
            <time>5.4</time>
         </Transition>
         <Transition>
            <from>4</from>
            <to>3</to>
            <time>2.4</time>
         </Transition>
         <Transition>
            <from>3</from>
            <to>2</to>
            <time>3.9</time>
         </Transition>
         <Transition>
            <from>2</from>
            <to>1</to>
            <time>6.6</time>
         </Transition>
         <Transition>
            <from>1</from>
            <to>0</to>
            <time>12.1</time>
         </Transition>
      </HLO>
   </OPM>
   <ALM>
      <GLM>
         <hmo>37000</hmo>
         <mfa>20000</mfa>
      </GLM>
      <KLM>
         <mmo>0.81</mmo>
         <vmo>340</vmo>
         <mle>0.67</mle>
         <vle>280</vle>
         <vloe>250</vloe>
         <vlor>220</vlor>
      </KLM>
      <ELM>
         <Tmin_f>
            <point>
               <Hp>-1000</Hp>
               <DeltaT>-55</DeltaT>
            </point>
            <point>
               <Hp>36089</Hp>
               <DeltaT>-11.1</DeltaT>
            </point>
            <point>
               <Hp>37000</Hp>
               <DeltaT>-13.5</DeltaT>
            </point>
         </Tmin_f>
         <Tmax_f>
            <point>
               <Hp>-1000</Hp>
               <DeltaT>35</DeltaT>
            </point>
            <point>
               <Hp>36089</Hp>
               <DeltaT>34.5</DeltaT>
            </point>
            <point>
               <Hp>37000</Hp>
               <DeltaT>28.5</DeltaT>
            </point>
         </Tmax_f>
         <Tmin_g>
            <point>
               <Hp>-1000</Hp>
               <DeltaT>-55</DeltaT>
            </point>
            <point>
               <Hp>8000</Hp>
               <DeltaT>-44.2</DeltaT>
            </point>
         </Tmin_g>
         <Tmax_g>
            <point>
               <Hp>-1000</Hp>
               <DeltaT>35</DeltaT>
            </point>
            <point>
               <Hp>8000</Hp>
               <DeltaT>34.8</DeltaT>
            </point>
         </Tmax_g>
      </ELM>
      <DLM>
         <MTW>65500</MTW>
         <MTOW>65000</MTOW>
         <MLW>57000</MLW>
         <MZFW>54000</MZFW>
         <OEW>40000</OEW>
         <MPL>14000</MPL>
         <MFL>15000</MFL>
         <n1>2.5</n1>
         <n3>-1</n3>
         <nf1>2</nf1>
         <nf3>0</nf3>
      </DLM>
   </ALM>
   <Ground>
      <Dimensions>
         <span>33.4</span>
         <length>32.5</length>
      </Dimensions>
      <Runway>
         <TOL>1500</TOL>
         <LDL>1400</LDL>
      </Runway>
   </Ground>
   <ARPM>
      <AeroConfSchedule>
         <AeroPhase>
            <name>TO</name>
            <HLid>2</HLid>
            <LG>UP</LG>
         </AeroPhase>
         <AeroPhase>
            <name>IC</name>
            <HLid>1</HLid>
            <LG>UP</LG>
         </AeroPhase>
         <AeroPhase>
            <name>CR</name>
            <HLid>0</HLid>
            <LG>UP</LG>
         </AeroPhase>
         <AeroPhase>
            <name>AP</name>
            <HLid>3</HLid>
            <LG>UP</LG>
         </AeroPhase>
         <AeroPhase>
            <name>LD</name>
            <HLid>5</HLid>
            <LG>DN</LG>
         </AeroPhase>
      </AeroConfSchedule>
      <SpeedScheduleList>
         <SpeedSchedule>
            <CompanyName>Default</CompanyName>
            <SpeedPhase>
               <name>Climb</name>
               <CAS1>310</CAS1>
               <CAS2>310</CAS2>
               <M>0.78</M>
            </SpeedPhase>
            <SpeedPhase>
               <name>Cruise</name>
               <CAS1>250</CAS1>
               <CAS2>310</CAS2>
               <M>0.78</M>
            </SpeedPhase>
            <SpeedPhase>
               <name>Descent</name>
               <CAS1>300</CAS1>
               <CAS2>300</CAS2>
               <M>0.79</M>
            </SpeedPhase>
         </SpeedSchedule>
      </SpeedScheduleList>
   </ARPM>
</bada40:ACM>