<?xml version="1.0" encoding="utf-8"?>
<bada40:ACM xmlns:bada40="http://www.eurocontrol.int/eec/public/standard_page/bada40">
   <model>787-9</model>
   <type>JET</type>
   <engine>Trent 1000-J</engine>
   <description/>
   <ICAO>
      <designator>B789</designator>
      <WTC>H</WTC>
   </ICAO>
   <AFCM>
      <S>360.46379520000005000000</S>
      <Configuration HLid="0">
         <HLPosition>0000</HLPosition>
         <name>flaps  0</name>
         <vfe>360</vfe>
         <LGUP>
            <DPM_clean>
               <M_max>0.90000</M_max>
               <scalar>9.835e-007</scalar>
               <CD_clean>
                  <d>166711.95485380752000000000</d>
                  <d>-387169.43176320900000000000</d>
                  <d>361866.01465911657000000000</d>
                  <d>-147246.58394636810000000000</d>
                  <d>22215.37557761084100000000</d>
                  <d>43867.72385590722100000000</d>
                  <d>-1360.40576635846080000000</d>
                  <d>-1953.94810186884520000000</d>
                  <d>323.23215773604778000000</d>
                  <d>-11.93140645106218600000</d>
                  <d>2594.13332428442890000000</d>
                  <d>4897.71042863050020000000</d>
                  <d>-6897.12637286279100000000</d>
                  <d>3248.69152960088600000000</d>
                  <d>-510.76489389659287000000</d>
               </CD_clean>
            </DPM_clean>
            <BLM_clean>
               <Mmin>0.20000</Mmin>
               <Mmax>0.90000</Mmax>
               <CL_Mach0>0.93084867365650981000</CL_Mach0>
               <CL_clean>
                  <bf>-0.21915853614929617000</bf>
                  <bf>16.99380043297415100000</bf>
                  <bf>-61.69324509109439700000</bf>
                  <bf>83.88401861850560700000</bf>
                  <bf>-39.01834008698976700000</bf>
               </CL_clean>
            </BLM_clean>
         </LGUP>
         <LGDN>
            <DPM_nonclean>
               <CD_nonclean>
                  <d>0.04947894122401913500</d>
                  <d>-0.02303964521947300700</d>
                  <d>0.05856507426476309500</d>
               </CD_nonclean>
            </DPM_nonclean>
            <BLM>
               <CL_max>0.93084867365650981000</CL_max>
            </BLM>
         </LGDN>
      </Configuration>
      <Configuration HLid="1">
         <HLPosition>0001</HLPosition>
         <name>flaps 1</name>
         <vfe>260</vfe>
         <LGUP>
            <DPM_nonclean>
               <CD_nonclean>
                  <d>0.02400874555294322000</d>
                  <d>-0.02342115107163796800</d>
                  <d>0.06023447115753295700</d>
               </CD_nonclean>
            </DPM_nonclean>
            <BLM>
               <CL_max>1.39274416510944450000</CL_max>
            </BLM>
         </LGUP>
         <LGDN>
            <DPM_nonclean>
               <CD_nonclean>
                  <d>0.05619938148396681800</d>
                  <d>-0.03224175481897668300</d>
                  <d>0.06256448267425383800</d>
               </CD_nonclean>
            </DPM_nonclean>
            <BLM>
               <CL_max>1.39274416510944450000</CL_max>
            </BLM>
         </LGDN>
      </Configuration>
      <Configuration HLid="2">
         <HLPosition>0005</HLPosition>
         <name>flaps 5</name>
         <vfe>240</vfe>
         <LGUP>
            <DPM_nonclean>
               <CD_nonclean>
                  <d>0.05014479036818978600</d>
                  <d>-0.06106628141133842900</d>
                  <d>0.07259685141222979600</d>
               </CD_nonclean>
            </DPM_nonclean>
            <BLM>
               <CL_max>1.66584377645263300000</CL_max>
            </BLM>
         </LGUP>
         <LGDN>
            <DPM_nonclean>
               <CD_nonclean>
                  <d>0.08081282292261275600</d>
                  <d>-0.07342296415711838100</d>
                  <d>0.07650481124359361000</d>
               </CD_nonclean>
            </DPM_nonclean>
            <BLM>
               <CL_max>1.66584377645263300000</CL_max>
            </BLM>
         </LGDN>
      </Configuration>
      <Configuration HLid="3">
         <HLPosition>0010</HLPosition>
         <name>flaps 10</name>
         <vfe>230</vfe>
         <LGUP>
            <DPM_nonclean>
               <CD_nonclean>
                  <d>0.05422427812717998300</d>
                  <d>-0.06307031634520288100</d>
                  <d>0.07186884112274813400</d>
               </CD_nonclean>
            </DPM_nonclean>
            <BLM>
               <CL_max>1.70331940455325850000</CL_max>
            </BLM>
         </LGUP>
         <LGDN>
            <DPM_nonclean>
               <CD_nonclean>
                  <d>0.08397528220675318200</d>
                  <d>-0.07428367590971397800</d>
                  <d>0.07493473818408548400</d>
               </CD_nonclean>
            </DPM_nonclean>
            <BLM>
               <CL_max>1.70331940455325850000</CL_max>
            </BLM>
         </LGDN>
      </Configuration>
      <Configuration HLid="4">
         <HLPosition>0015</HLPosition>
         <name>flaps 15</name>
         <vfe>220</vfe>
         <LGUP>
            <DPM_nonclean>
               <CD_nonclean>
                  <d>0.06256827899293111700</d>
                  <d>-0.07052585069233460700</d>
                  <d>0.07366447055241148700</d>
               </CD_nonclean>
            </DPM_nonclean>
            <BLM>
               <CL_max>1.75794703979533180000</CL_max>
            </BLM>
         </LGUP>
         <LGDN>
            <DPM_nonclean>
               <CD_nonclean>
                  <d>0.09048022801490794600</d>
                  <d>-0.07936241006576126600</d>
                  <d>0.07561514616141226700</d>
               </CD_nonclean>
            </DPM_nonclean>
            <BLM>
               <CL_max>1.75794703979533180000</CL_max>
            </BLM>
         </LGDN>
      </Configuration>
      <Configuration HLid="5">
         <HLPosition>0017</HLPosition>
         <name>flaps 17</name>
         <vfe>215</vfe>
         <LGUP>
            <DPM_nonclean>
               <CD_nonclean>
                  <d>0.06590898502609970900</d>
                  <d>-0.06582407143041584000</d>
                  <d>0.06919970625053853400</d>
               </CD_nonclean>
            </DPM_nonclean>
            <BLM>
               <CL_max>1.79859187160458720000</CL_max>
            </BLM>
         </LGUP>
         <LGDN>
            <DPM_nonclean>
               <CD_nonclean>
                  <d>0.09037946798638321600</d>
                  <d>-0.06620908129045582900</d>
                  <d>0.06620308226893008300</d>
               </CD_nonclean>
            </DPM_nonclean>
            <BLM>
               <CL_max>1.79859187160458720000</CL_max>
            </BLM>
         </LGDN>
      </Configuration>
      <Configuration HLid="6">
         <HLPosition>0018</HLPosition>
         <name>flaps 18</name>
         <vfe>215</vfe>
         <LGUP>
            <DPM_nonclean>
               <CD_nonclean>
                  <d>0.07220279153189680700</d>
                  <d>-0.07004046692913922000</d>
                  <d>0.07061288294753134700</d>
               </CD_nonclean>
            </DPM_nonclean>
            <BLM>
               <CL_max>1.84351983642663870000</CL_max>
            </BLM>
         </LGUP>
         <LGDN>
            <DPM_nonclean>
               <CD_nonclean>
                  <d>0.09788590632914716300</d>
                  <d>-0.07779942810544376900</d>
                  <d>0.07228866300085562400</d>
               </CD_nonclean>
            </DPM_nonclean>
            <BLM>
               <CL_max>1.84351983642663870000</CL_max>
            </BLM>
         </LGDN>
      </Configuration>
      <Configuration HLid="7">
         <HLPosition>0020</HLPosition>
         <name>flaps 20</name>
         <vfe>210</vfe>
         <LGUP>
            <DPM_nonclean>
               <CD_nonclean>
                  <d>0.07840806685430529200</d>
                  <d>-0.06849769578452015500</d>
                  <d>0.06820206377324032600</d>
               </CD_nonclean>
            </DPM_nonclean>
            <BLM>
               <CL_max>1.86370684099494930000</CL_max>
            </BLM>
         </LGUP>
         <LGDN>
            <DPM_nonclean>
               <CD_nonclean>
                  <d>0.10209276876419884000</d>
                  <d>-0.07121310078854208000</d>
                  <d>0.06713313744767296400</d>
               </CD_nonclean>
            </DPM_nonclean>
            <BLM>
               <CL_max>1.83496853831353430000</CL_max>
            </BLM>
         </LGDN>
      </Configuration>
      <Configuration HLid="8">
         <HLPosition>0025</HLPosition>
         <name>flaps 25</name>
         <vfe>190</vfe>
         <LGDN>
            <DPM_nonclean>
               <CD_nonclean>
                  <d>0.12339324394261646000</d>
                  <d>-0.09683810541136860000</d>
                  <d>0.07723287344840022700</d>
               </CD_nonclean>
            </DPM_nonclean>
            <BLM>
               <CL_max>1.99209607319162820000</CL_max>
            </BLM>
         </LGDN>
      </Configuration>
      <Configuration HLid="9">
         <HLPosition>0030</HLPosition>
         <name>flaps 30</name>
         <vfe>180</vfe>
         <LGDN>
            <DPM_nonclean>
               <CD_nonclean>
                  <d>0.12188132291633685000</d>
                  <d>-0.06335900226923392400</d>
                  <d>0.06246565878295618600</d>
               </CD_nonclean>
            </DPM_nonclean>
            <BLM>
               <CL_max>2.02461955326818540000</CL_max>
            </BLM>
         </LGDN>
      </Configuration>
   </AFCM>
   <PFM>
      <MREF>250837</MREF>
      <LHV>43217000</LHV>
      <rho>810</rho>
      <n_eng>2</n_eng>
      <TFA>18.9</TFA>
      <TFM>
         <CT>
            <a>0.00000000000000000000</a>
            <a>-0.09999999990636726500</a>
            <a>0.00000000000000000000</a>
            <a>0.00000000000000000000</a>
            <a>0.00000000000000000000</a>
            <a>0.00000000000000000000</a>
            <a>0.29999999995295290000</a>
            <a>0.00000000000000000000</a>
            <a>0.00000000000000000000</a>
            <a>0.00000000000000000000</a>
            <a>0.00000000000000000000</a>
            <a>0.00000000000000000000</a>
            <a>0.00000000000000000000</a>
            <a>0.00000000000000000000</a>
            <a>0.00000000000000000000</a>
            <a>0.00000000000000000000</a>
            <a>0.00000000000000000000</a>
            <a>0.00000000000000000000</a>
            <a>0.00000000000000000000</a>
            <a>0.00000000000000000000</a>
            <a>0.00000000000000000000</a>
            <a>0.00000000000000000000</a>
            <a>0.00000000000000000000</a>
            <a>0.00000000000000000000</a>
            <a>0.00000000000000000000</a>
            <a>0.00000000000000000000</a>
            <a>0.00000000000000000000</a>
            <a>0.00000000000000000000</a>
            <a>0.00000000000000000000</a>
            <a>0.00000000000000000000</a>
            <a>0.00000000000000000000</a>
            <a>0.00000000000000000000</a>
            <a>0.00000000000000000000</a>
            <a>0.00000000000000000000</a>
            <a>0.00000000000000000000</a>
            <a>0.00000000000000000000</a>
         </CT>
         <CF>
            <f>-0.00028579684055486269</f>
            <f>1.49546586087186780000</f>
            <f>-13.70178510079633200000</f>
            <f>83.01606596171565400000</f>
            <f>-142.92215501330327000000</f>
            <f>0.06198866460013782000</f>
            <f>-0.52162916850338559000</f>
            <f>35.21260491839017700000</f>
            <f>-219.18233236137189000000</f>
            <f>431.35636840945136000000</f>
            <f>0.00000000000000000000</f>
            <f>0.00000000000000000000</f>
            <f>0.00000000000000000000</f>
            <f>0.00000000000000000000</f>
            <f>0.00000000000000000000</f>
            <f>0.00000000000000000000</f>
            <f>0.00000000000000000000</f>
            <f>0.00000000000000000000</f>
            <f>0.00000000000000000000</f>
            <f>0.00000000000000000000</f>
            <f>0.00000000000000000000</f>
            <f>0.00000000000000000000</f>
            <f>0.00000000000000000000</f>
            <f>0.00000000000000000000</f>
            <f>0.00000000000000000000</f>
         </CF>
         <MCRZ>
            <kink>10</kink>
            <flat_rating>
               <b>0.20968275995960528000</b>
               <b>2.03776327175361160000</b>
               <b>-2.21167815358424940000</b>
               <b>0.00000000000000000000</b>
               <b>0.00000000000000000000</b>
               <b>0.00000000000000000000</b>
               <b>10.05311212650533100000</b>
               <b>-37.64632652132743800000</b>
               <b>42.28637094940647500000</b>
               <b>0.00000000000000000000</b>
               <b>0.00000000000000000000</b>
               <b>0.00000000000000000000</b>
               <b>-50.77480509915884000000</b>
               <b>197.62345830522338000000</b>
               <b>-215.66560030086708000000</b>
               <b>0.00000000000000000000</b>
               <b>0.00000000000000000000</b>
               <b>0.00000000000000000000</b>
               <b>108.43299688152111000000</b>
               <b>-437.31159482263587000000</b>
               <b>474.08167874608307000000</b>
               <b>0.00000000000000000000</b>
               <b>0.00000000000000000000</b>
               <b>0.00000000000000000000</b>
               <b>-105.25372048148085000000</b>
               <b>439.53132649495501000000</b>
               <b>-482.22187827893714000000</b>
               <b>0.00000000000000000000</b>
               <b>0.00000000000000000000</b>
               <b>0.00000000000000000000</b>
               <b>38.23081071492501300000</b>
               <b>-165.50527828900138000000</b>
               <b>185.22166455050953000000</b>
               <b>0.00000000000000000000</b>
               <b>0.00000000000000000000</b>
               <b>0.00000000000000000000</b>
            </flat_rating>
            <temp_rating>
               <c>5.03051807500959920000</c>
               <c>-270.10988527519015000000</c>
               <c>466.01820112208259000000</c>
               <c>0.00000000000000000000</c>
               <c>0.00000000000000000000</c>
               <c>-9.46327018861325620000</c>
               <c>1054.32845683998680000000</c>
               <c>-1851.00809669232470000000</c>
               <c>0.00000000000000000000</c>
               <c>0.00000000000000000000</c>
               <c>12.16086698953642300000</c>
               <c>-1563.47349308220120000000</c>
               <c>2773.68361806208620000000</c>
               <c>0.00000000000000000000</c>
               <c>0.00000000000000000000</c>
               <c>-10.85515220077464000000</c>
               <c>1034.45855341351170000000</c>
               <c>-1847.01490313102450000000</c>
               <c>0.00000000000000000000</c>
               <c>0.00000000000000000000</c>
               <c>3.63419984320256790000</c>
               <c>-256.68071018833012000000</c>
               <c>460.25546339543877000000</c>
               <c>0.00000000000000000000</c>
               <c>0.00000000000000000000</c>
               <c>-0.63799945742014419000</c>
               <c>9.87902608653359950000</c>
               <c>-10.23585622804861800000</c>
               <c>0.00000000000000000000</c>
               <c>0.00000000000000000000</c>
               <c>2.29122804972957090000</c>
               <c>-23.55449350843422000000</c>
               <c>30.05309533732708600000</c>
               <c>0.00000000000000000000</c>
               <c>0.00000000000000000000</c>
               <c>-1.72579057608431420000</c>
               <c>26.07842835567682700000</c>
               <c>-41.58073027591682100000</c>
               <c>0.00000000000000000000</c>
               <c>0.00000000000000000000</c>
               <c>0.41923821670146083000</c>
               <c>-11.55099000138026900000</c>
               <c>20.90346309188466000000</c>
               <c>0.00000000000000000000</c>
               <c>0.00000000000000000000</c>
            </temp_rating>
         </MCRZ>
         <MCMB>
            <kink>10</kink>
            <flat_rating>
               <b>0.13241110650581117000</b>
               <b>2.61356285028934860000</b>
               <b>-2.77896134067697710000</b>
               <b>0.00000000000000000000</b>
               <b>0.00000000000000000000</b>
               <b>0.00000000000000000000</b>
               <b>11.52796406949883800000</b>
               <b>-44.04601130404459000000</b>
               <b>48.74739250894653300000</b>
               <b>0.00000000000000000000</b>
               <b>0.00000000000000000000</b>
               <b>0.00000000000000000000</b>
               <b>-56.41722425767434900000</b>
               <b>222.61061581222719000000</b>
               <b>-241.64987350011444000000</b>
               <b>0.00000000000000000000</b>
               <b>0.00000000000000000000</b>
               <b>0.00000000000000000000</b>
               <b>118.51650188448065000000</b>
               <b>-482.93308856731016000000</b>
               <b>522.47348558475903000000</b>
               <b>0.00000000000000000000</b>
               <b>0.00000000000000000000</b>
               <b>0.00000000000000000000</b>
               <b>-113.82663867190361000000</b>
               <b>479.02384138363300000000</b>
               <b>-524.98172654523455000000</b>
               <b>0.00000000000000000000</b>
               <b>0.00000000000000000000</b>
               <b>0.00000000000000000000</b>
               <b>41.02297370411247400000</b>
               <b>-178.60964741471969000000</b>
               <b>199.72828427510629000000</b>
               <b>0.00000000000000000000</b>
               <b>0.00000000000000000000</b>
               <b>0.00000000000000000000</b>
            </flat_rating>
            <temp_rating>
               <c>-19.52766501493119100000</c>
               <c>-196.09571426623793000000</c>
               <c>419.18848200100638000000</c>
               <c>0.00000000000000000000</c>
               <c>0.00000000000000000000</c>
               <c>86.99490010735442500000</c>
               <c>763.32872856855931000000</c>
               <c>-1666.76834028261460000000</c>
               <c>0.00000000000000000000</c>
               <c>0.00000000000000000000</c>
               <c>-128.54440944824057000000</c>
               <c>-1137.55560324559410000000</c>
               <c>2504.66506181030990000000</c>
               <c>0.00000000000000000000</c>
               <c>0.00000000000000000000</c>
               <c>79.29574793399380900000</c>
               <c>760.48278458580160000000</c>
               <c>-1674.85456884718610000000</c>
               <c>0.00000000000000000000</c>
               <c>0.00000000000000000000</c>
               <c>-17.82715187525824900000</c>
               <c>-191.24670611597864000000</c>
               <c>419.45577969027499000000</c>
               <c>0.00000000000000000000</c>
               <c>0.00000000000000000000</c>
               <c>0.41998464330116370000</c>
               <c>6.95189118436164670000</c>
               <c>-8.31897839002686370000</c>
               <c>0.00000000000000000000</c>
               <c>0.00000000000000000000</c>
               <c>-0.32333486647258836000</c>
               <c>-16.15610290676885100000</c>
               <c>25.62894282710735200000</c>
               <c>0.00000000000000000000</c>
               <c>0.00000000000000000000</c>
               <c>1.09850402404469110000</c>
               <c>18.39238020307875500000</c>
               <c>-37.76252423124864800000</c>
               <c>0.00000000000000000000</c>
               <c>0.00000000000000000000</c>
               <c>-0.66321570380363959000</c>
               <c>-8.82979276502084610000</c>
               <c>19.95954891103254200000</c>
               <c>0.00000000000000000000</c>
               <c>0.00000000000000000000</c>
            </temp_rating>
         </MCMB>
         <MTKF>
            <kink>10</kink>
            <flat_rating>
               <b>48.99555961567713800000</b>
               <b>-316.94080864426445000000</b>
               <b>446.17014319109899000000</b>
               <b>0.00000000000000000000</b>
               <b>0.00000000000000000000</b>
               <b>0.00000000000000000000</b>
               <b>-385.55166495570256000000</b>
               <b>2458.88370509855120000000</b>
               <b>-3415.87393219046410000000</b>
               <b>0.00000000000000000000</b>
               <b>0.00000000000000000000</b>
               <b>0.00000000000000000000</b>
               <b>1199.33840449494780000000</b>
               <b>-7463.52157559430360000000</b>
               <b>10265.25060256199300000000</b>
               <b>0.00000000000000000000</b>
               <b>0.00000000000000000000</b>
               <b>0.00000000000000000000</b>
               <b>-1816.23211135185170000000</b>
               <b>11090.33235295950900000000</b>
               <b>-15135.88366150049300000000</b>
               <b>0.00000000000000000000</b>
               <b>0.00000000000000000000</b>
               <b>0.00000000000000000000</b>
               <b>1341.26979321840100000000</b>
               <b>-8068.86484755079070000000</b>
               <b>10942.70814009512300000000</b>
               <b>0.00000000000000000000</b>
               <b>0.00000000000000000000</b>
               <b>0.00000000000000000000</b>
               <b>-387.05903584822306000000</b>
               <b>2300.61908808414730000000</b>
               <b>-3103.81626904638870000000</b>
               <b>0.00000000000000000000</b>
               <b>0.00000000000000000000</b>
               <b>0.00000000000000000000</b>
            </flat_rating>
            <temp_rating>
               <c>7584.70425771815280000000</c>
               <c>-31162.23554915126800000000</c>
               <c>31483.84594913340000000000</c>
               <c>0.00000000000000000000</c>
               <c>0.00000000000000000000</c>
               <c>-28922.26537406725400000000</c>
               <c>118778.83971353884000000000</c>
               <c>-119981.87480724369000000000</c>
               <c>0.00000000000000000000</c>
               <c>0.00000000000000000000</c>
               <c>41385.00469254906800000000</c>
               <c>-169925.38745443110000000000</c>
               <c>171642.99723540491000000000</c>
               <c>0.00000000000000000000</c>
               <c>0.00000000000000000000</c>
               <c>-26292.33606692251900000000</c>
               <c>107931.96829778921000000000</c>
               <c>-109029.74402141011000000000</c>
               <c>0.00000000000000000000</c>
               <c>0.00000000000000000000</c>
               <c>6257.49698097701370000000</c>
               <c>-25682.93523047025500000000</c>
               <c>25947.67410839038000000000</c>
               <c>0.00000000000000000000</c>
               <c>0.00000000000000000000</c>
               <c>-79.89312656842152200000</c>
               <c>381.64235500892977000000</c>
               <c>-394.01680134101105000000</c>
               <c>0.00000000000000000000</c>
               <c>0.00000000000000000000</c>
               <c>191.87560659088788000000</c>
               <c>-886.73972759931530000000</c>
               <c>908.80069138549129000000</c>
               <c>0.00000000000000000000</c>
               <c>0.00000000000000000000</c>
               <c>-195.20061522505549000000</c>
               <c>887.09005410159000000000</c>
               <c>-908.65323400206546000000</c>
               <c>0.00000000000000000000</c>
               <c>0.00000000000000000000</c>
               <c>71.46904370079541000000</c>
               <c>-322.04775564536334000000</c>
               <c>330.41468124759808000000</c>
               <c>0.00000000000000000000</c>
               <c>0.00000000000000000000</c>
            </temp_rating>
         </MTKF>
         <LIDL>
            <CT>
               <ti>0.00841315391765876800</ti>
               <ti>0.03705981704913053500</ti>
               <ti>-0.10579426066451325000</ti>
               <ti>0.04166659022640566100</ti>
               <ti>-0.00333742894644298550</ti>
               <ti>-0.08954176337045156900</ti>
               <ti>0.16259246217774631000</ti>
               <ti>0.04082197376961991400</ti>
               <ti>0.00267398913009339120</ti>
               <ti>-0.04093418385514496100</ti>
               <ti>0.05565944185957644900</ti>
               <ti>-0.19417082011795628000</ti>
            </CT>
            <CF>
               <fi>0.06964572736238625100</fi>
               <fi>-0.13645756104016168000</fi>
               <fi>0.07601744035002920600</fi>
               <fi>-0.13850911327166460000</fi>
               <fi>0.28970020113168532000</fi>
               <fi>-0.10220415967613865000</fi>
               <fi>0.06654212153297045500</fi>
               <fi>-0.08067634175052823500</fi>
               <fi>-0.05609895661394485200</fi>
            </CF>
         </LIDL>
         <throttle>
            <low>0.51346249809747313000</low>
            <high>1.14403075839241450000</high>
         </throttle>
      </TFM>
   </PFM>
   <OPM>
      <LGO>
         <Transition>
            <from>0</from>
            <to>1</to>
            <time>17.3</time>
         </Transition>
         <Transition>
            <from>1</from>
            <to>0</to>
            <time>17.3</time>
         </Transition>
      </LGO>
      <HLO>
         <Transition>
            <from>0</from>
            <to>1</to>
            <time>12.4</time>
         </Transition>
         <Transition>
            <from>1</from>
            <to>2</to>
            <time>14.6</time>
         </Transition>
         <Transition>
            <from>2</from>
            <to>3</to>
            <time>5.8</time>
         </Transition>
         <Transition>
            <from>3</from>
            <to>4</to>
            <time>2.3</time>
         </Transition>
         <Transition>
            <from>4</from>
            <to>5</to>
            <time>1.7</time>
         </Transition>
         <Transition>
            <from>5</from>
            <to>6</to>
            <time>1.8</time>
         </Transition>
         <Transition>
            <from>6</from>
            <to>7</to>
            <time>1.9</time>
         </Transition>
         <Transition>
            <from>7</from>
            <to>8</to>
            <time>5.8</time>
         </Transition>
         <Transition>
            <from>8</from>
            <to>9</to>
            <time>11.1</time>
         </Transition>
         <Transition>
            <from>9</from>
            <to>8</to>
            <time>11.1</time>
         </Transition>
         <Transition>
            <from>8</from>
            <to>7</to>
            <time>5.8</time>
         </Transition>
         <Transition>
            <from>7</from>
            <to>6</to>
            <time>1.9</time>
         </Transition>
         <Transition>
            <from>6</from>
            <to>5</to>
            <time>1.8</time>
         </Transition>
         <Transition>
            <from>5</from>
            <to>4</to>
            <time>1.7</time>
         </Transition>
         <Transition>
            <from>4</from>
            <to>3</to>
            <time>2.3</time>
         </Transition>
         <Transition>
            <from>3</from>
            <to>2</to>
            <time>5.8</time>
         </Transition>
         <Transition>
            <from>2</from>
            <to>1</to>
            <time>14.6</time>
         </Transition>
         <Transition>
            <from>1</from>
            <to>0</to>
            <time>12.4</time>
         </Transition>
      </HLO>
   </OPM>
   <ALM>
      <GLM>
         <hmo>43100</hmo>
         <mfa>20000</mfa>
      </GLM>
      <KLM>
         <mmo>0.9</mmo>
         <vmo>360</vmo>
         <mle>0.82</mle>
         <vle>270</vle>
         <mlo>0.82</mlo>
         <vloe>270</vloe>
         <vlor>270</vlor>
      </KLM>
      <ELM>
         <Tmin_f>
            <point>
               <Hp>-2000.0</Hp>
               <DeltaT>-81.00000000000000000000</DeltaT>
            </point>
            <point>
               <Hp>0.0</Hp>
               <DeltaT>-77.00000000000000000000</DeltaT>
            </point>
            <point>
               <Hp>32808.0</Hp>
               <DeltaT>-30.00000000000000000000</DeltaT>
            </point>
            <point>
               <Hp>36089.0</Hp>
               <DeltaT>-23.50000000000000000000</DeltaT>
            </point>
            <point>
               <Hp>43100.0</Hp>
               <DeltaT>-23.50000000000000000000</DeltaT>
            </point>
         </Tmin_f>
         <Tmax_f>
            <point>
               <Hp>-2000.0</Hp>
               <DeltaT>35.03999999999999900000</DeltaT>
            </point>
            <point>
               <Hp>0.0</Hp>
               <DeltaT>39.39999999999999900000</DeltaT>
            </point>
            <point>
               <Hp>10000.0</Hp>
               <DeltaT>39.39999999999999900000</DeltaT>
            </point>
            <point>
               <Hp>10001.0</Hp>
               <DeltaT>34.00000000000000000000</DeltaT>
            </point>
            <point>
               <Hp>36089.0</Hp>
               <DeltaT>34.00000000000000000000</DeltaT>
            </point>
            <point>
               <Hp>43100.0</Hp>
               <DeltaT>20.00000000000000000000</DeltaT>
            </point>
         </Tmax_f>
         <Tmin_g>
            <point>
               <Hp>-2000.0</Hp>
               <DeltaT>-73.00000000000000000000</DeltaT>
            </point>
            <point>
               <Hp>6500.0</Hp>
               <DeltaT>-56.00000000000000000000</DeltaT>
            </point>
            <point>
               <Hp>8500.0</Hp>
               <DeltaT>-43.00000000000000000000</DeltaT>
            </point>
         </Tmin_g>
         <Tmax_g>
            <point>
               <Hp>-2000.0</Hp>
               <DeltaT>35.03999999999999900000</DeltaT>
            </point>
            <point>
               <Hp>0.0</Hp>
               <DeltaT>39.39999999999999900000</DeltaT>
            </point>
            <point>
               <Hp>8500.0</Hp>
               <DeltaT>39.39999999999999900000</DeltaT>
            </point>
         </Tmax_g>
      </ELM>
      <DLM>
         <MTW>251744</MTW>
         <MTOW>250837</MTOW>
         <MLW>192777</MLW>
         <MZFW>181437</MZFW>
         <OEW>138000</OEW>
         <MPL>45360</MPL>
         <MFL>126372</MFL>
         <n1>2.5</n1>
         <n3>-1</n3>
         <nf1>2</nf1>
         <nf3>0</nf3>
      </DLM>
   </ALM>
   <Ground>
      <Dimensions>
         <span>60.12</span>
         <length>62.81</length>
      </Dimensions>
      <Runway>
         <TOL>3100</TOL>
         <LDL>1670</LDL>
      </Runway>
   </Ground>
   <ARPM>
      <AeroConfSchedule>
         <AeroPhase>
            <name>TO</name>
            <HLid>2</HLid>
            <LG>UP</LG>
         </AeroPhase>
         <AeroPhase>
            <name>IC</name>
            <HLid>1</HLid>
            <LG>UP</LG>
         </AeroPhase>
         <AeroPhase>
            <name>CR</name>
            <HLid>0</HLid>
            <LG>UP</LG>
         </AeroPhase>
         <AeroPhase>
            <name>AP</name>
            <HLid>3</HLid>
            <LG>UP</LG>
         </AeroPhase>
         <AeroPhase>
            <name>LD</name>
            <HLid>6</HLid>
            <LG>DN</LG>
         </AeroPhase>
      </AeroConfSchedule>
      <SpeedScheduleList>
         <SpeedSchedule>
            <CompanyName>Default</CompanyName>
            <SpeedPhase>
               <name>Climb</name>
               <CAS1>310</CAS1>
               <CAS2>310</CAS2>
               <M>0.84</M>
            </SpeedPhase>
            <SpeedPhase>
               <name>Cruise</name>
               <CAS1>310</CAS1>
               <CAS2>310</CAS2>
               <M>0.84</M>
            </SpeedPhase>
            <SpeedPhase>
               <name>Descent</name>
               <CAS1>310</CAS1>
               <CAS2>310</CAS2>
               <M>0.84</M>
            </SpeedPhase>
         </SpeedSchedule>
      </SpeedScheduleList>
   </ARPM>
</bada40:ACM>