<?xml version="1.0" encoding="utf-8"?>
<bada40:ACM xmlns:bada40="http://www.eurocontrol.int/eec/public/standard_page/bada40">
   <model>757-200</model>
   <type>JET</type>
   <engine>RB211-535E4</engine>
   <description>winglets</description>
   <ICAO>
      <designator>B752</designator>
      <WTC>M</WTC>
   </ICAO>
   <AFCM>
      <S>181.25383104000002000000</S>
      <Configuration HLid="0">
         <HLPosition>0000</HLPosition>
         <name>flaps  0</name>
         <vfe>350</vfe>
         <LGUP>
            <DPM_clean>
               <M_max>0.86000</M_max>
               <scalar>9.835e-007</scalar>
               <CD_clean>
                  <d>-113308.30851356077000000000</d>
                  <d>334425.16886081547000000000</d>
                  <d>-334710.37966709986000000000</d>
                  <d>153173.63256505071000000000</d>
                  <d>-26190.17805195512500000000</d>
                  <d>37924.37964723447700000000</d>
                  <d>12078.89700828760200000000</d>
                  <d>-6251.58996872774420000000</d>
                  <d>173.31379075848565000000</d>
                  <d>75.84454014445093200000</d>
                  <d>-703.49564636117486000000</d>
                  <d>10820.03378669859200000000</d>
                  <d>-18637.82022823740400000000</d>
                  <d>11079.25295082587900000000</d>
                  <d>-2234.50018167904950000000</d>
               </CD_clean>
            </DPM_clean>
            <BLM_clean>
               <Mmin>0.40000</Mmin>
               <Mmax>0.86000</Mmax>
               <CL_Mach0>1.12639683885187240000</CL_Mach0>
               <CL_clean>
                  <bf>-6.31605173140343720000</bf>
                  <bf>56.04016274903174400000</bf>
                  <bf>-152.00877490694086000000</bf>
                  <bf>176.11091676819365000000</bf>
                  <bf>-74.78777403317219800000</bf>
               </CL_clean>
            </BLM_clean>
         </LGUP>
         <LGDN>
            <DPM_nonclean>
               <CD_nonclean>
                  <d>0.05366252747252743500</d>
                  <d>-0.01693164835164824900</d>
                  <d>0.05189010989010982300</d>
               </CD_nonclean>
            </DPM_nonclean>
            <BLM>
               <CL_max>1.12639683885187240000</CL_max>
            </BLM>
         </LGDN>
      </Configuration>
      <Configuration HLid="1">
         <HLPosition>0001</HLPosition>
         <name>flaps  1</name>
         <vfe>240</vfe>
         <LGUP>
            <DPM_nonclean>
               <CD_nonclean>
                  <d>0.02912132329079235300</d>
                  <d>-0.02713065031441393200</d>
                  <d>0.05734800297972831400</d>
               </CD_nonclean>
            </DPM_nonclean>
            <BLM>
               <CL_max>1.62826799545883060000</CL_max>
            </BLM>
         </LGUP>
         <LGDN>
            <DPM_nonclean>
               <CD_nonclean>
                  <d>0.06767367272962551700</d>
                  <d>-0.03682669035434510400</d>
                  <d>0.05703036223773530500</d>
               </CD_nonclean>
            </DPM_nonclean>
            <BLM>
               <CL_max>1.62826799545883060000</CL_max>
            </BLM>
         </LGDN>
      </Configuration>
      <Configuration HLid="2">
         <HLPosition>0005</HLPosition>
         <name>flaps  5</name>
         <vfe>220</vfe>
         <LGUP>
            <DPM_nonclean>
               <CD_nonclean>
                  <d>0.03360052089114738000</d>
                  <d>-0.02880866281298361700</d>
                  <d>0.05637124891572315600</d>
               </CD_nonclean>
            </DPM_nonclean>
            <BLM>
               <CL_max>1.84170877924611000000</CL_max>
            </BLM>
         </LGUP>
         <LGDN>
            <DPM_nonclean>
               <CD_nonclean>
                  <d>0.07839375640211003500</d>
                  <d>-0.05282023918915402400</d>
                  <d>0.06182487063969757700</d>
               </CD_nonclean>
            </DPM_nonclean>
            <BLM>
               <CL_max>1.84170877924611000000</CL_max>
            </BLM>
         </LGDN>
      </Configuration>
      <Configuration HLid="3">
         <HLPosition>0015</HLPosition>
         <name>flaps 15</name>
         <vfe>210</vfe>
         <LGUP>
            <DPM_nonclean>
               <CD_nonclean>
                  <d>0.04860462745098125000</d>
                  <d>-0.04017861713106419400</d>
                  <d>0.05868317853457219500</d>
               </CD_nonclean>
            </DPM_nonclean>
            <BLM>
               <CL_max>1.96868668990947040000</CL_max>
            </BLM>
         </LGUP>
         <LGDN>
            <DPM_nonclean>
               <CD_nonclean>
                  <d>0.08680972322453793500</d>
                  <d>-0.05480314908971815200</d>
                  <d>0.06102000984090608100</d>
               </CD_nonclean>
            </DPM_nonclean>
            <BLM>
               <CL_max>1.96868668990947040000</CL_max>
            </BLM>
         </LGDN>
      </Configuration>
      <Configuration HLid="4">
         <HLPosition>0020</HLPosition>
         <name>flaps 20</name>
         <vfe>195</vfe>
         <LGUP>
            <DPM_nonclean>
               <CD_nonclean>
                  <d>0.04317481892802532000</d>
                  <d>-0.01239853551795927700</d>
                  <d>0.04663666006824602300</d>
               </CD_nonclean>
            </DPM_nonclean>
            <BLM>
               <CL_max>2.20491009031345800000</CL_max>
            </BLM>
         </LGUP>
         <LGDN>
            <DPM_nonclean>
               <CD_nonclean>
                  <d>0.08368173097209913300</d>
                  <d>-0.03266923473074828000</d>
                  <d>0.05148415552915978900</d>
               </CD_nonclean>
            </DPM_nonclean>
            <BLM>
               <CL_max>2.20491009031345800000</CL_max>
            </BLM>
         </LGDN>
      </Configuration>
      <Configuration HLid="5">
         <HLPosition>0025</HLPosition>
         <name>flaps 25</name>
         <vfe>190</vfe>
         <LGDN>
            <DPM_nonclean>
               <CD_nonclean>
                  <d>0.08307727802086049800</d>
                  <d>-0.00450315472533010550</d>
                  <d>0.04295675049984124700</d>
               </CD_nonclean>
            </DPM_nonclean>
            <BLM>
               <CL_max>2.49823078886992760000</CL_max>
            </BLM>
         </LGDN>
      </Configuration>
      <Configuration HLid="6">
         <HLPosition>0030</HLPosition>
         <name>flaps 30</name>
         <vfe>162</vfe>
         <LGDN>
            <DPM_nonclean>
               <CD_nonclean>
                  <d>0.17153732335245878000</d>
                  <d>-0.08026289737935007900</d>
                  <d>0.06415525842504123100</d>
               </CD_nonclean>
            </DPM_nonclean>
            <BLM>
               <CL_max>2.58384329063047380000</CL_max>
            </BLM>
         </LGDN>
      </Configuration>
   </AFCM>
   <PFM>
      <MREF>115650</MREF>
      <LHV>43217000</LHV>
      <rho>810</rho>
      <n_eng>2</n_eng>
      <TFA>18</TFA>
      <TFM>
         <CT>
            <a>0.00000000000000000000</a>
            <a>-0.09999999998711481300</a>
            <a>0.00000000000000000000</a>
            <a>0.00000000000000000000</a>
            <a>0.00000000000000000000</a>
            <a>0.00000000000000000000</a>
            <a>0.29999999998586463000</a>
            <a>0.00000000000000000000</a>
            <a>0.00000000000000000000</a>
            <a>0.00000000000000000000</a>
            <a>0.00000000000000000000</a>
            <a>0.00000000000000000000</a>
            <a>0.00000000000000000000</a>
            <a>0.00000000000000000000</a>
            <a>0.00000000000000000000</a>
            <a>0.00000000000000000000</a>
            <a>0.00000000000000000000</a>
            <a>0.00000000000000000000</a>
            <a>0.00000000000000000000</a>
            <a>0.00000000000000000000</a>
            <a>0.00000000000000000000</a>
            <a>0.00000000000000000000</a>
            <a>0.00000000000000000000</a>
            <a>0.00000000000000000000</a>
            <a>0.00000000000000000000</a>
            <a>0.00000000000000000000</a>
            <a>0.00000000000000000000</a>
            <a>0.00000000000000000000</a>
            <a>0.00000000000000000000</a>
            <a>0.00000000000000000000</a>
            <a>0.00000000000000000000</a>
            <a>0.00000000000000000000</a>
            <a>0.00000000000000000000</a>
            <a>0.00000000000000000000</a>
            <a>0.00000000000000000000</a>
            <a>0.00000000000000000000</a>
         </CT>
         <CF>
            <f>0.00866580405224904110</f>
            <f>2.77943581594216130000</f>
            <f>-29.94545608133159200000</f>
            <f>181.84998913111792000000</f>
            <f>-340.02658650868841000000</f>
            <f>0.07065266756191335200</f>
            <f>-2.11111353824782140000</f>
            <f>67.61591275359570800000</f>
            <f>-420.78869155976975000000</f>
            <f>808.20103506601481000000</f>
            <f>0.00000000000000000000</f>
            <f>0.00000000000000000000</f>
            <f>0.00000000000000000000</f>
            <f>0.00000000000000000000</f>
            <f>0.00000000000000000000</f>
            <f>0.00000000000000000000</f>
            <f>0.00000000000000000000</f>
            <f>0.00000000000000000000</f>
            <f>0.00000000000000000000</f>
            <f>0.00000000000000000000</f>
            <f>0.00000000000000000000</f>
            <f>0.00000000000000000000</f>
            <f>0.00000000000000000000</f>
            <f>0.00000000000000000000</f>
            <f>0.00000000000000000000</f>
         </CF>
         <MCRZ>
            <kink>10</kink>
            <flat_rating>
               <b>5.97735606029694020000</b>
               <b>-11.15999756942748700000</b>
               <b>5.03822555837130890000</b>
               <b>0.00000000000000000000</b>
               <b>0.00000000000000000000</b>
               <b>0.00000000000000000000</b>
               <b>-40.11271861214335400000</b>
               <b>81.56844091309695000000</b>
               <b>-18.76064005201946500000</b>
               <b>0.00000000000000000000</b>
               <b>0.00000000000000000000</b>
               <b>0.00000000000000000000</b>
               <b>118.08918781129822000000</b>
               <b>-187.45642113324149000000</b>
               <b>-52.87519688654740000000</b>
               <b>0.00000000000000000000</b>
               <b>0.00000000000000000000</b>
               <b>0.00000000000000000000</b>
               <b>-154.64485222224283000000</b>
               <b>105.59485823974723000000</b>
               <b>329.07163597158092000000</b>
               <b>0.00000000000000000000</b>
               <b>0.00000000000000000000</b>
               <b>0.00000000000000000000</b>
               <b>85.41467812891846700000</b>
               <b>102.77530100310148000000</b>
               <b>-478.01771030004880000000</b>
               <b>0.00000000000000000000</b>
               <b>0.00000000000000000000</b>
               <b>0.00000000000000000000</b>
               <b>-13.61876315645618800000</b>
               <b>-93.74331902615732300000</b>
               <b>218.44210677714909000000</b>
               <b>0.00000000000000000000</b>
               <b>0.00000000000000000000</b>
               <b>0.00000000000000000000</b>
            </flat_rating>
            <temp_rating>
               <c>-747.12793335002550000000</c>
               <c>2686.17871670987010000000</c>
               <c>-2565.89437617604380000000</c>
               <c>0.00000000000000000000</c>
               <c>0.00000000000000000000</c>
               <c>2974.91045182848170000000</c>
               <c>-10682.32010013686300000000</c>
               <c>10218.67622502506500000000</c>
               <c>0.00000000000000000000</c>
               <c>0.00000000000000000000</c>
               <c>-4417.92878204304540000000</c>
               <c>15888.87250329160500000000</c>
               <c>-15219.77583222699300000000</c>
               <c>0.00000000000000000000</c>
               <c>0.00000000000000000000</c>
               <c>2908.37232879318800000000</c>
               <c>-10487.12655973421900000000</c>
               <c>10057.65660575350400000000</c>
               <c>0.00000000000000000000</c>
               <c>0.00000000000000000000</c>
               <c>-716.64820248655565000000</c>
               <c>2591.92783512481360000000</c>
               <c>-2488.56506977193250000000</c>
               <c>0.00000000000000000000</c>
               <c>0.00000000000000000000</c>
               <c>-4.64578600794183490000</c>
               <c>12.01799718270878800000</c>
               <c>-8.71682087852444450000</c>
               <c>0.00000000000000000000</c>
               <c>0.00000000000000000000</c>
               <c>9.97757591789143380000</c>
               <c>-24.60644024550494900000</c>
               <c>19.36956707292629100000</c>
               <c>0.00000000000000000000</c>
               <c>0.00000000000000000000</c>
               <c>-8.74323048609989510000</c>
               <c>18.88786428144481600000</c>
               <c>-15.12776724996318500000</c>
               <c>0.00000000000000000000</c>
               <c>0.00000000000000000000</c>
               <c>2.62027547042031370000</c>
               <c>-4.16718142951187340000</c>
               <c>3.12832742361641890000</c>
               <c>0.00000000000000000000</c>
               <c>0.00000000000000000000</c>
            </temp_rating>
         </MCRZ>
         <MCMB>
            <kink>10</kink>
            <flat_rating>
               <b>8.86204800097956810000</b>
               <b>-18.09872528158491200000</b>
               <b>9.53500426191900100000</b>
               <b>0.00000000000000000000</b>
               <b>0.00000000000000000000</b>
               <b>0.00000000000000000000</b>
               <b>-63.02760913862799400000</b>
               <b>134.67523676130600000000</b>
               <b>-52.60168368597528100000</b>
               <b>0.00000000000000000000</b>
               <b>0.00000000000000000000</b>
               <b>0.00000000000000000000</b>
               <b>187.22739307206072000000</b>
               <b>-340.67343085377888000000</b>
               <b>47.53970918449464000000</b>
               <b>0.00000000000000000000</b>
               <b>0.00000000000000000000</b>
               <b>0.00000000000000000000</b>
               <b>-254.44768604834093000000</b>
               <b>322.13379600990532000000</b>
               <b>175.63222456298527000000</b>
               <b>0.00000000000000000000</b>
               <b>0.00000000000000000000</b>
               <b>0.00000000000000000000</b>
               <b>155.99777838374376000000</b>
               <b>-51.75006867424654200000</b>
               <b>-354.95690390539465000000</b>
               <b>0.00000000000000000000</b>
               <b>0.00000000000000000000</b>
               <b>0.00000000000000000000</b>
               <b>-33.47662551453125000000</b>
               <b>-48.51323477260080400000</b>
               <b>177.46775579320416000000</b>
               <b>0.00000000000000000000</b>
               <b>0.00000000000000000000</b>
               <b>0.00000000000000000000</b>
            </flat_rating>
            <temp_rating>
               <c>-518.60793975971080000000</c>
               <c>1550.31287495443620000000</c>
               <c>-1265.32831966846880000000</c>
               <c>0.00000000000000000000</c>
               <c>0.00000000000000000000</c>
               <c>2004.42726726220800000000</c>
               <c>-5951.42293394423720000000</c>
               <c>4839.26215026821050000000</c>
               <c>0.00000000000000000000</c>
               <c>0.00000000000000000000</c>
               <c>-2880.26762173620270000000</c>
               <c>8523.72221295991220000000</c>
               <c>-6900.26638200710480000000</c>
               <c>0.00000000000000000000</c>
               <c>0.00000000000000000000</c>
               <c>1831.51370118119600000000</c>
               <c>-5407.75409672709520000000</c>
               <c>4355.63678046708810000000</c>
               <c>0.00000000000000000000</c>
               <c>0.00000000000000000000</c>
               <c>-435.30680313014960000000</c>
               <c>1282.53400898976720000000</c>
               <c>-1027.19077423980070000000</c>
               <c>0.00000000000000000000</c>
               <c>0.00000000000000000000</c>
               <c>-5.24270253470366930000</c>
               <c>11.93467515077338900000</c>
               <c>-7.20937865169077790000</c>
               <c>0.00000000000000000000</c>
               <c>0.00000000000000000000</c>
               <c>10.51061036736183000000</c>
               <c>-20.23962854750071500000</c>
               <c>10.52721342579006400000</c>
               <c>0.00000000000000000000</c>
               <c>0.00000000000000000000</c>
               <c>-7.74488654902126860000</c>
               <c>7.99310669402824290000</c>
               <c>1.30896334500275650000</c>
               <c>0.00000000000000000000</c>
               <c>0.00000000000000000000</c>
               <c>1.54185322377385070000</c>
               <c>2.76922463364363040000</c>
               <c>-6.19650677185174810000</c>
               <c>0.00000000000000000000</c>
               <c>0.00000000000000000000</c>
            </temp_rating>
         </MCMB>
         <MTKF>
            <kink>10</kink>
            <flat_rating>
               <b>-13.96413183703078800000</b>
               <b>32.35838055529462300000</b>
               <b>1.02680543861972410000</b>
               <b>0.00000000000000000000</b>
               <b>0.00000000000000000000</b>
               <b>0.00000000000000000000</b>
               <b>102.76098974095680000000</b>
               <b>-150.88476331119256000000</b>
               <b>-143.39003660620756000000</b>
               <b>0.00000000000000000000</b>
               <b>0.00000000000000000000</b>
               <b>0.00000000000000000000</b>
               <b>-248.49907556221581000000</b>
               <b>97.62494290664292900000</b>
               <b>894.56938479702649000000</b>
               <b>0.00000000000000000000</b>
               <b>0.00000000000000000000</b>
               <b>0.00000000000000000000</b>
               <b>271.46133738376017000000</b>
               <b>365.37005506672494000000</b>
               <b>-1955.98894874381930000000</b>
               <b>0.00000000000000000000</b>
               <b>0.00000000000000000000</b>
               <b>0.00000000000000000000</b>
               <b>-132.16313413893380000000</b>
               <b>-592.37255634691837000000</b>
               <b>1811.62998649329870000000</b>
               <b>0.00000000000000000000</b>
               <b>0.00000000000000000000</b>
               <b>0.00000000000000000000</b>
               <b>21.36161268811550700000</b>
               <b>247.72948681181117000000</b>
               <b>-607.71716704566143000000</b>
               <b>0.00000000000000000000</b>
               <b>0.00000000000000000000</b>
               <b>0.00000000000000000000</b>
            </flat_rating>
            <temp_rating>
               <c>690.19257294600050000000</c>
               <c>-2595.32563900238890000000</c>
               <c>1935.90029430817090000000</c>
               <c>0.00000000000000000000</c>
               <c>0.00000000000000000000</c>
               <c>-2602.72421481182890000000</c>
               <c>9793.40750054279670000000</c>
               <c>-7219.52164385286320000000</c>
               <c>0.00000000000000000000</c>
               <c>0.00000000000000000000</c>
               <c>3727.05086744237360000000</c>
               <c>-14017.48096090386900000000</c>
               <c>10292.12819000042700000000</c>
               <c>0.00000000000000000000</c>
               <c>0.00000000000000000000</c>
               <c>-2364.25028862257160000000</c>
               <c>8883.28547163234000000000</c>
               <c>-6488.73911277725440000000</c>
               <c>0.00000000000000000000</c>
               <c>0.00000000000000000000</c>
               <c>560.13319681513315000000</c>
               <c>-2102.43235791933280000000</c>
               <c>1525.19751920574640000000</c>
               <c>0.00000000000000000000</c>
               <c>0.00000000000000000000</c>
               <c>-54.99858791592974700000</c>
               <c>240.50984755923238000000</c>
               <c>-295.50194114913967000000</c>
               <c>0.00000000000000000000</c>
               <c>0.00000000000000000000</c>
               <c>127.43951290632738000000</c>
               <c>-590.92339209452666000000</c>
               <c>757.13423740132498000000</c>
               <c>0.00000000000000000000</c>
               <c>0.00000000000000000000</c>
               <c>-131.08209113702239000000</c>
               <c>634.36946578593734000000</c>
               <c>-833.91664884767818000000</c>
               <c>0.00000000000000000000</c>
               <c>0.00000000000000000000</c>
               <c>49.44690215940524100000</c>
               <c>-246.78079965582981000000</c>
               <c>329.65901789964147000000</c>
               <c>0.00000000000000000000</c>
               <c>0.00000000000000000000</c>
            </temp_rating>
         </MTKF>
         <LIDL>
            <CT>
               <ti>0.11778210089959289000</ti>
               <ti>-0.56639783220894180000</ti>
               <ti>0.93062926423783443000</ti>
               <ti>-0.47143134346573112000</ti>
               <ti>-0.32217627349864164000</ti>
               <ti>1.72990816401845020000</ti>
               <ti>-3.04208383803614970000</ti>
               <ti>1.59640966244683000000</ti>
               <ti>0.24234432476558257000</ti>
               <ti>-1.45955853580816220000</ti>
               <ti>2.62828252615704590000</ti>
               <ti>-1.41252476923701000000</ti>
            </CT>
            <CF>
               <fi>0.02102923422818201200</fi>
               <fi>-0.02700095047261707000</fi>
               <fi>0.03901898940382292300</fi>
               <fi>-0.00815405114673812240</fi>
               <fi>0.07994130829794095200</fi>
               <fi>-0.09555263684804411700</fi>
               <fi>0.01115225320455523500</fi>
               <fi>-0.10495949007756739000</fi>
               <fi>0.12640718667939738000</fi>
            </CF>
         </LIDL>
         <throttle>
            <low>0.54221050172960605000</low>
            <high>1.30663392675558090000</high>
         </throttle>
      </TFM>
   </PFM>
   <OPM>
      <LGO>
         <Transition>
            <from>0</from>
            <to>1</to>
            <time>18</time>
         </Transition>
         <Transition>
            <from>1</from>
            <to>0</to>
            <time>18</time>
         </Transition>
      </LGO>
      <HLO>
         <Transition>
            <from>0</from>
            <to>1</to>
            <time>11.7</time>
         </Transition>
         <Transition>
            <from>1</from>
            <to>2</to>
            <time>13.5</time>
         </Transition>
         <Transition>
            <from>2</from>
            <to>3</to>
            <time>6</time>
         </Transition>
         <Transition>
            <from>3</from>
            <to>4</to>
            <time>3.3</time>
         </Transition>
         <Transition>
            <from>4</from>
            <to>5</to>
            <time>4.8</time>
         </Transition>
         <Transition>
            <from>5</from>
            <to>6</to>
            <time>3.8</time>
         </Transition>
         <Transition>
            <from>6</from>
            <to>5</to>
            <time>3.8</time>
         </Transition>
         <Transition>
            <from>5</from>
            <to>4</to>
            <time>4.8</time>
         </Transition>
         <Transition>
            <from>4</from>
            <to>3</to>
            <time>3.3</time>
         </Transition>
         <Transition>
            <from>3</from>
            <to>2</to>
            <time>6</time>
         </Transition>
         <Transition>
            <from>2</from>
            <to>1</to>
            <time>13.5</time>
         </Transition>
         <Transition>
            <from>1</from>
            <to>0</to>
            <time>11.7</time>
         </Transition>
      </HLO>
   </OPM>
   <ALM>
      <GLM>
         <hmo>42000</hmo>
         <mfa>20000</mfa>
      </GLM>
      <KLM>
         <mmo>0.86</mmo>
         <vmo>350</vmo>
         <mle>0.82</mle>
         <vle>270</vle>
         <mlo>0.82</mlo>
         <vloe>270</vloe>
         <vlor>270</vlor>
      </KLM>
      <ELM>
         <Tmin_f>
            <point>
               <Hp>-1000.0</Hp>
               <DeltaT>-79.00000000000000000000</DeltaT>
            </point>
            <point>
               <Hp>0.0</Hp>
               <DeltaT>-77.00000000000000000000</DeltaT>
            </point>
            <point>
               <Hp>32500.0</Hp>
               <DeltaT>-24.60000000000000100000</DeltaT>
            </point>
            <point>
               <Hp>42000.0</Hp>
               <DeltaT>-17.50000000000000000000</DeltaT>
            </point>
         </Tmin_f>
         <Tmax_f>
            <point>
               <Hp>-1000.0</Hp>
               <DeltaT>37.00000000000000000000</DeltaT>
            </point>
            <point>
               <Hp>0.0</Hp>
               <DeltaT>39.39999999999999900000</DeltaT>
            </point>
            <point>
               <Hp>10000.0</Hp>
               <DeltaT>39.39999999999999900000</DeltaT>
            </point>
            <point>
               <Hp>10001.0</Hp>
               <DeltaT>33.89999999999999900000</DeltaT>
            </point>
            <point>
               <Hp>36089.0</Hp>
               <DeltaT>33.89999999999999900000</DeltaT>
            </point>
            <point>
               <Hp>42000.0</Hp>
               <DeltaT>22.50000000000000000000</DeltaT>
            </point>
         </Tmax_f>
         <Tmin_g>
            <point>
               <Hp>-1000.0</Hp>
               <DeltaT>-71.00000000000000000000</DeltaT>
            </point>
            <point>
               <Hp>6000.0</Hp>
               <DeltaT>-57.00000000000000000000</DeltaT>
            </point>
            <point>
               <Hp>8500.0</Hp>
               <DeltaT>-40.00000000000000000000</DeltaT>
            </point>
         </Tmin_g>
         <Tmax_g>
            <point>
               <Hp>-1000.0</Hp>
               <DeltaT>37.00000000000000000000</DeltaT>
            </point>
            <point>
               <Hp>0.0</Hp>
               <DeltaT>39.39999999999999900000</DeltaT>
            </point>
            <point>
               <Hp>8500.0</Hp>
               <DeltaT>39.39999999999999900000</DeltaT>
            </point>
         </Tmax_g>
      </ELM>
      <DLM>
         <MTW>116100</MTW>
         <MTOW>115650</MTOW>
         <MLW>95250</MLW>
         <MZFW>85300</MZFW>
         <OEW>62100</OEW>
         <MPL>21350</MPL>
         <MFL>42680</MFL>
         <n1>2.5</n1>
         <n3>-1</n3>
         <nf1>2</nf1>
         <nf3>0</nf3>
      </DLM>
   </ALM>
   <Ground>
      <Dimensions>
         <span>38.05</span>
         <length>47.32</length>
      </Dimensions>
      <Runway>
         <TOL>2300</TOL>
         <LDL>1450</LDL>
      </Runway>
   </Ground>
   <ARPM>
      <AeroConfSchedule>
         <AeroPhase>
            <name>TO</name>
            <HLid>2</HLid>
            <LG>UP</LG>
         </AeroPhase>
         <AeroPhase>
            <name>IC</name>
            <HLid>1</HLid>
            <LG>UP</LG>
         </AeroPhase>
         <AeroPhase>
            <name>CR</name>
            <HLid>0</HLid>
            <LG>UP</LG>
         </AeroPhase>
         <AeroPhase>
            <name>AP</name>
            <HLid>3</HLid>
            <LG>UP</LG>
         </AeroPhase>
         <AeroPhase>
            <name>LD</name>
            <HLid>6</HLid>
            <LG>DN</LG>
         </AeroPhase>
      </AeroConfSchedule>
      <SpeedScheduleList>
         <SpeedSchedule>
            <CompanyName>Default</CompanyName>
            <SpeedPhase>
               <name>Climb</name>
               <CAS1>300</CAS1>
               <CAS2>300</CAS2>
               <M>0.78</M>
            </SpeedPhase>
            <SpeedPhase>
               <name>Cruise</name>
               <CAS1>290</CAS1>
               <CAS2>290</CAS2>
               <M>0.80</M>
            </SpeedPhase>
            <SpeedPhase>
               <name>Descent</name>
               <CAS1>300</CAS1>
               <CAS2>300</CAS2>
               <M>0.80</M>
            </SpeedPhase>
         </SpeedSchedule>
      </SpeedScheduleList>
   </ARPM>
</bada40:ACM>