<?xml version="1.0" encoding="utf-8"?>
<bada40:ACM xmlns:bada40="http://www.eurocontrol.int/eec/public/standard_page/bada40">
   <model>F100-650</model>
   <type>JET</type>
   <engine>Tay 650-15</engine>
   <description/>
   <ICAO>
      <designator>F100</designator>
      <WTC>M</WTC>
   </ICAO>
   <AFCM>
      <S>93.5</S>
      <Configuration HLid="0">
         <HLPosition>0000</HLPosition>
         <name>flaps 0</name>
         <vfe>320</vfe>
         <LGUP>
            <DPM_clean>
               <M_max>0.77989</M_max>
               <scalar>9.835e-007</scalar>
               <CD_clean>
                  <d>34690.57463193275200000000</d>
                  <d>-27417.63097945948900000000</d>
                  <d>13877.73846363453600000000</d>
                  <d>0</d>
                  <d>0</d>
                  <d>39465.38671694983300000000</d>
                  <d>5461.31233781520040000000</d>
                  <d>-1737.88591213217820000000</d>
                  <d>0</d>
                  <d>0</d>
                  <d>0</d>
                  <d>0</d>
                  <d>0</d>
                  <d>0</d>
                  <d>0</d>
               </CD_clean>
            </DPM_clean>
            <BLM>
               <CL_max>1.8319</CL_max>
            </BLM>
         </LGUP>
         <LGDN>
            <DPM_nonclean>
               <CD_nonclean>
                  <d>0.055963</d>
                  <d>1.9438e-014</d>
                  <d>0.04235</d>
               </CD_nonclean>
            </DPM_nonclean>
            <BLM>
               <CL_max>1.8319</CL_max>
            </BLM>
         </LGDN>
      </Configuration>
      <Configuration HLid="1">
         <HLPosition>0008</HLPosition>
         <name>flaps 8</name>
         <vfe>250</vfe>
         <LGUP>
            <DPM_nonclean>
               <CD_nonclean>
                  <d>0.031692</d>
                  <d>-3.1042e-016</d>
                  <d>0.04235</d>
               </CD_nonclean>
            </DPM_nonclean>
            <BLM>
               <CL_max>2.0312</CL_max>
            </BLM>
         </LGUP>
         <LGDN>
            <DPM_nonclean>
               <CD_nonclean>
                  <d>0.055963</d>
                  <d>1.9438e-014</d>
                  <d>0.04235</d>
               </CD_nonclean>
            </DPM_nonclean>
            <BLM>
               <CL_max>2.0312</CL_max>
            </BLM>
         </LGDN>
      </Configuration>
      <Configuration HLid="2">
         <HLPosition>0015</HLPosition>
         <name>flaps 15</name>
         <vfe>220</vfe>
         <LGUP>
            <DPM_nonclean>
               <CD_nonclean>
                  <d>0.047139</d>
                  <d>-3.0133e-015</d>
                  <d>0.04235</d>
               </CD_nonclean>
            </DPM_nonclean>
            <BLM>
               <CL_max>2.1506</CL_max>
            </BLM>
         </LGUP>
         <LGDN>
            <DPM_nonclean>
               <CD_nonclean>
                  <d>0.064506</d>
                  <d>8.9447e-016</d>
                  <d>0.04235</d>
               </CD_nonclean>
            </DPM_nonclean>
            <BLM>
               <CL_max>2.1506</CL_max>
            </BLM>
         </LGDN>
      </Configuration>
      <Configuration HLid="3">
         <HLPosition>0025</HLPosition>
         <name>flaps 25</name>
         <vfe>220</vfe>
         <LGUP>
            <DPM_nonclean>
               <CD_nonclean>
                  <d>0.072822</d>
                  <d>-8.96e-015</d>
                  <d>0.04235</d>
               </CD_nonclean>
            </DPM_nonclean>
            <BLM>
               <CL_max>2.3009</CL_max>
            </BLM>
         </LGUP>
         <LGDN>
            <DPM_nonclean>
               <CD_nonclean>
                  <d>0.087251</d>
                  <d>9.8053e-014</d>
                  <d>0.04235</d>
               </CD_nonclean>
            </DPM_nonclean>
            <BLM>
               <CL_max>2.3009</CL_max>
            </BLM>
         </LGDN>
      </Configuration>
      <Configuration HLid="4">
         <HLPosition>0042</HLPosition>
         <name>flaps 42</name>
         <vfe>180</vfe>
         <LGUP>
            <DPM_nonclean>
               <CD_nonclean>
                  <d>0.1286</d>
                  <d>-3.7994e-013</d>
                  <d>0.04235</d>
               </CD_nonclean>
            </DPM_nonclean>
            <BLM>
               <CL_max>2.5793</CL_max>
            </BLM>
         </LGUP>
         <LGDN>
            <DPM_nonclean>
               <CD_nonclean>
                  <d>0.13429</d>
                  <d>-3.6155e-014</d>
                  <d>0.04235</d>
               </CD_nonclean>
            </DPM_nonclean>
            <BLM>
               <CL_max>2.5793</CL_max>
            </BLM>
         </LGDN>
      </Configuration>
   </AFCM>
   <PFM>
      <MREF>45810</MREF>
      <LHV>43217000</LHV>
      <rho>810</rho>
      <n_eng>2</n_eng>
      <TFM>
         <CT>
            <a>0</a>
            <a>-0.10000000000252580000</a>
            <a>0</a>
            <a>0</a>
            <a>0</a>
            <a>0</a>
            <a>0.30000000000238342000</a>
            <a>0</a>
            <a>0</a>
            <a>0</a>
            <a>0</a>
            <a>0</a>
            <a>0</a>
            <a>0</a>
            <a>0</a>
            <a>0</a>
            <a>0</a>
            <a>0</a>
            <a>0</a>
            <a>0</a>
            <a>0</a>
            <a>0</a>
            <a>0</a>
            <a>0</a>
            <a>0</a>
            <a>0</a>
            <a>0</a>
            <a>0</a>
            <a>0</a>
            <a>0</a>
            <a>0</a>
            <a>0</a>
            <a>0</a>
            <a>0</a>
            <a>0</a>
            <a>0</a>
         </CT>
         <CF>
            <f>0.02192613631823341100</f>
            <f>1.68584675193548360000</f>
            <f>-9.07409805170856030000</f>
            <f>56.69056840134982200000</f>
            <f>-60.21150805942481600000</f>
            <f>0.08991877751401265700</f>
            <f>2.09671964073646140000</f>
            <f>-3.73703572023061610000</f>
            <f>-22.66698321659267300000</f>
            <f>43.75023465977479000000</f>
            <f>0</f>
            <f>0</f>
            <f>0</f>
            <f>0</f>
            <f>0</f>
            <f>0</f>
            <f>0</f>
            <f>0</f>
            <f>0</f>
            <f>0</f>
            <f>0</f>
            <f>0</f>
            <f>0</f>
            <f>0</f>
            <f>0</f>
         </CF>
         <MCRZ>
            <kink>12</kink>
            <flat_rating>
               <b>1.51692411463000030000</b>
               <b>0.12987715790988774000</b>
               <b>0</b>
               <b>0</b>
               <b>0</b>
               <b>0</b>
               <b>-1.76937396859151000000</b>
               <b>0</b>
               <b>0</b>
               <b>0</b>
               <b>0</b>
               <b>0</b>
               <b>0.90612067558895715000</b>
               <b>0</b>
               <b>0</b>
               <b>0</b>
               <b>0</b>
               <b>0</b>
               <b>0</b>
               <b>0</b>
               <b>0</b>
               <b>0</b>
               <b>0</b>
               <b>0</b>
               <b>0</b>
               <b>0</b>
               <b>0</b>
               <b>0</b>
               <b>0</b>
               <b>0</b>
               <b>0</b>
               <b>0</b>
               <b>0</b>
               <b>0</b>
               <b>0</b>
               <b>0</b>
            </flat_rating>
            <temp_rating>
               <c>-3.10592961599224540000</c>
               <c>0.60192755501979223000</c>
               <c>0</c>
               <c>0</c>
               <c>0</c>
               <c>8.69445535244498120000</c>
               <c>0</c>
               <c>0</c>
               <c>0</c>
               <c>0</c>
               <c>-4.57487024220177310000</c>
               <c>0</c>
               <c>0</c>
               <c>0</c>
               <c>0</c>
               <c>0</c>
               <c>0</c>
               <c>0</c>
               <c>0</c>
               <c>0</c>
               <c>0</c>
               <c>0</c>
               <c>0</c>
               <c>0</c>
               <c>0</c>
               <c>-1.68587732582939400000</c>
               <c>0</c>
               <c>0</c>
               <c>0</c>
               <c>0</c>
               <c>1.20307124063159510000</c>
               <c>0</c>
               <c>0</c>
               <c>0</c>
               <c>0</c>
               <c>0</c>
               <c>0</c>
               <c>0</c>
               <c>0</c>
               <c>0</c>
               <c>0</c>
               <c>0</c>
               <c>0</c>
               <c>0</c>
               <c>0</c>
            </temp_rating>
         </MCRZ>
         <MCMB>
            <kink>12</kink>
            <flat_rating>
               <b>-0.94368808783544500000</b>
               <b>1.48470473126392260000</b>
               <b>0.87253553456690813000</b>
               <b>0</b>
               <b>0</b>
               <b>0</b>
               <b>18.06407412260461600000</b>
               <b>-12.66062414291267900000</b>
               <b>0</b>
               <b>0</b>
               <b>0</b>
               <b>0</b>
               <b>-56.28958461459642800000</b>
               <b>25.08038234240742200000</b>
               <b>0</b>
               <b>0</b>
               <b>0</b>
               <b>0</b>
               <b>81.40260415545159800000</b>
               <b>-21.52562196323442100000</b>
               <b>0</b>
               <b>0</b>
               <b>0</b>
               <b>0</b>
               <b>-57.58316129839983700000</b>
               <b>8.54858367863860740000</b>
               <b>0</b>
               <b>0</b>
               <b>0</b>
               <b>0</b>
               <b>16.13581719253966500000</b>
               <b>-1.50713977146441080000</b>
               <b>0</b>
               <b>0</b>
               <b>0</b>
               <b>0</b>
            </flat_rating>
            <temp_rating>
               <c>1387.89651198384190000000</c>
               <c>-2675.94270603055340000000</c>
               <c>1.56495861558935730000</c>
               <c>0</c>
               <c>0</c>
               <c>-5328.50682725256590000000</c>
               <c>10379.90749010292300000000</c>
               <c>0</c>
               <c>0</c>
               <c>0</c>
               <c>7655.65204895740950000000</c>
               <c>-15061.29614950766000000000</c>
               <c>0</c>
               <c>0</c>
               <c>0</c>
               <c>-4875.08087705552040000000</c>
               <c>9683.77575708843510000000</c>
               <c>0</c>
               <c>0</c>
               <c>0</c>
               <c>1160.59935575032960000000</c>
               <c>-2328.01963351256880000000</c>
               <c>0</c>
               <c>0</c>
               <c>0</c>
               <c>1.90110632618313290000</c>
               <c>5.89604102234877470000</c>
               <c>0</c>
               <c>0</c>
               <c>0</c>
               <c>-1.18388099144122520000</c>
               <c>-21.91445905829251800000</c>
               <c>0</c>
               <c>0</c>
               <c>0</c>
               <c>-2.66823193777379060000</c>
               <c>30.64381552758637600000</c>
               <c>0</c>
               <c>0</c>
               <c>0</c>
               <c>2.19211412389260470000</c>
               <c>-13.62638689463485000000</c>
               <c>0</c>
               <c>0</c>
               <c>0</c>
            </temp_rating>
         </MCMB>
         <LIDL>
            <CT>
               <ti>0.28743596393721393000</ti>
               <ti>-1.15507608970765090000</ti>
               <ti>1.56513777566117240000</ti>
               <ti>-0.66712561396746728000</ti>
               <ti>-0.84050195908145409000</ti>
               <ti>3.58768350918541670000</ti>
               <ti>-4.98291795018545700000</ti>
               <ti>2.08111097449040330000</ti>
               <ti>0.64656446114039479000</ti>
               <ti>-2.87230888577714130000</ti>
               <ti>3.94259566628284160000</ti>
               <ti>-1.55063474283067280000</ti>
            </CT>
            <CF>
               <fi>0.33573604642840316000</fi>
               <fi>-0.62678476341191280000</fi>
               <fi>0.35116209248149333000</fi>
               <fi>-0.87006274259204353000</fi>
               <fi>1.85426893080787680000</fi>
               <fi>-1.02295806728763950000</fi>
               <fi>0.64054585415077370000</fi>
               <fi>-1.46941810786269730000</fi>
               <fi>0.83127311608074839000</fi>
            </CF>
         </LIDL>
         <throttle>
            <low>0.6460230428</low>
            <high>1.305873351</high>
         </throttle>
      </TFM>
   </PFM>
   <OPM>
      <LGO>
         <Transition>
            <from>0</from>
            <to>1</to>
            <time>20</time>
         </Transition>
         <Transition>
            <from>1</from>
            <to>0</to>
            <time>9</time>
         </Transition>
      </LGO>
      <HLO>
         <Transition>
            <from>0</from>
            <to>1</to>
            <time>6</time>
         </Transition>
         <Transition>
            <from>1</from>
            <to>2</to>
            <time>3</time>
         </Transition>
         <Transition>
            <from>2</from>
            <to>3</to>
            <time>3</time>
         </Transition>
         <Transition>
            <from>3</from>
            <to>4</to>
            <time>3.5</time>
         </Transition>
         <Transition>
            <from>4</from>
            <to>3</to>
            <time>3.5</time>
         </Transition>
         <Transition>
            <from>3</from>
            <to>2</to>
            <time>3</time>
         </Transition>
         <Transition>
            <from>2</from>
            <to>1</to>
            <time>3</time>
         </Transition>
         <Transition>
            <from>1</from>
            <to>0</to>
            <time>6</time>
         </Transition>
      </HLO>
   </OPM>
   <ALM>
      <GLM>
         <hmo>35000</hmo>
         <mfa>20000</mfa>
      </GLM>
      <KLM>
         <mmo>0.77</mmo>
         <vmo>320</vmo>
         <vle>200</vle>
         <vloe>200</vloe>
         <vlor>200</vlor>
      </KLM>
      <ELM>
         <Tmin_f>
            <point>
               <Hp>0</Hp>
               <DeltaT>-69</DeltaT>
            </point>
            <point>
               <Hp>35000</Hp>
               <DeltaT>-15.7</DeltaT>
            </point>
         </Tmin_f>
         <Tmax_f>
            <point>
               <Hp>0</Hp>
               <DeltaT>30</DeltaT>
            </point>
            <point>
               <Hp>2524</Hp>
               <DeltaT>35</DeltaT>
            </point>
            <point>
               <Hp>35000</Hp>
               <DeltaT>35</DeltaT>
            </point>
         </Tmax_f>
         <Tmin_g>
            <point>
               <Hp>0</Hp>
               <DeltaT>-69</DeltaT>
            </point>
            <point>
               <Hp>8000</Hp>
               <DeltaT>-56.9</DeltaT>
            </point>
         </Tmin_g>
         <Tmax_g>
            <point>
               <Hp>0</Hp>
               <DeltaT>30</DeltaT>
            </point>
            <point>
               <Hp>2524</Hp>
               <DeltaT>35</DeltaT>
            </point>
            <point>
               <Hp>8000</Hp>
               <DeltaT>35</DeltaT>
            </point>
         </Tmax_g>
      </ELM>
      <DLM>
         <MTW>46040</MTW>
         <MTOW>45810</MTOW>
         <MLW>39915</MLW>
         <MZFW>36740</MZFW>
         <OEW>24747</OEW>
         <MPL>11993</MPL>
         <MFL>10731</MFL>
         <n1>2.5</n1>
         <n3>-1</n3>
         <nf1>2</nf1>
         <nf3>0</nf3>
      </DLM>
   </ALM>
   <Ground>
      <Dimensions>
         <span>28.08</span>
         <length>35.53</length>
      </Dimensions>
      <Runway>
         <TOL>1715</TOL>
         <LDL>1348</LDL>
      </Runway>
   </Ground>
   <ARPM>
      <AeroConfSchedule>
         <AeroPhase>
            <name>TO</name>
            <HLid>1</HLid>
            <LG>UP</LG>
         </AeroPhase>
         <AeroPhase>
            <name>IC</name>
            <HLid>0</HLid>
            <LG>UP</LG>
         </AeroPhase>
         <AeroPhase>
            <name>CR</name>
            <HLid>0</HLid>
            <LG>UP</LG>
         </AeroPhase>
         <AeroPhase>
            <name>AP</name>
            <HLid>2</HLid>
            <LG>UP</LG>
         </AeroPhase>
         <AeroPhase>
            <name>LD</name>
            <HLid>3</HLid>
            <LG>DN</LG>
         </AeroPhase>
      </AeroConfSchedule>
      <SpeedScheduleList>
         <SpeedSchedule>
            <CompanyName>Default</CompanyName>
            <SpeedPhase>
               <name>Climb</name>
               <CAS1>250</CAS1>
               <CAS2>280</CAS2>
               <M>0.70</M>
            </SpeedPhase>
            <SpeedPhase>
               <name>Cruise</name>
               <CAS1>250</CAS1>
               <CAS2>280</CAS2>
               <M>0.70</M>
            </SpeedPhase>
            <SpeedPhase>
               <name>Descent</name>
               <CAS1>250</CAS1>
               <CAS2>300</CAS2>
               <M>0.72</M>
            </SpeedPhase>
         </SpeedSchedule>
      </SpeedScheduleList>
   </ARPM>
</bada40:ACM>