<?xml version="1.0" encoding="utf-8"?>
<bada40:ACM xmlns:bada40="http://www.eurocontrol.int/eec/public/standard_page/bada40">
   <model>MD-83</model>
   <type>JET</type>
   <engine>JT8D-219</engine>
   <description/>
   <ICAO>
      <designator>MD83</designator>
      <WTC>M</WTC>
   </ICAO>
   <AFCM>
      <S>112.31977536000001000000</S>
      <Configuration HLid="0">
         <HLPosition>0000</HLPosition>
         <name>flaps  0</name>
         <vfe>280</vfe>
         <LGUP>
            <DPM_clean>
               <M_max>0.82000</M_max>
               <scalar>9.835e-007</scalar>
               <CD_clean>
                  <d>185411.29325872011000000000</d>
                  <d>-520524.73014982551000000000</d>
                  <d>610842.57781662827000000000</d>
                  <d>-316023.39921463042000000000</d>
                  <d>61098.82676231606500000000</d>
                  <d>66394.31221439101500000000</d>
                  <d>-41863.91047703169200000000</d>
                  <d>26693.94461101559100000000</d>
                  <d>-6986.79233590644070000000</d>
                  <d>652.24096241573955000000</d>
                  <d>-7913.45242085108570000000</d>
                  <d>69369.78155931769300000000</d>
                  <d>-125580.63660875818000000000</d>
                  <d>75416.72041563688300000000</d>
                  <d>-14988.05898037291400000000</d>
               </CD_clean>
            </DPM_clean>
            <BLM_clean>
               <Mmin>0.36000</Mmin>
               <Mmax>0.82000</Mmax>
               <CL_Mach0>1.18783122984078940000</CL_Mach0>
               <CL_clean>
                  <bf>-2.86739810276989000000</bf>
                  <bf>37.27314926776963900000</bf>
                  <bf>-119.24114067357425000000</bf>
                  <bf>156.66190656169829000000</bf>
                  <bf>-73.94487244829954900000</bf>
               </CL_clean>
            </BLM_clean>
         </LGUP>
         <LGDN>
            <DPM_nonclean>
               <CD_nonclean>
                  <d>0.03683000000000000200</d>
                  <d>-0.00000000000000004163</d>
                  <d>0.04662000000000005000</d>
               </CD_nonclean>
            </DPM_nonclean>
            <BLM>
               <CL_max>1.14553798120399560000</CL_max>
            </BLM>
         </LGDN>
      </Configuration>
      <Configuration HLid="1">
         <HLPosition>0005</HLPosition>
         <name>flaps  5</name>
         <vfe>280</vfe>
         <LGUP>
            <DPM_nonclean>
               <CD_nonclean>
                  <d>0.02970000000000000100</d>
                  <d>-0.00000000000000001602</d>
                  <d>0.04164000000000001700</d>
               </CD_nonclean>
            </DPM_nonclean>
            <BLM>
               <CL_max>2.07777762472675230000</CL_max>
            </BLM>
         </LGUP>
         <LGDN>
            <DPM_nonclean>
               <CD_nonclean>
                  <d>0.04610000000000000900</d>
                  <d>-0.00000000000000002054</d>
                  <d>0.04164000000000002400</d>
               </CD_nonclean>
            </DPM_nonclean>
            <BLM>
               <CL_max>1.94994560289293410000</CL_max>
            </BLM>
         </LGDN>
      </Configuration>
      <Configuration HLid="2">
         <HLPosition>0011</HLPosition>
         <name>flaps 11</name>
         <vfe>280</vfe>
         <LGUP>
            <DPM_nonclean>
               <CD_nonclean>
                  <d>0.03268999999999999700</d>
                  <d>-0.00000000000000001602</d>
                  <d>0.04216000000000001700</d>
               </CD_nonclean>
            </DPM_nonclean>
            <BLM>
               <CL_max>2.23720934562055260000</CL_max>
            </BLM>
         </LGUP>
         <LGDN>
            <DPM_nonclean>
               <CD_nonclean>
                  <d>0.04768999999999999600</d>
                  <d>0.00000000000000004807</d>
                  <d>0.04215999999999997500</d>
               </CD_nonclean>
            </DPM_nonclean>
            <BLM>
               <CL_max>2.07777762472675230000</CL_max>
            </BLM>
         </LGDN>
      </Configuration>
      <Configuration HLid="3">
         <HLPosition>0013</HLPosition>
         <name>flaps 13</name>
         <vfe>280</vfe>
         <LGUP>
            <DPM_nonclean>
               <CD_nonclean>
                  <d>0.03243000000000000000</d>
                  <d>-0.00000000000000001602</d>
                  <d>0.04342000000000000700</d>
               </CD_nonclean>
            </DPM_nonclean>
            <BLM>
               <CL_max>2.27512747300453990000</CL_max>
            </BLM>
         </LGUP>
         <LGDN>
            <DPM_nonclean>
               <CD_nonclean>
                  <d>0.04692999999999999900</d>
                  <d>-0.00000000000000003205</d>
                  <d>0.04342000000000002800</d>
               </CD_nonclean>
            </DPM_nonclean>
            <BLM>
               <CL_max>2.11169996416144110000</CL_max>
            </BLM>
         </LGDN>
      </Configuration>
      <Configuration HLid="4">
         <HLPosition>0015</HLPosition>
         <name>flaps 15</name>
         <vfe>240</vfe>
         <LGUP>
            <DPM_nonclean>
               <CD_nonclean>
                  <d>0.04510000000000000100</d>
                  <d>-0.00000000000000003103</d>
                  <d>0.03878125000000001700</d>
               </CD_nonclean>
            </DPM_nonclean>
            <BLM>
               <CL_max>2.31401783668980650000</CL_max>
            </BLM>
         </LGUP>
         <LGDN>
            <DPM_nonclean>
               <CD_nonclean>
                  <d>0.05910000000000000000</d>
                  <d>-0.00000000000000006206</d>
                  <d>0.03878125000000003800</d>
               </CD_nonclean>
            </DPM_nonclean>
            <BLM>
               <CL_max>2.14645987354191180000</CL_max>
            </BLM>
         </LGDN>
      </Configuration>
      <Configuration HLid="5">
         <HLPosition>0020</HLPosition>
         <name>flaps 20</name>
         <vfe>240</vfe>
         <LGUP>
            <DPM_nonclean>
               <CD_nonclean>
                  <d>0.04950999999999999800</d>
                  <d>-0.00557379187089238930</d>
                  <d>0.04559396937893778200</d>
               </CD_nonclean>
            </DPM_nonclean>
            <BLM>
               <CL_max>2.43686495358961390000</CL_max>
            </BLM>
         </LGUP>
         <LGDN>
            <DPM_nonclean>
               <CD_nonclean>
                  <d>0.06221000000000000100</d>
                  <d>-0.00557379187089238930</d>
                  <d>0.04559396937893778200</d>
               </CD_nonclean>
            </DPM_nonclean>
            <BLM>
               <CL_max>2.27512747300453990000</CL_max>
            </BLM>
         </LGDN>
      </Configuration>
      <Configuration HLid="6">
         <HLPosition>0024</HLPosition>
         <name>flaps 24</name>
         <vfe>220</vfe>
         <LGUP>
            <DPM_nonclean>
               <CD_nonclean>
                  <d>0.05605000000000000300</d>
                  <d>-0.00001204591507133204</d>
                  <d>0.04019786738387244600</d>
               </CD_nonclean>
            </DPM_nonclean>
            <BLM>
               <CL_max>2.54686772622755920000</CL_max>
            </BLM>
         </LGUP>
         <LGDN>
            <DPM_nonclean>
               <CD_nonclean>
                  <d>0.06775000000000000500</d>
                  <d>-0.00001204591507130237</d>
                  <d>0.04019786738387242500</d>
               </CD_nonclean>
            </DPM_nonclean>
            <BLM>
               <CL_max>2.35391396104533660000</CL_max>
            </BLM>
         </LGDN>
      </Configuration>
      <Configuration HLid="7">
         <HLPosition>0028</HLPosition>
         <name>flaps 28</name>
         <vfe>200</vfe>
         <LGUP>
            <DPM_nonclean>
               <CD_nonclean>
                  <d>0.07896999999999997100</d>
                  <d>0.00000000000000002629</d>
                  <d>0.03599999999999999000</d>
               </CD_nonclean>
            </DPM_nonclean>
            <BLM>
               <CL_max>2.59296394430632130000</CL_max>
            </BLM>
         </LGUP>
         <LGDN>
            <DPM_nonclean>
               <CD_nonclean>
                  <d>0.08976999999999997500</d>
                  <d>-0.00000000000000001457</d>
                  <d>0.03600000000000001100</d>
               </CD_nonclean>
            </DPM_nonclean>
            <BLM>
               <CL_max>2.39485082796785640000</CL_max>
            </BLM>
         </LGDN>
      </Configuration>
      <Configuration HLid="8">
         <HLPosition>0040</HLPosition>
         <name>flaps 40</name>
         <vfe>195</vfe>
         <LGUP>
            <DPM_nonclean>
               <CD_nonclean>
                  <d>0.11364993190000469000</d>
                  <d>-0.00000791243301720311</d>
                  <d>0.03558401060438157200</d>
               </CD_nonclean>
            </DPM_nonclean>
            <BLM>
               <CL_max>2.73901824055198610000</CL_max>
            </BLM>
         </LGUP>
         <LGDN>
            <DPM_nonclean>
               <CD_nonclean>
                  <d>0.12149993190000473000</d>
                  <d>-0.00000791243301726443</d>
                  <d>0.03558401060438160700</d>
               </CD_nonclean>
            </DPM_nonclean>
            <BLM>
               <CL_max>2.54686772622755920000</CL_max>
            </BLM>
         </LGDN>
      </Configuration>
   </AFCM>
   <PFM>
      <MREF>72575</MREF>
      <LHV>43217000</LHV>
      <rho>810</rho>
      <n_eng>2</n_eng>
      <TFA>17.11</TFA>
      <TFM>
         <CT>
            <a>0.00000000000000000000</a>
            <a>-0.10000000000544439000</a>
            <a>0.00000000000000000000</a>
            <a>0.00000000000000000000</a>
            <a>0.00000000000000000000</a>
            <a>0.00000000000000000000</a>
            <a>0.30000000000521321000</a>
            <a>0.00000000000000000000</a>
            <a>0.00000000000000000000</a>
            <a>0.00000000000000000000</a>
            <a>0.00000000000000000000</a>
            <a>0.00000000000000000000</a>
            <a>0.00000000000000000000</a>
            <a>0.00000000000000000000</a>
            <a>0.00000000000000000000</a>
            <a>0.00000000000000000000</a>
            <a>0.00000000000000000000</a>
            <a>0.00000000000000000000</a>
            <a>0.00000000000000000000</a>
            <a>0.00000000000000000000</a>
            <a>0.00000000000000000000</a>
            <a>0.00000000000000000000</a>
            <a>0.00000000000000000000</a>
            <a>0.00000000000000000000</a>
            <a>0.00000000000000000000</a>
            <a>0.00000000000000000000</a>
            <a>0.00000000000000000000</a>
            <a>0.00000000000000000000</a>
            <a>0.00000000000000000000</a>
            <a>0.00000000000000000000</a>
            <a>0.00000000000000000000</a>
            <a>0.00000000000000000000</a>
            <a>0.00000000000000000000</a>
            <a>0.00000000000000000000</a>
            <a>0.00000000000000000000</a>
            <a>0.00000000000000000000</a>
         </CT>
         <CF>
            <f>-0.00121797934702266740</f>
            <f>1.36085208911507440000</f>
            <f>11.42403580600010000000</f>
            <f>-98.72201069154807800000</f>
            <f>255.13965866359689000000</f>
            <f>0.12312853908872445000</f>
            <f>1.75131516407933030000</f>
            <f>-27.97622791737864000000</f>
            <f>218.06436847821629000000</f>
            <f>-494.03245108536407000000</f>
            <f>0.00000000000000000000</f>
            <f>0.00000000000000000000</f>
            <f>0.00000000000000000000</f>
            <f>0.00000000000000000000</f>
            <f>0.00000000000000000000</f>
            <f>0.00000000000000000000</f>
            <f>0.00000000000000000000</f>
            <f>0.00000000000000000000</f>
            <f>0.00000000000000000000</f>
            <f>0.00000000000000000000</f>
            <f>0.00000000000000000000</f>
            <f>0.00000000000000000000</f>
            <f>0.00000000000000000000</f>
            <f>0.00000000000000000000</f>
            <f>0.00000000000000000000</f>
         </CF>
         <MCRZ>
            <kink>-15</kink>
            <flat_rating>
               <b>4.05009383171287320000</b>
               <b>-3.37595123664641370000</b>
               <b>-1.64022644428444320000</b>
               <b>0.00000000000000000000</b>
               <b>0.00000000000000000000</b>
               <b>0.00000000000000000000</b>
               <b>-23.30392010209183300000</b>
               <b>5.27071694217903190000</b>
               <b>44.30866386728836700000</b>
               <b>0.00000000000000000000</b>
               <b>0.00000000000000000000</b>
               <b>0.00000000000000000000</b>
               <b>61.80023714642075600000</b>
               <b>60.03240147022506800000</b>
               <b>-223.84956803905521000000</b>
               <b>0.00000000000000000000</b>
               <b>0.00000000000000000000</b>
               <b>0.00000000000000000000</b>
               <b>-73.56366689171807100000</b>
               <b>-209.79510330028330000000</b>
               <b>459.55918901787828000000</b>
               <b>0.00000000000000000000</b>
               <b>0.00000000000000000000</b>
               <b>0.00000000000000000000</b>
               <b>37.91012882281759700000</b>
               <b>240.49075218136704000000</b>
               <b>-420.81060878204141000000</b>
               <b>0.00000000000000000000</b>
               <b>0.00000000000000000000</b>
               <b>0.00000000000000000000</b>
               <b>-6.03745179818548290000</b>
               <b>-93.13949849121269200000</b>
               <b>143.15911713342823000000</b>
               <b>0.00000000000000000000</b>
               <b>0.00000000000000000000</b>
               <b>0.00000000000000000000</b>
            </flat_rating>
            <temp_rating>
               <c>-19.09904697111712200000</c>
               <c>659.54094415943030000000</c>
               <c>-1031.28245129768770000000</c>
               <c>0.00000000000000000000</c>
               <c>0.00000000000000000000</c>
               <c>158.49119700335837000000</c>
               <c>-3034.83532568568490000000</c>
               <c>4559.45332164868070000000</c>
               <c>0.00000000000000000000</c>
               <c>0.00000000000000000000</c>
               <c>-363.66619324943781000000</c>
               <c>5181.28662971434010000000</c>
               <c>-7516.54100118648780000000</c>
               <c>0.00000000000000000000</c>
               <c>0.00000000000000000000</c>
               <c>328.88170575840479000000</c>
               <c>-3878.69562596955350000000</c>
               <c>5464.04020369449060000000</c>
               <c>0.00000000000000000000</c>
               <c>0.00000000000000000000</c>
               <c>-104.73585593123190000000</c>
               <c>1076.47905031784560000000</c>
               <c>-1479.04803470459480000000</c>
               <c>0.00000000000000000000</c>
               <c>0.00000000000000000000</c>
               <c>6.18389926919350510000</c>
               <c>-31.19774423711482200000</c>
               <c>33.09723917386352800000</c>
               <c>0.00000000000000000000</c>
               <c>0.00000000000000000000</c>
               <c>-17.31517135269182400000</c>
               <c>89.41101506908192700000</c>
               <c>-98.58520824075115700000</c>
               <c>0.00000000000000000000</c>
               <c>0.00000000000000000000</c>
               <c>20.76646425508397100000</c>
               <c>-108.40983075245775000000</c>
               <c>122.81517599439400000000</c>
               <c>0.00000000000000000000</c>
               <c>0.00000000000000000000</c>
               <c>-8.95147921072407020000</c>
               <c>46.99039197273191300000</c>
               <c>-54.24459233083684500000</c>
               <c>0.00000000000000000000</c>
               <c>0.00000000000000000000</c>
            </temp_rating>
         </MCRZ>
         <MCMB>
            <kink>-15</kink>
            <flat_rating>
               <b>-3.12867995520420590000</b>
               <b>11.69079082834560700000</b>
               <b>-8.01212690759057540000</b>
               <b>0.00000000000000000000</b>
               <b>0.00000000000000000000</b>
               <b>0.00000000000000000000</b>
               <b>38.82195888864821100000</b>
               <b>-113.89642629804761000000</b>
               <b>84.52580877504068700000</b>
               <b>0.00000000000000000000</b>
               <b>0.00000000000000000000</b>
               <b>0.00000000000000000000</b>
               <b>-137.76982291092551000000</b>
               <b>401.90518953536304000000</b>
               <b>-303.74639001202604000000</b>
               <b>0.00000000000000000000</b>
               <b>0.00000000000000000000</b>
               <b>0.00000000000000000000</b>
               <b>231.94174465274611000000</b>
               <b>-676.54618951535872000000</b>
               <b>529.69726858444892000000</b>
               <b>0.00000000000000000000</b>
               <b>0.00000000000000000000</b>
               <b>0.00000000000000000000</b>
               <b>-188.72039361123382000000</b>
               <b>558.05685582407511000000</b>
               <b>-462.50573715968164000000</b>
               <b>0.00000000000000000000</b>
               <b>0.00000000000000000000</b>
               <b>0.00000000000000000000</b>
               <b>59.97519970669309700000</b>
               <b>-182.58969928853656000000</b>
               <b>161.93093882088917000000</b>
               <b>0.00000000000000000000</b>
               <b>0.00000000000000000000</b>
               <b>0.00000000000000000000</b>
            </flat_rating>
            <temp_rating>
               <c>-890.97613109738927000000</c>
               <c>2037.22526565591100000000</c>
               <c>-1120.49412741760880000000</c>
               <c>0.00000000000000000000</c>
               <c>0.00000000000000000000</c>
               <c>3629.66319791682690000000</c>
               <c>-8188.69214073535570000000</c>
               <c>4413.76389621375890000000</c>
               <c>0.00000000000000000000</c>
               <c>0.00000000000000000000</c>
               <c>-5517.35223742927060000000</c>
               <c>12292.64802212905700000000</c>
               <c>-6488.40513208994340000000</c>
               <c>0.00000000000000000000</c>
               <c>0.00000000000000000000</c>
               <c>3715.61700104612960000000</c>
               <c>-8175.54576291429480000000</c>
               <c>4226.87232277750350000000</c>
               <c>0.00000000000000000000</c>
               <c>0.00000000000000000000</c>
               <c>-935.99924226255985000000</c>
               <c>2034.24516866046200000000</c>
               <c>-1031.31685126567280000000</c>
               <c>0.00000000000000000000</c>
               <c>0.00000000000000000000</c>
               <c>-1.00202198390985560000</c>
               <c>0.61424026210479321000</c>
               <c>1.19508127415527990000</c>
               <c>0.00000000000000000000</c>
               <c>0.00000000000000000000</c>
               <c>1.84824179825966840000</c>
               <c>0.36922628542592484000</c>
               <c>-5.00273742432160870000</c>
               <c>0.00000000000000000000</c>
               <c>0.00000000000000000000</c>
               <c>-1.19901044256329410000</c>
               <c>-3.35693065307444940000</c>
               <c>7.48194568031470290000</c>
               <c>0.00000000000000000000</c>
               <c>0.00000000000000000000</c>
               <c>0.23951811515095428000</c>
               <c>1.93296636182528010000</c>
               <c>-2.92372330509931320000</c>
               <c>0.00000000000000000000</c>
               <c>0.00000000000000000000</c>
            </temp_rating>
         </MCMB>
         <MTKF>
            <kink>-15</kink>
            <flat_rating>
               <b>10.74120385027624300000</b>
               <b>-27.35747177136512700000</b>
               <b>21.65729286068009800000</b>
               <b>0.00000000000000000000</b>
               <b>0.00000000000000000000</b>
               <b>0.00000000000000000000</b>
               <b>-54.85590060139815400000</b>
               <b>134.94035404449556000000</b>
               <b>-98.14026171796528800000</b>
               <b>0.00000000000000000000</b>
               <b>0.00000000000000000000</b>
               <b>0.00000000000000000000</b>
               <b>108.37954058167323000000</b>
               <b>-204.64147091809215000000</b>
               <b>123.72422248379945000000</b>
               <b>0.00000000000000000000</b>
               <b>0.00000000000000000000</b>
               <b>0.00000000000000000000</b>
               <b>-84.35186038383189100000</b>
               <b>33.08666165933185300000</b>
               <b>48.78397027681893400000</b>
               <b>0.00000000000000000000</b>
               <b>0.00000000000000000000</b>
               <b>0.00000000000000000000</b>
               <b>12.08662402071756500000</b>
               <b>150.67551413541827000000</b>
               <b>-188.62621427919834000000</b>
               <b>0.00000000000000000000</b>
               <b>0.00000000000000000000</b>
               <b>0.00000000000000000000</b>
               <b>8.85969475750734860000</b>
               <b>-86.97088522794084000000</b>
               <b>93.21559404067431800000</b>
               <b>0.00000000000000000000</b>
               <b>0.00000000000000000000</b>
               <b>0.00000000000000000000</b>
            </flat_rating>
            <temp_rating>
               <c>-208.83439449712890000000</c>
               <c>1059.02753420003910000000</c>
               <c>-1444.78941785636950000000</c>
               <c>0.00000000000000000000</c>
               <c>0.00000000000000000000</c>
               <c>866.30192681258654000000</c>
               <c>-4329.85222752104530000000</c>
               <c>5945.96785179108060000000</c>
               <c>0.00000000000000000000</c>
               <c>0.00000000000000000000</c>
               <c>-1303.10618021621960000000</c>
               <c>6478.10739982213540000000</c>
               <c>-9004.95141603908090000000</c>
               <c>0.00000000000000000000</c>
               <c>0.00000000000000000000</c>
               <c>878.15638918118850000000</c>
               <c>-4322.69357634228440000000</c>
               <c>6069.39625199083550000000</c>
               <c>0.00000000000000000000</c>
               <c>0.00000000000000000000</c>
               <c>-223.77964705485468000000</c>
               <c>1085.64322565718680000000</c>
               <c>-1536.07387365992850000000</c>
               <c>0.00000000000000000000</c>
               <c>0.00000000000000000000</c>
               <c>-44.85117050869550300000</c>
               <c>172.73323498051673000000</c>
               <c>-173.58115986960698000000</c>
               <c>0.00000000000000000000</c>
               <c>0.00000000000000000000</c>
               <c>95.64939615834468600000</c>
               <c>-375.84314348367508000000</c>
               <c>389.40425439437092000000</c>
               <c>0.00000000000000000000</c>
               <c>0.00000000000000000000</c>
               <c>-89.61440505847245700000</c>
               <c>358.06915642889680000000</c>
               <c>-382.20918059755212000000</c>
               <c>0.00000000000000000000</c>
               <c>0.00000000000000000000</c>
               <c>31.04097950252292600000</c>
               <c>-125.90958701231267000000</c>
               <c>138.13957140528396000000</c>
               <c>0.00000000000000000000</c>
               <c>0.00000000000000000000</c>
            </temp_rating>
         </MTKF>
         <LIDL>
            <CT>
               <ti>0.01465023060909546200</ti>
               <ti>-0.03890524407879916700</ti>
               <ti>0.13874056975768537000</ti>
               <ti>-0.13409776643088422000</ti>
               <ti>-0.03524106976582697800</ti>
               <ti>0.33836271028321913000</ti>
               <ti>-1.14409401031744930000</ti>
               <ti>0.96609463074019020000</ti>
               <ti>0.06550186893342523100</ti>
               <ti>-0.62647000278728870000</ti>
               <ti>1.69357736280100980000</ti>
               <ti>-1.31726903377664020000</ti>
            </CT>
            <CF>
               <fi>0.05728546180069066900</fi>
               <fi>-0.08266244063084138300</fi>
               <fi>0.06761047237083554800</fi>
               <fi>-0.03228608951603199900</fi>
               <fi>-0.03626730226172892500</fi>
               <fi>0.07707271880115698600</fi>
               <fi>-0.02294634246603764700</fi>
               <fi>0.24597339032835897000</fi>
               <fi>-0.21810892217202099000</fi>
            </CF>
         </LIDL>
         <throttle>
            <low>0.46767535802514715000</low>
            <high>1.37715413471727330000</high>
         </throttle>
      </TFM>
   </PFM>
   <OPM>
      <LGO>
         <Transition>
            <from>0</from>
            <to>1</to>
            <time>12</time>
         </Transition>
         <Transition>
            <from>1</from>
            <to>0</to>
            <time>8.9</time>
         </Transition>
      </LGO>
      <HLO>
         <Transition>
            <from>0</from>
            <to>1</to>
            <time>1.5</time>
         </Transition>
         <Transition>
            <from>1</from>
            <to>2</to>
            <time>2.1</time>
         </Transition>
         <Transition>
            <from>2</from>
            <to>3</to>
            <time>0.8</time>
         </Transition>
         <Transition>
            <from>3</from>
            <to>4</to>
            <time>0.8</time>
         </Transition>
         <Transition>
            <from>4</from>
            <to>5</to>
            <time>2.2</time>
         </Transition>
         <Transition>
            <from>5</from>
            <to>6</to>
            <time>2</time>
         </Transition>
         <Transition>
            <from>6</from>
            <to>7</to>
            <time>2</time>
         </Transition>
         <Transition>
            <from>7</from>
            <to>8</to>
            <time>6.6</time>
         </Transition>
         <Transition>
            <from>8</from>
            <to>7</to>
            <time>6.1</time>
         </Transition>
         <Transition>
            <from>7</from>
            <to>6</to>
            <time>2.1</time>
         </Transition>
         <Transition>
            <from>6</from>
            <to>5</to>
            <time>2.2</time>
         </Transition>
         <Transition>
            <from>5</from>
            <to>4</to>
            <time>2.9</time>
         </Transition>
         <Transition>
            <from>4</from>
            <to>3</to>
            <time>1.4</time>
         </Transition>
         <Transition>
            <from>3</from>
            <to>2</to>
            <time>2</time>
         </Transition>
         <Transition>
            <from>2</from>
            <to>1</to>
            <time>3.6</time>
         </Transition>
         <Transition>
            <from>1</from>
            <to>0</to>
            <time>3.5</time>
         </Transition>
      </HLO>
   </OPM>
   <ALM>
      <GLM>
         <hmo>37000</hmo>
         <mfa>20000</mfa>
      </GLM>
      <KLM>
         <mmo>0.82</mmo>
         <vmo>340</vmo>
         <mle>0.7</mle>
         <vle>300</vle>
         <mlo>0.7</mlo>
         <vloe>300</vloe>
         <vlor>250</vlor>
      </KLM>
      <ELM>
         <Tmin_f>
            <point>
               <Hp>-2000.0</Hp>
               <DeltaT>-69.00000000000000000000</DeltaT>
            </point>
            <point>
               <Hp>8500.0</Hp>
               <DeltaT>-69.00000000000000000000</DeltaT>
            </point>
            <point>
               <Hp>8501.0</Hp>
               <DeltaT>-74.00000000000000000000</DeltaT>
            </point>
            <point>
               <Hp>36089.0</Hp>
               <DeltaT>-20.00000000000000000000</DeltaT>
            </point>
            <point>
               <Hp>37000.0</Hp>
               <DeltaT>-20.00000000000000000000</DeltaT>
            </point>
         </Tmin_f>
         <Tmax_f>
            <point>
               <Hp>-2000.0</Hp>
               <DeltaT>35.00000000000000000000</DeltaT>
            </point>
            <point>
               <Hp>2500.0</Hp>
               <DeltaT>35.00000000000000000000</DeltaT>
            </point>
            <point>
               <Hp>2501.0</Hp>
               <DeltaT>40.00000000000000000000</DeltaT>
            </point>
            <point>
               <Hp>8500.0</Hp>
               <DeltaT>40.00000000000000000000</DeltaT>
            </point>
            <point>
               <Hp>8501.0</Hp>
               <DeltaT>35.00000000000000000000</DeltaT>
            </point>
            <point>
               <Hp>37000.0</Hp>
               <DeltaT>35.00000000000000000000</DeltaT>
            </point>
         </Tmax_f>
         <Tmin_g>
            <point>
               <Hp>-2000.0</Hp>
               <DeltaT>-69.00000000000000000000</DeltaT>
            </point>
            <point>
               <Hp>8500.0</Hp>
               <DeltaT>-69.00000000000000000000</DeltaT>
            </point>
         </Tmin_g>
         <Tmax_g>
            <point>
               <Hp>-2000.0</Hp>
               <DeltaT>35.00000000000000000000</DeltaT>
            </point>
            <point>
               <Hp>2500.0</Hp>
               <DeltaT>35.00000000000000000000</DeltaT>
            </point>
            <point>
               <Hp>2501.0</Hp>
               <DeltaT>40.00000000000000000000</DeltaT>
            </point>
            <point>
               <Hp>8500.0</Hp>
               <DeltaT>40.00000000000000000000</DeltaT>
            </point>
         </Tmax_g>
      </ELM>
      <DLM>
         <MTW>73028</MTW>
         <MTOW>72575</MTOW>
         <MLW>63276</MLW>
         <MZFW>55338</MZFW>
         <OEW>36145</OEW>
         <MPL>19193</MPL>
         <MFL>26426</MFL>
         <n1>2.5</n1>
         <n3>-1</n3>
         <nf1>2</nf1>
         <nf3>0</nf3>
      </DLM>
   </ALM>
   <Ground>
      <Dimensions>
         <span>32.85</span>
         <length>45.02</length>
      </Dimensions>
      <Runway>
         <TOL>2450</TOL>
         <LDL>1550</LDL>
      </Runway>
   </Ground>
   <ARPM>
      <AeroConfSchedule>
         <AeroPhase>
            <name>TO</name>
            <HLid>2</HLid>
            <LG>UP</LG>
         </AeroPhase>
         <AeroPhase>
            <name>IC</name>
            <HLid>0</HLid>
            <LG>UP</LG>
         </AeroPhase>
         <AeroPhase>
            <name>CR</name>
            <HLid>0</HLid>
            <LG>UP</LG>
         </AeroPhase>
         <AeroPhase>
            <name>AP</name>
            <HLid>6</HLid>
            <LG>UP</LG>
         </AeroPhase>
         <AeroPhase>
            <name>LD</name>
            <HLid>8</HLid>
            <LG>DN</LG>
         </AeroPhase>
      </AeroConfSchedule>
      <SpeedScheduleList>
         <SpeedSchedule>
            <CompanyName>Default</CompanyName>
            <SpeedPhase>
               <name>Climb</name>
               <CAS1>250</CAS1>
               <CAS2>310</CAS2>
               <M>0.76</M>
            </SpeedPhase>
            <SpeedPhase>
               <name>Cruise</name>
               <CAS1>250</CAS1>
               <CAS2>290</CAS2>
               <M>0.76</M>
            </SpeedPhase>
            <SpeedPhase>
               <name>Descent</name>
               <CAS1>250</CAS1>
               <CAS2>290</CAS2>
               <M>0.76</M>
            </SpeedPhase>
         </SpeedSchedule>
      </SpeedScheduleList>
   </ARPM>
</bada40:ACM>