<?xml version="1.0" encoding="utf-8"?>
<bada40:ACM xmlns:bada40="http://www.eurocontrol.int/eec/public/standard_page/bada40">
   <model>MD-81</model>
   <type>JET</type>
   <engine>JT8D-217A</engine>
   <description/>
   <ICAO>
      <designator>MD81</designator>
      <WTC>M</WTC>
   </ICAO>
   <AFCM>
      <S>112.31977536000001000000</S>
      <Configuration HLid="0">
         <HLPosition>0000</HLPosition>
         <name>flaps  0</name>
         <vfe>280</vfe>
         <LGUP>
            <DPM_clean>
               <M_max>0.82000</M_max>
               <scalar>9.835e-007</scalar>
               <CD_clean>
                  <d>185411.29325872011000000000</d>
                  <d>-520524.73014982551000000000</d>
                  <d>610842.57781662827000000000</d>
                  <d>-316023.39921463042000000000</d>
                  <d>61098.82676231606500000000</d>
                  <d>66394.31221439101500000000</d>
                  <d>-41863.91047703169200000000</d>
                  <d>26693.94461101559100000000</d>
                  <d>-6986.79233590644070000000</d>
                  <d>652.24096241573955000000</d>
                  <d>-7913.45242085108570000000</d>
                  <d>69369.78155931769300000000</d>
                  <d>-125580.63660875818000000000</d>
                  <d>75416.72041563688300000000</d>
                  <d>-14988.05898037291400000000</d>
               </CD_clean>
            </DPM_clean>
            <BLM_clean>
               <Mmin>0.36000</Mmin>
               <Mmax>0.82000</Mmax>
               <CL_Mach0>1.18783122984078940000</CL_Mach0>
               <CL_clean>
                  <bf>-2.86739810276989000000</bf>
                  <bf>37.27314926776963900000</bf>
                  <bf>-119.24114067357425000000</bf>
                  <bf>156.66190656169829000000</bf>
                  <bf>-73.94487244829954900000</bf>
               </CL_clean>
            </BLM_clean>
         </LGUP>
         <LGDN>
            <DPM_nonclean>
               <CD_nonclean>
                  <d>0.03683000000000000200</d>
                  <d>-0.00000000000000004163</d>
                  <d>0.04662000000000005000</d>
               </CD_nonclean>
            </DPM_nonclean>
            <BLM>
               <CL_max>1.14553798120399560000</CL_max>
            </BLM>
         </LGDN>
      </Configuration>
      <Configuration HLid="1">
         <HLPosition>0005</HLPosition>
         <name>flaps  5</name>
         <vfe>280</vfe>
         <LGUP>
            <DPM_nonclean>
               <CD_nonclean>
                  <d>0.02970000000000000100</d>
                  <d>-0.00000000000000001602</d>
                  <d>0.04164000000000001700</d>
               </CD_nonclean>
            </DPM_nonclean>
            <BLM>
               <CL_max>2.07777762472675230000</CL_max>
            </BLM>
         </LGUP>
         <LGDN>
            <DPM_nonclean>
               <CD_nonclean>
                  <d>0.04610000000000000900</d>
                  <d>-0.00000000000000002054</d>
                  <d>0.04164000000000002400</d>
               </CD_nonclean>
            </DPM_nonclean>
            <BLM>
               <CL_max>1.94994560289293410000</CL_max>
            </BLM>
         </LGDN>
      </Configuration>
      <Configuration HLid="2">
         <HLPosition>0011</HLPosition>
         <name>flaps 11</name>
         <vfe>280</vfe>
         <LGUP>
            <DPM_nonclean>
               <CD_nonclean>
                  <d>0.03268999999999999700</d>
                  <d>-0.00000000000000001602</d>
                  <d>0.04216000000000001700</d>
               </CD_nonclean>
            </DPM_nonclean>
            <BLM>
               <CL_max>2.23720934562055260000</CL_max>
            </BLM>
         </LGUP>
         <LGDN>
            <DPM_nonclean>
               <CD_nonclean>
                  <d>0.04768999999999999600</d>
                  <d>0.00000000000000004807</d>
                  <d>0.04215999999999997500</d>
               </CD_nonclean>
            </DPM_nonclean>
            <BLM>
               <CL_max>2.07777762472675230000</CL_max>
            </BLM>
         </LGDN>
      </Configuration>
      <Configuration HLid="3">
         <HLPosition>0013</HLPosition>
         <name>flaps 13</name>
         <vfe>280</vfe>
         <LGUP>
            <DPM_nonclean>
               <CD_nonclean>
                  <d>0.03243000000000000000</d>
                  <d>-0.00000000000000001602</d>
                  <d>0.04342000000000000700</d>
               </CD_nonclean>
            </DPM_nonclean>
            <BLM>
               <CL_max>2.27512747300453990000</CL_max>
            </BLM>
         </LGUP>
         <LGDN>
            <DPM_nonclean>
               <CD_nonclean>
                  <d>0.04692999999999999900</d>
                  <d>-0.00000000000000003205</d>
                  <d>0.04342000000000002800</d>
               </CD_nonclean>
            </DPM_nonclean>
            <BLM>
               <CL_max>2.11169996416144110000</CL_max>
            </BLM>
         </LGDN>
      </Configuration>
      <Configuration HLid="4">
         <HLPosition>0015</HLPosition>
         <name>flaps 15</name>
         <vfe>240</vfe>
         <LGUP>
            <DPM_nonclean>
               <CD_nonclean>
                  <d>0.04510000000000000100</d>
                  <d>-0.00000000000000003103</d>
                  <d>0.03878125000000001700</d>
               </CD_nonclean>
            </DPM_nonclean>
            <BLM>
               <CL_max>2.31401783668980650000</CL_max>
            </BLM>
         </LGUP>
         <LGDN>
            <DPM_nonclean>
               <CD_nonclean>
                  <d>0.05910000000000000000</d>
                  <d>-0.00000000000000006206</d>
                  <d>0.03878125000000003800</d>
               </CD_nonclean>
            </DPM_nonclean>
            <BLM>
               <CL_max>2.14645987354191180000</CL_max>
            </BLM>
         </LGDN>
      </Configuration>
      <Configuration HLid="5">
         <HLPosition>0020</HLPosition>
         <name>flaps 20</name>
         <vfe>240</vfe>
         <LGUP>
            <DPM_nonclean>
               <CD_nonclean>
                  <d>0.04950999999999999800</d>
                  <d>-0.00557379187089238930</d>
                  <d>0.04559396937893778200</d>
               </CD_nonclean>
            </DPM_nonclean>
            <BLM>
               <CL_max>2.43686495358961390000</CL_max>
            </BLM>
         </LGUP>
         <LGDN>
            <DPM_nonclean>
               <CD_nonclean>
                  <d>0.06221000000000000100</d>
                  <d>-0.00557379187089238930</d>
                  <d>0.04559396937893778200</d>
               </CD_nonclean>
            </DPM_nonclean>
            <BLM>
               <CL_max>2.27512747300453990000</CL_max>
            </BLM>
         </LGDN>
      </Configuration>
      <Configuration HLid="6">
         <HLPosition>0024</HLPosition>
         <name>flaps 24</name>
         <vfe>220</vfe>
         <LGUP>
            <DPM_nonclean>
               <CD_nonclean>
                  <d>0.05605000000000000300</d>
                  <d>-0.00001204591507133204</d>
                  <d>0.04019786738387244600</d>
               </CD_nonclean>
            </DPM_nonclean>
            <BLM>
               <CL_max>2.54686772622755920000</CL_max>
            </BLM>
         </LGUP>
         <LGDN>
            <DPM_nonclean>
               <CD_nonclean>
                  <d>0.06775000000000000500</d>
                  <d>-0.00001204591507130237</d>
                  <d>0.04019786738387242500</d>
               </CD_nonclean>
            </DPM_nonclean>
            <BLM>
               <CL_max>2.35391396104533660000</CL_max>
            </BLM>
         </LGDN>
      </Configuration>
      <Configuration HLid="7">
         <HLPosition>0028</HLPosition>
         <name>flaps 28</name>
         <vfe>200</vfe>
         <LGUP>
            <DPM_nonclean>
               <CD_nonclean>
                  <d>0.07896999999999997100</d>
                  <d>0.00000000000000002629</d>
                  <d>0.03599999999999999000</d>
               </CD_nonclean>
            </DPM_nonclean>
            <BLM>
               <CL_max>2.59296394430632130000</CL_max>
            </BLM>
         </LGUP>
         <LGDN>
            <DPM_nonclean>
               <CD_nonclean>
                  <d>0.08976999999999997500</d>
                  <d>-0.00000000000000001457</d>
                  <d>0.03600000000000001100</d>
               </CD_nonclean>
            </DPM_nonclean>
            <BLM>
               <CL_max>2.39485082796785640000</CL_max>
            </BLM>
         </LGDN>
      </Configuration>
      <Configuration HLid="8">
         <HLPosition>0040</HLPosition>
         <name>flaps 40</name>
         <vfe>195</vfe>
         <LGUP>
            <DPM_nonclean>
               <CD_nonclean>
                  <d>0.11364993190000469000</d>
                  <d>-0.00000791243301720311</d>
                  <d>0.03558401060438157200</d>
               </CD_nonclean>
            </DPM_nonclean>
            <BLM>
               <CL_max>2.73901824055198610000</CL_max>
            </BLM>
         </LGUP>
         <LGDN>
            <DPM_nonclean>
               <CD_nonclean>
                  <d>0.12149993190000473000</d>
                  <d>-0.00000791243301726443</d>
                  <d>0.03558401060438160700</d>
               </CD_nonclean>
            </DPM_nonclean>
            <BLM>
               <CL_max>2.54686772622755920000</CL_max>
            </BLM>
         </LGDN>
      </Configuration>
   </AFCM>
   <PFM>
      <MREF>63504</MREF>
      <LHV>43217000</LHV>
      <rho>810</rho>
      <n_eng>2</n_eng>
      <TFA>17.11</TFA>
      <TFM>
         <CT>
            <a>0.00000000000000000000</a>
            <a>-0.10000000000786217000</a>
            <a>0.00000000000000000000</a>
            <a>0.00000000000000000000</a>
            <a>0.00000000000000000000</a>
            <a>0.00000000000000000000</a>
            <a>0.30000000000128529000</a>
            <a>0.00000000000000000000</a>
            <a>0.00000000000000000000</a>
            <a>0.00000000000000000000</a>
            <a>0.00000000000000000000</a>
            <a>0.00000000000000000000</a>
            <a>0.00000000000000000000</a>
            <a>0.00000000000000000000</a>
            <a>0.00000000000000000000</a>
            <a>0.00000000000000000000</a>
            <a>0.00000000000000000000</a>
            <a>0.00000000000000000000</a>
            <a>0.00000000000000000000</a>
            <a>0.00000000000000000000</a>
            <a>0.00000000000000000000</a>
            <a>0.00000000000000000000</a>
            <a>0.00000000000000000000</a>
            <a>0.00000000000000000000</a>
            <a>0.00000000000000000000</a>
            <a>0.00000000000000000000</a>
            <a>0.00000000000000000000</a>
            <a>0.00000000000000000000</a>
            <a>0.00000000000000000000</a>
            <a>0.00000000000000000000</a>
            <a>0.00000000000000000000</a>
            <a>0.00000000000000000000</a>
            <a>0.00000000000000000000</a>
            <a>0.00000000000000000000</a>
            <a>0.00000000000000000000</a>
            <a>0.00000000000000000000</a>
         </CT>
         <CF>
            <f>-0.00106027689083443440</f>
            <f>1.79690718501794610000</f>
            <f>5.53304902292607890000</f>
            <f>-62.00147302261149900000</f>
            <f>166.49087100960045000000</f>
            <f>0.14655355899747760000</f>
            <f>-0.02650116031621119200</f>
            <f>4.67773451480506800000</f>
            <f>19.50397933248980900000</f>
            <f>-108.22896411252681000000</f>
            <f>0.00000000000000000000</f>
            <f>0.00000000000000000000</f>
            <f>0.00000000000000000000</f>
            <f>0.00000000000000000000</f>
            <f>0.00000000000000000000</f>
            <f>0.00000000000000000000</f>
            <f>0.00000000000000000000</f>
            <f>0.00000000000000000000</f>
            <f>0.00000000000000000000</f>
            <f>0.00000000000000000000</f>
            <f>0.00000000000000000000</f>
            <f>0.00000000000000000000</f>
            <f>0.00000000000000000000</f>
            <f>0.00000000000000000000</f>
            <f>0.00000000000000000000</f>
         </CF>
         <MCRZ>
            <kink>-15</kink>
            <flat_rating>
               <b>3.32786186974923480000</b>
               <b>-3.75910605672232160000</b>
               <b>1.36679254880009600000</b>
               <b>0.00000000000000000000</b>
               <b>0.00000000000000000000</b>
               <b>0.00000000000000000000</b>
               <b>-19.05108847280644500000</b>
               <b>22.79708445522903300000</b>
               <b>0.20539156722025126000</b>
               <b>0.00000000000000000000</b>
               <b>0.00000000000000000000</b>
               <b>0.00000000000000000000</b>
               <b>61.34670773815139500000</b>
               <b>-65.58746830298362300000</b>
               <b>4.97570602760159010000</b>
               <b>0.00000000000000000000</b>
               <b>0.00000000000000000000</b>
               <b>0.00000000000000000000</b>
               <b>-100.03169923751277000000</b>
               <b>125.58673159240597000000</b>
               <b>-68.75678500098945300000</b>
               <b>0.00000000000000000000</b>
               <b>0.00000000000000000000</b>
               <b>0.00000000000000000000</b>
               <b>83.10960160933879600000</b>
               <b>-141.79967883461239000000</b>
               <b>135.12206872851453000000</b>
               <b>0.00000000000000000000</b>
               <b>0.00000000000000000000</b>
               <b>0.00000000000000000000</b>
               <b>-28.02607607500282300000</b>
               <b>63.61373195379780300000</b>
               <b>-73.87632513559157100000</b>
               <b>0.00000000000000000000</b>
               <b>0.00000000000000000000</b>
               <b>0.00000000000000000000</b>
            </flat_rating>
            <temp_rating>
               <c>-108.74688717754263000000</c>
               <c>902.76225826140251000000</c>
               <c>-1209.19985560454350000000</c>
               <c>0.00000000000000000000</c>
               <c>0.00000000000000000000</c>
               <c>522.11105481515801000000</c>
               <c>-4026.45262451419600000000</c>
               <c>5278.56481518774400000000</c>
               <c>0.00000000000000000000</c>
               <c>0.00000000000000000000</c>
               <c>-911.01907517576115000000</c>
               <c>6683.74121212639690000000</c>
               <c>-8597.41314881827380000000</c>
               <c>0.00000000000000000000</c>
               <c>0.00000000000000000000</c>
               <c>694.07403612910082000000</c>
               <c>-4887.80496922752720000000</c>
               <c>6184.07670439615690000000</c>
               <c>0.00000000000000000000</c>
               <c>0.00000000000000000000</c>
               <c>-195.92015734866470000000</c>
               <c>1329.98269690417120000000</c>
               <c>-1658.41742572519930000000</c>
               <c>0.00000000000000000000</c>
               <c>0.00000000000000000000</c>
               <c>2.84741183590994140000</c>
               <c>-22.54986711266027300000</c>
               <c>28.42682566759586700000</c>
               <c>0.00000000000000000000</c>
               <c>0.00000000000000000000</c>
               <c>-10.20067188811424700000</c>
               <c>72.50233310309147300000</c>
               <c>-91.95180404557405000000</c>
               <c>0.00000000000000000000</c>
               <c>0.00000000000000000000</c>
               <c>14.51233241866119200000</c>
               <c>-95.81857918443711200000</c>
               <c>121.78052644173512000000</c>
               <c>0.00000000000000000000</c>
               <c>0.00000000000000000000</c>
               <c>-7.02816428100904030000</c>
               <c>44.22537887744884000000</c>
               <c>-56.22556304345679500000</c>
               <c>0.00000000000000000000</c>
               <c>0.00000000000000000000</c>
            </temp_rating>
         </MCRZ>
         <MCMB>
            <kink>-15</kink>
            <flat_rating>
               <b>0.46954000604184981000</b>
               <b>2.80650333082819840000</b>
               <b>-1.05148845989608650000</b>
               <b>0.00000000000000000000</b>
               <b>0.00000000000000000000</b>
               <b>0.00000000000000000000</b>
               <b>10.55035330807746900000</b>
               <b>-43.89105145513498500000</b>
               <b>24.36178876114900400000</b>
               <b>0.00000000000000000000</b>
               <b>0.00000000000000000000</b>
               <b>0.00000000000000000000</b>
               <b>-52.56825749125006600000</b>
               <b>189.06119886999923000000</b>
               <b>-91.99755138944432500000</b>
               <b>0.00000000000000000000</b>
               <b>0.00000000000000000000</b>
               <b>0.00000000000000000000</b>
               <b>108.85745450133368000000</b>
               <b>-350.41229278464539000000</b>
               <b>142.02658781483075000000</b>
               <b>0.00000000000000000000</b>
               <b>0.00000000000000000000</b>
               <b>0.00000000000000000000</b>
               <b>-101.36654662290996000000</b>
               <b>297.78742333237193000000</b>
               <b>-98.82301003135542300000</b>
               <b>0.00000000000000000000</b>
               <b>0.00000000000000000000</b>
               <b>0.00000000000000000000</b>
               <b>35.13392038663216300000</b>
               <b>-96.02640328521387400000</b>
               <b>26.22546311852692800000</b>
               <b>0.00000000000000000000</b>
               <b>0.00000000000000000000</b>
               <b>0.00000000000000000000</b>
            </flat_rating>
            <temp_rating>
               <c>-941.10814564579937000000</c>
               <c>2629.00764487444990000000</c>
               <c>-2003.62670640701140000000</c>
               <c>0.00000000000000000000</c>
               <c>0.00000000000000000000</c>
               <c>3895.03904816229990000000</c>
               <c>-10830.29778486254300000000</c>
               <c>8250.59041772267660000000</c>
               <c>0.00000000000000000000</c>
               <c>0.00000000000000000000</c>
               <c>-6014.85392600075920000000</c>
               <c>16671.85229975792800000000</c>
               <c>-12701.92353243348400000000</c>
               <c>0.00000000000000000000</c>
               <c>0.00000000000000000000</c>
               <c>4114.05725225679090000000</c>
               <c>-11371.46292386986200000000</c>
               <c>8670.88003520631360000000</c>
               <c>0.00000000000000000000</c>
               <c>0.00000000000000000000</c>
               <c>-1052.30370282785380000000</c>
               <c>2901.41720087259410000000</c>
               <c>-2216.15952544375660000000</c>
               <c>0.00000000000000000000</c>
               <c>0.00000000000000000000</c>
               <c>0.07760242709296891200</c>
               <c>-4.07188243621484340000</c>
               <c>6.60454051224192630000</c>
               <c>0.00000000000000000000</c>
               <c>0.00000000000000000000</c>
               <c>-0.90179599415097045000</c>
               <c>13.61533622532562900000</c>
               <c>-21.49878024804436200000</c>
               <c>0.00000000000000000000</c>
               <c>0.00000000000000000000</c>
               <c>2.02652986470848080000</c>
               <c>-19.90970080781298200000</c>
               <c>28.92356059648070900000</c>
               <c>0.00000000000000000000</c>
               <c>0.00000000000000000000</c>
               <c>-1.13490355632349700000</c>
               <c>9.24217703593266470000</c>
               <c>-12.59549893683652400000</c>
               <c>0.00000000000000000000</c>
               <c>0.00000000000000000000</c>
            </temp_rating>
         </MCMB>
         <MTKF>
            <kink>-15</kink>
            <flat_rating>
               <b>16.03247493063533500000</b>
               <b>-77.12264555153741700000</b>
               <b>97.28873058006981000000</b>
               <b>0.00000000000000000000</b>
               <b>0.00000000000000000000</b>
               <b>0.00000000000000000000</b>
               <b>-123.14222052112639000000</b>
               <b>658.01210217103528000000</b>
               <b>-845.65126400728207000000</b>
               <b>0.00000000000000000000</b>
               <b>0.00000000000000000000</b>
               <b>0.00000000000000000000</b>
               <b>412.24880797308344000000</b>
               <b>-2247.07914444893410000000</b>
               <b>2916.39901511698510000000</b>
               <b>0.00000000000000000000</b>
               <b>0.00000000000000000000</b>
               <b>0.00000000000000000000</b>
               <b>-689.77495628556255000000</b>
               <b>3783.20629819363780000000</b>
               <b>-4924.28411618378870000000</b>
               <b>0.00000000000000000000</b>
               <b>0.00000000000000000000</b>
               <b>0.00000000000000000000</b>
               <b>567.34813284859126000000</b>
               <b>-3110.97548441646130000000</b>
               <b>4047.19068360750000000000</b>
               <b>0.00000000000000000000</b>
               <b>0.00000000000000000000</b>
               <b>0.00000000000000000000</b>
               <b>-182.03421724503721000000</b>
               <b>995.02651118861809000000</b>
               <b>-1292.34006835701460000000</b>
               <b>0.00000000000000000000</b>
               <b>0.00000000000000000000</b>
               <b>0.00000000000000000000</b>
            </flat_rating>
            <temp_rating>
               <c>-731.34762343285286000000</c>
               <c>3235.38269205418920000000</c>
               <c>-3602.13432566018580000000</c>
               <c>0.00000000000000000000</c>
               <c>0.00000000000000000000</c>
               <c>2994.07623175845770000000</c>
               <c>-13278.67972112841000000000</c>
               <c>14876.94577862148300000000</c>
               <c>0.00000000000000000000</c>
               <c>0.00000000000000000000</c>
               <c>-4516.26392799195040000000</c>
               <c>20076.61109642353000000000</c>
               <c>-22630.45249899629600000000</c>
               <c>0.00000000000000000000</c>
               <c>0.00000000000000000000</c>
               <c>3034.36845938669880000000</c>
               <c>-13506.02104182925500000000</c>
               <c>15306.08189025528700000000</c>
               <c>0.00000000000000000000</c>
               <c>0.00000000000000000000</c>
               <c>-766.33706416022198000000</c>
               <c>3411.20770395399270000000</c>
               <c>-3883.77876266266280000000</c>
               <c>0.00000000000000000000</c>
               <c>0.00000000000000000000</c>
               <c>-88.14984969858527100000</c>
               <c>410.49090376704726000000</c>
               <c>-449.68939101794876000000</c>
               <c>0.00000000000000000000</c>
               <c>0.00000000000000000000</c>
               <c>213.14062834771332000000</c>
               <c>-1005.68077428392080000000</c>
               <c>1111.12806108937820000000</c>
               <c>0.00000000000000000000</c>
               <c>0.00000000000000000000</c>
               <c>-223.99576674528569000000</c>
               <c>1063.21365566332470000000</c>
               <c>-1180.42352545576860000000</c>
               <c>0.00000000000000000000</c>
               <c>0.00000000000000000000</c>
               <c>85.90981702739804900000</c>
               <c>-408.98604022915526000000</c>
               <c>455.25354291178195000000</c>
               <c>0.00000000000000000000</c>
               <c>0.00000000000000000000</c>
            </temp_rating>
         </MTKF>
         <LIDL>
            <CT>
               <ti>-0.02291327786443724000</ti>
               <ti>0.13761946301212438000</ti>
               <ti>-0.19395425165437732000</ti>
               <ti>0.07483988199156542400</ti>
               <ti>0.07607590232761425600</ti>
               <ti>-0.31165074780166613000</ti>
               <ti>0.33102498050341006000</ti>
               <ti>-0.03879220723083870400</ti>
               <ti>-0.04731494215692724800</ti>
               <ti>0.14481672445447569000</ti>
               <ti>-0.14839347141749473000</ti>
               <ti>-0.06450905972704854000</ti>
            </CT>
            <CF>
               <fi>0.03091787395821931100</fi>
               <fi>0.00223058233837158990</fi>
               <fi>0.00450008609020909840</fi>
               <fi>-0.00052604874399203019</fi>
               <fi>-0.10809675903432180000</fi>
               <fi>0.16639055516461940000</fi>
               <fi>-0.02391088528520556400</fi>
               <fi>0.27087291590737711000</fi>
               <fi>-0.29259445833999076000</fi>
            </CF>
         </LIDL>
         <throttle>
            <low>0.51614189524811049000</low>
            <high>1.54522201602968500000</high>
         </throttle>
      </TFM>
   </PFM>
   <OPM>
      <LGO>
         <Transition>
            <from>0</from>
            <to>1</to>
            <time>12</time>
         </Transition>
         <Transition>
            <from>1</from>
            <to>0</to>
            <time>8.9</time>
         </Transition>
      </LGO>
      <HLO>
         <Transition>
            <from>0</from>
            <to>1</to>
            <time>1.5</time>
         </Transition>
         <Transition>
            <from>1</from>
            <to>2</to>
            <time>2.1</time>
         </Transition>
         <Transition>
            <from>2</from>
            <to>3</to>
            <time>0.8</time>
         </Transition>
         <Transition>
            <from>3</from>
            <to>4</to>
            <time>0.8</time>
         </Transition>
         <Transition>
            <from>4</from>
            <to>5</to>
            <time>2.2</time>
         </Transition>
         <Transition>
            <from>5</from>
            <to>6</to>
            <time>2</time>
         </Transition>
         <Transition>
            <from>6</from>
            <to>7</to>
            <time>2</time>
         </Transition>
         <Transition>
            <from>7</from>
            <to>8</to>
            <time>6.6</time>
         </Transition>
         <Transition>
            <from>8</from>
            <to>7</to>
            <time>6.1</time>
         </Transition>
         <Transition>
            <from>7</from>
            <to>6</to>
            <time>2.1</time>
         </Transition>
         <Transition>
            <from>6</from>
            <to>5</to>
            <time>2.2</time>
         </Transition>
         <Transition>
            <from>5</from>
            <to>4</to>
            <time>2.9</time>
         </Transition>
         <Transition>
            <from>4</from>
            <to>3</to>
            <time>1.4</time>
         </Transition>
         <Transition>
            <from>3</from>
            <to>2</to>
            <time>2</time>
         </Transition>
         <Transition>
            <from>2</from>
            <to>1</to>
            <time>3.6</time>
         </Transition>
         <Transition>
            <from>1</from>
            <to>0</to>
            <time>3.5</time>
         </Transition>
      </HLO>
   </OPM>
   <ALM>
      <GLM>
         <hmo>37000</hmo>
         <mfa>20000</mfa>
      </GLM>
      <KLM>
         <mmo>0.82</mmo>
         <vmo>340</vmo>
         <mle>0.7</mle>
         <vle>300</vle>
         <mlo>0.7</mlo>
         <vloe>300</vloe>
         <vlor>250</vlor>
      </KLM>
      <ELM>
         <Tmin_f>
            <point>
               <Hp>-2000.0</Hp>
               <DeltaT>-69.00000000000000000000</DeltaT>
            </point>
            <point>
               <Hp>8500.0</Hp>
               <DeltaT>-69.00000000000000000000</DeltaT>
            </point>
            <point>
               <Hp>8501.0</Hp>
               <DeltaT>-74.00000000000000000000</DeltaT>
            </point>
            <point>
               <Hp>36089.0</Hp>
               <DeltaT>-20.00000000000000000000</DeltaT>
            </point>
            <point>
               <Hp>37000.0</Hp>
               <DeltaT>-20.00000000000000000000</DeltaT>
            </point>
         </Tmin_f>
         <Tmax_f>
            <point>
               <Hp>-2000.0</Hp>
               <DeltaT>35.00000000000000000000</DeltaT>
            </point>
            <point>
               <Hp>2500.0</Hp>
               <DeltaT>35.00000000000000000000</DeltaT>
            </point>
            <point>
               <Hp>2501.0</Hp>
               <DeltaT>40.00000000000000000000</DeltaT>
            </point>
            <point>
               <Hp>8500.0</Hp>
               <DeltaT>40.00000000000000000000</DeltaT>
            </point>
            <point>
               <Hp>8501.0</Hp>
               <DeltaT>35.00000000000000000000</DeltaT>
            </point>
            <point>
               <Hp>37000.0</Hp>
               <DeltaT>35.00000000000000000000</DeltaT>
            </point>
         </Tmax_f>
         <Tmin_g>
            <point>
               <Hp>-2000.0</Hp>
               <DeltaT>-69.00000000000000000000</DeltaT>
            </point>
            <point>
               <Hp>8500.0</Hp>
               <DeltaT>-69.00000000000000000000</DeltaT>
            </point>
         </Tmin_g>
         <Tmax_g>
            <point>
               <Hp>-2000.0</Hp>
               <DeltaT>35.00000000000000000000</DeltaT>
            </point>
            <point>
               <Hp>2500.0</Hp>
               <DeltaT>35.00000000000000000000</DeltaT>
            </point>
            <point>
               <Hp>2501.0</Hp>
               <DeltaT>40.00000000000000000000</DeltaT>
            </point>
            <point>
               <Hp>8500.0</Hp>
               <DeltaT>40.00000000000000000000</DeltaT>
            </point>
         </Tmax_g>
      </ELM>
      <DLM>
         <MTW>63958</MTW>
         <MTOW>63504</MTOW>
         <MLW>58061</MLW>
         <MZFW>53525</MZFW>
         <OEW>35330</OEW>
         <MPL>18195</MPL>
         <MFL>22129</MFL>
         <n1>2.5</n1>
         <n3>-1</n3>
         <nf1>2</nf1>
         <nf3>0</nf3>
      </DLM>
   </ALM>
   <Ground>
      <Dimensions>
         <span>32.85</span>
         <length>45.02</length>
      </Dimensions>
      <Runway>
         <TOL>2200</TOL>
         <LDL>1400</LDL>
      </Runway>
   </Ground>
   <ARPM>
      <AeroConfSchedule>
         <AeroPhase>
            <name>TO</name>
            <HLid>2</HLid>
            <LG>UP</LG>
         </AeroPhase>
         <AeroPhase>
            <name>IC</name>
            <HLid>0</HLid>
            <LG>UP</LG>
         </AeroPhase>
         <AeroPhase>
            <name>CR</name>
            <HLid>0</HLid>
            <LG>UP</LG>
         </AeroPhase>
         <AeroPhase>
            <name>AP</name>
            <HLid>6</HLid>
            <LG>UP</LG>
         </AeroPhase>
         <AeroPhase>
            <name>LD</name>
            <HLid>8</HLid>
            <LG>DN</LG>
         </AeroPhase>
      </AeroConfSchedule>
      <SpeedScheduleList>
         <SpeedSchedule>
            <CompanyName>Default</CompanyName>
            <SpeedPhase>
               <name>Climb</name>
               <CAS1>250</CAS1>
               <CAS2>310</CAS2>
               <M>0.76</M>
            </SpeedPhase>
            <SpeedPhase>
               <name>Cruise</name>
               <CAS1>250</CAS1>
               <CAS2>290</CAS2>
               <M>0.76</M>
            </SpeedPhase>
            <SpeedPhase>
               <name>Descent</name>
               <CAS1>250</CAS1>
               <CAS2>290</CAS2>
               <M>0.76</M>
            </SpeedPhase>
         </SpeedSchedule>
      </SpeedScheduleList>
   </ARPM>
</bada40:ACM>