<?xml version="1.0" encoding="utf-8"?>
<bada40:ACM xmlns:bada40="http://www.eurocontrol.int/eec/public/standard_page/bada40">
   <model>A310-324</model>
   <type>JET</type>
   <engine>PW4152</engine>
   <description/>
   <ICAO>
      <designator>A310</designator>
      <WTC>H</WTC>
   </ICAO>
   <AFCM>
      <S>219</S>
      <Configuration HLid="0">
         <HLPosition>0000</HLPosition>
         <name>CLEAN</name>
         <vfe>360</vfe>
         <LGUP>
            <DPM_clean>
               <M_max>0.84</M_max>
               <scalar>9.835e-007</scalar>
               <CD_clean>
                  <d>280767.59173636872000000000</d>
                  <d>-626232.14673367527000000000</d>
                  <d>529203.17007400631000000000</d>
                  <d>-187707.01132321788000000000</d>
                  <d>23694.44201878284000000000</d>
                  <d>-18442.33944463008400000000</d>
                  <d>69767.84269417410500000000</d>
                  <d>-26896.43944623908500000000</d>
                  <d>3901.22982095336920000000</d>
                  <d>-192.01856732001485000000</d>
                  <d>2333.38632632054490000000</d>
                  <d>2504.07088916958630000000</d>
                  <d>-2904.90853517303320000000</d>
                  <d>1011.07445880554120000000</d>
                  <d>-79.64420784715159100000</d>
               </CD_clean>
            </DPM_clean>
            <BLM_clean>
               <Mmin>0.3</Mmin>
               <Mmax>0.84</Mmax>
               <CL_Mach0>1.5216</CL_Mach0>
               <CL_clean>
                  <bf>-0.20197128063117670000</bf>
                  <bf>18.67335684229972200000</bf>
                  <bf>-69.76112257299772100000</bf>
                  <bf>99.24736465355377400000</bf>
                  <bf>-49.20464448384505800000</bf>
               </CL_clean>
            </BLM_clean>
         </LGUP>
      </Configuration>
      <Configuration HLid="1">
         <HLPosition>1500</HLPosition>
         <name>S15F00</name>
         <vfe>245</vfe>
         <LGUP>
            <DPM_nonclean>
               <CD_nonclean>
                  <d>0.025058</d>
                  <d>0.0061291</d>
                  <d>0.040567</d>
               </CD_nonclean>
            </DPM_nonclean>
            <BLM>
               <CL_max>2.1983</CL_max>
            </BLM>
         </LGUP>
      </Configuration>
      <Configuration HLid="2">
         <HLPosition>1515</HLPosition>
         <name>S15F15</name>
         <vfe>210</vfe>
         <LGUP>
            <DPM_nonclean>
               <CD_nonclean>
                  <d>0.04241</d>
                  <d>-0.015384</d>
                  <d>0.048028</d>
               </CD_nonclean>
            </DPM_nonclean>
            <BLM>
               <CL_max>2.5197</CL_max>
            </BLM>
         </LGUP>
      </Configuration>
      <Configuration HLid="3">
         <HLPosition>2020</HLPosition>
         <name>S20F20</name>
         <vfe>195</vfe>
         <LGUP>
            <DPM_nonclean>
               <CD_nonclean>
                  <d>0.062657</d>
                  <d>-0.026631</d>
                  <d>0.048487</d>
               </CD_nonclean>
            </DPM_nonclean>
            <BLM>
               <CL_max>2.7002</CL_max>
            </BLM>
         </LGUP>
         <LGDN>
            <DPM_nonclean>
               <CD_nonclean>
                  <d>0.089063</d>
                  <d>-0.025118</d>
                  <d>0.045934</d>
               </CD_nonclean>
            </DPM_nonclean>
            <BLM>
               <CL_max>2.6285</CL_max>
            </BLM>
         </LGDN>
      </Configuration>
      <Configuration HLid="4">
         <HLPosition>3040</HLPosition>
         <name>S30F40</name>
         <vfe>180</vfe>
         <LGUP>
            <DPM_nonclean>
               <CD_nonclean>
                  <d>0.11554</d>
                  <d>-0.031193</d>
                  <d>0.04396</d>
               </CD_nonclean>
            </DPM_nonclean>
            <BLM>
               <CL_max>3.1675</CL_max>
            </BLM>
         </LGUP>
         <LGDN>
            <DPM_nonclean>
               <CD_nonclean>
                  <d>0.14235</d>
                  <d>-0.047974</d>
                  <d>0.049399</d>
               </CD_nonclean>
            </DPM_nonclean>
            <BLM>
               <CL_max>3.0125</CL_max>
            </BLM>
         </LGDN>
      </Configuration>
   </AFCM>
   <PFM>
      <MREF>150000</MREF>
      <LHV>43217000</LHV>
      <rho>810</rho>
      <n_eng>2</n_eng>
      <TFA>20</TFA>
      <TFM>
         <CT>
            <a>0</a>
            <a>-0.10000000000797155000</a>
            <a>0</a>
            <a>0</a>
            <a>0</a>
            <a>0</a>
            <a>0.30000000000262966000</a>
            <a>0</a>
            <a>0</a>
            <a>0</a>
            <a>0</a>
            <a>0</a>
            <a>0</a>
            <a>0</a>
            <a>0</a>
            <a>0</a>
            <a>0</a>
            <a>0</a>
            <a>0</a>
            <a>0</a>
            <a>0</a>
            <a>0</a>
            <a>0</a>
            <a>0</a>
            <a>0</a>
            <a>0</a>
            <a>0</a>
            <a>0</a>
            <a>0</a>
            <a>0</a>
            <a>0</a>
            <a>0</a>
            <a>0</a>
            <a>0</a>
            <a>0</a>
            <a>0</a>
         </CT>
         <CF>
            <f>0.00916374878855439300</f>
            <f>0.28980047674464010000</f>
            <f>12.60920387073352500000</f>
            <f>-70.06229754916392900000</f>
            <f>137.53328766875580000000</f>
            <f>0.11779667130856966000</f>
            <f>2.22205161311689770000</f>
            <f>-21.40153542861101200000</f>
            <f>129.41454336817057000000</f>
            <f>-246.49792842714911000000</f>
            <f>0</f>
            <f>0</f>
            <f>0</f>
            <f>0</f>
            <f>0</f>
            <f>0</f>
            <f>0</f>
            <f>0</f>
            <f>0</f>
            <f>0</f>
            <f>0</f>
            <f>0</f>
            <f>0</f>
            <f>0</f>
            <f>0</f>
         </CF>
         <MCRZ>
            <kink>10</kink>
            <flat_rating>
               <b>-2.61185092083616150000</b>
               <b>9.00183218003709130000</b>
               <b>-5.77062805428461620000</b>
               <b>0</b>
               <b>0</b>
               <b>0</b>
               <b>25.34163126188164100000</b>
               <b>-64.28450165988839200000</b>
               <b>48.85260920708491700000</b>
               <b>0</b>
               <b>0</b>
               <b>0</b>
               <b>-66.88640227644685900000</b>
               <b>175.93100004019854000000</b>
               <b>-159.66136260740092000000</b>
               <b>0</b>
               <b>0</b>
               <b>0</b>
               <b>89.07698672039235500000</b>
               <b>-265.20716856070709000000</b>
               <b>287.57018684701217000000</b>
               <b>0</b>
               <b>0</b>
               <b>0</b>
               <b>-65.71967680319478700000</b>
               <b>231.94222755213497000000</b>
               <b>-283.38841746306542000000</b>
               <b>0</b>
               <b>0</b>
               <b>0</b>
               <b>21.70927236655418500000</b>
               <b>-88.90639430133266800000</b>
               <b>114.41551313385693000000</b>
               <b>0</b>
               <b>0</b>
               <b>0</b>
            </flat_rating>
            <temp_rating>
               <c>270.34886374099864000000</c>
               <c>-1068.17663423175710000000</c>
               <c>1015.76875364611230000000</c>
               <c>0</c>
               <c>0</c>
               <c>-1088.41505138229920000000</c>
               <c>4233.91927199367180000000</c>
               <c>-4010.52878689620870000000</c>
               <c>0</c>
               <c>0</c>
               <c>1654.83877387191680000000</c>
               <c>-6305.50723864128580000000</c>
               <c>5956.39470934174640000000</c>
               <c>0</c>
               <c>0</c>
               <c>-1121.78072063808530000000</c>
               <c>4182.96065145008200000000</c>
               <c>-3943.08904331005080000000</c>
               <c>0</c>
               <c>0</c>
               <c>285.20328636130807000000</c>
               <c>-1042.04189679169240000000</c>
               <c>981.13909535086430000000</c>
               <c>0</c>
               <c>0</c>
               <c>5.11372236640005080000</c>
               <c>-14.30839537971421300000</c>
               <c>10.01705737783462000000</c>
               <c>0</c>
               <c>0</c>
               <c>-12.83873777172135200000</c>
               <c>35.02182134889005700000</c>
               <c>-22.03074508903725700000</c>
               <c>0</c>
               <c>0</c>
               <c>11.23483342302107200000</c>
               <c>-25.69126013895419200000</c>
               <c>9.67862826424874000000</c>
               <c>0</c>
               <c>0</c>
               <c>-2.89467658393665820000</c>
               <c>3.33274550869853140000</c>
               <c>3.64032584754975460000</c>
               <c>0</c>
               <c>0</c>
            </temp_rating>
         </MCRZ>
         <MCMB>
            <kink>10</kink>
            <flat_rating>
               <b>0.93410296179528729000</b>
               <b>-4.25027872514846370000</b>
               <b>4.89858813151805080000</b>
               <b>0</b>
               <b>0</b>
               <b>0</b>
               <b>-4.40973313820329600000</b>
               <b>47.56801447393269900000</b>
               <b>-39.81317184211430800000</b>
               <b>0</b>
               <b>0</b>
               <b>0</b>
               <b>30.23489296269046300000</b>
               <b>-185.99760316873139000000</b>
               <b>121.72440281646978000000</b>
               <b>0</b>
               <b>0</b>
               <b>0</b>
               <b>-55.64636497768434300000</b>
               <b>267.59750369434988000000</b>
               <b>-110.46064398315724000000</b>
               <b>0</b>
               <b>0</b>
               <b>0</b>
               <b>33.66920655106963500000</b>
               <b>-124.73720342597038000000</b>
               <b>-37.27701779986166700000</b>
               <b>0</b>
               <b>0</b>
               <b>0</b>
               <b>-3.63264444033895770000</b>
               <b>-1.87266077263917200000</b>
               <b>62.70818005678052700000</b>
               <b>0</b>
               <b>0</b>
               <b>0</b>
            </flat_rating>
            <temp_rating>
               <c>499.37410837719301000000</c>
               <c>-1418.71743437485090000000</c>
               <c>1028.64962490966240000000</c>
               <c>0</c>
               <c>0</c>
               <c>-1955.02436168714330000000</c>
               <c>5590.42058642547640000000</c>
               <c>-4106.97048174339580000000</c>
               <c>0</c>
               <c>0</c>
               <c>2881.86421447065140000000</c>
               <c>-8289.65514502656330000000</c>
               <c>6183.43552391293450000000</c>
               <c>0</c>
               <c>0</c>
               <c>-1893.01652957715100000000</c>
               <c>5473.84715855565720000000</c>
               <c>-4143.56638519155420000000</c>
               <c>0</c>
               <c>0</c>
               <c>466.83949863473225000000</c>
               <c>-1357.21617690431300000000</c>
               <c>1041.89393854515200000000</c>
               <c>0</c>
               <c>0</c>
               <c>1.00907966760030310000</c>
               <c>19.19812688096829600000</c>
               <c>-27.31996561456345100000</c>
               <c>0</c>
               <c>0</c>
               <c>9.35469862313535220000</c>
               <c>-84.30385750847641200000</c>
               <c>96.94366490675847100000</c>
               <c>0</c>
               <c>0</c>
               <c>-20.09836116230289000000</c>
               <c>123.70397450760250000000</c>
               <c>-132.24474218007106000000</c>
               <c>0</c>
               <c>0</c>
               <c>10.70106393897407100000</c>
               <c>-57.78693123213174900000</c>
               <c>59.77070016523192200000</c>
               <c>0</c>
               <c>0</c>
            </temp_rating>
         </MCMB>
         <LIDL>
            <CT>
               <ti>-0.01937540909932236600</ti>
               <ti>0.12791894856795319000</ti>
               <ti>-0.11878859202231974000</ti>
               <ti>0.01572229505295668100</ti>
               <ti>0.07999134204058705500</ti>
               <ti>-0.44372041618941882000</ti>
               <ti>0.29969611130041379000</ti>
               <ti>0.05751508100065742800</ti>
               <ti>-0.05968791138316509300</ti>
               <ti>0.31691468294692576000</ti>
               <ti>-0.24375591733377774000</ti>
               <ti>-0.09150069342100107500</ti>
            </CT>
            <CF>
               <fi>0.02736551262259396800</fi>
               <fi>0.10620221808390320000</fi>
               <fi>-0.17441390640298468000</fi>
               <fi>-0.02626506944172847200</fi>
               <fi>-0.52211656966320608000</fi>
               <fi>0.98787086145982850000</fi>
               <fi>-0.00647435834508186540</fi>
               <fi>0.67959688914620231000</fi>
               <fi>-1.22239738361110130000</fi>
            </CF>
         </LIDL>
         <throttle>
            <low>0.5012207183</low>
            <high>1.305331876</high>
         </throttle>
      </TFM>
   </PFM>
   <OPM>
      <LGO>
         <Transition>
            <from>0</from>
            <to>1</to>
            <time>20</time>
         </Transition>
         <Transition>
            <from>1</from>
            <to>0</to>
            <time>20</time>
         </Transition>
      </LGO>
      <HLO>
         <Transition>
            <from>0</from>
            <to>1</to>
            <time>9</time>
         </Transition>
         <Transition>
            <from>1</from>
            <to>2</to>
            <time>14.5</time>
         </Transition>
         <Transition>
            <from>2</from>
            <to>3</to>
            <time>2</time>
         </Transition>
         <Transition>
            <from>3</from>
            <to>4</to>
            <time>9.5</time>
         </Transition>
         <Transition>
            <from>4</from>
            <to>3</to>
            <time>9.5</time>
         </Transition>
         <Transition>
            <from>3</from>
            <to>2</to>
            <time>2</time>
         </Transition>
         <Transition>
            <from>2</from>
            <to>1</to>
            <time>15</time>
         </Transition>
         <Transition>
            <from>1</from>
            <to>0</to>
            <time>8</time>
         </Transition>
      </HLO>
   </OPM>
   <ALM>
      <GLM>
         <hmo>41100</hmo>
         <mfa>20000</mfa>
      </GLM>
      <KLM>
         <mmo>0.84</mmo>
         <vmo>360</vmo>
         <mle>0.65</mle>
         <vle>270</vle>
         <mlo>0.59</mlo>
         <vloe>270</vloe>
         <vlor>270</vlor>
      </KLM>
      <ELM>
         <Tmin_f>
            <point>
               <Hp>-1000</Hp>
               <DeltaT>-57</DeltaT>
            </point>
            <point>
               <Hp>36089</Hp>
               <DeltaT>-10.8</DeltaT>
            </point>
            <point>
               <Hp>41100</Hp>
               <DeltaT>-14.5</DeltaT>
            </point>
         </Tmin_f>
         <Tmax_f>
            <point>
               <Hp>-1000</Hp>
               <DeltaT>38</DeltaT>
            </point>
            <point>
               <Hp>0</Hp>
               <DeltaT>40</DeltaT>
            </point>
            <point>
               <Hp>10000</Hp>
               <DeltaT>41.8</DeltaT>
            </point>
            <point>
               <Hp>10001</Hp>
               <DeltaT>34.8</DeltaT>
            </point>
            <point>
               <Hp>36089</Hp>
               <DeltaT>34.5</DeltaT>
            </point>
            <point>
               <Hp>41100</Hp>
               <DeltaT>24.5</DeltaT>
            </point>
         </Tmax_f>
         <Tmin_g>
            <point>
               <Hp>-1000</Hp>
               <DeltaT>-57</DeltaT>
            </point>
            <point>
               <Hp>8500</Hp>
               <DeltaT>-45.2</DeltaT>
            </point>
         </Tmin_g>
         <Tmax_g>
            <point>
               <Hp>-1000</Hp>
               <DeltaT>38</DeltaT>
            </point>
            <point>
               <Hp>0</Hp>
               <DeltaT>40</DeltaT>
            </point>
            <point>
               <Hp>8500</Hp>
               <DeltaT>41.5</DeltaT>
            </point>
         </Tmax_g>
      </ELM>
      <DLM>
         <MTW>150900</MTW>
         <MTOW>150000</MTOW>
         <MLW>123000</MLW>
         <MZFW>113000</MZFW>
         <OEW>70000</OEW>
         <MPL>43000</MPL>
         <MFL>47963</MFL>
         <n1>2.5</n1>
         <n3>-1</n3>
         <nf1>2</nf1>
         <nf3>0</nf3>
      </DLM>
   </ALM>
   <Ground>
      <Dimensions>
         <span>43.90</span>
         <length>46.66</length>
      </Dimensions>
      <Runway>
         <TOL>2290</TOL>
         <LDL>1490</LDL>
      </Runway>
   </Ground>
   <ARPM>
      <AeroConfSchedule>
         <AeroPhase>
            <name>TO</name>
            <HLid>2</HLid>
            <LG>UP</LG>
         </AeroPhase>
         <AeroPhase>
            <name>IC</name>
            <HLid>1</HLid>
            <LG>UP</LG>
         </AeroPhase>
         <AeroPhase>
            <name>CR</name>
            <HLid>0</HLid>
            <LG>UP</LG>
         </AeroPhase>
         <AeroPhase>
            <name>AP</name>
            <HLid>2</HLid>
            <LG>UP</LG>
         </AeroPhase>
         <AeroPhase>
            <name>LD</name>
            <HLid>4</HLid>
            <LG>DN</LG>
         </AeroPhase>
      </AeroConfSchedule>
      <SpeedScheduleList>
         <SpeedSchedule>
            <CompanyName>Default</CompanyName>
            <SpeedPhase>
               <name>Climb</name>
               <CAS1>310</CAS1>
               <CAS2>310</CAS2>
               <M>0.80</M>
            </SpeedPhase>
            <SpeedPhase>
               <name>Cruise</name>
               <CAS1>250</CAS1>
               <CAS2>310</CAS2>
               <M>0.80</M>
            </SpeedPhase>
            <SpeedPhase>
               <name>Descent</name>
               <CAS1>300</CAS1>
               <CAS2>300</CAS2>
               <M>0.80</M>
            </SpeedPhase>
         </SpeedSchedule>
      </SpeedScheduleList>
   </ARPM>
</bada40:ACM>