<?xml version="1.0" encoding="utf-8"?>
<bada40:ACM xmlns:bada40="http://www.eurocontrol.int/eec/public/standard_page/bada40">
   <model>A319-114</model>
   <type>JET</type>
   <engine>CFM56-5A5</engine>
   <description/>
   <ICAO>
      <designator>A319</designator>
      <WTC>M</WTC>
   </ICAO>
   <AFCM>
      <S>122.6</S>
      <Configuration HLid="0">
         <HLPosition>0000</HLPosition>
         <name>CLEAN</name>
         <vfe>350</vfe>
         <LGUP>
            <DPM_clean>
               <M_max>0.82</M_max>
               <scalar>9.835e-007</scalar>
               <CD_clean>
                  <d>347239.49534106691000000000</d>
                  <d>-1033265.34967377790000000000</d>
                  <d>1206497.56462617470000000000</d>
                  <d>-621479.48409048782000000000</d>
                  <d>119413.79603238584000000000</d>
                  <d>22291.88588711976300000000</d>
                  <d>30023.65988496160200000000</d>
                  <d>-16525.33439524512100000000</d>
                  <d>3682.70106628491070000000</d>
                  <d>-294.92521814851659000000</d>
                  <d>1120.89428293729680000000</d>
                  <d>11560.50783834952900000000</d>
                  <d>-18610.21819679524600000000</d>
                  <d>9774.38691796080270000000</d>
                  <d>-1650.38724731149610000000</d>
               </CD_clean>
            </DPM_clean>
            <BLM_clean>
               <Mmin>0.3</Mmin>
               <Mmax>0.82</Mmax>
               <CL_Mach0>1.3572</CL_Mach0>
               <CL_clean>
                  <bf>1.58961387939830550000</bf>
                  <bf>3.70820672763674250000</bf>
                  <bf>-28.75756549920486900000</bf>
                  <bf>52.86321024681699000000</bf>
                  <bf>-30.35558946467641700000</bf>
               </CL_clean>
            </BLM_clean>
         </LGUP>
      </Configuration>
      <Configuration HLid="1">
         <HLPosition>1800</HLPosition>
         <name>CONF 1</name>
         <vfe>230</vfe>
         <LGUP>
            <DPM_nonclean>
               <CD_nonclean>
                  <d>0.025587</d>
                  <d>-0.0092741</d>
                  <d>0.048484</d>
               </CD_nonclean>
            </DPM_nonclean>
            <BLM>
               <CL_max>1.9892</CL_max>
            </BLM>
         </LGUP>
      </Configuration>
      <Configuration HLid="2">
         <HLPosition>1810</HLPosition>
         <name>CONF 1+F</name>
         <vfe>215</vfe>
         <LGUP>
            <DPM_nonclean>
               <CD_nonclean>
                  <d>0.053945</d>
                  <d>-0.049289</d>
                  <d>0.062588</d>
               </CD_nonclean>
            </DPM_nonclean>
            <BLM>
               <CL_max>2.3901</CL_max>
            </BLM>
         </LGUP>
      </Configuration>
      <Configuration HLid="3">
         <HLPosition>2215</HLPosition>
         <name>CONF 2</name>
         <vfe>200</vfe>
         <LGUP>
            <DPM_nonclean>
               <CD_nonclean>
                  <d>0.063801</d>
                  <d>-0.048058</d>
                  <d>0.057929</d>
               </CD_nonclean>
            </DPM_nonclean>
            <BLM>
               <CL_max>2.6153</CL_max>
            </BLM>
         </LGUP>
      </Configuration>
      <Configuration HLid="4">
         <HLPosition>2220</HLPosition>
         <name>CONF 3</name>
         <vfe>185</vfe>
         <LGUP>
            <DPM_nonclean>
               <CD_nonclean>
                  <d>0.06934</d>
                  <d>-0.050765</d>
                  <d>0.058078</d>
               </CD_nonclean>
            </DPM_nonclean>
            <BLM>
               <CL_max>2.7426</CL_max>
            </BLM>
         </LGUP>
         <LGDN>
            <DPM_nonclean>
               <CD_nonclean>
                  <d>0.095134</d>
                  <d>-0.048349</d>
                  <d>0.057427</d>
               </CD_nonclean>
            </DPM_nonclean>
            <BLM>
               <CL_max>2.64</CL_max>
            </BLM>
         </LGDN>
      </Configuration>
      <Configuration HLid="5">
         <HLPosition>2740</HLPosition>
         <name>FULL</name>
         <vfe>177</vfe>
         <LGUP>
            <DPM_nonclean>
               <CD_nonclean>
                  <d>0.12413</d>
                  <d>-0.070674</d>
                  <d>0.062582</d>
               </CD_nonclean>
            </DPM_nonclean>
            <BLM>
               <CL_max>3.027</CL_max>
            </BLM>
         </LGUP>
         <LGDN>
            <DPM_nonclean>
               <CD_nonclean>
                  <d>0.14121</d>
                  <d>-0.062916</d>
                  <d>0.059906</d>
               </CD_nonclean>
            </DPM_nonclean>
            <BLM>
               <CL_max>3.0026</CL_max>
            </BLM>
         </LGDN>
      </Configuration>
   </AFCM>
   <PFM>
      <MREF>70000</MREF>
      <LHV>43217000</LHV>
      <rho>810</rho>
      <n_eng>2</n_eng>
      <TFA>10</TFA>
      <TFM>
         <CT>
            <a>0</a>
            <a>-0.10000000001426024000</a>
            <a>0</a>
            <a>0</a>
            <a>0</a>
            <a>0</a>
            <a>0.30000000000655375000</a>
            <a>0</a>
            <a>0</a>
            <a>0</a>
            <a>0</a>
            <a>0</a>
            <a>0</a>
            <a>0</a>
            <a>0</a>
            <a>0</a>
            <a>0</a>
            <a>0</a>
            <a>0</a>
            <a>0</a>
            <a>0</a>
            <a>0</a>
            <a>0</a>
            <a>0</a>
            <a>0</a>
            <a>0</a>
            <a>0</a>
            <a>0</a>
            <a>0</a>
            <a>0</a>
            <a>0</a>
            <a>0</a>
            <a>0</a>
            <a>0</a>
            <a>0</a>
            <a>0</a>
         </CT>
         <CF>
            <f>0.00859000546321592870</f>
            <f>0.93841521442768050000</f>
            <f>3.60093315236435530000</f>
            <f>-31.94582733141572500000</f>
            <f>82.19936211673412200000</f>
            <f>0.10083295840590611000</f>
            <f>0.86961226022012450000</f>
            <f>6.63113661540053640000</f>
            <f>-20.38761278474480300000</f>
            <f>15.38047941521815100000</f>
            <f>0</f>
            <f>0</f>
            <f>0</f>
            <f>0</f>
            <f>0</f>
            <f>0</f>
            <f>0</f>
            <f>0</f>
            <f>0</f>
            <f>0</f>
            <f>0</f>
            <f>0</f>
            <f>0</f>
            <f>0</f>
            <f>0</f>
         </CF>
         <MCRZ>
            <kink>10</kink>
            <flat_rating>
               <b>-0.39211590837403015000</b>
               <b>5.29138767692066910000</b>
               <b>-4.80841149593280370000</b>
               <b>0</b>
               <b>0</b>
               <b>0</b>
               <b>13.34414419959971800000</b>
               <b>-53.37851669174045800000</b>
               <b>55.41437953995230700000</b>
               <b>0</b>
               <b>0</b>
               <b>0</b>
               <b>-45.56722903688469700000</b>
               <b>201.50003140307081000000</b>
               <b>-228.91180642838233000000</b>
               <b>0</b>
               <b>0</b>
               <b>0</b>
               <b>76.98351152475888200000</b>
               <b>-383.61676284370412000000</b>
               <b>460.58068276678341000000</b>
               <b>0</b>
               <b>0</b>
               <b>0</b>
               <b>-68.05859603798869300000</b>
               <b>367.54413010380694000000</b>
               <b>-453.12831599867656000000</b>
               <b>0</b>
               <b>0</b>
               <b>0</b>
               <b>24.44469141362199200000</b>
               <b>-137.40663916464734000000</b>
               <b>170.81424728812402000000</b>
               <b>0</b>
               <b>0</b>
               <b>0</b>
            </flat_rating>
            <temp_rating>
               <c>418.61711988325646000000</c>
               <c>-1516.11583729671790000000</c>
               <c>1373.37993420394920000000</c>
               <c>0</c>
               <c>0</c>
               <c>-1654.18771183358170000000</c>
               <c>6016.75103729063180000000</c>
               <c>-5473.43186253719160000000</c>
               <c>0</c>
               <c>0</c>
               <c>2457.95004781798890000000</c>
               <c>-8950.33176313846160000000</c>
               <c>8182.45087998491090000000</c>
               <c>0</c>
               <c>0</c>
               <c>-1624.53391137600470000000</c>
               <c>5917.24307899896940000000</c>
               <c>-5437.98877623850970000000</c>
               <c>0</c>
               <c>0</c>
               <c>402.61294227281093000000</c>
               <c>-1467.27100658060390000000</c>
               <c>1355.79820475206570000000</c>
               <c>0</c>
               <c>0</c>
               <c>3.80029492669208800000</c>
               <c>-8.27811659791265160000</c>
               <c>5.63714590416614140000</c>
               <c>0</c>
               <c>0</c>
               <c>-9.62106275521283830000</c>
               <c>20.85114018389704100000</c>
               <c>-12.09356688766235000000</c>
               <c>0</c>
               <c>0</c>
               <c>8.51371790019103970000</c>
               <c>-14.64686321596117600000</c>
               <c>4.24485642710958810000</c>
               <c>0</c>
               <c>0</c>
               <c>-2.55583650596600930000</c>
               <c>2.81356943890341340000</c>
               <c>1.10070773877859350000</c>
               <c>0</c>
               <c>0</c>
            </temp_rating>
         </MCRZ>
         <MCMB>
            <kink>10</kink>
            <flat_rating>
               <b>-0.21338953224558171000</b>
               <b>4.53511465566958800000</b>
               <b>-4.03891002577692770000</b>
               <b>0</b>
               <b>0</b>
               <b>0</b>
               <b>7.50875248133118500000</b>
               <b>-30.94999777647419100000</b>
               <b>34.66795800212067000000</b>
               <b>0</b>
               <b>0</b>
               <b>0</b>
               <b>-12.29069967686292300000</b>
               <b>75.56244207489815800000</b>
               <b>-110.36535339870539000000</b>
               <b>0</b>
               <b>0</b>
               <b>0</b>
               <b>4.65192511333277190000</b>
               <b>-105.58594186670648000000</b>
               <b>194.48895793833989000000</b>
               <b>0</b>
               <b>0</b>
               <b>0</b>
               <b>0.44260488973132206000</b>
               <b>99.24844292020031800000</b>
               <b>-193.24521577782721000000</b>
               <b>0</b>
               <b>0</b>
               <b>0</b>
               <b>0.67786896253819307000</b>
               <b>-42.72268391813432200000</b>
               <b>78.32084787521640100000</b>
               <b>0</b>
               <b>0</b>
               <b>0</b>
            </flat_rating>
            <temp_rating>
               <c>13.19579813249901100000</c>
               <c>-653.35808768370794000000</c>
               <c>1037.59675110099920000000</c>
               <c>0</c>
               <c>0</c>
               <c>-88.18429929102987300000</c>
               <c>2761.34979361186560000000</c>
               <c>-4319.39940093860330000000</c>
               <c>0</c>
               <c>0</c>
               <c>186.28787128209601000000</c>
               <c>-4332.90983468897780000000</c>
               <c>6705.26287244982720000000</c>
               <c>0</c>
               <c>0</c>
               <c>-160.44434179814630000000</c>
               <c>3007.10319928162060000000</c>
               <c>-4608.81564299114140000000</c>
               <c>0</c>
               <c>0</c>
               <c>48.79240953107655100000</c>
               <c>-779.29074711111957000000</c>
               <c>1183.81125669417770000000</c>
               <c>0</c>
               <c>0</c>
               <c>8.66920338138463190000</c>
               <c>-22.69907493066161000000</c>
               <c>14.94428641871308500000</c>
               <c>0</c>
               <c>0</c>
               <c>-18.94756437703811300000</c>
               <c>46.93052064886221300000</c>
               <c>-26.48623505628074100000</c>
               <c>0</c>
               <c>0</c>
               <c>15.72287047337672100000</c>
               <c>-32.43572685345697700000</c>
               <c>10.30370706080594600000</c>
               <c>0</c>
               <c>0</c>
               <c>-4.40178068706500980000</c>
               <c>6.13858263550537940000</c>
               <c>2.13808307068993870000</c>
               <c>0</c>
               <c>0</c>
            </temp_rating>
         </MCMB>
         <LIDL>
            <CT>
               <ti>0.04808155182371897500</ti>
               <ti>-0.13232033489744391000</ti>
               <ti>0.09493448209963489800</ti>
               <ti>0.01989846174715269700</ti>
               <ti>-0.10783705523063719000</ti>
               <ti>0.26149955530235841000</ti>
               <ti>-0.02292693444401965000</ti>
               <ti>-0.27579806074397861000</ti>
               <ti>0.07007334082716604200</ti>
               <ti>-0.17906634062465385000</ti>
               <ti>-0.20118174384501902000</ti>
               <ti>0.39975314427460668000</ti>
            </CT>
            <CF>
               <fi>-0.00794108797029378400</fi>
               <fi>0.05096989412218575600</fi>
               <fi>0.01919761402217426400</fi>
               <fi>0.06800415067764434300</fi>
               <fi>-0.08279455874203586800</fi>
               <fi>-0.10507745461333130000</fi>
               <fi>-0.04899287760837637400</fi>
               <fi>0.02630584847770882400</fi>
               <fi>0.13534102640498369000</fi>
            </CF>
         </LIDL>
         <throttle>
            <low>0.6111791945</low>
            <high>1.219255804</high>
         </throttle>
      </TFM>
   </PFM>
   <OPM>
      <LGO>
         <Transition>
            <from>0</from>
            <to>1</to>
            <time>20</time>
         </Transition>
         <Transition>
            <from>1</from>
            <to>0</to>
            <time>20</time>
         </Transition>
      </LGO>
      <HLO>
         <Transition>
            <from>0</from>
            <to>1</to>
            <time>12.6</time>
         </Transition>
         <Transition>
            <from>1</from>
            <to>2</to>
            <time>5.3</time>
         </Transition>
         <Transition>
            <from>2</from>
            <to>3</to>
            <time>3.9</time>
         </Transition>
         <Transition>
            <from>3</from>
            <to>4</to>
            <time>2.5</time>
         </Transition>
         <Transition>
            <from>4</from>
            <to>5</to>
            <time>5.9</time>
         </Transition>
         <Transition>
            <from>5</from>
            <to>4</to>
            <time>5.4</time>
         </Transition>
         <Transition>
            <from>4</from>
            <to>3</to>
            <time>2.4</time>
         </Transition>
         <Transition>
            <from>3</from>
            <to>2</to>
            <time>3.9</time>
         </Transition>
         <Transition>
            <from>2</from>
            <to>1</to>
            <time>2</time>
         </Transition>
         <Transition>
            <from>1</from>
            <to>0</to>
            <time>10.5</time>
         </Transition>
      </HLO>
   </OPM>
   <ALM>
      <GLM>
         <hmo>39800</hmo>
         <mfa>20000</mfa>
      </GLM>
      <KLM>
         <mmo>0.82</mmo>
         <vmo>350</vmo>
         <mle>0.67</mle>
         <vle>280</vle>
         <vloe>250</vloe>
         <vlor>220</vlor>
      </KLM>
      <ELM>
         <Tmin_f>
            <point>
               <Hp>-2000</Hp>
               <DeltaT>-73</DeltaT>
            </point>
            <point>
               <Hp>18246</Hp>
               <DeltaT>-32.9</DeltaT>
            </point>
            <point>
               <Hp>36089</Hp>
               <DeltaT>-11.2</DeltaT>
            </point>
            <point>
               <Hp>39100</Hp>
               <DeltaT>-13.5</DeltaT>
            </point>
            <point>
               <Hp>39800</Hp>
               <DeltaT>-14</DeltaT>
            </point>
         </Tmin_f>
         <Tmax_f>
            <point>
               <Hp>-2000</Hp>
               <DeltaT>36</DeltaT>
            </point>
            <point>
               <Hp>0</Hp>
               <DeltaT>40</DeltaT>
            </point>
            <point>
               <Hp>14100</Hp>
               <DeltaT>40</DeltaT>
            </point>
            <point>
               <Hp>14101</Hp>
               <DeltaT>35</DeltaT>
            </point>
            <point>
               <Hp>36089</Hp>
               <DeltaT>35</DeltaT>
            </point>
            <point>
               <Hp>39800</Hp>
               <DeltaT>27.6</DeltaT>
            </point>
         </Tmax_f>
         <Tmin_g>
            <point>
               <Hp>-2000</Hp>
               <DeltaT>-73</DeltaT>
            </point>
            <point>
               <Hp>14100</Hp>
               <DeltaT>-41.1</DeltaT>
            </point>
         </Tmin_g>
         <Tmax_g>
            <point>
               <Hp>-2000</Hp>
               <DeltaT>36</DeltaT>
            </point>
            <point>
               <Hp>0</Hp>
               <DeltaT>40</DeltaT>
            </point>
            <point>
               <Hp>14100</Hp>
               <DeltaT>40</DeltaT>
            </point>
         </Tmax_g>
      </ELM>
      <DLM>
         <MTW>70400</MTW>
         <MTOW>70000</MTOW>
         <MLW>61000</MLW>
         <MZFW>57000</MZFW>
         <OEW>39000</OEW>
         <MPL>18000</MPL>
         <MFL>18394</MFL>
         <n1>2.5</n1>
         <n3>-1</n3>
         <nf1>2</nf1>
         <nf3>0</nf3>
      </DLM>
   </ALM>
   <Ground>
      <Dimensions>
         <span>34.10</span>
         <length>33.84</length>
      </Dimensions>
      <Runway>
         <TOL>1820</TOL>
         <LDL>1470</LDL>
      </Runway>
   </Ground>
   <ARPM>
      <AeroConfSchedule>
         <AeroPhase>
            <name>TO</name>
            <HLid>3</HLid>
            <LG>UP</LG>
         </AeroPhase>
         <AeroPhase>
            <name>IC</name>
            <HLid>2</HLid>
            <LG>UP</LG>
         </AeroPhase>
         <AeroPhase>
            <name>CR</name>
            <HLid>0</HLid>
            <LG>UP</LG>
         </AeroPhase>
         <AeroPhase>
            <name>AP</name>
            <HLid>3</HLid>
            <LG>UP</LG>
         </AeroPhase>
         <AeroPhase>
            <name>LD</name>
            <HLid>5</HLid>
            <LG>DN</LG>
         </AeroPhase>
      </AeroConfSchedule>
      <SpeedScheduleList>
         <SpeedSchedule>
            <CompanyName>Default</CompanyName>
            <SpeedPhase>
               <name>Climb</name>
               <CAS1>310</CAS1>
               <CAS2>310</CAS2>
               <M>0.78</M>
            </SpeedPhase>
            <SpeedPhase>
               <name>Cruise</name>
               <CAS1>250</CAS1>
               <CAS2>300</CAS2>
               <M>0.78</M>
            </SpeedPhase>
            <SpeedPhase>
               <name>Descent</name>
               <CAS1>300</CAS1>
               <CAS2>300</CAS2>
               <M>0.79</M>
            </SpeedPhase>
         </SpeedSchedule>
      </SpeedScheduleList>
   </ARPM>
</bada40:ACM>