<?xml version="1.0" encoding="utf-8"?>
<bada40:ACM xmlns:bada40="http://www.eurocontrol.int/eec/public/standard_page/bada40">
   <model>A340-541</model>
   <type>JET</type>
   <engine>RR TRENT 553</engine>
   <description/>
   <ICAO>
      <designator>A345</designator>
      <WTC>H</WTC>
   </ICAO>
   <AFCM>
      <S>437</S>
      <Configuration HLid="0">
         <HLPosition>0000</HLPosition>
         <name>CLEAN</name>
         <vfe>330</vfe>
         <LGUP>
            <DPM_clean>
               <M_max>0.86</M_max>
               <scalar>9.835e-007</scalar>
               <CD_clean>
                  <d>83481.29539538038100000000</d>
                  <d>-126916.49866962030000000000</d>
                  <d>79328.98865516780600000000</d>
                  <d>-20221.59786650622500000000</d>
                  <d>2308.24624352746060000000</d>
                  <d>5240.18704700125910000000</d>
                  <d>40945.51926256663900000000</d>
                  <d>-15989.81968652376400000000</d>
                  <d>2320.14336472508240000000</d>
                  <d>-113.22278013356051000000</d>
                  <d>7119.47661477035850000000</d>
                  <d>-2650.42569177551560000000</d>
                  <d>5318.64520145797180000000</d>
                  <d>-3407.99278376018630000000</d>
                  <d>707.83984881113429000000</d>
               </CD_clean>
            </DPM_clean>
            <BLM_clean>
               <Mmin>0.33</Mmin>
               <Mmax>0.86</Mmax>
               <CL_Mach0>1.3832</CL_Mach0>
               <CL_clean>
                  <bf>0.70796932173300686000</bf>
                  <bf>6.69014017741148240000</bf>
                  <bf>-25.74826252930844100000</bf>
                  <bf>35.92660466201282800000</bf>
                  <bf>-17.23581156967060200000</bf>
               </CL_clean>
            </BLM_clean>
         </LGUP>
      </Configuration>
      <Configuration HLid="1">
         <HLPosition>2000</HLPosition>
         <name>CONF 1</name>
         <vfe>280</vfe>
         <LGUP>
            <DPM_nonclean>
               <CD_nonclean>
                  <d>0.02276</d>
                  <d>-0.023042</d>
                  <d>0.063537</d>
               </CD_nonclean>
            </DPM_nonclean>
            <BLM>
               <CL_max>2.0028</CL_max>
            </BLM>
         </LGUP>
      </Configuration>
      <Configuration HLid="2">
         <HLPosition>2017</HLPosition>
         <name>CONF 1+F</name>
         <vfe>233</vfe>
         <LGUP>
            <DPM_nonclean>
               <CD_nonclean>
                  <d>0.060485</d>
                  <d>-0.073011</d>
                  <d>0.077462</d>
               </CD_nonclean>
            </DPM_nonclean>
            <BLM>
               <CL_max>2.272</CL_max>
            </BLM>
         </LGUP>
      </Configuration>
      <Configuration HLid="3">
         <HLPosition>2322</HLPosition>
         <name>CONF 2</name>
         <vfe>216</vfe>
         <LGUP>
            <DPM_nonclean>
               <CD_nonclean>
                  <d>0.071321</d>
                  <d>-0.068704</d>
                  <d>0.070436</d>
               </CD_nonclean>
            </DPM_nonclean>
            <BLM>
               <CL_max>2.4088</CL_max>
            </BLM>
         </LGUP>
      </Configuration>
      <Configuration HLid="4">
         <HLPosition>2329</HLPosition>
         <name>CONF 3</name>
         <vfe>206</vfe>
         <LGUP>
            <DPM_nonclean>
               <CD_nonclean>
                  <d>0.083242</d>
                  <d>-0.082164</d>
                  <d>0.07643</d>
               </CD_nonclean>
            </DPM_nonclean>
            <BLM>
               <CL_max>2.4619</CL_max>
            </BLM>
         </LGUP>
         <LGDN>
            <DPM_nonclean>
               <CD_nonclean>
                  <d>0.10005</d>
                  <d>-0.078894</d>
                  <d>0.076668</d>
               </CD_nonclean>
            </DPM_nonclean>
            <BLM>
               <CL_max>2.4531</CL_max>
            </BLM>
         </LGDN>
      </Configuration>
      <Configuration HLid="5">
         <HLPosition>2334</HLPosition>
         <name>FULL</name>
         <vfe>200</vfe>
         <LGUP>
            <DPM_nonclean>
               <CD_nonclean>
                  <d>0.085329</d>
                  <d>-0.064416</d>
                  <d>0.065409</d>
               </CD_nonclean>
            </DPM_nonclean>
            <BLM>
               <CL_max>2.5168</CL_max>
            </BLM>
         </LGUP>
         <LGDN>
            <DPM_nonclean>
               <CD_nonclean>
                  <d>0.1031</d>
                  <d>-0.064344</d>
                  <d>0.067141</d>
               </CD_nonclean>
            </DPM_nonclean>
            <BLM>
               <CL_max>2.5168</CL_max>
            </BLM>
         </LGDN>
      </Configuration>
   </AFCM>
   <PFM>
      <MREF>372000</MREF>
      <LHV>43217000</LHV>
      <rho>810</rho>
      <n_eng>4</n_eng>
      <TFA>35</TFA>
      <TFM>
         <CT>
            <a>0</a>
            <a>-0.10000000000221605000</a>
            <a>0</a>
            <a>0</a>
            <a>0</a>
            <a>0</a>
            <a>0.30000000000125082000</a>
            <a>0</a>
            <a>0</a>
            <a>0</a>
            <a>0</a>
            <a>0</a>
            <a>0</a>
            <a>0</a>
            <a>0</a>
            <a>0</a>
            <a>0</a>
            <a>0</a>
            <a>0</a>
            <a>0</a>
            <a>0</a>
            <a>0</a>
            <a>0</a>
            <a>0</a>
            <a>0</a>
            <a>0</a>
            <a>0</a>
            <a>0</a>
            <a>0</a>
            <a>0</a>
            <a>0</a>
            <a>0</a>
            <a>0</a>
            <a>0</a>
            <a>0</a>
            <a>0</a>
         </CT>
         <CF>
            <f>-0.00119592276287642340</f>
            <f>2.19686166873507730000</f>
            <f>-23.84321659684210500000</f>
            <f>139.78480211537999000000</f>
            <f>-235.03875092788900000000</f>
            <f>0.06582577630561201000</f>
            <f>-1.55511621391231960000</f>
            <f>58.66098071039803600000</f>
            <f>-376.42561539641696000000</f>
            <f>751.23840238647460000000</f>
            <f>0</f>
            <f>0</f>
            <f>0</f>
            <f>0</f>
            <f>0</f>
            <f>0</f>
            <f>0</f>
            <f>0</f>
            <f>0</f>
            <f>0</f>
            <f>0</f>
            <f>0</f>
            <f>0</f>
            <f>0</f>
            <f>0</f>
         </CF>
         <MCRZ>
            <kink>10</kink>
            <flat_rating>
               <b>-4.57531578049383030000</b>
               <b>14.33191456299411300000</b>
               <b>-11.07581198066782400000</b>
               <b>0</b>
               <b>0</b>
               <b>0</b>
               <b>42.04191321731993000000</b>
               <b>-121.96664956693893000000</b>
               <b>110.28940999462185000000</b>
               <b>0</b>
               <b>0</b>
               <b>0</b>
               <b>-143.86088079649153000000</b>
               <b>462.83234475813958000000</b>
               <b>-458.49692647861474000000</b>
               <b>0</b>
               <b>0</b>
               <b>0</b>
               <b>251.92128501880151000000</b>
               <b>-882.71578130078342000000</b>
               <b>913.53855761305135000000</b>
               <b>0</b>
               <b>0</b>
               <b>0</b>
               <b>-218.54135114404380000000</b>
               <b>811.45270889818312000000</b>
               <b>-857.38834136491107000000</b>
               <b>0</b>
               <b>0</b>
               <b>0</b>
               <b>73.87569413037957100000</b>
               <b>-284.99171706699531000000</b>
               <b>304.09646300431064000000</b>
               <b>0</b>
               <b>0</b>
               <b>0</b>
            </flat_rating>
            <temp_rating>
               <c>244.25890286093744000000</c>
               <c>-1100.78192146573310000000</c>
               <c>998.55802145003327000000</c>
               <c>0</c>
               <c>0</c>
               <c>-905.48478878355684000000</c>
               <c>4112.69570421750180000000</c>
               <c>-3686.47828841293090000000</c>
               <c>0</c>
               <c>0</c>
               <c>1246.80014105908500000000</c>
               <c>-5697.22546272282760000000</c>
               <c>5043.11340633806870000000</c>
               <c>0</c>
               <c>0</c>
               <c>-754.07760906842441000000</c>
               <c>3457.54589903559960000000</c>
               <c>-3014.64758681959260000000</c>
               <c>0</c>
               <c>0</c>
               <c>168.16708680097639000000</c>
               <c>-773.51311506595175000000</c>
               <c>661.54074154038778000000</c>
               <c>0</c>
               <c>0</c>
               <c>2.28958881802494660000</c>
               <c>10.55809814106877600000</c>
               <c>-8.28115350752773520000</c>
               <c>0</c>
               <c>0</c>
               <c>-1.34551135923826410000</c>
               <c>-22.95959760408959800000</c>
               <c>9.88170878696163870000</c>
               <c>0</c>
               <c>0</c>
               <c>-0.47678288334078278000</c>
               <c>19.56913272228988300000</c>
               <c>-0.41357772578764884000</c>
               <c>0</c>
               <c>0</c>
               <c>0.60298699788522692000</c>
               <c>-6.04372507201935960000</c>
               <c>-2.84407805575968900000</c>
               <c>0</c>
               <c>0</c>
            </temp_rating>
         </MCRZ>
         <MCMB>
            <kink>10</kink>
            <flat_rating>
               <b>-3.17405595936081800000</b>
               <b>10.51330565688502200000</b>
               <b>-8.33366428783290840000</b>
               <b>0</b>
               <b>0</b>
               <b>0</b>
               <b>29.76609515367813300000</b>
               <b>-84.58389012612323700000</b>
               <b>81.79672003920158800000</b>
               <b>0</b>
               <b>0</b>
               <b>0</b>
               <b>-98.90153762448854000000</b>
               <b>318.15101743516669000000</b>
               <b>-344.14329464389857000000</b>
               <b>0</b>
               <b>0</b>
               <b>0</b>
               <b>173.50739044050044000000</b>
               <b>-622.42466408447024000000</b>
               <b>704.70332937119986000000</b>
               <b>0</b>
               <b>0</b>
               <b>0</b>
               <b>-153.64260046272895000000</b>
               <b>592.39491500601059000000</b>
               <b>-681.09910240435238000000</b>
               <b>0</b>
               <b>0</b>
               <b>0</b>
               <b>53.33898899912689700000</b>
               <b>-215.11639388020660000000</b>
               <b>248.08399694273604000000</b>
               <b>0</b>
               <b>0</b>
               <b>0</b>
            </flat_rating>
            <temp_rating>
               <c>-45.46242924292578600000</c>
               <c>40.31979561644456600000</c>
               <c>-35.69220662053285800000</c>
               <c>0</c>
               <c>0</c>
               <c>246.74885763168106000000</c>
               <c>-422.62314067275707000000</c>
               <c>421.35117942309836000000</c>
               <c>0</c>
               <c>0</c>
               <c>-466.89333185914120000000</c>
               <c>1048.13205301108380000000</c>
               <c>-1065.78856397017330000000</c>
               <c>0</c>
               <c>0</c>
               <c>375.45303540546530000000</c>
               <c>-988.71162982345879000000</c>
               <c>1013.71657945220070000000</c>
               <c>0</c>
               <c>0</c>
               <c>-110.34884833293503000000</c>
               <c>323.03739638638717000000</c>
               <c>-332.84479994513617000000</c>
               <c>0</c>
               <c>0</c>
               <c>3.54803468088009130000</c>
               <c>3.00083377010586360000</c>
               <c>-1.08852682919166050000</c>
               <c>0</c>
               <c>0</c>
               <c>-3.90742182496882550000</c>
               <c>-7.75579736766697620000</c>
               <c>-5.47670368792305680000</c>
               <c>0</c>
               <c>0</c>
               <c>2.08867704933645280000</c>
               <c>4.26876699950455670000</c>
               <c>16.12361892098718700000</c>
               <c>0</c>
               <c>0</c>
               <c>-0.41445432430944845000</c>
               <c>0.00444437759854257340</c>
               <c>-9.72789986306992740000</c>
               <c>0</c>
               <c>0</c>
            </temp_rating>
         </MCMB>
         <LIDL>
            <CT>
               <ti>0.05665633940313631600</ti>
               <ti>-0.29768993917764908000</ti>
               <ti>0.58753149750598410000</ti>
               <ti>-0.34250308524090051000</ti>
               <ti>-0.16946683428829834000</ti>
               <ti>1.01504179858138350000</ti>
               <ti>-2.16168441061384620000</ti>
               <ti>1.32353414554536620000</ti>
               <ti>0.14171121088724106000</ti>
               <ti>-0.96545878258579265000</ti>
               <ti>2.13832809380688000000</ti>
               <ti>-1.36523059866210250000</ti>
            </CT>
            <CF>
               <fi>-0.00634792814113651490</fi>
               <fi>0.04601809575817866100</fi>
               <fi>0.06066067350583160400</fi>
               <fi>0.02068677014868798900</fi>
               <fi>0.01116537853324497800</fi>
               <fi>-0.38424845443552924000</fi>
               <fi>-0.00572444742217928250</fi>
               <fi>-0.06767817822969525400</fi>
               <fi>0.44920359272748200000</fi>
            </CF>
         </LIDL>
         <throttle>
            <low>0.4494230221</low>
            <high>1.095405049</high>
         </throttle>
      </TFM>
   </PFM>
   <OPM>
      <LGO>
         <Transition>
            <from>0</from>
            <to>1</to>
            <time>20</time>
         </Transition>
         <Transition>
            <from>1</from>
            <to>0</to>
            <time>20</time>
         </Transition>
      </LGO>
      <HLO>
         <Transition>
            <from>0</from>
            <to>1</to>
            <time>11.6</time>
         </Transition>
         <Transition>
            <from>1</from>
            <to>2</to>
            <time>10</time>
         </Transition>
         <Transition>
            <from>2</from>
            <to>3</to>
            <time>7.2</time>
         </Transition>
         <Transition>
            <from>3</from>
            <to>4</to>
            <time>2.1</time>
         </Transition>
         <Transition>
            <from>4</from>
            <to>5</to>
            <time>1.6</time>
         </Transition>
         <Transition>
            <from>5</from>
            <to>4</to>
            <time>1.6</time>
         </Transition>
         <Transition>
            <from>4</from>
            <to>3</to>
            <time>1.4</time>
         </Transition>
         <Transition>
            <from>3</from>
            <to>2</to>
            <time>1.8</time>
         </Transition>
         <Transition>
            <from>2</from>
            <to>1</to>
            <time>4</time>
         </Transition>
         <Transition>
            <from>1</from>
            <to>0</to>
            <time>11.6</time>
         </Transition>
      </HLO>
   </OPM>
   <ALM>
      <GLM>
         <hmo>41500</hmo>
         <mfa>20000</mfa>
      </GLM>
      <KLM>
         <mmo>0.86</mmo>
         <vmo>330</vmo>
         <mle>0.55</mle>
         <vle>250</vle>
         <mlo>0.55</mlo>
         <vloe>250</vloe>
         <vlor>250</vlor>
      </KLM>
      <ELM>
         <Tmin_f>
            <point>
               <Hp>-2000</Hp>
               <DeltaT>-81</DeltaT>
            </point>
            <point>
               <Hp>0</Hp>
               <DeltaT>-77</DeltaT>
            </point>
            <point>
               <Hp>32500</Hp>
               <DeltaT>-30.6</DeltaT>
            </point>
            <point>
               <Hp>36089</Hp>
               <DeltaT>-23.5</DeltaT>
            </point>
            <point>
               <Hp>41500</Hp>
               <DeltaT>-23.5</DeltaT>
            </point>
         </Tmin_f>
         <Tmax_f>
            <point>
               <Hp>-2000</Hp>
               <DeltaT>36</DeltaT>
            </point>
            <point>
               <Hp>0</Hp>
               <DeltaT>40</DeltaT>
            </point>
            <point>
               <Hp>16600</Hp>
               <DeltaT>40</DeltaT>
            </point>
            <point>
               <Hp>16601</Hp>
               <DeltaT>35</DeltaT>
            </point>
            <point>
               <Hp>36089</Hp>
               <DeltaT>35</DeltaT>
            </point>
            <point>
               <Hp>41500</Hp>
               <DeltaT>24.3</DeltaT>
            </point>
         </Tmax_f>
         <Tmin_g>
            <point>
               <Hp>-2000</Hp>
               <DeltaT>-73</DeltaT>
            </point>
            <point>
               <Hp>6000</Hp>
               <DeltaT>-57.1</DeltaT>
            </point>
            <point>
               <Hp>14600</Hp>
               <DeltaT>-18.1</DeltaT>
            </point>
         </Tmin_g>
         <Tmax_g>
            <point>
               <Hp>-2000</Hp>
               <DeltaT>36</DeltaT>
            </point>
            <point>
               <Hp>0</Hp>
               <DeltaT>40</DeltaT>
            </point>
            <point>
               <Hp>14600</Hp>
               <DeltaT>40</DeltaT>
            </point>
         </Tmax_g>
      </ELM>
      <DLM>
         <MTW>373200</MTW>
         <MTOW>372000</MTOW>
         <MLW>243000</MLW>
         <MZFW>230000</MZFW>
         <OEW>182800</OEW>
         <MPL>47200</MPL>
         <MFL>174400</MFL>
         <n1>2.5</n1>
         <n3>-1</n3>
         <nf1>2</nf1>
         <nf3>0</nf3>
      </DLM>
   </ALM>
   <Ground>
      <Dimensions>
         <span>63.449</span>
         <length>67.929</length>
      </Dimensions>
      <Runway>
         <TOL>3130</TOL>
         <LDL>2100</LDL>
      </Runway>
   </Ground>
   <ARPM>
      <AeroConfSchedule>
         <AeroPhase>
            <name>TO</name>
            <HLid>3</HLid>
            <LG>UP</LG>
         </AeroPhase>
         <AeroPhase>
            <name>IC</name>
            <HLid>2</HLid>
            <LG>UP</LG>
         </AeroPhase>
         <AeroPhase>
            <name>CR</name>
            <HLid>0</HLid>
            <LG>UP</LG>
         </AeroPhase>
         <AeroPhase>
            <name>AP</name>
            <HLid>3</HLid>
            <LG>UP</LG>
         </AeroPhase>
         <AeroPhase>
            <name>LD</name>
            <HLid>5</HLid>
            <LG>DN</LG>
         </AeroPhase>
      </AeroConfSchedule>
      <SpeedScheduleList>
         <SpeedSchedule>
            <CompanyName>Default</CompanyName>
            <SpeedPhase>
               <name>Climb</name>
               <CAS1>310</CAS1>
               <CAS2>310</CAS2>
               <M>0.81</M>
            </SpeedPhase>
            <SpeedPhase>
               <name>Cruise</name>
               <CAS1>250</CAS1>
               <CAS2>310</CAS2>
               <M>0.83</M>
            </SpeedPhase>
            <SpeedPhase>
               <name>Descent</name>
               <CAS1>310</CAS1>
               <CAS2>310</CAS2>
               <M>0.83</M>
            </SpeedPhase>
         </SpeedSchedule>
      </SpeedScheduleList>
   </ARPM>
</bada40:ACM>