<?xml version="1.0" encoding="utf-8"?>
<bada40:ACM xmlns:bada40="http://www.eurocontrol.int/eec/public/standard_page/bada40">
   <model>EMB-145ER</model>
   <type>JET</type>
   <engine>AE3007A1</engine>
   <description/>
   <ICAO>
      <designator>E145</designator>
      <WTC>M</WTC>
   </ICAO>
   <AFCM>
      <S>51.18</S>
      <Configuration HLid="0">
         <HLPosition>0000</HLPosition>
         <name>flaps 0</name>
         <vfe>320</vfe>
         <LGUP>
            <DPM_clean>
               <M_max>0.78</M_max>
               <scalar>9.835e-007</scalar>
               <CD_clean>
                  <d>-900341.05374979984000000000</d>
                  <d>3021526.10816662850000000000</d>
                  <d>-3694868.51393070260000000000</d>
                  <d>1985676.02449805960000000000</d>
                  <d>-395170.29229364160000000000</d>
                  <d>150146.22493537562000000000</d>
                  <d>-227197.88090793090000000000</d>
                  <d>178809.34791150835000000000</d>
                  <d>-55530.46287057747400000000</d>
                  <d>5891.17561835264500000000</d>
                  <d>-758.58764964299507000000</d>
                  <d>30724.00853360177300000000</d>
                  <d>-67979.51828099929800000000</d>
                  <d>49605.75281543011800000000</d>
                  <d>-11884.75863647307400000000</d>
               </CD_clean>
            </DPM_clean>
            <BLM_clean>
               <Mmin>0.3</Mmin>
               <Mmax>0.78</Mmax>
               <CL_Mach0>1.4581</CL_Mach0>
               <CL_clean>
                  <bf>1.14146908511947000000</bf>
                  <bf>-0.67183259687720809000</bf>
                  <bf>5.19973570205319290000</bf>
                  <bf>-10.00849884219613100000</bf>
                  <bf>4.29901219332948340000</bf>
               </CL_clean>
            </BLM_clean>
         </LGUP>
      </Configuration>
      <Configuration HLid="1">
         <HLPosition>0009</HLPosition>
         <name>flaps 9</name>
         <vfe>250</vfe>
         <LGUP>
            <DPM_nonclean>
               <CD_nonclean>
                  <d>0.044109</d>
                  <d>-0.014172</d>
                  <d>0.046174</d>
               </CD_nonclean>
            </DPM_nonclean>
            <BLM>
               <CL_max>1.781</CL_max>
            </BLM>
         </LGUP>
         <LGDN>
            <DPM_nonclean>
               <CD_nonclean>
                  <d>0.064109</d>
                  <d>-0.014172</d>
                  <d>0.046174</d>
               </CD_nonclean>
            </DPM_nonclean>
            <BLM>
               <CL_max>1.7457</CL_max>
            </BLM>
         </LGDN>
      </Configuration>
      <Configuration HLid="2">
         <HLPosition>0018</HLPosition>
         <name>flaps 18</name>
         <vfe>200</vfe>
         <LGUP>
            <DPM_nonclean>
               <CD_nonclean>
                  <d>0.060309</d>
                  <d>-0.020103</d>
                  <d>0.049986</d>
               </CD_nonclean>
            </DPM_nonclean>
            <BLM>
               <CL_max>1.9862</CL_max>
            </BLM>
         </LGUP>
         <LGDN>
            <DPM_nonclean>
               <CD_nonclean>
                  <d>0.080309</d>
                  <d>-0.020103</d>
                  <d>0.049986</d>
               </CD_nonclean>
            </DPM_nonclean>
            <BLM>
               <CL_max>1.9373</CL_max>
            </BLM>
         </LGDN>
      </Configuration>
      <Configuration HLid="3">
         <HLPosition>0022</HLPosition>
         <name>flaps 22</name>
         <vfe>200</vfe>
         <LGUP>
            <DPM_nonclean>
               <CD_nonclean>
                  <d>0.06595</d>
                  <d>-0.022644</d>
                  <d>0.051681</d>
               </CD_nonclean>
            </DPM_nonclean>
            <BLM>
               <CL_max>2.0056</CL_max>
            </BLM>
         </LGUP>
         <LGDN>
            <DPM_nonclean>
               <CD_nonclean>
                  <d>0.08595</d>
                  <d>-0.022644</d>
                  <d>0.051681</d>
               </CD_nonclean>
            </DPM_nonclean>
            <BLM>
               <CL_max>1.9559</CL_max>
            </BLM>
         </LGDN>
      </Configuration>
      <Configuration HLid="4">
         <HLPosition>0045</HLPosition>
         <name>flaps 45</name>
         <vfe>145</vfe>
         <LGDN>
            <DPM_nonclean>
               <CD_nonclean>
                  <d>0.12217</d>
                  <d>-0.039589</d>
                  <d>0.061424</d>
               </CD_nonclean>
            </DPM_nonclean>
            <BLM>
               <CL_max>1.9862</CL_max>
            </BLM>
         </LGDN>
      </Configuration>
   </AFCM>
   <PFM>
      <MREF>22000</MREF>
      <LHV>43217000</LHV>
      <rho>810</rho>
      <n_eng>2</n_eng>
      <TFA>7.3</TFA>
      <TFM>
         <CT>
            <a>0</a>
            <a>-0.10000000000493615000</a>
            <a>0</a>
            <a>0</a>
            <a>0</a>
            <a>0</a>
            <a>0.30000000000161853000</a>
            <a>0</a>
            <a>0</a>
            <a>0</a>
            <a>0</a>
            <a>0</a>
            <a>0</a>
            <a>0</a>
            <a>0</a>
            <a>0</a>
            <a>0</a>
            <a>0</a>
            <a>0</a>
            <a>0</a>
            <a>0</a>
            <a>0</a>
            <a>0</a>
            <a>0</a>
            <a>0</a>
            <a>0</a>
            <a>0</a>
            <a>0</a>
            <a>0</a>
            <a>0</a>
            <a>0</a>
            <a>0</a>
            <a>0</a>
            <a>0</a>
            <a>0</a>
            <a>0</a>
         </CT>
         <CF>
            <f>0.00382690426024433420</f>
            <f>1.97170129673311310000</f>
            <f>-19.72590962542115600000</f>
            <f>103.71384561001784000000</f>
            <f>-151.82198606291482000000</f>
            <f>0.25355956144862901000</f>
            <f>-1.63929828764408940000</f>
            <f>61.37091322127656700000</f>
            <f>-302.62845735953607000000</f>
            <f>448.34019290567534000000</f>
            <f>0</f>
            <f>0</f>
            <f>0</f>
            <f>0</f>
            <f>0</f>
            <f>0</f>
            <f>0</f>
            <f>0</f>
            <f>0</f>
            <f>0</f>
            <f>0</f>
            <f>0</f>
            <f>0</f>
            <f>0</f>
            <f>0</f>
         </CF>
         <MCMB>
            <kink>8</kink>
            <flat_rating>
               <b>-5.43047540351689230000</b>
               <b>15.47231294915810400000</b>
               <b>0</b>
               <b>0</b>
               <b>0</b>
               <b>0</b>
               <b>67.83074127104066500000</b>
               <b>-151.52292170933535000000</b>
               <b>0</b>
               <b>0</b>
               <b>0</b>
               <b>0</b>
               <b>-248.72519222111939000000</b>
               <b>546.08214193111780000000</b>
               <b>0</b>
               <b>0</b>
               <b>0</b>
               <b>0</b>
               <b>424.83774747378993000000</b>
               <b>-939.52841435578057000000</b>
               <b>0</b>
               <b>0</b>
               <b>0</b>
               <b>0</b>
               <b>-346.26566236764234000000</b>
               <b>775.91373255789040000000</b>
               <b>0</b>
               <b>0</b>
               <b>0</b>
               <b>0</b>
               <b>108.76788076661840000000</b>
               <b>-247.23811226078902000000</b>
               <b>0</b>
               <b>0</b>
               <b>0</b>
               <b>0</b>
            </flat_rating>
            <temp_rating>
               <c>-187.73903358757948000000</c>
               <c>341.25728583988956000000</c>
               <c>0</c>
               <c>0</c>
               <c>0</c>
               <c>795.10803989661918000000</c>
               <c>-1422.19238881023380000000</c>
               <c>0</c>
               <c>0</c>
               <c>0</c>
               <c>-1239.33506706299840000000</c>
               <c>2215.36963699311260000000</c>
               <c>0</c>
               <c>0</c>
               <c>0</c>
               <c>850.44411761026913000000</c>
               <c>-1529.34287538409760000000</c>
               <c>0</c>
               <c>0</c>
               <c>0</c>
               <c>-217.52575122574038000000</c>
               <c>394.73303372661121000000</c>
               <c>0</c>
               <c>0</c>
               <c>0</c>
               <c>-0.28698792541845486000</c>
               <c>-0.46084886997551755000</c>
               <c>0</c>
               <c>0</c>
               <c>0</c>
               <c>-1.55747750753648860000</c>
               <c>5.91737616798490060000</c>
               <c>0</c>
               <c>0</c>
               <c>0</c>
               <c>4.27429569890308510000</c>
               <c>-11.66382613332431000000</c>
               <c>0</c>
               <c>0</c>
               <c>0</c>
               <c>-2.52433814653063760000</c>
               <c>6.32779820757230380000</c>
               <c>0</c>
               <c>0</c>
               <c>0</c>
            </temp_rating>
         </MCMB>
         <LIDL>
            <CT>
               <ti>0.19350539284191581000</ti>
               <ti>-0.60661265943472009000</ti>
               <ti>0.24667545694944976000</ti>
               <ti>0.40006212163814536000</ti>
               <ti>-0.35578735325071065000</ti>
               <ti>0.09300710157318571600</ti>
               <ti>3.63960069126669030000</ti>
               <ti>-4.63303202463842020000</ti>
               <ti>-0.01230459613907057400</ti>
               <ti>2.37291215853377760000</ti>
               <ti>-9.14783138221806350000</ti>
               <ti>8.40805814782304320000</ti>
            </CT>
            <CF>
               <fi>0.10963955795225667000</fi>
               <fi>-0.19533447254290096000</fi>
               <fi>0.24625121858617316000</fi>
               <fi>-0.24694021717132042000</fi>
               <fi>0.77277047084320993000</fi>
               <fi>-1.05588989294837180000</fi>
               <fi>0.21949788181552418000</fi>
               <fi>-0.78787412141778579000</fi>
               <fi>1.47695357920734850000</fi>
            </CF>
         </LIDL>
         <throttle>
            <low>0.5747482082</low>
            <high>1.381378405</high>
         </throttle>
      </TFM>
   </PFM>
   <OPM>
      <LGO>
         <Transition>
            <from>0</from>
            <to>1</to>
            <time>15</time>
         </Transition>
         <Transition>
            <from>1</from>
            <to>0</to>
            <time>10</time>
         </Transition>
      </LGO>
      <HLO>
         <Transition>
            <from>0</from>
            <to>1</to>
            <time>3</time>
         </Transition>
         <Transition>
            <from>1</from>
            <to>2</to>
            <time>2.5</time>
         </Transition>
         <Transition>
            <from>2</from>
            <to>3</to>
            <time>1.5</time>
         </Transition>
         <Transition>
            <from>3</from>
            <to>4</to>
            <time>7</time>
         </Transition>
         <Transition>
            <from>4</from>
            <to>3</to>
            <time>7</time>
         </Transition>
         <Transition>
            <from>3</from>
            <to>2</to>
            <time>1.5</time>
         </Transition>
         <Transition>
            <from>2</from>
            <to>1</to>
            <time>2.5</time>
         </Transition>
         <Transition>
            <from>1</from>
            <to>0</to>
            <time>3</time>
         </Transition>
      </HLO>
   </OPM>
   <ALM>
      <GLM>
         <hmo>37000</hmo>
         <mfa>20000</mfa>
      </GLM>
      <KLM>
         <mmo>0.78</mmo>
         <vmo>320</vmo>
         <vle>250</vle>
         <vloe>250</vloe>
         <vlor>200</vlor>
      </KLM>
      <ELM>
         <Tmin_f>
            <point>
               <Hp>-1000</Hp>
               <DeltaT>-71</DeltaT>
            </point>
            <point>
               <Hp>25000</Hp>
               <DeltaT>-19.5</DeltaT>
            </point>
            <point>
               <Hp>36089</Hp>
               <DeltaT>-7.7</DeltaT>
            </point>
            <point>
               <Hp>37000</Hp>
               <DeltaT>-8.5</DeltaT>
            </point>
         </Tmin_f>
         <Tmax_f>
            <point>
               <Hp>-1000</Hp>
               <DeltaT>35</DeltaT>
            </point>
            <point>
               <Hp>37000</Hp>
               <DeltaT>35</DeltaT>
            </point>
         </Tmax_f>
         <Tmin_g>
            <point>
               <Hp>-1000</Hp>
               <DeltaT>-57</DeltaT>
            </point>
            <point>
               <Hp>8000</Hp>
               <DeltaT>-39.2</DeltaT>
            </point>
         </Tmin_g>
         <Tmax_g>
            <point>
               <Hp>-1000</Hp>
               <DeltaT>35</DeltaT>
            </point>
            <point>
               <Hp>8000</Hp>
               <DeltaT>35</DeltaT>
            </point>
         </Tmax_g>
      </ELM>
      <DLM>
         <MTW>20700</MTW>
         <MTOW>20600</MTOW>
         <MLW>18700</MLW>
         <MZFW>17100</MZFW>
         <OEW>11947</OEW>
         <MPL>5153</MPL>
         <MFL>4173</MFL>
         <n1>2.56</n1>
         <n3>-1</n3>
         <nf1>2</nf1>
         <nf3>0</nf3>
      </DLM>
   </ALM>
   <Ground>
      <Dimensions>
         <span>20.04</span>
         <length>29.87</length>
      </Dimensions>
      <Runway>
         <TOL>1960</TOL>
         <LDL>1370</LDL>
      </Runway>
   </Ground>
   <ARPM>
      <AeroConfSchedule>
         <AeroPhase>
            <name>TO</name>
            <HLid>1</HLid>
            <LG>UP</LG>
         </AeroPhase>
         <AeroPhase>
            <name>IC</name>
            <HLid>0</HLid>
            <LG>UP</LG>
         </AeroPhase>
         <AeroPhase>
            <name>CR</name>
            <HLid>0</HLid>
            <LG>UP</LG>
         </AeroPhase>
         <AeroPhase>
            <name>AP</name>
            <HLid>2</HLid>
            <LG>UP</LG>
         </AeroPhase>
         <AeroPhase>
            <name>LD</name>
            <HLid>3</HLid>
            <LG>DN</LG>
         </AeroPhase>
      </AeroConfSchedule>
      <SpeedScheduleList>
         <SpeedSchedule>
            <CompanyName>Default</CompanyName>
            <SpeedPhase>
               <name>Climb</name>
               <CAS1>240</CAS1>
               <CAS2>270</CAS2>
               <M>0.62</M>
            </SpeedPhase>
            <SpeedPhase>
               <name>Cruise</name>
               <CAS1>240</CAS1>
               <CAS2>290</CAS2>
               <M>0.75</M>
            </SpeedPhase>
            <SpeedPhase>
               <name>Descent</name>
               <CAS1>240</CAS1>
               <CAS2>300</CAS2>
               <M>0.78</M>
            </SpeedPhase>
         </SpeedSchedule>
      </SpeedScheduleList>
   </ARPM>
</bada40:ACM>