<?xml version="1.0" encoding="utf-8"?>
<bada40:ACM xmlns:bada40="http://www.eurocontrol.int/eec/public/standard_page/bada40">
   <model>747-300</model>
   <type>JET</type>
   <engine>JT9D-7R4G2</engine>
   <description/>
   <ICAO>
      <designator>B743</designator>
      <WTC>H</WTC>
   </ICAO>
   <AFCM>
      <S>510.96672000000001000000</S>
      <Configuration HLid="0">
         <HLPosition>0000</HLPosition>
         <name>flaps  0</name>
         <vfe>380</vfe>
         <LGUP>
            <DPM_clean>
               <M_max>0.92000</M_max>
               <scalar>9.835e-007</scalar>
               <CD_clean>
                  <d>122583.62270068744000000000</d>
                  <d>-238940.52167795177000000000</d>
                  <d>194877.60780818664000000000</d>
                  <d>-70672.61581680155400000000</d>
                  <d>9908.62962016334310000000</d>
                  <d>15904.13380571288100000000</d>
                  <d>28175.12952767813100000000</d>
                  <d>-6948.79465702826750000000</d>
                  <d>597.32535881484898000000</d>
                  <d>-16.66587524777612500000</d>
                  <d>53901.73492302773200000000</d>
                  <d>118.49995202426619000000</d>
                  <d>-1.29158408216008460000</d>
                  <d>-50.59698359648840000000</d>
                  <d>13.14179640501017600000</d>
               </CD_clean>
            </DPM_clean>
            <BLM_clean>
               <Mmin>0.50000</Mmin>
               <Mmax>0.92500</Mmax>
               <CL_Mach0>0.81097405673252465000</CL_Mach0>
               <CL_clean>
                  <bf>-8.53720409981403170000</bf>
                  <bf>58.87110282386007800000</bf>
                  <bf>-137.37295243446692000000</bf>
                  <bf>140.81396003368476000000</bf>
                  <bf>-53.75363542543095700000</bf>
               </CL_clean>
            </BLM_clean>
         </LGUP>
         <LGDN>
            <DPM_nonclean>
               <CD_nonclean>
                  <d>0.04478650349650341300</d>
                  <d>-0.01829883449883421000</d>
                  <d>0.07599067599067571600</d>
               </CD_nonclean>
            </DPM_nonclean>
            <BLM>
               <CL_max>0.81097405673252465000</CL_max>
            </BLM>
         </LGDN>
      </Configuration>
      <Configuration HLid="1">
         <HLPosition>0001</HLPosition>
         <name>flaps  1</name>
         <vfe>275</vfe>
         <LGUP>
            <DPM_nonclean>
               <CD_nonclean>
                  <d>0.03595560238381102800</d>
                  <d>-0.05712212558392465400</d>
                  <d>0.10226782155538119000</d>
               </CD_nonclean>
            </DPM_nonclean>
            <BLM>
               <CL_max>1.06841124469155880000</CL_max>
            </BLM>
         </LGUP>
         <LGDN>
            <DPM_nonclean>
               <CD_nonclean>
                  <d>0.08220620155038702000</d>
                  <d>-0.10598590556729952000</d>
                  <d>0.12692036645524934000</d>
               </CD_nonclean>
            </DPM_nonclean>
            <BLM>
               <CL_max>1.06841124469155880000</CL_max>
            </BLM>
         </LGDN>
      </Configuration>
      <Configuration HLid="2">
         <HLPosition>0005</HLPosition>
         <name>flaps  5</name>
         <vfe>255</vfe>
         <LGUP>
            <DPM_nonclean>
               <CD_nonclean>
                  <d>0.04395524843754258100</d>
                  <d>-0.03670227342341888400</d>
                  <d>0.07572664402853272700</d>
               </CD_nonclean>
            </DPM_nonclean>
            <BLM>
               <CL_max>1.57394701223980630000</CL_max>
            </BLM>
         </LGUP>
         <LGDN>
            <DPM_nonclean>
               <CD_nonclean>
                  <d>0.08081173962034546300</d>
                  <d>-0.06373700654353035800</d>
                  <d>0.08694913667681045100</d>
               </CD_nonclean>
            </DPM_nonclean>
            <BLM>
               <CL_max>1.57394701223980630000</CL_max>
            </BLM>
         </LGDN>
      </Configuration>
      <Configuration HLid="3">
         <HLPosition>0010</HLPosition>
         <name>flaps 10</name>
         <vfe>238</vfe>
         <LGUP>
            <DPM_nonclean>
               <CD_nonclean>
                  <d>0.04850631368738912000</d>
                  <d>-0.04397598350710500000</d>
                  <d>0.07921545641087694700</d>
               </CD_nonclean>
            </DPM_nonclean>
            <BLM>
               <CL_max>1.70134194236883210000</CL_max>
            </BLM>
         </LGUP>
         <LGDN>
            <DPM_nonclean>
               <CD_nonclean>
                  <d>0.08981767255122301300</d>
                  <d>-0.07727364881917969700</d>
                  <d>0.09225480924975862400</d>
               </CD_nonclean>
            </DPM_nonclean>
            <BLM>
               <CL_max>1.70134194236883210000</CL_max>
            </BLM>
         </LGDN>
      </Configuration>
      <Configuration HLid="4">
         <HLPosition>0020</HLPosition>
         <name>flaps 20</name>
         <vfe>231</vfe>
         <LGUP>
            <DPM_nonclean>
               <CD_nonclean>
                  <d>0.05654714835018225000</d>
                  <d>-0.03360616386297422800</d>
                  <d>0.06943784906024173800</d>
               </CD_nonclean>
            </DPM_nonclean>
            <BLM>
               <CL_max>1.93985238990574580000</CL_max>
            </BLM>
         </LGUP>
         <LGDN>
            <DPM_nonclean>
               <CD_nonclean>
                  <d>0.08268034522817240000</d>
                  <d>-0.04150948438370888300</d>
                  <d>0.07173301424248598700</d>
               </CD_nonclean>
            </DPM_nonclean>
            <BLM>
               <CL_max>1.93985238990574580000</CL_max>
            </BLM>
         </LGDN>
      </Configuration>
      <Configuration HLid="5">
         <HLPosition>0025</HLPosition>
         <name>flaps 25</name>
         <vfe>205</vfe>
         <LGDN>
            <DPM_nonclean>
               <CD_nonclean>
                  <d>0.08769140472001832300</d>
                  <d>-0.02928223845267737000</d>
                  <d>0.06381014593604739100</d>
               </CD_nonclean>
            </DPM_nonclean>
            <BLM>
               <CL_max>2.06025855167121910000</CL_max>
            </BLM>
         </LGDN>
      </Configuration>
      <Configuration HLid="6">
         <HLPosition>0030</HLPosition>
         <name>flaps 30</name>
         <vfe>180</vfe>
         <LGDN>
            <DPM_nonclean>
               <CD_nonclean>
                  <d>0.10742910466202599000</d>
                  <d>-0.01080679650909685500</d>
                  <d>0.05559559314523691800</d>
               </CD_nonclean>
            </DPM_nonclean>
            <BLM>
               <CL_max>2.23227311380560380000</CL_max>
            </BLM>
         </LGDN>
      </Configuration>
   </AFCM>
   <PFM>
      <MREF>377849</MREF>
      <LHV>43217000</LHV>
      <rho>810</rho>
      <n_eng>4</n_eng>
      <TFA>58.97</TFA>
      <TFM>
         <CT>
            <a>0.00000000000000000000</a>
            <a>-0.09999999999807068800</a>
            <a>0.00000000000000000000</a>
            <a>0.00000000000000000000</a>
            <a>0.00000000000000000000</a>
            <a>0.00000000000000000000</a>
            <a>0.29999999999940902000</a>
            <a>0.00000000000000000000</a>
            <a>0.00000000000000000000</a>
            <a>0.00000000000000000000</a>
            <a>0.00000000000000000000</a>
            <a>0.00000000000000000000</a>
            <a>0.00000000000000000000</a>
            <a>0.00000000000000000000</a>
            <a>0.00000000000000000000</a>
            <a>0.00000000000000000000</a>
            <a>0.00000000000000000000</a>
            <a>0.00000000000000000000</a>
            <a>0.00000000000000000000</a>
            <a>0.00000000000000000000</a>
            <a>0.00000000000000000000</a>
            <a>0.00000000000000000000</a>
            <a>0.00000000000000000000</a>
            <a>0.00000000000000000000</a>
            <a>0.00000000000000000000</a>
            <a>0.00000000000000000000</a>
            <a>0.00000000000000000000</a>
            <a>0.00000000000000000000</a>
            <a>0.00000000000000000000</a>
            <a>0.00000000000000000000</a>
            <a>0.00000000000000000000</a>
            <a>0.00000000000000000000</a>
            <a>0.00000000000000000000</a>
            <a>0.00000000000000000000</a>
            <a>0.00000000000000000000</a>
            <a>0.00000000000000000000</a>
         </CT>
         <CF>
            <f>-0.01411351116155911700</f>
            <f>2.05777801578989770000</f>
            <f>-11.64930540549447200000</f>
            <f>58.26673267088123300000</f>
            <f>-88.87412676536789000000</f>
            <f>0.11268813012980558000</f>
            <f>-0.79891093428318849000</f>
            <f>27.23286723134210500000</f>
            <f>-145.94898489559299000000</f>
            <f>267.29631371015171000000</f>
            <f>0.00000000000000000000</f>
            <f>0.00000000000000000000</f>
            <f>0.00000000000000000000</f>
            <f>0.00000000000000000000</f>
            <f>0.00000000000000000000</f>
            <f>0.00000000000000000000</f>
            <f>0.00000000000000000000</f>
            <f>0.00000000000000000000</f>
            <f>0.00000000000000000000</f>
            <f>0.00000000000000000000</f>
            <f>0.00000000000000000000</f>
            <f>0.00000000000000000000</f>
            <f>0.00000000000000000000</f>
            <f>0.00000000000000000000</f>
            <f>0.00000000000000000000</f>
         </CF>
         <MCRZ>
            <kink>10</kink>
            <flat_rating>
               <b>4.55719098775149420000</b>
               <b>-8.38553334178973310000</b>
               <b>4.10531268023846160000</b>
               <b>0.00000000000000000000</b>
               <b>0.00000000000000000000</b>
               <b>0.00000000000000000000</b>
               <b>-29.87821738239283700000</b>
               <b>64.19375064624256300000</b>
               <b>-21.60775112459868200000</b>
               <b>0.00000000000000000000</b>
               <b>0.00000000000000000000</b>
               <b>0.00000000000000000000</b>
               <b>84.57585069880065000000</b>
               <b>-153.22390201116463000000</b>
               <b>1.01975750304656110000</b>
               <b>0.00000000000000000000</b>
               <b>0.00000000000000000000</b>
               <b>0.00000000000000000000</b>
               <b>-102.33696521331490000000</b>
               <b>100.99526653332425000000</b>
               <b>154.20654945759762000000</b>
               <b>0.00000000000000000000</b>
               <b>0.00000000000000000000</b>
               <b>0.00000000000000000000</b>
               <b>46.31883221470404500000</b>
               <b>64.05541318036483700000</b>
               <b>-268.54369786118963000000</b>
               <b>0.00000000000000000000</b>
               <b>0.00000000000000000000</b>
               <b>0.00000000000000000000</b>
               <b>-2.18845374737997880000</b>
               <b>-69.64882493324660100000</b>
               <b>133.00431962802193000000</b>
               <b>0.00000000000000000000</b>
               <b>0.00000000000000000000</b>
               <b>0.00000000000000000000</b>
            </flat_rating>
            <temp_rating>
               <c>-208.97196850995485000000</c>
               <c>707.61641038435823000000</c>
               <c>-611.90998290990626000000</c>
               <c>0.00000000000000000000</c>
               <c>0.00000000000000000000</c>
               <c>863.68290892717437000000</c>
               <c>-2902.77327220188410000000</c>
               <c>2512.79494704791660000000</c>
               <c>0.00000000000000000000</c>
               <c>0.00000000000000000000</c>
               <c>-1315.41186276825970000000</c>
               <c>4423.09767300601470000000</c>
               <c>-3833.56301088166080000000</c>
               <c>0.00000000000000000000</c>
               <c>0.00000000000000000000</c>
               <c>881.65563351050207000000</c>
               <c>-2974.67388762759220000000</c>
               <c>2581.72646584228960000000</c>
               <c>0.00000000000000000000</c>
               <c>0.00000000000000000000</c>
               <c>-220.07024339851694000000</c>
               <c>745.84646170059511000000</c>
               <c>-648.37166859287959000000</c>
               <c>0.00000000000000000000</c>
               <c>0.00000000000000000000</c>
               <c>-2.52730024094097860000</c>
               <c>6.79145104331768850000</c>
               <c>-2.61264281048788010000</c>
               <c>0.00000000000000000000</c>
               <c>0.00000000000000000000</c>
               <c>7.77778120349385380000</c>
               <c>-20.88356361771905500000</c>
               <c>10.42771926264460100000</c>
               <c>0.00000000000000000000</c>
               <c>0.00000000000000000000</c>
               <c>-9.26245760477163140000</c>
               <c>25.91866304051065800000</c>
               <c>-15.02057222304276600000</c>
               <c>0.00000000000000000000</c>
               <c>0.00000000000000000000</c>
               <c>3.91398204686327000000</c>
               <c>-11.47243031447896700000</c>
               <c>7.40146987658410000000</c>
               <c>0.00000000000000000000</c>
               <c>0.00000000000000000000</c>
            </temp_rating>
         </MCRZ>
         <MCMB>
            <kink>10</kink>
            <flat_rating>
               <b>4.47135884848942840000</b>
               <b>-8.18064350075117910000</b>
               <b>3.86041660966914830000</b>
               <b>0.00000000000000000000</b>
               <b>0.00000000000000000000</b>
               <b>0.00000000000000000000</b>
               <b>-28.52396960236428600000</b>
               <b>59.74119227984356000000</b>
               <b>-15.93551378872559900000</b>
               <b>0.00000000000000000000</b>
               <b>0.00000000000000000000</b>
               <b>0.00000000000000000000</b>
               <b>77.63412089254893500000</b>
               <b>-125.45489363018621000000</b>
               <b>-31.84334390465990700000</b>
               <b>0.00000000000000000000</b>
               <b>0.00000000000000000000</b>
               <b>0.00000000000000000000</b>
               <b>-85.92440706635886700000</b>
               <b>32.22074362860009000000</b>
               <b>231.50844393602168000000</b>
               <b>0.00000000000000000000</b>
               <b>0.00000000000000000000</b>
               <b>0.00000000000000000000</b>
               <b>28.78293560670124400000</b>
               <b>138.08883903387908000000</b>
               <b>-349.08420413582866000000</b>
               <b>0.00000000000000000000</b>
               <b>0.00000000000000000000</b>
               <b>0.00000000000000000000</b>
               <b>4.65417309983059630000</b>
               <b>-98.48794171657468200000</b>
               <b>163.72655172602592000000</b>
               <b>0.00000000000000000000</b>
               <b>0.00000000000000000000</b>
               <b>0.00000000000000000000</b>
            </flat_rating>
            <temp_rating>
               <c>-307.29307581139193000000</c>
               <c>982.29770067294248000000</c>
               <c>-829.06409058286476000000</c>
               <c>0.00000000000000000000</c>
               <c>0.00000000000000000000</c>
               <c>1242.49834347375800000000</c>
               <c>-3961.03842652524690000000</c>
               <c>3348.67841555191130000000</c>
               <c>0.00000000000000000000</c>
               <c>0.00000000000000000000</c>
               <c>-1860.43942317831850000000</c>
               <c>5945.67610634787160000000</c>
               <c>-5035.15770270354010000000</c>
               <c>0.00000000000000000000</c>
               <c>0.00000000000000000000</c>
               <c>1229.99012699941840000000</c>
               <c>-3947.30953243143810000000</c>
               <c>3348.52910483929510000000</c>
               <c>0.00000000000000000000</c>
               <c>0.00000000000000000000</c>
               <c>-303.54014650221097000000</c>
               <c>978.69486871561332000000</c>
               <c>-831.75372827165381000000</c>
               <c>0.00000000000000000000</c>
               <c>0.00000000000000000000</c>
               <c>-4.14565042790226990000</c>
               <c>11.03014948224977900000</c>
               <c>-5.36849017064561270000</c>
               <c>0.00000000000000000000</c>
               <c>0.00000000000000000000</c>
               <c>11.05845896532148100000</c>
               <c>-29.04248188788910000000</c>
               <c>15.29736998958076900000</c>
               <c>0.00000000000000000000</c>
               <c>0.00000000000000000000</c>
               <c>-12.15834366539027100000</c>
               <c>32.57874622205636700000</c>
               <c>-18.49074903439042900000</c>
               <c>0.00000000000000000000</c>
               <c>0.00000000000000000000</c>
               <c>4.82886753563426300000</c>
               <c>-13.33348196765670900000</c>
               <c>8.11953779592287540000</c>
               <c>0.00000000000000000000</c>
               <c>0.00000000000000000000</c>
            </temp_rating>
         </MCMB>
         <LIDL>
            <CT>
               <ti>-0.00268825910932754240</ti>
               <ti>-0.01326660304118147200</ti>
               <ti>0.15224732657763065000</ti>
               <ti>-0.18635544483594219000</ti>
               <ti>-0.00092221045434474338</ti>
               <ti>0.17857664108103516000</ti>
               <ti>-0.78921809970383694000</ti>
               <ti>0.87674384797522542000</ti>
               <ti>0.01509942750884435600</ti>
               <ti>-0.32488726548734070000</ti>
               <ti>0.96407746556472873000</ti>
               <ti>-1.00013344280376580000</ti>
            </CT>
            <CF>
               <fi>0.00299259219888197610</fi>
               <fi>0.03502073887794528900</fi>
               <fi>-0.00649184178927841250</fi>
               <fi>-0.00002494019402577356</fi>
               <fi>0.02003578548363069800</fi>
               <fi>-0.02968722672795371500</fi>
               <fi>0.00458708161862438590</fi>
               <fi>-0.03389068617785290900</fi>
               <fi>0.03950810108039736600</fi>
            </CF>
         </LIDL>
         <throttle>
            <low>0.52077836322776627000</low>
            <high>1.11455121466154640000</high>
         </throttle>
      </TFM>
   </PFM>
   <OPM>
      <LGO>
         <Transition>
            <from>0</from>
            <to>1</to>
            <time>19</time>
         </Transition>
         <Transition>
            <from>1</from>
            <to>0</to>
            <time>19</time>
         </Transition>
      </LGO>
      <HLO>
         <Transition>
            <from>0</from>
            <to>1</to>
            <time>10</time>
         </Transition>
         <Transition>
            <from>1</from>
            <to>2</to>
            <time>34</time>
         </Transition>
         <Transition>
            <from>2</from>
            <to>3</to>
            <time>5.3</time>
         </Transition>
         <Transition>
            <from>3</from>
            <to>4</to>
            <time>7</time>
         </Transition>
         <Transition>
            <from>4</from>
            <to>5</to>
            <time>2.3</time>
         </Transition>
         <Transition>
            <from>5</from>
            <to>6</to>
            <time>3.6</time>
         </Transition>
         <Transition>
            <from>6</from>
            <to>5</to>
            <time>3.6</time>
         </Transition>
         <Transition>
            <from>5</from>
            <to>4</to>
            <time>2.3</time>
         </Transition>
         <Transition>
            <from>4</from>
            <to>3</to>
            <time>7</time>
         </Transition>
         <Transition>
            <from>3</from>
            <to>2</to>
            <time>5.3</time>
         </Transition>
         <Transition>
            <from>2</from>
            <to>1</to>
            <time>34</time>
         </Transition>
         <Transition>
            <from>1</from>
            <to>0</to>
            <time>10</time>
         </Transition>
      </HLO>
   </OPM>
   <ALM>
      <GLM>
         <hmo>45100</hmo>
         <mfa>20000</mfa>
      </GLM>
      <KLM>
         <mmo>0.92</mmo>
         <vmo>380</vmo>
         <mle>0.82</mle>
         <vle>320</vle>
         <mlo>0.82</mlo>
         <vloe>270</vloe>
         <vlor>250</vlor>
      </KLM>
      <ELM>
         <Tmin_f>
            <point>
               <Hp>-1000.0</Hp>
               <DeltaT>-71.20000000000000300000</DeltaT>
            </point>
            <point>
               <Hp>20000.0</Hp>
               <DeltaT>-29.60000000000000100000</DeltaT>
            </point>
            <point>
               <Hp>36089.0</Hp>
               <DeltaT>-18.69999999999999900000</DeltaT>
            </point>
            <point>
               <Hp>40000.0</Hp>
               <DeltaT>-24.00000000000000000000</DeltaT>
            </point>
            <point>
               <Hp>45100.0</Hp>
               <DeltaT>-24.00000000000000000000</DeltaT>
            </point>
         </Tmin_f>
         <Tmax_f>
            <point>
               <Hp>-1000.0</Hp>
               <DeltaT>37.39999999999999900000</DeltaT>
            </point>
            <point>
               <Hp>0.0</Hp>
               <DeltaT>39.39999999999999900000</DeltaT>
            </point>
            <point>
               <Hp>14000.0</Hp>
               <DeltaT>39.39999999999999900000</DeltaT>
            </point>
            <point>
               <Hp>14001.0</Hp>
               <DeltaT>33.60000000000000100000</DeltaT>
            </point>
            <point>
               <Hp>36089.0</Hp>
               <DeltaT>33.60000000000000100000</DeltaT>
            </point>
            <point>
               <Hp>44000.0</Hp>
               <DeltaT>16.30000000000000100000</DeltaT>
            </point>
            <point>
               <Hp>45100.0</Hp>
               <DeltaT>16.30000000000000100000</DeltaT>
            </point>
         </Tmax_f>
         <Tmin_g>
            <point>
               <Hp>-1000.0</Hp>
               <DeltaT>-71.20000000000000300000</DeltaT>
            </point>
            <point>
               <Hp>10000.0</Hp>
               <DeltaT>-49.20000000000000300000</DeltaT>
            </point>
         </Tmin_g>
         <Tmax_g>
            <point>
               <Hp>-1000.0</Hp>
               <DeltaT>37.39999999999999900000</DeltaT>
            </point>
            <point>
               <Hp>0.0</Hp>
               <DeltaT>39.39999999999999900000</DeltaT>
            </point>
            <point>
               <Hp>10000.0</Hp>
               <DeltaT>39.39999999999999900000</DeltaT>
            </point>
         </Tmax_g>
      </ELM>
      <DLM>
         <MTW>379210</MTW>
         <MTOW>377849</MTOW>
         <MLW>260366</MLW>
         <MZFW>242676</MZFW>
         <OEW>174854</OEW>
         <MPL>67822</MPL>
         <MFL>198370</MFL>
         <n1>2.5</n1>
         <n3>-1</n3>
         <nf1>2</nf1>
         <nf3>0</nf3>
      </DLM>
   </ALM>
   <Ground>
      <Dimensions>
         <span>59.64</span>
         <length>70.40</length>
      </Dimensions>
      <Runway>
         <TOL>3650</TOL>
         <LDL>1900</LDL>
      </Runway>
   </Ground>
   <ARPM>
      <AeroConfSchedule>
         <AeroPhase>
            <name>TO</name>
            <HLid>2</HLid>
            <LG>UP</LG>
         </AeroPhase>
         <AeroPhase>
            <name>IC</name>
            <HLid>1</HLid>
            <LG>UP</LG>
         </AeroPhase>
         <AeroPhase>
            <name>CR</name>
            <HLid>0</HLid>
            <LG>UP</LG>
         </AeroPhase>
         <AeroPhase>
            <name>AP</name>
            <HLid>4</HLid>
            <LG>UP</LG>
         </AeroPhase>
         <AeroPhase>
            <name>LD</name>
            <HLid>6</HLid>
            <LG>DN</LG>
         </AeroPhase>
      </AeroConfSchedule>
      <SpeedScheduleList>
         <SpeedSchedule>
            <CompanyName>Default</CompanyName>
            <SpeedPhase>
               <name>Climb</name>
               <CAS1>320</CAS1>
               <CAS2>320</CAS2>
               <M>0.84</M>
            </SpeedPhase>
            <SpeedPhase>
               <name>Cruise</name>
               <CAS1>340</CAS1>
               <CAS2>340</CAS2>
               <M>0.85</M>
            </SpeedPhase>
            <SpeedPhase>
               <name>Descent</name>
               <CAS1>310</CAS1>
               <CAS2>310</CAS2>
               <M>0.86</M>
            </SpeedPhase>
         </SpeedSchedule>
      </SpeedScheduleList>
   </ARPM>
</bada40:ACM>