<?xml version="1.0" encoding="utf-8"?>
<bada40:ACM xmlns:bada40="http://www.eurocontrol.int/eec/public/standard_page/bada40">
   <model>777-300ER</model>
   <type>JET</type>
   <engine>GE-90 115B</engine>
   <description>extended range</description>
   <ICAO>
      <designator>B77W</designator>
      <WTC>H</WTC>
   </ICAO>
   <AFCM>
      <S>427.81849920000002000000</S>
      <Configuration HLid="0">
         <HLPosition>0000</HLPosition>
         <name>flaps  0</name>
         <vfe>330</vfe>
         <LGUP>
            <DPM_clean>
               <M_max>0.89000</M_max>
               <scalar>9.835e-007</scalar>
               <CD_clean>
                  <d>138168.09634274535000000000</d>
                  <d>-304117.34339522669000000000</d>
                  <d>277542.01427559688000000000</d>
                  <d>-112272.51543853170000000000</d>
                  <d>17182.52659587744300000000</d>
                  <d>28255.66688399671000000000</d>
                  <d>11270.96308637035100000000</d>
                  <d>-3289.80639505707590000000</d>
                  <d>293.51516512232962000000</d>
                  <d>-6.82427811485642890000</d>
                  <d>9825.45813580668250000000</d>
                  <d>7002.60443651763670000000</d>
                  <d>-10669.48666189643500000000</d>
                  <d>5434.33637409560380000000</d>
                  <d>-922.08362379249058000000</d>
               </CD_clean>
            </DPM_clean>
            <BLM_clean>
               <Mmin>0.28000</Mmin>
               <Mmax>0.86000</Mmax>
               <CL_Mach0>1.13110661700814830000</CL_Mach0>
               <CL_clean>
                  <bf>0.61395712009262415000</bf>
                  <bf>7.18075524250455730000</bf>
                  <bf>-27.78201081752648300000</bf>
                  <bf>38.39564524741214100000</bf>
                  <bf>-18.16013737480187700000</bf>
               </CL_clean>
            </BLM_clean>
         </LGUP>
         <LGDN>
            <DPM_nonclean>
               <CD_nonclean>
                  <d>0.04801716615067085100</d>
                  <d>-0.01218062214359441800</d>
                  <d>0.05063246351172057100</d>
               </CD_nonclean>
            </DPM_nonclean>
            <BLM>
               <CL_max>1.13110661700814830000</CL_max>
            </BLM>
         </LGDN>
      </Configuration>
      <Configuration HLid="1">
         <HLPosition>0001</HLPosition>
         <name>flaps 1</name>
         <vfe>265</vfe>
         <LGUP>
            <DPM_nonclean>
               <CD_nonclean>
                  <d>0.02972717223914734400</d>
                  <d>-0.03435056127402342400</d>
                  <d>0.06595066484574728400</d>
               </CD_nonclean>
            </DPM_nonclean>
            <BLM>
               <CL_max>1.63232096336244450000</CL_max>
            </BLM>
         </LGUP>
         <LGDN>
            <DPM_nonclean>
               <CD_nonclean>
                  <d>0.05827717223914737100</d>
                  <d>-0.03435056127402347900</d>
                  <d>0.06595066484574731200</d>
               </CD_nonclean>
            </DPM_nonclean>
            <BLM>
               <CL_max>1.63232096336244450000</CL_max>
            </BLM>
         </LGDN>
      </Configuration>
      <Configuration HLid="2">
         <HLPosition>0005</HLPosition>
         <name>flaps 5</name>
         <vfe>245</vfe>
         <LGUP>
            <DPM_nonclean>
               <CD_nonclean>
                  <d>0.04042336407261777600</d>
                  <d>-0.04121227225636491000</d>
                  <d>0.06231157200154149200</d>
               </CD_nonclean>
            </DPM_nonclean>
            <BLM>
               <CL_max>1.86690412649998130000</CL_max>
            </BLM>
         </LGUP>
         <LGDN>
            <DPM_nonclean>
               <CD_nonclean>
                  <d>0.06955285958771684200</d>
                  <d>-0.04509255043050240000</d>
                  <d>0.06378194785598680100</d>
               </CD_nonclean>
            </DPM_nonclean>
            <BLM>
               <CL_max>1.86690412649998130000</CL_max>
            </BLM>
         </LGDN>
      </Configuration>
      <Configuration HLid="3">
         <HLPosition>0015</HLPosition>
         <name>flaps 15</name>
         <vfe>230</vfe>
         <LGUP>
            <DPM_nonclean>
               <CD_nonclean>
                  <d>0.04524754593120246200</d>
                  <d>-0.03850659950301802600</d>
                  <d>0.05857176293526625300</d>
               </CD_nonclean>
            </DPM_nonclean>
            <BLM>
               <CL_max>1.94719199069984140000</CL_max>
            </BLM>
         </LGUP>
         <LGDN>
            <DPM_nonclean>
               <CD_nonclean>
                  <d>0.07521806292389542100</d>
                  <d>-0.04464474091017491700</d>
                  <d>0.06043348505391251500</d>
               </CD_nonclean>
            </DPM_nonclean>
            <BLM>
               <CL_max>1.94719199069984140000</CL_max>
            </BLM>
         </LGDN>
      </Configuration>
      <Configuration HLid="4">
         <HLPosition>0020</HLPosition>
         <name>flaps 20</name>
         <vfe>225</vfe>
         <LGUP>
            <DPM_nonclean>
               <CD_nonclean>
                  <d>0.05420174600704244500</d>
                  <d>-0.03733439598511897200</d>
                  <d>0.05568193820740120800</d>
               </CD_nonclean>
            </DPM_nonclean>
            <BLM>
               <CL_max>2.09299978195845120000</CL_max>
            </BLM>
         </LGUP>
         <LGDN>
            <DPM_nonclean>
               <CD_nonclean>
                  <d>0.07400174600704262400</d>
                  <d>-0.03733439598511920800</d>
                  <d>0.05568193820740129100</d>
               </CD_nonclean>
            </DPM_nonclean>
            <BLM>
               <CL_max>2.09299978195845120000</CL_max>
            </BLM>
         </LGDN>
      </Configuration>
      <Configuration HLid="5">
         <HLPosition>0025</HLPosition>
         <name>flaps 25</name>
         <vfe>200</vfe>
         <LGDN>
            <DPM_nonclean>
               <CD_nonclean>
                  <d>0.19574430275807655000</d>
                  <d>-0.14689299956317747000</d>
                  <d>0.08660504164095733600</d>
               </CD_nonclean>
            </DPM_nonclean>
            <BLM>
               <CL_max>2.22177020013221150000</CL_max>
            </BLM>
         </LGDN>
      </Configuration>
      <Configuration HLid="6">
         <HLPosition>0030</HLPosition>
         <name>flaps 30</name>
         <vfe>180</vfe>
         <LGDN>
            <DPM_nonclean>
               <CD_nonclean>
                  <d>0.24891893981154090000</d>
                  <d>-0.16273339879988616000</d>
                  <d>0.08565169114926088300</d>
               </CD_nonclean>
            </DPM_nonclean>
            <BLM>
               <CL_max>2.36280053510153600000</CL_max>
            </BLM>
         </LGDN>
      </Configuration>
   </AFCM>
   <PFM>
      <MREF>351535</MREF>
      <LHV>43217000</LHV>
      <rho>810</rho>
      <n_eng>2</n_eng>
      <TFA>32.66</TFA>
      <TFM>
         <CT>
            <a>0.00000000000000000000</a>
            <a>-0.09999999999713926600</a>
            <a>0.00000000000000000000</a>
            <a>0.00000000000000000000</a>
            <a>0.00000000000000000000</a>
            <a>0.00000000000000000000</a>
            <a>0.29999999999593630000</a>
            <a>0.00000000000000000000</a>
            <a>0.00000000000000000000</a>
            <a>0.00000000000000000000</a>
            <a>0.00000000000000000000</a>
            <a>0.00000000000000000000</a>
            <a>0.00000000000000000000</a>
            <a>0.00000000000000000000</a>
            <a>0.00000000000000000000</a>
            <a>0.00000000000000000000</a>
            <a>0.00000000000000000000</a>
            <a>0.00000000000000000000</a>
            <a>0.00000000000000000000</a>
            <a>0.00000000000000000000</a>
            <a>0.00000000000000000000</a>
            <a>0.00000000000000000000</a>
            <a>0.00000000000000000000</a>
            <a>0.00000000000000000000</a>
            <a>0.00000000000000000000</a>
            <a>0.00000000000000000000</a>
            <a>0.00000000000000000000</a>
            <a>0.00000000000000000000</a>
            <a>0.00000000000000000000</a>
            <a>0.00000000000000000000</a>
            <a>0.00000000000000000000</a>
            <a>0.00000000000000000000</a>
            <a>0.00000000000000000000</a>
            <a>0.00000000000000000000</a>
            <a>0.00000000000000000000</a>
            <a>0.00000000000000000000</a>
         </CT>
         <CF>
            <f>-0.00131530122517008880</f>
            <f>1.53407831232812140000</f>
            <f>-11.40887687559294200000</f>
            <f>68.77054116845106100000</f>
            <f>-124.53114125102523000000</f>
            <f>0.06497593740530169200</f>
            <f>-0.52608963461221470000</f>
            <f>33.60780690920251600000</f>
            <f>-206.98378682823068000000</f>
            <f>424.95995754172867000000</f>
            <f>0.00000000000000000000</f>
            <f>0.00000000000000000000</f>
            <f>0.00000000000000000000</f>
            <f>0.00000000000000000000</f>
            <f>0.00000000000000000000</f>
            <f>0.00000000000000000000</f>
            <f>0.00000000000000000000</f>
            <f>0.00000000000000000000</f>
            <f>0.00000000000000000000</f>
            <f>0.00000000000000000000</f>
            <f>0.00000000000000000000</f>
            <f>0.00000000000000000000</f>
            <f>0.00000000000000000000</f>
            <f>0.00000000000000000000</f>
            <f>0.00000000000000000000</f>
         </CF>
         <MCRZ>
            <kink>12</kink>
            <flat_rating>
               <b>-1.51450107304193260000</b>
               <b>8.21865014873902840000</b>
               <b>-8.25755062004774130000</b>
               <b>0.00000000000000000000</b>
               <b>0.00000000000000000000</b>
               <b>0.00000000000000000000</b>
               <b>17.12057844431326400000</b>
               <b>-71.24334491498872500000</b>
               <b>84.70104058988577800000</b>
               <b>0.00000000000000000000</b>
               <b>0.00000000000000000000</b>
               <b>0.00000000000000000000</b>
               <b>-55.88981876193170000000</b>
               <b>272.59113302021524000000</b>
               <b>-347.48236025945744000000</b>
               <b>0.00000000000000000000</b>
               <b>0.00000000000000000000</b>
               <b>0.00000000000000000000</b>
               <b>100.85809677892614000000</b>
               <b>-536.17864569980577000000</b>
               <b>690.69191310533415000000</b>
               <b>0.00000000000000000000</b>
               <b>0.00000000000000000000</b>
               <b>0.00000000000000000000</b>
               <b>-94.35967124835455900000</b>
               <b>512.89087302779456000000</b>
               <b>-654.52295918162963000000</b>
               <b>0.00000000000000000000</b>
               <b>0.00000000000000000000</b>
               <b>0.00000000000000000000</b>
               <b>34.78039112181660600000</b>
               <b>-187.99039056074423000000</b>
               <b>236.86085872340362000000</b>
               <b>0.00000000000000000000</b>
               <b>0.00000000000000000000</b>
               <b>0.00000000000000000000</b>
            </flat_rating>
            <temp_rating>
               <c>-127.99938116458098000000</c>
               <c>-434.59676682296026000000</c>
               <c>705.98088599315076000000</c>
               <c>0.00000000000000000000</c>
               <c>0.00000000000000000000</c>
               <c>617.99543233399095000000</c>
               <c>1321.51265375400980000000</c>
               <c>-2479.72529873305440000000</c>
               <c>0.00000000000000000000</c>
               <c>0.00000000000000000000</c>
               <c>-1053.09092841802500000000</c>
               <c>-1403.30470293703140000000</c>
               <c>3218.38549529645750000000</c>
               <c>0.00000000000000000000</c>
               <c>0.00000000000000000000</c>
               <c>773.35559792273557000000</c>
               <c>574.68040607245928000000</c>
               <c>-1824.14167412046890000000</c>
               <c>0.00000000000000000000</c>
               <c>0.00000000000000000000</c>
               <c>-208.71965998128957000000</c>
               <c>-59.18208931984148100000</c>
               <c>378.55413210230591000000</c>
               <c>0.00000000000000000000</c>
               <c>0.00000000000000000000</c>
               <c>-7.36464978003631730000</c>
               <c>3.80186413130835900000</c>
               <c>14.99534759180230200000</c>
               <c>0.00000000000000000000</c>
               <c>0.00000000000000000000</c>
               <c>17.34704943146765600000</c>
               <c>5.71257195265165230000</c>
               <c>-58.36815712770097500000</c>
               <c>0.00000000000000000000</c>
               <c>0.00000000000000000000</c>
               <c>-14.42685219560041100000</c>
               <c>-29.04041915338784100000</c>
               <c>88.96682925483884200000</c>
               <c>0.00000000000000000000</c>
               <c>0.00000000000000000000</c>
               <c>3.60106789442526450000</c>
               <c>20.73606791600650800000</c>
               <c>-44.85942920709874200000</c>
               <c>0.00000000000000000000</c>
               <c>0.00000000000000000000</c>
            </temp_rating>
         </MCRZ>
         <MCMB>
            <kink>12</kink>
            <flat_rating>
               <b>-2.26105135168327200000</b>
               <b>10.38220324098675500000</b>
               <b>-9.89154225140614680000</b>
               <b>0.00000000000000000000</b>
               <b>0.00000000000000000000</b>
               <b>0.00000000000000000000</b>
               <b>24.37411522156741100000</b>
               <b>-90.53413741365795900000</b>
               <b>100.05010413559764000000</b>
               <b>0.00000000000000000000</b>
               <b>0.00000000000000000000</b>
               <b>0.00000000000000000000</b>
               <b>-80.95731941664927000000</b>
               <b>340.01668958392816000000</b>
               <b>-405.08578351666284000000</b>
               <b>0.00000000000000000000</b>
               <b>0.00000000000000000000</b>
               <b>0.00000000000000000000</b>
               <b>143.64909610029690000000</b>
               <b>-655.33010842335466000000</b>
               <b>799.74428832050808000000</b>
               <b>0.00000000000000000000</b>
               <b>0.00000000000000000000</b>
               <b>0.00000000000000000000</b>
               <b>-130.54818786236709000000</b>
               <b>618.35157996016744000000</b>
               <b>-756.87758062498915000000</b>
               <b>0.00000000000000000000</b>
               <b>0.00000000000000000000</b>
               <b>0.00000000000000000000</b>
               <b>46.85798960403427300000</b>
               <b>-224.92885831271417000000</b>
               <b>274.40044133176650000000</b>
               <b>0.00000000000000000000</b>
               <b>0.00000000000000000000</b>
               <b>0.00000000000000000000</b>
            </flat_rating>
            <temp_rating>
               <c>24.92226626602376500000</c>
               <c>-1088.90946084222170000000</c>
               <c>1405.90426935009420000000</c>
               <c>0.00000000000000000000</c>
               <c>0.00000000000000000000</c>
               <c>-2.44017794183861180000</c>
               <c>3968.63218380767100000000</c>
               <c>-5302.76487924924640000000</c>
               <c>0.00000000000000000000</c>
               <c>0.00000000000000000000</c>
               <c>-110.52357037500109000000</c>
               <c>-5410.55045571814120000000</c>
               <c>7479.47152400717190000000</c>
               <c>0.00000000000000000000</c>
               <c>0.00000000000000000000</c>
               <c>138.17445940668898000000</c>
               <c>3265.01077128509040000000</c>
               <c>-4677.06732405460480000000</c>
               <c>0.00000000000000000000</c>
               <c>0.00000000000000000000</c>
               <c>-48.56611481769614600000</c>
               <c>-735.02965026199058000000</c>
               <c>1093.42941956959730000000</c>
               <c>0.00000000000000000000</c>
               <c>0.00000000000000000000</c>
               <c>-7.47872504015043390000</c>
               <c>3.69555621808745860000</c>
               <c>15.79075801959324500000</c>
               <c>0.00000000000000000000</c>
               <c>0.00000000000000000000</c>
               <c>17.99967438565401100000</c>
               <c>5.80779761623670950000</c>
               <c>-60.96839817991008900000</c>
               <c>0.00000000000000000000</c>
               <c>0.00000000000000000000</c>
               <c>-15.22608661136173300000</c>
               <c>-29.60171867754102900000</c>
               <c>92.74734795250309100000</c>
               <c>0.00000000000000000000</c>
               <c>0.00000000000000000000</c>
               <c>3.90539783273361210000</c>
               <c>21.19248890248133700000</c>
               <c>-46.70376479314575800000</c>
               <c>0.00000000000000000000</c>
               <c>0.00000000000000000000</c>
            </temp_rating>
         </MCMB>
         <MTKF>
            <kink>12</kink>
            <flat_rating>
               <b>-8.66898422369471970000</b>
               <b>27.91250858319632400000</b>
               <b>-17.51019682182731100000</b>
               <b>0.00000000000000000000</b>
               <b>0.00000000000000000000</b>
               <b>0.00000000000000000000</b>
               <b>78.40214102539935900000</b>
               <b>-238.99941128063492000000</b>
               <b>164.06684310058321000000</b>
               <b>0.00000000000000000000</b>
               <b>0.00000000000000000000</b>
               <b>0.00000000000000000000</b>
               <b>-259.01305190964121000000</b>
               <b>834.12094758725539000000</b>
               <b>-622.33625668559125000000</b>
               <b>0.00000000000000000000</b>
               <b>0.00000000000000000000</b>
               <b>0.00000000000000000000</b>
               <b>417.91671373384469000000</b>
               <b>-1417.82131170602720000000</b>
               <b>1128.85839018716770000000</b>
               <b>0.00000000000000000000</b>
               <b>0.00000000000000000000</b>
               <b>0.00000000000000000000</b>
               <b>-323.76940660223329000000</b>
               <b>1145.82716761242570000000</b>
               <b>-954.23440130399354000000</b>
               <b>0.00000000000000000000</b>
               <b>0.00000000000000000000</b>
               <b>0.00000000000000000000</b>
               <b>95.77653522638905800000</b>
               <b>-349.57463073463333000000</b>
               <b>298.64775601068675000000</b>
               <b>0.00000000000000000000</b>
               <b>0.00000000000000000000</b>
               <b>0.00000000000000000000</b>
            </flat_rating>
            <temp_rating>
               <c>259.79687890015242000000</c>
               <c>-1329.93278901049530000000</c>
               <c>1982.86086598791920000000</c>
               <c>0.00000000000000000000</c>
               <c>0.00000000000000000000</c>
               <c>-666.92037819079746000000</c>
               <c>4061.18943856456960000000</c>
               <c>-6850.44723983982840000000</c>
               <c>0.00000000000000000000</c>
               <c>0.00000000000000000000</c>
               <c>461.46056864512610000000</c>
               <c>-4282.65930372232920000000</c>
               <c>8759.47776538328430000000</c>
               <c>0.00000000000000000000</c>
               <c>0.00000000000000000000</c>
               <c>31.53325088044179100000</c>
               <c>1716.08031985484330000000</c>
               <c>-4885.74232617116010000000</c>
               <c>0.00000000000000000000</c>
               <c>0.00000000000000000000</c>
               <c>-87.60236092737434900000</c>
               <c>-162.49432430689342000000</c>
               <c>998.26288746512319000000</c>
               <c>0.00000000000000000000</c>
               <c>0.00000000000000000000</c>
               <c>10.03548765404541500000</c>
               <c>7.02570919560055970000</c>
               <c>-47.75419469158805400000</c>
               <c>0.00000000000000000000</c>
               <c>0.00000000000000000000</c>
               <c>-11.74530402407309300000</c>
               <c>-59.43517204180249500000</c>
               <c>154.93197191013479000000</c>
               <c>0.00000000000000000000</c>
               <c>0.00000000000000000000</c>
               <c>4.05989429656639800000</c>
               <c>89.29207190355323600000</c>
               <c>-183.79332277950994000000</c>
               <c>0.00000000000000000000</c>
               <c>0.00000000000000000000</c>
               <c>-0.18988475836809260000</c>
               <c>-36.25482564337098500000</c>
               <c>68.49919362854178900000</c>
               <c>0.00000000000000000000</c>
               <c>0.00000000000000000000</c>
            </temp_rating>
         </MTKF>
         <LIDL>
            <CT>
               <ti>-0.01382966330430583800</ti>
               <ti>0.05943162788601367300</ti>
               <ti>-0.05786143545066881100</ti>
               <ti>0.00199301214782109320</ti>
               <ti>0.04149046722246683300</ti>
               <ti>-0.07323664648005624700</ti>
               <ti>-0.02728928450030774400</ti>
               <ti>0.14025152740392458000</ti>
               <ti>-0.02883003253522019000</ti>
               <ti>-0.04978367688934908600</ti>
               <ti>0.18775572881519606000</ti>
               <ti>-0.24865696570408613000</ti>
            </CT>
            <CF>
               <fi>-0.00262732673637802810</fi>
               <fi>0.04961937341237190200</fi>
               <fi>-0.01532198481810890400</fi>
               <fi>0.02947745884380143300</fi>
               <fi>-0.05912921915431474500</fi>
               <fi>-0.00722415634553924030</fi>
               <fi>-0.02192158349686455100</fi>
               <fi>0.01427823686380428500</fi>
               <fi>0.03946010260970624800</fi>
            </CF>
         </LIDL>
         <throttle>
            <low>0.53314863927726819000</low>
            <high>1.09577301029128660000</high>
         </throttle>
      </TFM>
   </PFM>
   <OPM>
      <LGO>
         <Transition>
            <from>0</from>
            <to>1</to>
            <time>19.4</time>
         </Transition>
         <Transition>
            <from>1</from>
            <to>0</to>
            <time>19.4</time>
         </Transition>
      </LGO>
      <HLO>
         <Transition>
            <from>0</from>
            <to>1</to>
            <time>11</time>
         </Transition>
         <Transition>
            <from>1</from>
            <to>2</to>
            <time>18</time>
         </Transition>
         <Transition>
            <from>2</from>
            <to>3</to>
            <time>6</time>
         </Transition>
         <Transition>
            <from>3</from>
            <to>4</to>
            <time>6</time>
         </Transition>
         <Transition>
            <from>4</from>
            <to>5</to>
            <time>14</time>
         </Transition>
         <Transition>
            <from>5</from>
            <to>6</to>
            <time>7</time>
         </Transition>
         <Transition>
            <from>6</from>
            <to>5</to>
            <time>7</time>
         </Transition>
         <Transition>
            <from>5</from>
            <to>4</to>
            <time>14</time>
         </Transition>
         <Transition>
            <from>4</from>
            <to>3</to>
            <time>6</time>
         </Transition>
         <Transition>
            <from>3</from>
            <to>2</to>
            <time>6</time>
         </Transition>
         <Transition>
            <from>2</from>
            <to>1</to>
            <time>18</time>
         </Transition>
         <Transition>
            <from>1</from>
            <to>0</to>
            <time>11</time>
         </Transition>
      </HLO>
   </OPM>
   <ALM>
      <GLM>
         <hmo>43100</hmo>
         <mfa>20000</mfa>
      </GLM>
      <KLM>
         <mmo>0.89</mmo>
         <vmo>330</vmo>
         <mle>0.82</mle>
         <vle>270</vle>
         <mlo>0.82</mlo>
         <vloe>270</vloe>
         <vlor>270</vlor>
      </KLM>
      <ELM>
         <Tmin_f>
            <point>
               <Hp>-2000.0</Hp>
               <DeltaT>-81.00000000000000000000</DeltaT>
            </point>
            <point>
               <Hp>0.0</Hp>
               <DeltaT>-77.00000000000000000000</DeltaT>
            </point>
            <point>
               <Hp>32808.0</Hp>
               <DeltaT>-30.00000000000000000000</DeltaT>
            </point>
            <point>
               <Hp>36089.0</Hp>
               <DeltaT>-23.50000000000000000000</DeltaT>
            </point>
            <point>
               <Hp>43100.0</Hp>
               <DeltaT>-23.50000000000000000000</DeltaT>
            </point>
         </Tmin_f>
         <Tmax_f>
            <point>
               <Hp>-2000.0</Hp>
               <DeltaT>35.03999999999999900000</DeltaT>
            </point>
            <point>
               <Hp>0.0</Hp>
               <DeltaT>39.39999999999999900000</DeltaT>
            </point>
            <point>
               <Hp>10000.0</Hp>
               <DeltaT>39.39999999999999900000</DeltaT>
            </point>
            <point>
               <Hp>10001.0</Hp>
               <DeltaT>34.00000000000000000000</DeltaT>
            </point>
            <point>
               <Hp>36089.0</Hp>
               <DeltaT>34.00000000000000000000</DeltaT>
            </point>
            <point>
               <Hp>43100.0</Hp>
               <DeltaT>20.00000000000000000000</DeltaT>
            </point>
         </Tmax_f>
         <Tmin_g>
            <point>
               <Hp>-2000.0</Hp>
               <DeltaT>-73.00000000000000000000</DeltaT>
            </point>
            <point>
               <Hp>6500.0</Hp>
               <DeltaT>-56.00000000000000000000</DeltaT>
            </point>
            <point>
               <Hp>8500.0</Hp>
               <DeltaT>-43.00000000000000000000</DeltaT>
            </point>
         </Tmin_g>
         <Tmax_g>
            <point>
               <Hp>-2000.0</Hp>
               <DeltaT>35.03999999999999900000</DeltaT>
            </point>
            <point>
               <Hp>0.0</Hp>
               <DeltaT>39.39999999999999900000</DeltaT>
            </point>
            <point>
               <Hp>8500.0</Hp>
               <DeltaT>39.39999999999999900000</DeltaT>
            </point>
         </Tmax_g>
      </ELM>
      <DLM>
         <MTW>352442</MTW>
         <MTOW>351535</MTOW>
         <MLW>251290</MLW>
         <MZFW>237683</MZFW>
         <OEW>167829</OEW>
         <MPL>69853</MPL>
         <MFL>181283</MFL>
         <n1>2.5</n1>
         <n3>-1</n3>
         <nf1>2</nf1>
         <nf3>0</nf3>
      </DLM>
   </ALM>
   <Ground>
      <Dimensions>
         <span>64.80</span>
         <length>73.86</length>
      </Dimensions>
      <Runway>
         <TOL>3250</TOL>
         <LDL>1800</LDL>
      </Runway>
   </Ground>
   <ARPM>
      <AeroConfSchedule>
         <AeroPhase>
            <name>TO</name>
            <HLid>2</HLid>
            <LG>UP</LG>
         </AeroPhase>
         <AeroPhase>
            <name>IC</name>
            <HLid>1</HLid>
            <LG>UP</LG>
         </AeroPhase>
         <AeroPhase>
            <name>CR</name>
            <HLid>0</HLid>
            <LG>UP</LG>
         </AeroPhase>
         <AeroPhase>
            <name>AP</name>
            <HLid>3</HLid>
            <LG>UP</LG>
         </AeroPhase>
         <AeroPhase>
            <name>LD</name>
            <HLid>6</HLid>
            <LG>DN</LG>
         </AeroPhase>
      </AeroConfSchedule>
      <SpeedScheduleList>
         <SpeedSchedule>
            <CompanyName>Default</CompanyName>
            <SpeedPhase>
               <name>Climb</name>
               <CAS1>310</CAS1>
               <CAS2>310</CAS2>
               <M>0.84</M>
            </SpeedPhase>
            <SpeedPhase>
               <name>Cruise</name>
               <CAS1>310</CAS1>
               <CAS2>310</CAS2>
               <M>0.84</M>
            </SpeedPhase>
            <SpeedPhase>
               <name>Descent</name>
               <CAS1>310</CAS1>
               <CAS2>310</CAS2>
               <M>0.84</M>
            </SpeedPhase>
         </SpeedSchedule>
      </SpeedScheduleList>
   </ARPM>
</bada40:ACM>