<?xml version="1.0" encoding="utf-8"?>
<bada40:ACM xmlns:bada40="http://www.eurocontrol.int/eec/public/standard_page/bada40">
   <model>A319-131</model>
   <type>JET</type>
   <engine>IAE V2522-A5</engine>
   <description/>
   <ICAO>
      <designator>A319</designator>
      <WTC>M</WTC>
   </ICAO>
   <AFCM>
      <S>122.6</S>
      <Configuration HLid="0">
         <HLPosition>0000</HLPosition>
         <name>CLEAN</name>
         <vfe>350</vfe>
         <LGUP>
            <DPM_clean>
               <M_max>0.82</M_max>
               <scalar>9.835e-007</scalar>
               <CD_clean>
                  <d>646225.37929826765000000000</d>
                  <d>-1849553.36551169030000000000</d>
                  <d>2022389.83765393380000000000</d>
                  <d>-973306.76733400137000000000</d>
                  <d>174631.07238707470000000000</d>
                  <d>33942.25453483759300000000</d>
                  <d>11370.56709139565300000000</d>
                  <d>-11185.41457157340300000000</d>
                  <d>2749.04745656012210000000</d>
                  <d>-203.50098364869453000000</d>
                  <d>-5633.77021448829050000000</d>
                  <d>52912.22322277089600000000</d>
                  <d>-88040.80634170235100000000</d>
                  <d>48789.16436951837400000000</d>
                  <d>-8978.20749708060430000000</d>
               </CD_clean>
            </DPM_clean>
            <BLM_clean>
               <Mmin>0.3</Mmin>
               <Mmax>0.82</Mmax>
               <CL_Mach0>1.372</CL_Mach0>
               <CL_clean>
                  <bf>1.63298243450993970000</bf>
                  <bf>3.29551322469491210000</bf>
                  <bf>-26.80794155657486400000</bf>
                  <bf>49.41530909283427100000</bf>
                  <bf>-28.39035188335799700000</bf>
               </CL_clean>
            </BLM_clean>
         </LGUP>
      </Configuration>
      <Configuration HLid="1">
         <HLPosition>1800</HLPosition>
         <name>CONF 1</name>
         <vfe>230</vfe>
         <LGUP>
            <DPM_nonclean>
               <CD_nonclean>
                  <d>0.043834</d>
                  <d>-0.044871</d>
                  <d>0.062267</d>
               </CD_nonclean>
            </DPM_nonclean>
            <BLM>
               <CL_max>2.0908</CL_max>
            </BLM>
         </LGUP>
      </Configuration>
      <Configuration HLid="2">
         <HLPosition>1810</HLPosition>
         <name>CONF 1+F</name>
         <vfe>215</vfe>
         <LGUP>
            <DPM_nonclean>
               <CD_nonclean>
                  <d>0.065546</d>
                  <d>-0.057703</d>
                  <d>0.062379</d>
               </CD_nonclean>
            </DPM_nonclean>
            <BLM>
               <CL_max>2.438</CL_max>
            </BLM>
         </LGUP>
      </Configuration>
      <Configuration HLid="3">
         <HLPosition>2215</HLPosition>
         <name>CONF 2</name>
         <vfe>200</vfe>
         <LGUP>
            <DPM_nonclean>
               <CD_nonclean>
                  <d>0.076382</d>
                  <d>-0.067354</d>
                  <d>0.064048</d>
               </CD_nonclean>
            </DPM_nonclean>
            <BLM>
               <CL_max>2.6601</CL_max>
            </BLM>
         </LGUP>
      </Configuration>
      <Configuration HLid="4">
         <HLPosition>2220</HLPosition>
         <name>CONF 3</name>
         <vfe>185</vfe>
         <LGUP>
            <DPM_nonclean>
               <CD_nonclean>
                  <d>0.080336</d>
                  <d>-0.058249</d>
                  <d>0.057872</d>
               </CD_nonclean>
            </DPM_nonclean>
            <BLM>
               <CL_max>2.7479</CL_max>
            </BLM>
         </LGUP>
         <LGDN>
            <DPM_nonclean>
               <CD_nonclean>
                  <d>0.10562</d>
                  <d>-0.054863</d>
                  <d>0.056715</d>
               </CD_nonclean>
            </DPM_nonclean>
            <BLM>
               <CL_max>2.645</CL_max>
            </BLM>
         </LGDN>
      </Configuration>
      <Configuration HLid="5">
         <HLPosition>2740</HLPosition>
         <name>FULL</name>
         <vfe>177</vfe>
         <LGUP>
            <DPM_nonclean>
               <CD_nonclean>
                  <d>0.13026</d>
                  <d>-0.062165</d>
                  <d>0.056918</d>
               </CD_nonclean>
            </DPM_nonclean>
            <BLM>
               <CL_max>3.0765</CL_max>
            </BLM>
         </LGUP>
         <LGDN>
            <DPM_nonclean>
               <CD_nonclean>
                  <d>0.14773</d>
                  <d>-0.054941</d>
                  <d>0.054168</d>
               </CD_nonclean>
            </DPM_nonclean>
            <BLM>
               <CL_max>3.0578</CL_max>
            </BLM>
         </LGDN>
      </Configuration>
   </AFCM>
   <PFM>
      <MREF>70000</MREF>
      <LHV>43217000</LHV>
      <rho>810</rho>
      <n_eng>2</n_eng>
      <TFA>10</TFA>
      <TFM>
         <CT>
            <a>0</a>
            <a>-0.09999999999870240500</a>
            <a>0</a>
            <a>0</a>
            <a>0</a>
            <a>0</a>
            <a>0.29999999999949528000</a>
            <a>0</a>
            <a>0</a>
            <a>0</a>
            <a>0</a>
            <a>0</a>
            <a>0</a>
            <a>0</a>
            <a>0</a>
            <a>0</a>
            <a>0</a>
            <a>0</a>
            <a>0</a>
            <a>0</a>
            <a>0</a>
            <a>0</a>
            <a>0</a>
            <a>0</a>
            <a>0</a>
            <a>0</a>
            <a>0</a>
            <a>0</a>
            <a>0</a>
            <a>0</a>
            <a>0</a>
            <a>0</a>
            <a>0</a>
            <a>0</a>
            <a>0</a>
            <a>0</a>
         </CT>
         <CF>
            <f>-0.00063711176562085425</f>
            <f>1.68541345252647320000</f>
            <f>-3.88666510641154960000</f>
            <f>5.07955580995594860000</f>
            <f>15.63150628031854200000</f>
            <f>0.13985577356646975000</f>
            <f>0.28763067430624600000</f>
            <f>5.82370576177837670000</f>
            <f>-14.58637723291484900000</f>
            <f>10.93275607722423700000</f>
            <f>0</f>
            <f>0</f>
            <f>0</f>
            <f>0</f>
            <f>0</f>
            <f>0</f>
            <f>0</f>
            <f>0</f>
            <f>0</f>
            <f>0</f>
            <f>0</f>
            <f>0</f>
            <f>0</f>
            <f>0</f>
            <f>0</f>
         </CF>
         <MCRZ>
            <kink>10</kink>
            <flat_rating>
               <b>-4.88611145318326570000</b>
               <b>15.61283239982144800000</b>
               <b>-10.72516348719909600000</b>
               <b>0</b>
               <b>0</b>
               <b>0</b>
               <b>48.24318465814623400000</b>
               <b>-129.68169740533568000000</b>
               <b>99.63652508806650600000</b>
               <b>0</b>
               <b>0</b>
               <b>0</b>
               <b>-155.86492219121837000000</b>
               <b>443.07558755101081000000</b>
               <b>-383.70298011488575000000</b>
               <b>0</b>
               <b>0</b>
               <b>0</b>
               <b>254.50772195751480000000</b>
               <b>-794.58534879467197000000</b>
               <b>764.31998651935703000000</b>
               <b>0</b>
               <b>0</b>
               <b>0</b>
               <b>-213.86015871945756000000</b>
               <b>737.34867602779798000000</b>
               <b>-765.79687852543418000000</b>
               <b>0</b>
               <b>0</b>
               <b>0</b>
               <b>72.36753262254521200000</b>
               <b>-271.14804860422817000000</b>
               <b>295.60314582075188000000</b>
               <b>0</b>
               <b>0</b>
               <b>0</b>
            </flat_rating>
            <temp_rating>
               <c>851.96244142772184000000</c>
               <c>-2931.87036009955180000000</c>
               <c>2319.50730784476080000000</c>
               <c>0</c>
               <c>0</c>
               <c>-3429.22073676443870000000</c>
               <c>11803.19638587702000000000</c>
               <c>-9355.86623664566470000000</c>
               <c>0</c>
               <c>0</c>
               <c>5172.24804819553080000000</c>
               <c>-17781.92251907839800000000</c>
               <c>14140.36968394048900000000</c>
               <c>0</c>
               <c>0</c>
               <c>-3465.03195508776570000000</c>
               <c>11895.08181796347900000000</c>
               <c>-9496.67953419484910000000</c>
               <c>0</c>
               <c>0</c>
               <c>869.28178469539421000000</c>
               <c>-2980.96450208883880000000</c>
               <c>2391.10993406571700000000</c>
               <c>0</c>
               <c>0</c>
               <c>10.58567375277338500000</c>
               <c>-26.42570407067549000000</c>
               <c>12.94970604856726800000</c>
               <c>0</c>
               <c>0</c>
               <c>-23.53716710512168900000</c>
               <c>52.75783069401139600000</c>
               <c>-13.93823640301252600000</c>
               <c>0</c>
               <c>0</c>
               <c>19.04659829298128300000</c>
               <c>-28.06552595068821900000</c>
               <c>-17.83765510197489200000</c>
               <c>0</c>
               <c>0</c>
               <c>-5.05499237665902080000</c>
               <c>0.39807719649274725000</c>
               <c>18.28149383944999300000</c>
               <c>0</c>
               <c>0</c>
            </temp_rating>
         </MCRZ>
         <MCMB>
            <kink>10</kink>
            <flat_rating>
               <b>-5.14539890656527630000</b>
               <b>16.10032516516725200000</b>
               <b>-10.90777282101737600000</b>
               <b>0</b>
               <b>0</b>
               <b>0</b>
               <b>47.37186910849965200000</b>
               <b>-122.03344692999001000000</b>
               <b>92.89832846485886400000</b>
               <b>0</b>
               <b>0</b>
               <b>0</b>
               <b>-144.71106360347366000000</b>
               <b>393.10924444537318000000</b>
               <b>-344.42733926604660000000</b>
               <b>0</b>
               <b>0</b>
               <b>0</b>
               <b>229.37677401899316000000</b>
               <b>-693.67576826530342000000</b>
               <b>687.25963901130001000000</b>
               <b>0</b>
               <b>0</b>
               <b>0</b>
               <b>-190.71147586904192000000</b>
               <b>647.07920182286034000000</b>
               <b>-695.11247538482189000000</b>
               <b>0</b>
               <b>0</b>
               <b>0</b>
               <b>64.40228422826139400000</b>
               <b>-239.48627313772442000000</b>
               <b>268.84474270477199000000</b>
               <b>0</b>
               <b>0</b>
               <b>0</b>
            </flat_rating>
            <temp_rating>
               <c>163.57221743864110000000</c>
               <c>-573.29552566227164000000</c>
               <c>433.91280895816499000000</c>
               <c>0</c>
               <c>0</c>
               <c>-580.00168904777092000000</c>
               <c>2075.78060584983090000000</c>
               <c>-1582.65269121287820000000</c>
               <c>0</c>
               <c>0</c>
               <c>760.40786525155045000000</c>
               <c>-2770.68365122715890000000</c>
               <c>2148.65261783561120000000</c>
               <c>0</c>
               <c>0</c>
               <c>-438.97671393101876000000</c>
               <c>1629.72140888481390000000</c>
               <c>-1295.80984122972590000000</c>
               <c>0</c>
               <c>0</c>
               <c>93.54734598293170200000</c>
               <c>-356.04287353993396000000</c>
               <c>293.14150285759933000000</c>
               <c>0</c>
               <c>0</c>
               <c>13.45193667980583600000</c>
               <c>-31.56743807501708000000</c>
               <c>15.06947361136342200000</c>
               <c>0</c>
               <c>0</c>
               <c>-25.54794855555144700000</c>
               <c>50.18513480461625400000</c>
               <c>-9.14307610334126510000</c>
               <c>0</c>
               <c>0</c>
               <c>18.22068644574585200000</c>
               <c>-18.69569946594513300000</c>
               <c>-24.41969361797234900000</c>
               <c>0</c>
               <c>0</c>
               <c>-4.36334284434267340000</c>
               <c>-2.69951927771467440000</c>
               <c>18.37666658289045800000</c>
               <c>0</c>
               <c>0</c>
            </temp_rating>
         </MCMB>
         <LIDL>
            <CT>
               <ti>0.02191107181767211500</ti>
               <ti>0.24162592725805002000</ti>
               <ti>-0.82139999808319797000</ti>
               <ti>0.54062834242545954000</ti>
               <ti>0.03095960675058919600</ti>
               <ti>-1.23698044046090530000</ti>
               <ti>3.60592793580014790000</ti>
               <ti>-2.24481899836522420000</ti>
               <ti>-0.06123960644919719500</ti>
               <ti>1.19511159049378790000</ti>
               <ti>-3.53750991709184560000</ti>
               <ti>2.09865723856882050000</ti>
            </CT>
            <CF>
               <fi>0.06526109732112814200</fi>
               <fi>-0.11851980184020605000</fi>
               <fi>0.08830388292943737400</fi>
               <fi>-0.12479300487190760000</fi>
               <fi>0.41603819765615030000</fi>
               <fi>-0.21251748245582044000</fi>
               <fi>0.11244953672234970000</fi>
               <fi>-0.39756139142762359000</fi>
               <fi>0.14879577899070470000</fi>
            </CF>
         </LIDL>
         <throttle>
            <low>0.4209197823</low>
            <high>1.315467351</high>
         </throttle>
      </TFM>
   </PFM>
   <OPM>
      <LGO>
         <Transition>
            <from>0</from>
            <to>1</to>
            <time>20</time>
         </Transition>
         <Transition>
            <from>1</from>
            <to>0</to>
            <time>20</time>
         </Transition>
      </LGO>
      <HLO>
         <Transition>
            <from>0</from>
            <to>1</to>
            <time>12.6</time>
         </Transition>
         <Transition>
            <from>1</from>
            <to>2</to>
            <time>5.3</time>
         </Transition>
         <Transition>
            <from>2</from>
            <to>3</to>
            <time>3.9</time>
         </Transition>
         <Transition>
            <from>3</from>
            <to>4</to>
            <time>2.5</time>
         </Transition>
         <Transition>
            <from>4</from>
            <to>5</to>
            <time>5.9</time>
         </Transition>
         <Transition>
            <from>5</from>
            <to>4</to>
            <time>5.4</time>
         </Transition>
         <Transition>
            <from>4</from>
            <to>3</to>
            <time>2.4</time>
         </Transition>
         <Transition>
            <from>3</from>
            <to>2</to>
            <time>3.9</time>
         </Transition>
         <Transition>
            <from>2</from>
            <to>1</to>
            <time>2</time>
         </Transition>
         <Transition>
            <from>1</from>
            <to>0</to>
            <time>10.5</time>
         </Transition>
      </HLO>
   </OPM>
   <ALM>
      <GLM>
         <hmo>39800</hmo>
         <mfa>20000</mfa>
      </GLM>
      <KLM>
         <mmo>0.82</mmo>
         <vmo>350</vmo>
         <mle>0.67</mle>
         <vle>280</vle>
         <vloe>250</vloe>
         <vlor>220</vlor>
      </KLM>
      <ELM>
         <Tmin_f>
            <point>
               <Hp>-2000</Hp>
               <DeltaT>-73</DeltaT>
            </point>
            <point>
               <Hp>18246</Hp>
               <DeltaT>-32.9</DeltaT>
            </point>
            <point>
               <Hp>36089</Hp>
               <DeltaT>-11.2</DeltaT>
            </point>
            <point>
               <Hp>39100</Hp>
               <DeltaT>-13.5</DeltaT>
            </point>
            <point>
               <Hp>39800</Hp>
               <DeltaT>-14</DeltaT>
            </point>
         </Tmin_f>
         <Tmax_f>
            <point>
               <Hp>-2000</Hp>
               <DeltaT>36</DeltaT>
            </point>
            <point>
               <Hp>0</Hp>
               <DeltaT>40</DeltaT>
            </point>
            <point>
               <Hp>14100</Hp>
               <DeltaT>40</DeltaT>
            </point>
            <point>
               <Hp>14101</Hp>
               <DeltaT>35</DeltaT>
            </point>
            <point>
               <Hp>36089</Hp>
               <DeltaT>35</DeltaT>
            </point>
            <point>
               <Hp>39800</Hp>
               <DeltaT>27.6</DeltaT>
            </point>
         </Tmax_f>
         <Tmin_g>
            <point>
               <Hp>-2000</Hp>
               <DeltaT>-73</DeltaT>
            </point>
            <point>
               <Hp>14100</Hp>
               <DeltaT>-41.1</DeltaT>
            </point>
         </Tmin_g>
         <Tmax_g>
            <point>
               <Hp>-2000</Hp>
               <DeltaT>36</DeltaT>
            </point>
            <point>
               <Hp>0</Hp>
               <DeltaT>40</DeltaT>
            </point>
            <point>
               <Hp>14100</Hp>
               <DeltaT>40</DeltaT>
            </point>
         </Tmax_g>
      </ELM>
      <DLM>
         <MTW>70400</MTW>
         <MTOW>70000</MTOW>
         <MLW>61000</MLW>
         <MZFW>57000</MZFW>
         <OEW>39358</OEW>
         <MPL>17642</MPL>
         <MFL>18394</MFL>
         <n1>2.5</n1>
         <n3>-1</n3>
         <nf1>2</nf1>
         <nf3>0</nf3>
      </DLM>
   </ALM>
   <Ground>
      <Dimensions>
         <span>34.10</span>
         <length>33.84</length>
      </Dimensions>
      <Runway>
         <TOL>1820</TOL>
         <LDL>1470</LDL>
      </Runway>
   </Ground>
   <ARPM>
      <AeroConfSchedule>
         <AeroPhase>
            <name>TO</name>
            <HLid>3</HLid>
            <LG>UP</LG>
         </AeroPhase>
         <AeroPhase>
            <name>IC</name>
            <HLid>2</HLid>
            <LG>UP</LG>
         </AeroPhase>
         <AeroPhase>
            <name>CR</name>
            <HLid>0</HLid>
            <LG>UP</LG>
         </AeroPhase>
         <AeroPhase>
            <name>AP</name>
            <HLid>3</HLid>
            <LG>UP</LG>
         </AeroPhase>
         <AeroPhase>
            <name>LD</name>
            <HLid>5</HLid>
            <LG>DN</LG>
         </AeroPhase>
      </AeroConfSchedule>
      <SpeedScheduleList>
         <SpeedSchedule>
            <CompanyName>Default</CompanyName>
            <SpeedPhase>
               <name>Climb</name>
               <CAS1>310</CAS1>
               <CAS2>310</CAS2>
               <M>0.78</M>
            </SpeedPhase>
            <SpeedPhase>
               <name>Cruise</name>
               <CAS1>250</CAS1>
               <CAS2>300</CAS2>
               <M>0.78</M>
            </SpeedPhase>
            <SpeedPhase>
               <name>Descent</name>
               <CAS1>300</CAS1>
               <CAS2>300</CAS2>
               <M>0.79</M>
            </SpeedPhase>
         </SpeedSchedule>
      </SpeedScheduleList>
   </ARPM>
</bada40:ACM>