<?xml version="1.0" encoding="utf-8"?>
<bada40:ACM xmlns:bada40="http://www.eurocontrol.int/eec/public/standard_page/bada40">
   <model>A300B4-622</model>
   <type>JET</type>
   <engine>PW4158</engine>
   <description/>
   <ICAO>
      <designator>A306</designator>
      <WTC>H</WTC>
   </ICAO>
   <AFCM>
      <S>260</S>
      <Configuration HLid="0">
         <HLPosition>0000</HLPosition>
         <name>CLEAN</name>
         <vfe>335</vfe>
         <LGUP>
            <DPM_clean>
               <M_max>0.82</M_max>
               <scalar>9.835e-007</scalar>
               <CD_clean>
                  <d>74629.00518485537000000000</d>
                  <d>-134769.03736389711000000000</d>
                  <d>99195.13895606124400000000</d>
                  <d>-25660.32937633529200000000</d>
                  <d>1346.35061230052360000000</d>
                  <d>40295.79880002490200000000</d>
                  <d>3398.23577577058040000000</d>
                  <d>1395.24678157504260000000</d>
                  <d>-400.32170993892072000000</d>
                  <d>22.85294390312789000000</d>
                  <d>-8891.31321331683650000000</d>
                  <d>99482.44599188963200000000</d>
                  <d>-172840.86313303118000000000</d>
                  <d>100133.12119826258000000000</d>
                  <d>-19324.86285412851800000000</d>
               </CD_clean>
            </DPM_clean>
            <BLM_clean>
               <Mmin>0.3</Mmin>
               <Mmax>0.82</Mmax>
               <CL_Mach0>1.2789</CL_Mach0>
               <CL_clean>
                  <bf>1.55484245558591370000</bf>
                  <bf>0.07354295109677663800</bf>
                  <bf>-6.96937418261903560000</bf>
                  <bf>10.96596999055335400000</bf>
                  <bf>-5.13815383578813110000</bf>
               </CL_clean>
            </BLM_clean>
         </LGUP>
      </Configuration>
      <Configuration HLid="1">
         <HLPosition>1500</HLPosition>
         <name>S15F00</name>
         <vfe>250</vfe>
         <LGUP>
            <DPM_nonclean>
               <CD_nonclean>
                  <d>0.033925</d>
                  <d>-0.0043911</d>
                  <d>0.046776</d>
               </CD_nonclean>
            </DPM_nonclean>
            <BLM>
               <CL_max>2.1289</CL_max>
            </BLM>
         </LGUP>
      </Configuration>
      <Configuration HLid="2">
         <HLPosition>1515</HLPosition>
         <name>S15F15</name>
         <vfe>215</vfe>
         <LGUP>
            <DPM_nonclean>
               <CD_nonclean>
                  <d>0.052076</d>
                  <d>-0.034257</d>
                  <d>0.059029</d>
               </CD_nonclean>
            </DPM_nonclean>
            <BLM>
               <CL_max>2.4419</CL_max>
            </BLM>
         </LGUP>
      </Configuration>
      <Configuration HLid="3">
         <HLPosition>1520</HLPosition>
         <name>S15F20</name>
         <vfe>205</vfe>
         <LGUP>
            <DPM_nonclean>
               <CD_nonclean>
                  <d>0.057176</d>
                  <d>-0.023574</d>
                  <d>0.051158</d>
               </CD_nonclean>
            </DPM_nonclean>
            <BLM>
               <CL_max>2.6631</CL_max>
            </BLM>
         </LGUP>
         <LGDN>
            <DPM_nonclean>
               <CD_nonclean>
                  <d>0.08081</d>
                  <d>-0.027352</d>
                  <d>0.052267</d>
               </CD_nonclean>
            </DPM_nonclean>
            <BLM>
               <CL_max>2.5923</CL_max>
            </BLM>
         </LGDN>
      </Configuration>
      <Configuration HLid="4">
         <HLPosition>3040</HLPosition>
         <name>S30F40</name>
         <vfe>175</vfe>
         <LGUP>
            <DPM_nonclean>
               <CD_nonclean>
                  <d>0.081468</d>
                  <d>-0.0064661</d>
                  <d>0.045551</d>
               </CD_nonclean>
            </DPM_nonclean>
            <BLM>
               <CL_max>3.1311</CL_max>
            </BLM>
         </LGUP>
         <LGDN>
            <DPM_nonclean>
               <CD_nonclean>
                  <d>0.10146</d>
                  <d>-0.0072651</d>
                  <d>0.044501</d>
               </CD_nonclean>
            </DPM_nonclean>
            <BLM>
               <CL_max>3.0706</CL_max>
            </BLM>
         </LGDN>
      </Configuration>
   </AFCM>
   <PFM>
      <MREF>171700</MREF>
      <LHV>43217000</LHV>
      <rho>810</rho>
      <n_eng>2</n_eng>
      <TFA>25</TFA>
      <TFM>
         <CT>
            <a>0</a>
            <a>-0.09999999999854122800</a>
            <a>0</a>
            <a>0</a>
            <a>0</a>
            <a>0</a>
            <a>0.29999999999937860000</a>
            <a>0</a>
            <a>0</a>
            <a>0</a>
            <a>0</a>
            <a>0</a>
            <a>0</a>
            <a>0</a>
            <a>0</a>
            <a>0</a>
            <a>0</a>
            <a>0</a>
            <a>0</a>
            <a>0</a>
            <a>0</a>
            <a>0</a>
            <a>0</a>
            <a>0</a>
            <a>0</a>
            <a>0</a>
            <a>0</a>
            <a>0</a>
            <a>0</a>
            <a>0</a>
            <a>0</a>
            <a>0</a>
            <a>0</a>
            <a>0</a>
            <a>0</a>
            <a>0</a>
         </CT>
         <CF>
            <f>0.01602930609526724900</f>
            <f>0.24864810974787979000</f>
            <f>14.58671768323025300000</f>
            <f>-97.40519789131670300000</f>
            <f>230.25239158346770000000</f>
            <f>0.08096130987991022300</f>
            <f>2.13563776234538460000</f>
            <f>-19.20475415494215100000</f>
            <f>137.32595934063002000000</f>
            <f>-318.62574061955092000000</f>
            <f>0</f>
            <f>0</f>
            <f>0</f>
            <f>0</f>
            <f>0</f>
            <f>0</f>
            <f>0</f>
            <f>0</f>
            <f>0</f>
            <f>0</f>
            <f>0</f>
            <f>0</f>
            <f>0</f>
            <f>0</f>
            <f>0</f>
         </CF>
         <MCRZ>
            <kink>10</kink>
            <flat_rating>
               <b>-3.74919404762065380000</b>
               <b>12.73626028665958800000</b>
               <b>-8.30323419260355240000</b>
               <b>0</b>
               <b>0</b>
               <b>0</b>
               <b>35.35283581318067500000</b>
               <b>-93.10952208112851700000</b>
               <b>62.16033464159237800000</b>
               <b>0</b>
               <b>0</b>
               <b>0</b>
               <b>-89.43732783700417600000</b>
               <b>212.09041911333097000000</b>
               <b>-131.61089706262032000000</b>
               <b>0</b>
               <b>0</b>
               <b>0</b>
               <b>97.85169112974800500000</b>
               <b>-187.99356528291591000000</b>
               <b>89.26768262320285900000</b>
               <b>0</b>
               <b>0</b>
               <b>0</b>
               <b>-47.49386878160388600000</b>
               <b>53.87636074580997600000</b>
               <b>0.99984836649388065000</b>
               <b>0</b>
               <b>0</b>
               <b>0</b>
               <b>8.13166507848178450000</b>
               <b>2.10843362407695120000</b>
               <b>-11.99244987532762300000</b>
               <b>0</b>
               <b>0</b>
               <b>0</b>
            </flat_rating>
            <temp_rating>
               <c>-23.22687628211409100000</c>
               <c>-555.95028833568404000000</c>
               <c>1115.41467101998050000000</c>
               <c>0</c>
               <c>0</c>
               <c>75.43508593027266300000</c>
               <c>2366.91255914535260000000</c>
               <c>-4696.14072360249340000000</c>
               <c>0</c>
               <c>0</c>
               <c>-94.07021712699959400000</c>
               <c>-3717.13662106705850000000</c>
               <c>7363.84772994515060000000</c>
               <c>0</c>
               <c>0</c>
               <c>49.55084204388278100000</c>
               <c>2584.81905679673130000000</c>
               <c>-5117.71613175521000000000</c>
               <c>0</c>
               <c>0</c>
               <c>-9.54775341742309180000</c>
               <c>-670.76544427895487000000</c>
               <c>1329.30567695488030000000</c>
               <c>0</c>
               <c>0</c>
               <c>20.02551488294765400000</c>
               <c>-61.14510085656085200000</c>
               <c>43.46207229143896500000</c>
               <c>0</c>
               <c>0</c>
               <c>-45.59065523011841500000</c>
               <c>133.54954362179595000000</c>
               <c>-88.37434057143838100000</c>
               <c>0</c>
               <c>0</c>
               <c>39.60763802529851300000</c>
               <c>-105.67516582664878000000</c>
               <c>56.30866573489648600000</c>
               <c>0</c>
               <c>0</c>
               <c>-11.36818376316249700000</c>
               <c>24.70314794028804800000</c>
               <c>-5.02563616514558650000</c>
               <c>0</c>
               <c>0</c>
            </temp_rating>
         </MCRZ>
         <MCMB>
            <kink>10</kink>
            <flat_rating>
               <b>-1.49912809130714230000</b>
               <b>4.77445251915523360000</b>
               <b>-1.85348075974103450000</b>
               <b>0</b>
               <b>0</b>
               <b>0</b>
               <b>17.69208002577527200000</b>
               <b>-26.21979344556384100000</b>
               <b>6.66342670013615560000</b>
               <b>0</b>
               <b>0</b>
               <b>0</b>
               <b>-38.68524546897614900000</b>
               <b>5.69005298361206350000</b>
               <b>45.61950069556739600000</b>
               <b>0</b>
               <b>0</b>
               <b>0</b>
               <b>30.49495573451603600000</b>
               <b>113.66890366884378000000</b>
               <b>-179.82151988498239000000</b>
               <b>0</b>
               <b>0</b>
               <b>0</b>
               <b>-4.00840137491865180000</b>
               <b>-164.69756888025094000000</b>
               <b>204.73821281277012000000</b>
               <b>0</b>
               <b>0</b>
               <b>0</b>
               <b>-3.23255800334358630000</b>
               <b>66.59828297062142600000</b>
               <b>-75.22094994174493400000</b>
               <b>0</b>
               <b>0</b>
               <b>0</b>
            </flat_rating>
            <temp_rating>
               <c>-182.52846265387484000000</c>
               <c>811.05401906370616000000</c>
               <c>-874.58187499261373000000</c>
               <c>0</c>
               <c>0</c>
               <c>784.34427467619537000000</c>
               <c>-3435.14611739570360000000</c>
               <c>3663.10953041718720000000</c>
               <c>0</c>
               <c>0</c>
               <c>-1247.10870527844760000000</c>
               <c>5429.76274213118810000000</c>
               <c>-5732.81917641143630000000</c>
               <c>0</c>
               <c>0</c>
               <c>874.26560689112716000000</c>
               <c>-3792.23445144757900000000</c>
               <c>3970.95056309739860000000</c>
               <c>0</c>
               <c>0</c>
               <c>-228.70341122733404000000</c>
               <c>988.70819421622275000000</c>
               <c>-1028.20464286558760000000</c>
               <c>0</c>
               <c>0</c>
               <c>4.13343472941880830000</c>
               <c>-16.94028141428813700000</c>
               <c>15.02905573343113400000</c>
               <c>0</c>
               <c>0</c>
               <c>-5.43795283189406220000</c>
               <c>22.85397612489645200000</c>
               <c>-19.46915741516637200000</c>
               <c>0</c>
               <c>0</c>
               <c>-0.88967464106004823000</c>
               <c>2.86247989857213670000</c>
               <c>-6.17345916402499740000</c>
               <c>0</c>
               <c>0</c>
               <c>2.89080987715460090000</c>
               <c>-11.75965198745331900000</c>
               <c>13.18835680861289800000</c>
               <c>0</c>
               <c>0</c>
            </temp_rating>
         </MCMB>
         <LIDL>
            <CT>
               <ti>-0.09636653836944660000</ti>
               <ti>0.52748911777041541000</ti>
               <ti>-0.72794108059012874000</ti>
               <ti>0.29675118946084272000</ti>
               <ti>0.29320366730599690000</ti>
               <ti>-1.55322081289619660000</ti>
               <ti>1.93493824308009700000</ti>
               <ti>-0.65659411361665931000</ti>
               <ti>-0.20111652748902453000</ti>
               <ti>1.02165100900113460000</ti>
               <ti>-1.14128032275172560000</ti>
               <ti>0.22499914529282317000</ti>
            </CT>
            <CF>
               <fi>0.03315171438075575200</fi>
               <fi>0.04827201888666681600</fi>
               <fi>-0.12398325289715595000</fi>
               <fi>-0.06354724734836107700</fi>
               <fi>-0.27906708249140150000</fi>
               <fi>0.76860420538817797000</fi>
               <fi>0.02808928858050929400</fi>
               <fi>0.45713111042604082000</fi>
               <fi>-1.02673288056608780000</fi>
            </CF>
         </LIDL>
         <throttle>
            <low>0.5246124463</low>
            <high>1.195735055</high>
         </throttle>
      </TFM>
   </PFM>
   <OPM>
      <LGO>
         <Transition>
            <from>0</from>
            <to>1</to>
            <time>20</time>
         </Transition>
         <Transition>
            <from>1</from>
            <to>0</to>
            <time>20</time>
         </Transition>
      </LGO>
      <HLO>
         <Transition>
            <from>0</from>
            <to>1</to>
            <time>8.8</time>
         </Transition>
         <Transition>
            <from>1</from>
            <to>2</to>
            <time>21.4</time>
         </Transition>
         <Transition>
            <from>2</from>
            <to>3</to>
            <time>4.2</time>
         </Transition>
         <Transition>
            <from>3</from>
            <to>4</to>
            <time>6.5</time>
         </Transition>
         <Transition>
            <from>4</from>
            <to>3</to>
            <time>5.7</time>
         </Transition>
         <Transition>
            <from>3</from>
            <to>2</to>
            <time>4.2</time>
         </Transition>
         <Transition>
            <from>2</from>
            <to>1</to>
            <time>21.5</time>
         </Transition>
         <Transition>
            <from>1</from>
            <to>0</to>
            <time>8.7</time>
         </Transition>
      </HLO>
   </OPM>
   <ALM>
      <GLM>
         <hmo>40000</hmo>
         <mfa>20000</mfa>
      </GLM>
      <KLM>
         <mmo>0.82</mmo>
         <vmo>335</vmo>
         <mle>0.59</mle>
         <vle>270</vle>
         <mlo>0.59</mlo>
         <vloe>270</vloe>
         <vlor>240</vlor>
      </KLM>
      <ELM>
         <Tmin_f>
            <point>
               <Hp>-1000</Hp>
               <DeltaT>-57</DeltaT>
            </point>
            <point>
               <Hp>36089</Hp>
               <DeltaT>-10.6</DeltaT>
            </point>
            <point>
               <Hp>40000</Hp>
               <DeltaT>-13.5</DeltaT>
            </point>
         </Tmin_f>
         <Tmax_f>
            <point>
               <Hp>-1000</Hp>
               <DeltaT>38</DeltaT>
            </point>
            <point>
               <Hp>0</Hp>
               <DeltaT>40</DeltaT>
            </point>
            <point>
               <Hp>10000</Hp>
               <DeltaT>39.8</DeltaT>
            </point>
            <point>
               <Hp>10001</Hp>
               <DeltaT>34.8</DeltaT>
            </point>
            <point>
               <Hp>36089</Hp>
               <DeltaT>34.3</DeltaT>
            </point>
            <point>
               <Hp>40000</Hp>
               <DeltaT>26.5</DeltaT>
            </point>
         </Tmax_f>
         <Tmin_g>
            <point>
               <Hp>-1000</Hp>
               <DeltaT>-57</DeltaT>
            </point>
            <point>
               <Hp>8500</Hp>
               <DeltaT>-45.2</DeltaT>
            </point>
         </Tmin_g>
         <Tmax_g>
            <point>
               <Hp>-1000</Hp>
               <DeltaT>38</DeltaT>
            </point>
            <point>
               <Hp>0</Hp>
               <DeltaT>40</DeltaT>
            </point>
            <point>
               <Hp>8500</Hp>
               <DeltaT>39.8</DeltaT>
            </point>
         </Tmax_g>
      </ELM>
      <DLM>
         <MTW>172600</MTW>
         <MTOW>171700</MTOW>
         <MLW>140000</MLW>
         <MZFW>123000</MZFW>
         <OEW>87000</OEW>
         <MPL>36000</MPL>
         <MFL>48484</MFL>
         <n1>2.5</n1>
         <n3>-1</n3>
         <nf1>2</nf1>
         <nf3>0</nf3>
      </DLM>
   </ALM>
   <Ground>
      <Dimensions>
         <span>44.84</span>
         <length>54.08</length>
      </Dimensions>
      <Runway>
         <TOL>2360</TOL>
         <LDL>1560</LDL>
      </Runway>
   </Ground>
   <ARPM>
      <AeroConfSchedule>
         <AeroPhase>
            <name>TO</name>
            <HLid>2</HLid>
            <LG>UP</LG>
         </AeroPhase>
         <AeroPhase>
            <name>IC</name>
            <HLid>1</HLid>
            <LG>UP</LG>
         </AeroPhase>
         <AeroPhase>
            <name>CR</name>
            <HLid>0</HLid>
            <LG>UP</LG>
         </AeroPhase>
         <AeroPhase>
            <name>AP</name>
            <HLid>2</HLid>
            <LG>UP</LG>
         </AeroPhase>
         <AeroPhase>
            <name>LD</name>
            <HLid>4</HLid>
            <LG>DN</LG>
         </AeroPhase>
      </AeroConfSchedule>
      <SpeedScheduleList>
         <SpeedSchedule>
            <CompanyName>Default</CompanyName>
            <SpeedPhase>
               <name>Climb</name>
               <CAS1>310</CAS1>
               <CAS2>310</CAS2>
               <M>0.79</M>
            </SpeedPhase>
            <SpeedPhase>
               <name>Cruise</name>
               <CAS1>250</CAS1>
               <CAS2>310</CAS2>
               <M>0.79</M>
            </SpeedPhase>
            <SpeedPhase>
               <name>Descent</name>
               <CAS1>290</CAS1>
               <CAS2>290</CAS2>
               <M>0.79</M>
            </SpeedPhase>
         </SpeedSchedule>
      </SpeedScheduleList>
   </ARPM>
</bada40:ACM>