<?xml version="1.0" encoding="utf-8"?>
<bada40:ACM xmlns:bada40="http://www.eurocontrol.int/eec/public/standard_page/bada40">
   <model>777-300</model>
   <type>JET</type>
   <engine>Trent892</engine>
   <description/>
   <ICAO>
      <designator>B773</designator>
      <WTC>H</WTC>
   </ICAO>
   <AFCM>
      <S>427.81849920000002000000</S>
      <Configuration HLid="0">
         <HLPosition>0000</HLPosition>
         <name>flaps  0</name>
         <vfe>330</vfe>
         <LGUP>
            <DPM_clean>
               <M_max>0.89000</M_max>
               <scalar>9.835e-007</scalar>
               <CD_clean>
                  <d>191595.20384153890000000000</d>
                  <d>-455477.18127109751000000000</d>
                  <d>433588.99775159976000000000</d>
                  <d>-181495.84760824617000000000</d>
                  <d>28436.71779532246000000000</d>
                  <d>33301.54786460886000000000</d>
                  <d>8077.07489758477820000000</d>
                  <d>-2838.15041718449360000000</d>
                  <d>239.39294272372726000000</d>
                  <d>-3.90351331301478540000</d>
                  <d>22102.51751085697800000000</d>
                  <d>7076.80272504415920000000</d>
                  <d>-10556.04539791094800000000</d>
                  <d>5294.39963848390650000000</d>
                  <d>-888.68873340383880000000</d>
               </CD_clean>
            </DPM_clean>
            <BLM_clean>
               <Mmin>0.28000</Mmin>
               <Mmax>0.86000</Mmax>
               <CL_Mach0>1.06720568592362940000</CL_Mach0>
               <CL_clean>
                  <bf>0.61395712009262415000</bf>
                  <bf>7.18075524250455730000</bf>
                  <bf>-27.78201081752648300000</bf>
                  <bf>38.39564524741214100000</bf>
                  <bf>-18.16013737480187700000</bf>
               </CL_clean>
            </BLM_clean>
         </LGUP>
         <LGDN>
            <DPM_nonclean>
               <CD_nonclean>
                  <d>0.04649352941176473900</d>
                  <d>-0.01014664602683188400</d>
                  <d>0.05222703818369460500</d>
               </CD_nonclean>
            </DPM_nonclean>
            <BLM>
               <CL_max>1.06720568592362940000</CL_max>
            </BLM>
         </LGDN>
      </Configuration>
      <Configuration HLid="1">
         <HLPosition>0001</HLPosition>
         <name>flaps 1</name>
         <vfe>255</vfe>
         <LGUP>
            <DPM_nonclean>
               <CD_nonclean>
                  <d>0.03381011050216377300</d>
                  <d>-0.04663882192735265000</d>
                  <d>0.07756382785947782400</d>
               </CD_nonclean>
            </DPM_nonclean>
            <BLM>
               <CL_max>1.52349956580494820000</CL_max>
            </BLM>
         </LGUP>
         <LGDN>
            <DPM_nonclean>
               <CD_nonclean>
                  <d>0.06186011050216384100</d>
                  <d>-0.04663882192735274700</d>
                  <d>0.07756382785947786600</d>
               </CD_nonclean>
            </DPM_nonclean>
            <BLM>
               <CL_max>1.52349956580494820000</CL_max>
            </BLM>
         </LGDN>
      </Configuration>
      <Configuration HLid="2">
         <HLPosition>0005</HLPosition>
         <name>flaps 5</name>
         <vfe>235</vfe>
         <LGUP>
            <DPM_nonclean>
               <CD_nonclean>
                  <d>0.03672369495682655000</d>
                  <d>-0.03826930363589758200</d>
                  <d>0.06441970312189590500</d>
               </CD_nonclean>
            </DPM_nonclean>
            <BLM>
               <CL_max>1.81737919131985200000</CL_max>
            </BLM>
         </LGUP>
         <LGDN>
            <DPM_nonclean>
               <CD_nonclean>
                  <d>0.06491455616758530500</d>
                  <d>-0.04129151468995005000</d>
                  <d>0.06551388838944835500</d>
               </CD_nonclean>
            </DPM_nonclean>
            <BLM>
               <CL_max>1.81737919131985200000</CL_max>
            </BLM>
         </LGDN>
      </Configuration>
      <Configuration HLid="3">
         <HLPosition>0015</HLPosition>
         <name>flaps 15</name>
         <vfe>215</vfe>
         <LGUP>
            <DPM_nonclean>
               <CD_nonclean>
                  <d>0.04527476686986017100</d>
                  <d>-0.04081300918187340900</d>
                  <d>0.06250138837200286400</d>
               </CD_nonclean>
            </DPM_nonclean>
            <BLM>
               <CL_max>1.87005412259358470000</CL_max>
            </BLM>
         </LGUP>
         <LGDN>
            <DPM_nonclean>
               <CD_nonclean>
                  <d>0.07463346815485039100</d>
                  <d>-0.04693848411875900500</d>
                  <d>0.06443052108857133500</d>
               </CD_nonclean>
            </DPM_nonclean>
            <BLM>
               <CL_max>1.87005412259358470000</CL_max>
            </BLM>
         </LGDN>
      </Configuration>
      <Configuration HLid="4">
         <HLPosition>0020</HLPosition>
         <name>flaps 20</name>
         <vfe>200</vfe>
         <LGUP>
            <DPM_nonclean>
               <CD_nonclean>
                  <d>0.06120236332321531800</d>
                  <d>-0.05120490896334645900</d>
                  <d>0.06385214643819393800</d>
               </CD_nonclean>
            </DPM_nonclean>
            <BLM>
               <CL_max>1.95346646316122090000</CL_max>
            </BLM>
         </LGUP>
         <LGDN>
            <DPM_nonclean>
               <CD_nonclean>
                  <d>0.08050236332321533700</d>
                  <d>-0.05120490896334647200</d>
                  <d>0.06385214643819393800</d>
               </CD_nonclean>
            </DPM_nonclean>
            <BLM>
               <CL_max>1.95346646316122090000</CL_max>
            </BLM>
         </LGDN>
      </Configuration>
      <Configuration HLid="5">
         <HLPosition>0025</HLPosition>
         <name>flaps 25</name>
         <vfe>190</vfe>
         <LGDN>
            <DPM_nonclean>
               <CD_nonclean>
                  <d>0.20587487409192959000</d>
                  <d>-0.16994800606674587000</d>
                  <d>0.09911672415067848700</d>
               </CD_nonclean>
            </DPM_nonclean>
            <BLM>
               <CL_max>2.13794767471186910000</CL_max>
            </BLM>
         </LGDN>
      </Configuration>
      <Configuration HLid="6">
         <HLPosition>0030</HLPosition>
         <name>flaps 30</name>
         <vfe>180</vfe>
         <LGDN>
            <DPM_nonclean>
               <CD_nonclean>
                  <d>0.27555408965680306000</d>
                  <d>-0.21660911465949961000</d>
                  <d>0.10970553421342710000</d>
               </CD_nonclean>
            </DPM_nonclean>
            <BLM>
               <CL_max>2.24014605385516410000</CL_max>
            </BLM>
         </LGDN>
      </Configuration>
   </AFCM>
   <PFM>
      <MREF>299370</MREF>
      <LHV>43217000</LHV>
      <rho>810</rho>
      <n_eng>2</n_eng>
      <TFA>27</TFA>
      <TFM>
         <CT>
            <a>0.00000000000000000000</a>
            <a>-0.10000000000871122000</a>
            <a>0.00000000000000000000</a>
            <a>0.00000000000000000000</a>
            <a>0.00000000000000000000</a>
            <a>0.00000000000000000000</a>
            <a>0.30000000000120103000</a>
            <a>0.00000000000000000000</a>
            <a>0.00000000000000000000</a>
            <a>0.00000000000000000000</a>
            <a>0.00000000000000000000</a>
            <a>0.00000000000000000000</a>
            <a>0.00000000000000000000</a>
            <a>0.00000000000000000000</a>
            <a>0.00000000000000000000</a>
            <a>0.00000000000000000000</a>
            <a>0.00000000000000000000</a>
            <a>0.00000000000000000000</a>
            <a>0.00000000000000000000</a>
            <a>0.00000000000000000000</a>
            <a>0.00000000000000000000</a>
            <a>0.00000000000000000000</a>
            <a>0.00000000000000000000</a>
            <a>0.00000000000000000000</a>
            <a>0.00000000000000000000</a>
            <a>0.00000000000000000000</a>
            <a>0.00000000000000000000</a>
            <a>0.00000000000000000000</a>
            <a>0.00000000000000000000</a>
            <a>0.00000000000000000000</a>
            <a>0.00000000000000000000</a>
            <a>0.00000000000000000000</a>
            <a>0.00000000000000000000</a>
            <a>0.00000000000000000000</a>
            <a>0.00000000000000000000</a>
            <a>0.00000000000000000000</a>
         </CT>
         <CF>
            <f>-0.01310157819450757800</f>
            <f>2.72322587881834850000</f>
            <f>-30.59465809589598000000</f>
            <f>194.61627522288128000000</f>
            <f>-395.39044818393631000000</f>
            <f>0.08190622773154915300</f>
            <f>-1.69566679550462700000</f>
            <f>51.94648908388408900000</f>
            <f>-325.33802257910310000000</f>
            <f>672.16926623439008000000</f>
            <f>0.00000000000000000000</f>
            <f>0.00000000000000000000</f>
            <f>0.00000000000000000000</f>
            <f>0.00000000000000000000</f>
            <f>0.00000000000000000000</f>
            <f>0.00000000000000000000</f>
            <f>0.00000000000000000000</f>
            <f>0.00000000000000000000</f>
            <f>0.00000000000000000000</f>
            <f>0.00000000000000000000</f>
            <f>0.00000000000000000000</f>
            <f>0.00000000000000000000</f>
            <f>0.00000000000000000000</f>
            <f>0.00000000000000000000</f>
            <f>0.00000000000000000000</f>
         </CF>
         <MCRZ>
            <kink>10</kink>
            <flat_rating>
               <b>-7.32915273504554590000</b>
               <b>22.70542269410806900000</b>
               <b>-15.67034479794797600000</b>
               <b>0.00000000000000000000</b>
               <b>0.00000000000000000000</b>
               <b>0.00000000000000000000</b>
               <b>75.33580133306983800000</b>
               <b>-220.66872273538499000000</b>
               <b>162.62886991935233000000</b>
               <b>0.00000000000000000000</b>
               <b>0.00000000000000000000</b>
               <b>0.00000000000000000000</b>
               <b>-277.08107386309160000000</b>
               <b>842.64742654360396000000</b>
               <b>-640.88037566933008000000</b>
               <b>0.00000000000000000000</b>
               <b>0.00000000000000000000</b>
               <b>0.00000000000000000000</b>
               <b>490.91549854510555000000</b>
               <b>-1538.82201845186890000000</b>
               <b>1192.63488019633290000000</b>
               <b>0.00000000000000000000</b>
               <b>0.00000000000000000000</b>
               <b>0.00000000000000000000</b>
               <b>-418.39543094365371000000</b>
               <b>1340.89009246539220000000</b>
               <b>-1053.27650726424210000000</b>
               <b>0.00000000000000000000</b>
               <b>0.00000000000000000000</b>
               <b>0.00000000000000000000</b>
               <b>137.50133424701863000000</b>
               <b>-448.24053464354188000000</b>
               <b>356.01893555854269000000</b>
               <b>0.00000000000000000000</b>
               <b>0.00000000000000000000</b>
               <b>0.00000000000000000000</b>
            </flat_rating>
            <temp_rating>
               <c>239.31404209694298000000</c>
               <c>-1176.19421763057580000000</c>
               <c>1422.36963481315340000000</c>
               <c>0.00000000000000000000</c>
               <c>0.00000000000000000000</c>
               <c>-930.35243157010473000000</c>
               <c>4612.91500242971870000000</c>
               <c>-5607.44126561615580000000</c>
               <c>0.00000000000000000000</c>
               <c>0.00000000000000000000</c>
               <c>1360.42641542032380000000</c>
               <c>-6791.58602133431670000000</c>
               <c>8305.79302244040630000000</c>
               <c>0.00000000000000000000</c>
               <c>0.00000000000000000000</c>
               <c>-886.23433464576351000000</c>
               <c>4442.12469188320760000000</c>
               <c>-5464.47065035954530000000</c>
               <c>0.00000000000000000000</c>
               <c>0.00000000000000000000</c>
               <c>216.56356592492085000000</c>
               <c>-1088.65876618754080000000</c>
               <c>1346.86815713952930000000</c>
               <c>0.00000000000000000000</c>
               <c>0.00000000000000000000</c>
               <c>1.45990465605781820000</c>
               <c>19.38925513229742500000</c>
               <c>-25.30952707998181900000</c>
               <c>0.00000000000000000000</c>
               <c>0.00000000000000000000</c>
               <c>2.77627814280942120000</c>
               <c>-63.53685975069905800000</c>
               <c>77.34557063320775700000</c>
               <c>0.00000000000000000000</c>
               <c>0.00000000000000000000</c>
               <c>-7.41529646799987940000</c>
               <c>81.41121183893555700000</c>
               <c>-98.77634836969524200000</c>
               <c>0.00000000000000000000</c>
               <c>0.00000000000000000000</c>
               <c>4.25804274092941260000</c>
               <c>-36.89608164156509000000</c>
               <c>45.30984978199258300000</c>
               <c>0.00000000000000000000</c>
               <c>0.00000000000000000000</c>
            </temp_rating>
         </MCRZ>
         <MCMB>
            <kink>10</kink>
            <flat_rating>
               <b>-6.70794043721497510000</b>
               <b>20.96967644638700500000</b>
               <b>-14.39534672490560800000</b>
               <b>0.00000000000000000000</b>
               <b>0.00000000000000000000</b>
               <b>0.00000000000000000000</b>
               <b>70.98288212018563600000</b>
               <b>-207.58476872564725000000</b>
               <b>153.01382797943575000000</b>
               <b>0.00000000000000000000</b>
               <b>0.00000000000000000000</b>
               <b>0.00000000000000000000</b>
               <b>-264.76736866544610000000</b>
               <b>806.72284701468720000000</b>
               <b>-614.50708066514358000000</b>
               <b>0.00000000000000000000</b>
               <b>0.00000000000000000000</b>
               <b>0.00000000000000000000</b>
               <b>474.53241075341703000000</b>
               <b>-1492.88779426447650000000</b>
               <b>1158.13657367070390000000</b>
               <b>0.00000000000000000000</b>
               <b>0.00000000000000000000</b>
               <b>0.00000000000000000000</b>
               <b>-407.89925740692502000000</b>
               <b>1312.44110623704090000000</b>
               <b>-1030.43488768462270000000</b>
               <b>0.00000000000000000000</b>
               <b>0.00000000000000000000</b>
               <b>0.00000000000000000000</b>
               <b>134.84046626574579000000</b>
               <b>-441.10930577311439000000</b>
               <b>349.54805644736797000000</b>
               <b>0.00000000000000000000</b>
               <b>0.00000000000000000000</b>
               <b>0.00000000000000000000</b>
            </flat_rating>
            <temp_rating>
               <c>384.22619340865543000000</c>
               <c>-1593.96727551190020000000</c>
               <c>1653.40028810174570000000</c>
               <c>0.00000000000000000000</c>
               <c>0.00000000000000000000</c>
               <c>-1514.47309223887850000000</c>
               <c>6299.63094539823670000000</c>
               <c>-6536.81310633527660000000</c>
               <c>0.00000000000000000000</c>
               <c>0.00000000000000000000</c>
               <c>2240.14466399538830000000</c>
               <c>-9334.08014139935220000000</c>
               <c>9700.23235412446590000000</c>
               <c>0.00000000000000000000</c>
               <c>0.00000000000000000000</c>
               <c>-1474.27562292786680000000</c>
               <c>6141.91499451014990000000</c>
               <c>-6391.58421171389550000000</c>
               <c>0.00000000000000000000</c>
               <c>0.00000000000000000000</c>
               <c>363.71717424301193000000</c>
               <c>-1513.87000986061570000000</c>
               <c>1577.29017377408490000000</c>
               <c>0.00000000000000000000</c>
               <c>0.00000000000000000000</c>
               <c>4.06940496693325480000</c>
               <c>12.92851880999828200000</c>
               <c>-21.77710672082586300000</c>
               <c>0.00000000000000000000</c>
               <c>0.00000000000000000000</c>
               <c>-3.10296016704335380000</c>
               <c>-49.26396440908487800000</c>
               <c>70.56412005565027800000</c>
               <c>0.00000000000000000000</c>
               <c>0.00000000000000000000</c>
               <c>-1.63215310489791430000</c>
               <c>67.93040534959644100000</c>
               <c>-93.76942183578313500000</c>
               <c>0.00000000000000000000</c>
               <c>0.00000000000000000000</c>
               <c>2.18318473687136240000</c>
               <c>-32.36199023905420100000</c>
               <c>44.29257092284992600000</c>
               <c>0.00000000000000000000</c>
               <c>0.00000000000000000000</c>
            </temp_rating>
         </MCMB>
         <MTKF>
            <kink>10</kink>
            <flat_rating>
               <b>9.01439452856275560000</b>
               <b>-26.08688498738939300000</b>
               <b>21.67259501250743600000</b>
               <b>0.00000000000000000000</b>
               <b>0.00000000000000000000</b>
               <b>0.00000000000000000000</b>
               <b>-58.26184217622426300000</b>
               <b>181.70279703616268000000</b>
               <b>-150.05667015448654000000</b>
               <b>0.00000000000000000000</b>
               <b>0.00000000000000000000</b>
               <b>0.00000000000000000000</b>
               <b>160.29633729689900000000</b>
               <b>-490.48397488401190000000</b>
               <b>415.31864224842565000000</b>
               <b>0.00000000000000000000</b>
               <b>0.00000000000000000000</b>
               <b>0.00000000000000000000</b>
               <b>-219.12810756555112000000</b>
               <b>673.46698343896469000000</b>
               <b>-606.73594395005205000000</b>
               <b>0.00000000000000000000</b>
               <b>0.00000000000000000000</b>
               <b>0.00000000000000000000</b>
               <b>155.49761352237948000000</b>
               <b>-501.59432038392845000000</b>
               <b>495.11602278236643000000</b>
               <b>0.00000000000000000000</b>
               <b>0.00000000000000000000</b>
               <b>0.00000000000000000000</b>
               <b>-46.73005712183110200000</b>
               <b>164.01930735517794000000</b>
               <b>-177.39382926690371000000</b>
               <b>0.00000000000000000000</b>
               <b>0.00000000000000000000</b>
               <b>0.00000000000000000000</b>
            </flat_rating>
            <temp_rating>
               <c>1758.42260892924380000000</c>
               <c>-5296.58098706444070000000</c>
               <c>3853.09496658207760000000</c>
               <c>0.00000000000000000000</c>
               <c>0.00000000000000000000</c>
               <c>-6503.15310366439190000000</c>
               <c>19535.14502149894200000000</c>
               <c>-14145.54360786787600000000</c>
               <c>0.00000000000000000000</c>
               <c>0.00000000000000000000</c>
               <c>8979.81324049450810000000</c>
               <c>-26899.34457036480700000000</c>
               <c>19397.80556111420100000000</c>
               <c>0.00000000000000000000</c>
               <c>0.00000000000000000000</c>
               <c>-5474.76334836564180000000</c>
               <c>16336.74237100350000000000</c>
               <c>-11721.46599718714400000000</c>
               <c>0.00000000000000000000</c>
               <c>0.00000000000000000000</c>
               <c>1243.25046869761400000000</c>
               <c>-3692.35588489948350000000</c>
               <c>2632.99136126759910000000</c>
               <c>0.00000000000000000000</c>
               <c>0.00000000000000000000</c>
               <c>-25.67129768540290200000</c>
               <c>119.33770914657975000000</c>
               <c>-112.67341677630418000000</c>
               <c>0.00000000000000000000</c>
               <c>0.00000000000000000000</c>
               <c>73.63840215737910500000</c>
               <c>-302.11378986042962000000</c>
               <c>267.49011097237690000000</c>
               <c>0.00000000000000000000</c>
               <c>0.00000000000000000000</c>
               <c>-79.34565427832139100000</c>
               <c>297.21815801835453000000</c>
               <c>-241.36780077486949000000</c>
               <c>0.00000000000000000000</c>
               <c>0.00000000000000000000</c>
               <c>28.04087394494977700000</c>
               <c>-94.86866244513642200000</c>
               <c>65.70587506749552600000</c>
               <c>0.00000000000000000000</c>
               <c>0.00000000000000000000</c>
            </temp_rating>
         </MTKF>
         <LIDL>
            <CT>
               <ti>-0.00494113085248917840</ti>
               <ti>0.07046483655260787900</ti>
               <ti>-0.12725974287345571000</ti>
               <ti>0.04921781427771177600</ti>
               <ti>-0.00339595649859187820</ti>
               <ti>-0.05222565996986148300</ti>
               <ti>0.07430951467892560300</ti>
               <ti>0.08026189603961100800</ti>
               <ti>0.01355368817767289800</ti>
               <ti>-0.07445770242578708700</ti>
               <ti>0.15497029028678205000</ti>
               <ti>-0.25241631364771749000</ti>
            </CT>
            <CF>
               <fi>0.05077383317549000900</fi>
               <fi>-0.13108174754757898000</fi>
               <fi>0.11145900482549084000</fi>
               <fi>-0.12093813100808921000</fi>
               <fi>0.44473840594847419000</fi>
               <fi>-0.37968086656823136000</fi>
               <fi>0.08349593416476495900</fi>
               <fi>-0.33136908739261584000</fi>
               <fi>0.30298984898526893000</fi>
            </CF>
         </LIDL>
         <throttle>
            <low>0.48284345423639552000</low>
            <high>1.12936451572807050000</high>
         </throttle>
      </TFM>
   </PFM>
   <OPM>
      <LGO>
         <Transition>
            <from>0</from>
            <to>1</to>
            <time>19.4</time>
         </Transition>
         <Transition>
            <from>1</from>
            <to>0</to>
            <time>19.4</time>
         </Transition>
      </LGO>
      <HLO>
         <Transition>
            <from>0</from>
            <to>1</to>
            <time>11</time>
         </Transition>
         <Transition>
            <from>1</from>
            <to>2</to>
            <time>18</time>
         </Transition>
         <Transition>
            <from>2</from>
            <to>3</to>
            <time>6</time>
         </Transition>
         <Transition>
            <from>3</from>
            <to>4</to>
            <time>6</time>
         </Transition>
         <Transition>
            <from>4</from>
            <to>5</to>
            <time>14</time>
         </Transition>
         <Transition>
            <from>5</from>
            <to>6</to>
            <time>7</time>
         </Transition>
         <Transition>
            <from>6</from>
            <to>5</to>
            <time>7</time>
         </Transition>
         <Transition>
            <from>5</from>
            <to>4</to>
            <time>14</time>
         </Transition>
         <Transition>
            <from>4</from>
            <to>3</to>
            <time>6</time>
         </Transition>
         <Transition>
            <from>3</from>
            <to>2</to>
            <time>6</time>
         </Transition>
         <Transition>
            <from>2</from>
            <to>1</to>
            <time>18</time>
         </Transition>
         <Transition>
            <from>1</from>
            <to>0</to>
            <time>11</time>
         </Transition>
      </HLO>
   </OPM>
   <ALM>
      <GLM>
         <hmo>43100</hmo>
         <mfa>20000</mfa>
      </GLM>
      <KLM>
         <mmo>0.89</mmo>
         <vmo>330</vmo>
         <mle>0.82</mle>
         <vle>270</vle>
         <mlo>0.82</mlo>
         <vloe>270</vloe>
         <vlor>270</vlor>
      </KLM>
      <ELM>
         <Tmin_f>
            <point>
               <Hp>-2000.0</Hp>
               <DeltaT>-81.00000000000000000000</DeltaT>
            </point>
            <point>
               <Hp>0.0</Hp>
               <DeltaT>-77.00000000000000000000</DeltaT>
            </point>
            <point>
               <Hp>32808.0</Hp>
               <DeltaT>-30.00000000000000000000</DeltaT>
            </point>
            <point>
               <Hp>36089.0</Hp>
               <DeltaT>-23.50000000000000000000</DeltaT>
            </point>
            <point>
               <Hp>43100.0</Hp>
               <DeltaT>-23.50000000000000000000</DeltaT>
            </point>
         </Tmin_f>
         <Tmax_f>
            <point>
               <Hp>-2000.0</Hp>
               <DeltaT>35.03999999999999900000</DeltaT>
            </point>
            <point>
               <Hp>0.0</Hp>
               <DeltaT>39.39999999999999900000</DeltaT>
            </point>
            <point>
               <Hp>10000.0</Hp>
               <DeltaT>39.39999999999999900000</DeltaT>
            </point>
            <point>
               <Hp>10001.0</Hp>
               <DeltaT>34.00000000000000000000</DeltaT>
            </point>
            <point>
               <Hp>36089.0</Hp>
               <DeltaT>34.00000000000000000000</DeltaT>
            </point>
            <point>
               <Hp>43100.0</Hp>
               <DeltaT>20.00000000000000000000</DeltaT>
            </point>
         </Tmax_f>
         <Tmin_g>
            <point>
               <Hp>-2000.0</Hp>
               <DeltaT>-73.00000000000000000000</DeltaT>
            </point>
            <point>
               <Hp>6500.0</Hp>
               <DeltaT>-56.00000000000000000000</DeltaT>
            </point>
            <point>
               <Hp>8500.0</Hp>
               <DeltaT>-43.00000000000000000000</DeltaT>
            </point>
         </Tmin_g>
         <Tmax_g>
            <point>
               <Hp>-2000.0</Hp>
               <DeltaT>35.03999999999999900000</DeltaT>
            </point>
            <point>
               <Hp>0.0</Hp>
               <DeltaT>39.39999999999999900000</DeltaT>
            </point>
            <point>
               <Hp>8500.0</Hp>
               <DeltaT>39.39999999999999900000</DeltaT>
            </point>
         </Tmax_g>
      </ELM>
      <DLM>
         <MTW>300280</MTW>
         <MTOW>299370</MTOW>
         <MLW>237680</MLW>
         <MZFW>224530</MZFW>
         <OEW>157800</OEW>
         <MPL>66730</MPL>
         <MFL>169210</MFL>
         <n1>2.5</n1>
         <n3>-1</n3>
         <nf1>2</nf1>
         <nf3>0</nf3>
      </DLM>
   </ALM>
   <Ground>
      <Dimensions>
         <span>60.93</span>
         <length>73.86</length>
      </Dimensions>
      <Runway>
         <TOL>3400</TOL>
         <LDL>1800</LDL>
      </Runway>
   </Ground>
   <ARPM>
      <AeroConfSchedule>
         <AeroPhase>
            <name>TO</name>
            <HLid>2</HLid>
            <LG>UP</LG>
         </AeroPhase>
         <AeroPhase>
            <name>IC</name>
            <HLid>1</HLid>
            <LG>UP</LG>
         </AeroPhase>
         <AeroPhase>
            <name>CR</name>
            <HLid>0</HLid>
            <LG>UP</LG>
         </AeroPhase>
         <AeroPhase>
            <name>AP</name>
            <HLid>3</HLid>
            <LG>UP</LG>
         </AeroPhase>
         <AeroPhase>
            <name>LD</name>
            <HLid>6</HLid>
            <LG>DN</LG>
         </AeroPhase>
      </AeroConfSchedule>
      <SpeedScheduleList>
         <SpeedSchedule>
            <CompanyName>Default</CompanyName>
            <SpeedPhase>
               <name>Climb</name>
               <CAS1>310</CAS1>
               <CAS2>310</CAS2>
               <M>0.84</M>
            </SpeedPhase>
            <SpeedPhase>
               <name>Cruise</name>
               <CAS1>310</CAS1>
               <CAS2>310</CAS2>
               <M>0.84</M>
            </SpeedPhase>
            <SpeedPhase>
               <name>Descent</name>
               <CAS1>310</CAS1>
               <CAS2>310</CAS2>
               <M>0.84</M>
            </SpeedPhase>
         </SpeedSchedule>
      </SpeedScheduleList>
   </ARPM>
</bada40:ACM>