<?xml version="1.0" encoding="utf-8"?>
<bada40:ACM xmlns:bada40="http://www.eurocontrol.int/eec/public/standard_page/bada40">
   <model>EMB-505</model>
   <type>JET</type>
   <engine>PW535E</engine>
   <description>Phenom 300</description>
   <ICAO>
      <designator>E55P</designator>
      <WTC>M</WTC>
   </ICAO>
   <AFCM>
      <S>28.5</S>
      <Configuration HLid="0">
         <HLPosition>0000</HLPosition>
         <name>flaps 0</name>
         <vfe>320</vfe>
         <LGUP>
            <DPM_clean>
               <M_max>0.78</M_max>
               <scalar>9.835e-007</scalar>
               <CD_clean>
                  <d>-1309047.94416463610000000000</d>
                  <d>4063635.85824740820000000000</d>
                  <d>-4619113.84822815660000000000</d>
                  <d>2315980.60032051340000000000</d>
                  <d>-432103.54186925356000000000</d>
                  <d>95409.02402006556800000000</d>
                  <d>-119394.46012637317000000000</d>
                  <d>92190.54083280773200000000</d>
                  <d>-28610.13136402523400000000</d>
                  <d>3053.26949063354960000000</d>
                  <d>-1020.49441044185060000000</d>
                  <d>49604.30084074819800000000</d>
                  <d>-110174.26908409764000000000</d>
                  <d>80686.19848314691600000000</d>
                  <d>-19391.34909189209100000000</d>
               </CD_clean>
            </DPM_clean>
            <BLM_clean>
               <Mmin>0.4</Mmin>
               <Mmax>0.77</Mmax>
               <CL_Mach0>1.7366</CL_Mach0>
               <CL_clean>
                  <bf>-7.79626027895618550000</bf>
                  <bf>66.42217751964010100000</bf>
                  <bf>-181.29219593045144000000</bf>
                  <bf>216.26663879513393000000</bf>
                  <bf>-96.43501455643625800000</bf>
               </CL_clean>
            </BLM_clean>
         </LGUP>
      </Configuration>
      <Configuration HLid="1">
         <HLPosition>0008</HLPosition>
         <name>flaps 1</name>
         <vfe>180</vfe>
         <LGUP>
            <DPM_nonclean>
               <CD_nonclean>
                  <d>0.04844</d>
                  <d>-0.011649</d>
                  <d>0.037605</d>
               </CD_nonclean>
            </DPM_nonclean>
            <BLM>
               <CL_max>1.8929</CL_max>
            </BLM>
         </LGUP>
      </Configuration>
      <Configuration HLid="2">
         <HLPosition>0026</HLPosition>
         <name>flaps 2</name>
         <vfe>170</vfe>
         <LGUP>
            <DPM_nonclean>
               <CD_nonclean>
                  <d>0.069953</d>
                  <d>-0.018613</d>
                  <d>0.043873</d>
               </CD_nonclean>
            </DPM_nonclean>
            <BLM>
               <CL_max>2.1312</CL_max>
            </BLM>
         </LGUP>
         <LGDN>
            <DPM_nonclean>
               <CD_nonclean>
                  <d>0.089953</d>
                  <d>-0.018613</d>
                  <d>0.043873</d>
               </CD_nonclean>
            </DPM_nonclean>
            <BLM>
               <CL_max>2.0615</CL_max>
            </BLM>
         </LGDN>
      </Configuration>
      <Configuration HLid="3">
         <HLPosition>0035</HLPosition>
         <name>flaps FULL</name>
         <vfe>160</vfe>
         <LGDN>
            <DPM_nonclean>
               <CD_nonclean>
                  <d>0.12507</d>
                  <d>-0.032541</d>
                  <d>0.047007</d>
               </CD_nonclean>
            </DPM_nonclean>
            <BLM>
               <CL_max>2.1059</CL_max>
            </BLM>
         </LGDN>
      </Configuration>
   </AFCM>
   <PFM>
      <MREF>8340</MREF>
      <LHV>43217000</LHV>
      <rho>810</rho>
      <n_eng>2</n_eng>
      <TFM>
         <CT>
            <a>0</a>
            <a>-0.10000000000363291000</a>
            <a>0</a>
            <a>0</a>
            <a>0</a>
            <a>0</a>
            <a>0.30000000000111809000</a>
            <a>0</a>
            <a>0</a>
            <a>0</a>
            <a>0</a>
            <a>0</a>
            <a>0</a>
            <a>0</a>
            <a>0</a>
            <a>0</a>
            <a>0</a>
            <a>0</a>
            <a>0</a>
            <a>0</a>
            <a>0</a>
            <a>0</a>
            <a>0</a>
            <a>0</a>
            <a>0</a>
            <a>0</a>
            <a>0</a>
            <a>0</a>
            <a>0</a>
            <a>0</a>
            <a>0</a>
            <a>0</a>
            <a>0</a>
            <a>0</a>
            <a>0</a>
            <a>0</a>
         </CT>
         <CF>
            <f>0.10759730223346607000</f>
            <f>1.46391619142659770000</f>
            <f>0.31814894354502160000</f>
            <f>0.58440894167189072000</f>
            <f>0.48033988481615980000</f>
            <f>-0.16807014209192137000</f>
            <f>2.21134165288710750000</f>
            <f>-14.06252148919688200000</f>
            <f>41.84922260393641800000</f>
            <f>-36.01638820806569200000</f>
            <f>0.67778415876126563000</f>
            <f>0.06071100720028654200</f>
            <f>0</f>
            <f>0</f>
            <f>0</f>
            <f>0</f>
            <f>0</f>
            <f>0</f>
            <f>0</f>
            <f>0</f>
            <f>0</f>
            <f>0</f>
            <f>0</f>
            <f>0</f>
            <f>0</f>
         </CF>
         <MCMB>
            <kink>3</kink>
            <flat_rating>
               <b>2.96088532774344060000</b>
               <b>-3.27966193518637230000</b>
               <b>0</b>
               <b>0</b>
               <b>0</b>
               <b>0</b>
               <b>-13.72213947453335700000</b>
               <b>39.88999323407873700000</b>
               <b>0</b>
               <b>0</b>
               <b>0</b>
               <b>0</b>
               <b>61.71007546676351300000</b>
               <b>-183.21247354789213000000</b>
               <b>0</b>
               <b>0</b>
               <b>0</b>
               <b>0</b>
               <b>-133.49651681312471000000</b>
               <b>376.74185583281150000000</b>
               <b>0</b>
               <b>0</b>
               <b>0</b>
               <b>0</b>
               <b>131.63007947972653000000</b>
               <b>-357.27790902835659000000</b>
               <b>0</b>
               <b>0</b>
               <b>0</b>
               <b>0</b>
               <b>-48.08424909840771000000</b>
               <b>127.02682982410276000000</b>
               <b>0</b>
               <b>0</b>
               <b>0</b>
               <b>0</b>
            </flat_rating>
            <temp_rating>
               <c>49.00448777875748600000</c>
               <c>-128.62826445025368000000</c>
               <c>0</c>
               <c>0</c>
               <c>0</c>
               <c>-210.40232215231549000000</c>
               <c>580.34675919067638000000</c>
               <c>0</c>
               <c>0</c>
               <c>0</c>
               <c>349.55490626116114000000</c>
               <c>-949.41958301865577000000</c>
               <c>0</c>
               <c>0</c>
               <c>0</c>
               <c>-258.65627273206644000000</c>
               <c>674.99281758334803000000</c>
               <c>0</c>
               <c>0</c>
               <c>0</c>
               <c>70.83859827529561000000</c>
               <c>-176.88317844093839000000</c>
               <c>0</c>
               <c>0</c>
               <c>0</c>
               <c>1.78263603297778280000</c>
               <c>-1.85479553462176620000</c>
               <c>0</c>
               <c>0</c>
               <c>0</c>
               <c>-3.08287244450217780000</c>
               <c>9.44148559163692980000</c>
               <c>0</c>
               <c>0</c>
               <c>0</c>
               <c>4.15085615423049690000</c>
               <c>-15.50286784326631200000</c>
               <c>0</c>
               <c>0</c>
               <c>0</c>
               <c>-2.11805643999599000000</c>
               <c>7.74370279158599040000</c>
               <c>0</c>
               <c>0</c>
               <c>0</c>
            </temp_rating>
         </MCMB>
         <LIDL>
            <CT>
               <ti>0.00022623791167353491</ti>
               <ti>0.25479179320771383000</ti>
               <ti>-0.64594849102142959000</ti>
               <ti>0.40488477286621338000</ti>
               <ti>0.10353361954833570000</ti>
               <ti>-0.87241853972628347000</ti>
               <ti>1.94033511458241970000</ti>
               <ti>-1.15847265367871600000</ti>
               <ti>-0.05064562265393156300</ti>
               <ti>0.34852157227484298000</ti>
               <ti>-1.15328547452792060000</ti>
               <ti>0.65731790788457611000</ti>
            </CT>
            <CF>
               <fi>0.11092222992221483000</fi>
               <fi>-0.14418615813189936000</fi>
               <fi>0.17577062511432281000</fi>
               <fi>-0.17658950192893222000</fi>
               <fi>0.67299321254844435000</fi>
               <fi>-0.66955101302972120000</fi>
               <fi>0.21434784153219907000</fi>
               <fi>-0.68395034420564393000</fi>
               <fi>0.69392735857172061000</fi>
            </CF>
         </LIDL>
         <throttle>
            <low>0.6614645522</low>
            <high>1.747516331</high>
         </throttle>
      </TFM>
   </PFM>
   <OPM>
      <LGO>
         <Transition>
            <from>0</from>
            <to>1</to>
            <time>15</time>
         </Transition>
         <Transition>
            <from>1</from>
            <to>0</to>
            <time>10</time>
         </Transition>
      </LGO>
      <HLO>
         <Transition>
            <from>0</from>
            <to>1</to>
            <time>3</time>
         </Transition>
         <Transition>
            <from>1</from>
            <to>2</to>
            <time>4</time>
         </Transition>
         <Transition>
            <from>2</from>
            <to>3</to>
            <time>7</time>
         </Transition>
         <Transition>
            <from>3</from>
            <to>2</to>
            <time>7</time>
         </Transition>
         <Transition>
            <from>2</from>
            <to>1</to>
            <time>4</time>
         </Transition>
         <Transition>
            <from>1</from>
            <to>0</to>
            <time>3</time>
         </Transition>
      </HLO>
   </OPM>
   <ALM>
      <GLM>
         <hmo>45000</hmo>
         <mfa>18000</mfa>
      </GLM>
      <KLM>
         <mmo>0.78</mmo>
         <vmo>320</vmo>
         <vle>250</vle>
         <vloe>250</vloe>
         <vlor>250</vlor>
      </KLM>
      <ELM>
         <Tmin_f>
            <point>
               <Hp>-1000</Hp>
               <DeltaT>-71</DeltaT>
            </point>
            <point>
               <Hp>25000</Hp>
               <DeltaT>-19.5</DeltaT>
            </point>
            <point>
               <Hp>36089</Hp>
               <DeltaT>-13.5</DeltaT>
            </point>
            <point>
               <Hp>45000</Hp>
               <DeltaT>-13.5</DeltaT>
            </point>
         </Tmin_f>
         <Tmax_f>
            <point>
               <Hp>-1000</Hp>
               <DeltaT>35</DeltaT>
            </point>
            <point>
               <Hp>45000</Hp>
               <DeltaT>35</DeltaT>
            </point>
         </Tmax_f>
         <Tmin_g>
            <point>
               <Hp>-1000</Hp>
               <DeltaT>-57</DeltaT>
            </point>
            <point>
               <Hp>8300</Hp>
               <DeltaT>-38.6</DeltaT>
            </point>
         </Tmin_g>
         <Tmax_g>
            <point>
               <Hp>-1000</Hp>
               <DeltaT>35</DeltaT>
            </point>
            <point>
               <Hp>8300</Hp>
               <DeltaT>35</DeltaT>
            </point>
         </Tmax_g>
      </ELM>
      <DLM>
         <MTW>8390</MTW>
         <MTOW>8340</MTOW>
         <MLW>7730</MLW>
         <MZFW>6450</MZFW>
         <OEW>5375</OEW>
         <MPL>1075</MPL>
         <MFL>2428</MFL>
         <n1>3</n1>
         <n3>-1</n3>
         <nf1>2</nf1>
         <nf3>0</nf3>
      </DLM>
   </ALM>
   <Ground>
      <Dimensions>
         <span>15.91</span>
         <length>15.64</length>
      </Dimensions>
      <Runway>
         <TOL>956</TOL>
         <LDL>799</LDL>
      </Runway>
   </Ground>
   <ARPM>
      <AeroConfSchedule>
         <AeroPhase>
            <name>TO</name>
            <HLid>1</HLid>
            <LG>UP</LG>
         </AeroPhase>
         <AeroPhase>
            <name>IC</name>
            <HLid>0</HLid>
            <LG>UP</LG>
         </AeroPhase>
         <AeroPhase>
            <name>CR</name>
            <HLid>0</HLid>
            <LG>UP</LG>
         </AeroPhase>
         <AeroPhase>
            <name>AP</name>
            <HLid>2</HLid>
            <LG>UP</LG>
         </AeroPhase>
         <AeroPhase>
            <name>LD</name>
            <HLid>3</HLid>
            <LG>DN</LG>
         </AeroPhase>
      </AeroConfSchedule>
      <SpeedScheduleList>
         <SpeedSchedule>
            <CompanyName>Default</CompanyName>
            <SpeedPhase>
               <name>Climb</name>
               <CAS1>225</CAS1>
               <CAS2>225</CAS2>
               <M>0.60</M>
            </SpeedPhase>
            <SpeedPhase>
               <name>Cruise</name>
               <CAS1>250</CAS1>
               <CAS2>280</CAS2>
               <M>0.70</M>
            </SpeedPhase>
            <SpeedPhase>
               <name>Descent</name>
               <CAS1>250</CAS1>
               <CAS2>250</CAS2>
               <M>0.75</M>
            </SpeedPhase>
         </SpeedSchedule>
      </SpeedScheduleList>
   </ARPM>
</bada40:ACM>