<?xml version="1.0" encoding="utf-8"?>
<bada40:ACM xmlns:bada40="http://www.eurocontrol.int/eec/public/standard_page/bada40">
   <model>ATR72-500</model>
   <type>TURBOPROP</type>
   <engine>PW127F-HS568F</engine>
   <description>ATR72-212A</description>
   <ICAO>
      <designator>AT75</designator>
      <WTC>M</WTC>
   </ICAO>
   <AFCM>
      <S>61</S>
      <Configuration HLid="0">
         <HLPosition>0000</HLPosition>
         <name>flaps 0</name>
         <vfe>250</vfe>
         <LGUP>
            <DPM_clean>
               <M_max>0.55</M_max>
               <scalar>9.835e-007</scalar>
               <CD_clean>
                  <d>54596092.45189955100000000000</d>
                  <d>-197598296.02213225000000000000</d>
                  <d>267952917.56926650000000000000</d>
                  <d>-161271489.38800129000000000000</d>
                  <d>36352410.56407106700000000000</d>
                  <d>-2543071.22121601830000000000</d>
                  <d>7564408.23445871660000000000</d>
                  <d>-8224905.51735918410000000000</d>
                  <d>3930774.04120518640000000000</d>
                  <d>-698617.71315397962000000000</d>
                  <d>0</d>
                  <d>0</d>
                  <d>0</d>
                  <d>0</d>
                  <d>0</d>
               </CD_clean>
            </DPM_clean>
            <BLM>
               <CL_max>1.6215</CL_max>
            </BLM>
         </LGUP>
         <LGDN>
            <DPM_nonclean>
               <CD_nonclean>
                  <d>0.064527</d>
                  <d>-0.016836</d>
                  <d>0.041973</d>
               </CD_nonclean>
            </DPM_nonclean>
            <BLM>
               <CL_max>1.6215</CL_max>
            </BLM>
         </LGDN>
      </Configuration>
      <Configuration HLid="1">
         <HLPosition>0015</HLPosition>
         <name>flaps 15</name>
         <vfe>185</vfe>
         <LGUP>
            <DPM_nonclean>
               <CD_nonclean>
                  <d>0.058819</d>
                  <d>-0.050188</d>
                  <d>0.053824</d>
               </CD_nonclean>
            </DPM_nonclean>
            <BLM>
               <CL_max>2.1928</CL_max>
            </BLM>
         </LGUP>
         <LGDN>
            <DPM_nonclean>
               <CD_nonclean>
                  <d>0.077152</d>
                  <d>-0.050999</d>
                  <d>0.055193</d>
               </CD_nonclean>
            </DPM_nonclean>
            <BLM>
               <CL_max>2.1928</CL_max>
            </BLM>
         </LGDN>
      </Configuration>
      <Configuration HLid="2">
         <HLPosition>0030</HLPosition>
         <name>flaps 30</name>
         <vfe>150</vfe>
         <LGUP>
            <DPM_nonclean>
               <CD_nonclean>
                  <d>0.10743</d>
                  <d>-0.055113</d>
                  <d>0.047731</d>
               </CD_nonclean>
            </DPM_nonclean>
            <BLM>
               <CL_max>2.6642</CL_max>
            </BLM>
         </LGUP>
         <LGDN>
            <DPM_nonclean>
               <CD_nonclean>
                  <d>0.12576</d>
                  <d>-0.055734</d>
                  <d>0.04838</d>
               </CD_nonclean>
            </DPM_nonclean>
            <BLM>
               <CL_max>2.6642</CL_max>
            </BLM>
         </LGDN>
      </Configuration>
   </AFCM>
   <PFM>
      <MREF>22000</MREF>
      <LHV>43217000</LHV>
      <rho>810</rho>
      <n_eng>2</n_eng>
      <TFA>7</TFA>
      <TPM>
         <prop_dia>3.93</prop_dia>
         <max_eff>1</max_eff>
         <CP>
            <a>0</a>
            <a>0.80045059536776642000</a>
            <a>-7.17662911547476150000</a>
            <a>0.71704561574421555000</a>
            <a>0</a>
            <a>0</a>
            <a>-0.15603626469458884000</a>
            <a>1.97146334551483400000</a>
            <a>-0.17951940774695874000</a>
            <a>0</a>
            <a>0</a>
            <a>0</a>
            <a>0</a>
            <a>0</a>
            <a>0</a>
            <a>0</a>
            <a>0</a>
            <a>0</a>
            <a>0</a>
            <a>0</a>
            <a>0</a>
            <a>0</a>
            <a>0</a>
            <a>0</a>
            <a>0</a>
            <a>0</a>
            <a>0</a>
            <a>0</a>
            <a>0</a>
            <a>0</a>
            <a>0</a>
            <a>0</a>
            <a>0</a>
            <a>0</a>
            <a>0</a>
            <a>0</a>
         </CP>
         <CF>
            <f>0.13019456908605090000</f>
            <f>2.89031567798510380000</f>
            <f>-6.43840274711541660000</f>
            <f>2868.72427541446770000000</f>
            <f>0</f>
            <f>-0.60416521827041680000</f>
            <f>-10.78551822125935500000</f>
            <f>225.01958779289257000000</f>
            <f>-20320.89413506867600000000</f>
            <f>0</f>
            <f>1.34733423651603390000</f>
            <f>63.98580537477108300000</f>
            <f>-1456.16840621493930000000</f>
            <f>54284.78552995998300000000</f>
            <f>0</f>
            <f>-0.61077835380266043000</f>
            <f>-82.93723767445594300000</f>
            <f>1708.56418395941320000000</f>
            <f>-46797.59474433862500000000</f>
            <f>0</f>
            <f>0</f>
            <f>0</f>
            <f>0</f>
            <f>0</f>
            <f>0</f>
         </CF>
         <MCRZ>
            <max_power>3125094.7275</max_power>
            <rating>
               <p>-0.19829220087398944000</p>
               <p>6.84517080350325280000</p>
               <p>-6.61441637190897060000</p>
               <p>0</p>
               <p>0</p>
               <p>0</p>
               <p>1.28392231038086320000</p>
               <p>-10.25789988331856700000</p>
               <p>17.99179994683709400000</p>
               <p>0</p>
               <p>0</p>
               <p>0</p>
               <p>-1.07274418113757220000</p>
               <p>6.69952537485432750000</p>
               <p>-11.11331165136900600000</p>
               <p>0</p>
               <p>0</p>
               <p>0</p>
               <p>0</p>
               <p>0</p>
               <p>0</p>
               <p>0</p>
               <p>0</p>
               <p>0</p>
               <p>0</p>
               <p>0</p>
               <p>0</p>
               <p>0</p>
               <p>0</p>
               <p>0</p>
               <p>0</p>
               <p>0</p>
               <p>0</p>
               <p>0</p>
               <p>0</p>
               <p>0</p>
            </rating>
         </MCRZ>
         <MCMB>
            <max_power>3211023.4712</max_power>
            <rating>
               <p>-0.10868264988483348000</p>
               <p>6.48000648148816170000</p>
               <p>-5.97588537304123420000</p>
               <p>0</p>
               <p>0</p>
               <p>0</p>
               <p>1.08514168251801250000</p>
               <p>-9.34093919507639290000</p>
               <p>16.36313483966492300000</p>
               <p>0</p>
               <p>0</p>
               <p>0</p>
               <p>-0.95317064014180408000</p>
               <p>6.11846773447551580000</p>
               <p>-10.09438031443654400000</p>
               <p>0</p>
               <p>0</p>
               <p>0</p>
               <p>0</p>
               <p>0</p>
               <p>0</p>
               <p>0</p>
               <p>0</p>
               <p>0</p>
               <p>0</p>
               <p>0</p>
               <p>0</p>
               <p>0</p>
               <p>0</p>
               <p>0</p>
               <p>0</p>
               <p>0</p>
               <p>0</p>
               <p>0</p>
               <p>0</p>
               <p>0</p>
            </rating>
         </MCMB>
         <LIDL>
            <CT>
               <ti>0</ti>
               <ti>0</ti>
               <ti>0</ti>
               <ti>0</ti>
               <ti>0</ti>
               <ti>0.93212721037088020000</ti>
               <ti>0</ti>
               <ti>0</ti>
               <ti>0.12359761171151840000</ti>
               <ti>-0.66051188508451519000</ti>
               <ti>0</ti>
               <ti>0</ti>
               <ti>-0.27501894849550618000</ti>
               <ti>0</ti>
               <ti>0</ti>
               <ti>0</ti>
               <ti>0.06237129939932557800</ti>
               <ti>0.21252012354949557000</ti>
               <ti>-0.09481993869184640600</ti>
               <ti>0</ti>
               <ti>0</ti>
               <ti>0</ti>
               <ti>0</ti>
               <ti>0</ti>
               <ti>-0.39169835734943287000</ti>
               <ti>0</ti>
               <ti>0</ti>
               <ti>-0.27673819171280895000</ti>
               <ti>0.15060194491241918000</ti>
               <ti>0</ti>
               <ti>0</ti>
               <ti>0</ti>
            </CT>
            <CF>
               <fi>0.26035154303701469000</fi>
               <fi>-0.14173922093310795000</fi>
               <fi>0.22389636059024645000</fi>
               <fi>-0.32026042220836171000</fi>
               <fi>-0.33692848563714783000</fi>
               <fi>-1.56653216513008650000</fi>
               <fi>0.46095261145846350000</fi>
               <fi>-2.61322775240735970000</fi>
               <fi>2.89202760410103020000</fi>
               <fi>-0.45131854983806541000</fi>
               <fi>0.20636832918900327000</fi>
               <fi>0.16640890431730898000</fi>
               <fi>4.14950100993940740000</fi>
               <fi>-2.52472068660726200000</fi>
            </CF>
         </LIDL>
         <throttle>
            <low>0.48251</low>
            <high>1.7632</high>
         </throttle>
      </TPM>
   </PFM>
   <OPM>
      <LGO>
         <Transition>
            <from>0</from>
            <to>1</to>
            <time>15</time>
         </Transition>
         <Transition>
            <from>1</from>
            <to>0</to>
            <time>15</time>
         </Transition>
      </LGO>
      <HLO>
         <Transition>
            <from>0</from>
            <to>1</to>
            <time>4</time>
         </Transition>
         <Transition>
            <from>1</from>
            <to>2</to>
            <time>6</time>
         </Transition>
         <Transition>
            <from>2</from>
            <to>1</to>
            <time>4.8</time>
         </Transition>
         <Transition>
            <from>1</from>
            <to>0</to>
            <time>6</time>
         </Transition>
      </HLO>
   </OPM>
   <ALM>
      <GLM>
         <hmo>25000</hmo>
      </GLM>
      <KLM>
         <mmo>0.55</mmo>
         <vmo>250</vmo>
         <vle>185</vle>
         <vloe>170</vloe>
         <vlor>160</vlor>
      </KLM>
      <ELM>
         <Tmin_f>
            <point>
               <Hp>-1000</Hp>
               <DeltaT>-71</DeltaT>
            </point>
            <point>
               <Hp>25000</Hp>
               <DeltaT>-19.5</DeltaT>
            </point>
         </Tmin_f>
         <Tmax_f>
            <point>
               <Hp>-1000</Hp>
               <DeltaT>33</DeltaT>
            </point>
            <point>
               <Hp>0</Hp>
               <DeltaT>35</DeltaT>
            </point>
            <point>
               <Hp>25000</Hp>
               <DeltaT>35</DeltaT>
            </point>
         </Tmax_f>
         <Tmin_g>
            <point>
               <Hp>-1000</Hp>
               <DeltaT>-52</DeltaT>
            </point>
            <point>
               <Hp>8500</Hp>
               <DeltaT>-33.2</DeltaT>
            </point>
         </Tmin_g>
         <Tmax_g>
            <point>
               <Hp>-1000</Hp>
               <DeltaT>33</DeltaT>
            </point>
            <point>
               <Hp>0</Hp>
               <DeltaT>35</DeltaT>
            </point>
            <point>
               <Hp>8500</Hp>
               <DeltaT>35</DeltaT>
            </point>
         </Tmax_g>
      </ELM>
      <DLM>
         <MTW>22180</MTW>
         <MTOW>22000</MTOW>
         <MLW>21850</MLW>
         <MZFW>20000</MZFW>
         <OEW>12850</OEW>
         <MPL>7150</MPL>
         <MFL>5000</MFL>
         <n1>2.5</n1>
         <n3>-1</n3>
         <nf1>2</nf1>
         <nf3>0</nf3>
      </DLM>
   </ALM>
   <Ground>
      <Dimensions>
         <span>27.050</span>
         <length>27.166</length>
      </Dimensions>
      <Runway>
         <TOL>1224</TOL>
         <LDL>1048</LDL>
      </Runway>
   </Ground>
   <ARPM>
      <AeroConfSchedule>
         <AeroPhase>
            <name>TO</name>
            <HLid>1</HLid>
            <LG>UP</LG>
         </AeroPhase>
         <AeroPhase>
            <name>IC</name>
            <HLid>0</HLid>
            <LG>UP</LG>
         </AeroPhase>
         <AeroPhase>
            <name>CR</name>
            <HLid>0</HLid>
            <LG>UP</LG>
         </AeroPhase>
         <AeroPhase>
            <name>AP</name>
            <HLid>1</HLid>
            <LG>UP</LG>
         </AeroPhase>
         <AeroPhase>
            <name>LD</name>
            <HLid>2</HLid>
            <LG>DN</LG>
         </AeroPhase>
      </AeroConfSchedule>
      <SpeedScheduleList>
         <SpeedSchedule>
            <CompanyName>Default</CompanyName>
            <SpeedPhase>
               <name>Climb</name>
               <CAS1>170</CAS1>
               <CAS2>170</CAS2>
               <M>0.45</M>
            </SpeedPhase>
            <SpeedPhase>
               <name>Cruise</name>
               <CAS1>230</CAS1>
               <CAS2>220</CAS2>
               <M>0.45</M>
            </SpeedPhase>
            <SpeedPhase>
               <name>Descent</name>
               <CAS1>230</CAS1>
               <CAS2>230</CAS2>
               <M>0.55</M>
            </SpeedPhase>
         </SpeedSchedule>
      </SpeedScheduleList>
   </ARPM>
</bada40:ACM>