<?xml version="1.0" encoding="utf-8"?>
<bada40:ACM xmlns:bada40="http://www.eurocontrol.int/eec/public/standard_page/bada40">
   <model>737-700</model>
   <type>JET</type>
   <engine>CFM56-7B24</engine>
   <description>winglets</description>
   <ICAO>
      <designator>B737</designator>
      <WTC>M</WTC>
   </ICAO>
   <AFCM>
      <S>124.58297664000001000000</S>
      <Configuration HLid="0">
         <HLPosition>0000</HLPosition>
         <name>flaps  0</name>
         <vfe>340</vfe>
         <LGUP>
            <DPM_clean>
               <M_max>0.82000</M_max>
               <scalar>9.835e-007</scalar>
               <CD_clean>
                  <d>-661774.57917773782000000000</d>
                  <d>1947016.39320864970000000000</d>
                  <d>-2074386.69247179550000000000</d>
                  <d>974688.35352929751000000000</d>
                  <d>-169926.46279946901000000000</d>
                  <d>170398.57590175740000000000</d>
                  <d>-188155.45803128774000000000</d>
                  <d>91558.28738995832100000000</d>
                  <d>-19366.22729677255500000000</d>
                  <d>1473.58780970942230000000</d>
                  <d>-9088.12638689547380000000</d>
                  <d>87456.38526231593300000000</d>
                  <d>-160070.37355280429000000000</d>
                  <d>97812.75614195784100000000</d>
                  <d>-19923.44067912745200000000</d>
               </CD_clean>
            </DPM_clean>
            <BLM_clean>
               <Mmin>0.20000</Mmin>
               <Mmax>0.82000</Mmax>
               <CL_Mach0>1.06702814547690110000</CL_Mach0>
               <CL_clean>
                  <bf>0.82399023592438270000</bf>
                  <bf>6.53708589398450090000</bf>
                  <bf>-26.84056846590853200000</bf>
                  <bf>39.56004008165913900000</bf>
                  <bf>-20.45421861723161800000</bf>
               </CL_clean>
            </BLM_clean>
         </LGUP>
         <LGDN>
            <DPM_nonclean>
               <CD_nonclean>
                  <d>0.05563071428571427600</d>
                  <d>-0.02465595238095232700</d>
                  <d>0.05384523809523805700</d>
               </CD_nonclean>
            </DPM_nonclean>
            <BLM>
               <CL_max>1.06702814547690110000</CL_max>
            </BLM>
         </LGDN>
      </Configuration>
      <Configuration HLid="1">
         <HLPosition>0001</HLPosition>
         <name>flaps  1</name>
         <vfe>250</vfe>
         <LGUP>
            <DPM_nonclean>
               <CD_nonclean>
                  <d>0.04676301376760505500</d>
                  <d>-0.04390495980102186700</d>
                  <d>0.05976233540385266600</d>
               </CD_nonclean>
            </DPM_nonclean>
            <BLM>
               <CL_max>1.70199039484498240000</CL_max>
            </BLM>
         </LGUP>
         <LGDN>
            <DPM_nonclean>
               <CD_nonclean>
                  <d>0.07743052100840346100</d>
                  <d>-0.05051370448179282700</d>
                  <d>0.06012780112044820900</d>
               </CD_nonclean>
            </DPM_nonclean>
            <BLM>
               <CL_max>1.70199039484498240000</CL_max>
            </BLM>
         </LGDN>
      </Configuration>
      <Configuration HLid="2">
         <HLPosition>0005</HLPosition>
         <name>flaps  5</name>
         <vfe>250</vfe>
         <LGUP>
            <DPM_nonclean>
               <CD_nonclean>
                  <d>0.05674006337132223000</d>
                  <d>-0.05116350351692122700</d>
                  <d>0.06054527879493604900</d>
               </CD_nonclean>
            </DPM_nonclean>
            <BLM>
               <CL_max>1.80751558452595210000</CL_max>
            </BLM>
         </LGUP>
         <LGDN>
            <DPM_nonclean>
               <CD_nonclean>
                  <d>0.08394299019607835700</d>
                  <d>-0.05429098297213613700</d>
                  <d>0.06009610423116613200</d>
               </CD_nonclean>
            </DPM_nonclean>
            <BLM>
               <CL_max>1.80751558452595210000</CL_max>
            </BLM>
         </LGDN>
      </Configuration>
      <Configuration HLid="3">
         <HLPosition>0010</HLPosition>
         <name>flaps 10</name>
         <vfe>210</vfe>
         <LGUP>
            <DPM_nonclean>
               <CD_nonclean>
                  <d>0.06217135066741006500</d>
                  <d>-0.03339558864634234500</d>
                  <d>0.05205619672029818100</d>
               </CD_nonclean>
            </DPM_nonclean>
            <BLM>
               <CL_max>1.89323577551573500000</CL_max>
            </BLM>
         </LGUP>
         <LGDN>
            <DPM_nonclean>
               <CD_nonclean>
                  <d>0.08911154901960784100</d>
                  <d>-0.03696970588235299500</d>
                  <d>0.05175980392156866900</d>
               </CD_nonclean>
            </DPM_nonclean>
            <BLM>
               <CL_max>1.89323577551573500000</CL_max>
            </BLM>
         </LGDN>
      </Configuration>
      <Configuration HLid="4">
         <HLPosition>0015</HLPosition>
         <name>flaps 15</name>
         <vfe>195</vfe>
         <LGUP>
            <DPM_nonclean>
               <CD_nonclean>
                  <d>0.07205695117523294700</d>
                  <d>-0.04148801865739853300</d>
                  <d>0.05427786850975970000</d>
               </CD_nonclean>
            </DPM_nonclean>
            <BLM>
               <CL_max>1.98520159654720560000</CL_max>
            </BLM>
         </LGUP>
         <LGDN>
            <DPM_nonclean>
               <CD_nonclean>
                  <d>0.09873484138655430600</d>
                  <d>-0.04570711834733843400</d>
                  <d>0.05449037114845916400</d>
               </CD_nonclean>
            </DPM_nonclean>
            <BLM>
               <CL_max>1.96941476776873970000</CL_max>
            </BLM>
         </LGDN>
      </Configuration>
      <Configuration HLid="5">
         <HLPosition>0025</HLPosition>
         <name>flaps 25</name>
         <vfe>170</vfe>
         <LGUP>
            <DPM_nonclean>
               <CD_nonclean>
                  <d>0.07817031571686619600</d>
                  <d>-0.03797270732288577500</d>
                  <d>0.05108346338539231100</d>
               </CD_nonclean>
            </DPM_nonclean>
            <BLM>
               <CL_max>2.08403486603398140000</CL_max>
            </BLM>
         </LGUP>
         <LGDN>
            <DPM_nonclean>
               <CD_nonclean>
                  <d>0.10485376050420171000</d>
                  <d>-0.04320824929971997500</d>
                  <d>0.05196988795518212700</d>
               </CD_nonclean>
            </DPM_nonclean>
            <BLM>
               <CL_max>2.08403486603398140000</CL_max>
            </BLM>
         </LGDN>
      </Configuration>
      <Configuration HLid="6">
         <HLPosition>0030</HLPosition>
         <name>flaps 30</name>
         <vfe>165</vfe>
         <LGDN>
            <DPM_nonclean>
               <CD_nonclean>
                  <d>0.11805195919263989000</d>
                  <d>-0.04145931345003740800</d>
                  <d>0.05193290456413608700</d>
               </CD_nonclean>
            </DPM_nonclean>
            <BLM>
               <CL_max>2.20896045477398270000</CL_max>
            </BLM>
         </LGDN>
      </Configuration>
      <Configuration HLid="7">
         <HLPosition>0040</HLPosition>
         <name>flaps 40</name>
         <vfe>156</vfe>
         <LGDN>
            <DPM_nonclean>
               <CD_nonclean>
                  <d>0.15318909995606317000</d>
                  <d>-0.02908716352468996100</d>
                  <d>0.04452055565865067200</d>
               </CD_nonclean>
            </DPM_nonclean>
            <BLM>
               <CL_max>2.26596354343268300000</CL_max>
            </BLM>
         </LGDN>
      </Configuration>
   </AFCM>
   <PFM>
      <MREF>70080</MREF>
      <LHV>43217000</LHV>
      <rho>810</rho>
      <n_eng>2</n_eng>
      <TFA>12</TFA>
      <TFM>
         <CT>
            <a>0.00000000000000000000</a>
            <a>-0.10000000007410204000</a>
            <a>0.00000000000000000000</a>
            <a>0.00000000000000000000</a>
            <a>0.00000000000000000000</a>
            <a>0.00000000000000000000</a>
            <a>0.30000000001826055000</a>
            <a>0.00000000000000000000</a>
            <a>0.00000000000000000000</a>
            <a>0.00000000000000000000</a>
            <a>0.00000000000000000000</a>
            <a>0.00000000000000000000</a>
            <a>0.00000000000000000000</a>
            <a>0.00000000000000000000</a>
            <a>0.00000000000000000000</a>
            <a>0.00000000000000000000</a>
            <a>0.00000000000000000000</a>
            <a>0.00000000000000000000</a>
            <a>0.00000000000000000000</a>
            <a>0.00000000000000000000</a>
            <a>0.00000000000000000000</a>
            <a>0.00000000000000000000</a>
            <a>0.00000000000000000000</a>
            <a>0.00000000000000000000</a>
            <a>0.00000000000000000000</a>
            <a>0.00000000000000000000</a>
            <a>0.00000000000000000000</a>
            <a>0.00000000000000000000</a>
            <a>0.00000000000000000000</a>
            <a>0.00000000000000000000</a>
            <a>0.00000000000000000000</a>
            <a>0.00000000000000000000</a>
            <a>0.00000000000000000000</a>
            <a>0.00000000000000000000</a>
            <a>0.00000000000000000000</a>
            <a>0.00000000000000000000</a>
         </CT>
         <CF>
            <f>0.00248839794732219790</f>
            <f>1.56810662869820680000</f>
            <f>-3.58311676140239040000</f>
            <f>6.62194263647673950000</f>
            <f>11.26834012785728200000</f>
            <f>0.09376831658039229400</f>
            <f>0.03638134375840951900</f>
            <f>17.96501308319286800000</f>
            <f>-78.96661726813232500000</f>
            <f>111.14368203842712000000</f>
            <f>0.00000000000000000000</f>
            <f>0.00000000000000000000</f>
            <f>0.00000000000000000000</f>
            <f>0.00000000000000000000</f>
            <f>0.00000000000000000000</f>
            <f>0.00000000000000000000</f>
            <f>0.00000000000000000000</f>
            <f>0.00000000000000000000</f>
            <f>0.00000000000000000000</f>
            <f>0.00000000000000000000</f>
            <f>0.00000000000000000000</f>
            <f>0.00000000000000000000</f>
            <f>0.00000000000000000000</f>
            <f>0.00000000000000000000</f>
            <f>0.00000000000000000000</f>
         </CF>
         <MCRZ>
            <kink>10</kink>
            <flat_rating>
               <b>1.28952951688608900000</b>
               <b>-1.36036169788701190000</b>
               <b>-0.01656685256352976100</b>
               <b>0.00000000000000000000</b>
               <b>0.00000000000000000000</b>
               <b>0.00000000000000000000</b>
               <b>-2.86106523971134270000</b>
               <b>2.74711029111371770000</b>
               <b>22.44920416291159200000</b>
               <b>0.00000000000000000000</b>
               <b>0.00000000000000000000</b>
               <b>0.00000000000000000000</b>
               <b>6.50714747236683790000</b>
               <b>46.46739828611159600000</b>
               <b>-165.64083335404914000000</b>
               <b>0.00000000000000000000</b>
               <b>0.00000000000000000000</b>
               <b>0.00000000000000000000</b>
               <b>4.26592690300583220000</b>
               <b>-201.02120941100156000000</b>
               <b>434.11026031633827000000</b>
               <b>0.00000000000000000000</b>
               <b>0.00000000000000000000</b>
               <b>0.00000000000000000000</b>
               <b>-19.99814905444341000000</b>
               <b>265.73839715516471000000</b>
               <b>-471.77843730619458000000</b>
               <b>0.00000000000000000000</b>
               <b>0.00000000000000000000</b>
               <b>0.00000000000000000000</b>
               <b>11.77923456226112000000</b>
               <b>-113.77335113629013000000</b>
               <b>182.15478291764953000000</b>
               <b>0.00000000000000000000</b>
               <b>0.00000000000000000000</b>
               <b>0.00000000000000000000</b>
            </flat_rating>
            <temp_rating>
               <c>-37.57901715893368100000</c>
               <c>176.99425871337820000000</c>
               <c>-398.23408551318494000000</c>
               <c>0.00000000000000000000</c>
               <c>0.00000000000000000000</c>
               <c>203.85372366675847000000</c>
               <c>-915.19525961569445000000</c>
               <c>1787.41091967420380000000</c>
               <c>0.00000000000000000000</c>
               <c>0.00000000000000000000</c>
               <c>-378.73920008441974000000</c>
               <c>1678.61295942302260000000</c>
               <c>-2953.58237468130160000000</c>
               <c>0.00000000000000000000</c>
               <c>0.00000000000000000000</c>
               <c>294.65523315773754000000</c>
               <c>-1310.92081937709740000000</c>
               <c>2136.82227947076990000000</c>
               <c>0.00000000000000000000</c>
               <c>0.00000000000000000000</c>
               <c>-83.15541382986660300000</c>
               <c>372.72576718658411000000</c>
               <c>-572.86799934971873000000</c>
               <c>0.00000000000000000000</c>
               <c>0.00000000000000000000</c>
               <c>9.61245589972433480000</c>
               <c>-13.55329849299433900000</c>
               <c>7.05743564547809930000</c>
               <c>0.00000000000000000000</c>
               <c>0.00000000000000000000</c>
               <c>-17.32907045341469400000</c>
               <c>24.37829269248421600000</c>
               <c>-16.83047554435896100000</c>
               <c>0.00000000000000000000</c>
               <c>0.00000000000000000000</c>
               <c>14.32975941545932000000</c>
               <c>-23.55918012057895400000</c>
               <c>23.46513191276738700000</c>
               <c>0.00000000000000000000</c>
               <c>0.00000000000000000000</c>
               <c>-4.81969916529631080000</c>
               <c>10.54082328814428700000</c>
               <c>-13.08957267760484900000</c>
               <c>0.00000000000000000000</c>
               <c>0.00000000000000000000</c>
            </temp_rating>
         </MCRZ>
         <MCMB>
            <kink>10</kink>
            <flat_rating>
               <b>-0.01018438422341623600</b>
               <b>2.87369168273840760000</b>
               <b>-2.64070357911979770000</b>
               <b>0.00000000000000000000</b>
               <b>0.00000000000000000000</b>
               <b>0.00000000000000000000</b>
               <b>11.58504654548969600000</b>
               <b>-39.22232402965853700000</b>
               <b>45.39949870972571200000</b>
               <b>0.00000000000000000000</b>
               <b>0.00000000000000000000</b>
               <b>0.00000000000000000000</b>
               <b>-46.99287681420460000000</b>
               <b>185.52944182154394000000</b>
               <b>-222.33643675079196000000</b>
               <b>0.00000000000000000000</b>
               <b>0.00000000000000000000</b>
               <b>0.00000000000000000000</b>
               <b>93.78622179055754800000</b>
               <b>-401.91978136250566000000</b>
               <b>476.42572555242288000000</b>
               <b>0.00000000000000000000</b>
               <b>0.00000000000000000000</b>
               <b>0.00000000000000000000</b>
               <b>-89.38103901432984300000</b>
               <b>395.27571791603378000000</b>
               <b>-461.80238923296605000000</b>
               <b>0.00000000000000000000</b>
               <b>0.00000000000000000000</b>
               <b>0.00000000000000000000</b>
               <b>32.12741307271200200000</b>
               <b>-143.77525578868838000000</b>
               <b>166.20503478293952000000</b>
               <b>0.00000000000000000000</b>
               <b>0.00000000000000000000</b>
               <b>0.00000000000000000000</b>
            </flat_rating>
            <temp_rating>
               <c>812.08547265337359000000</c>
               <c>-2815.43234711236940000000</c>
               <c>2468.85467696209890000000</c>
               <c>0.00000000000000000000</c>
               <c>0.00000000000000000000</c>
               <c>-3240.72241188480210000000</c>
               <c>11240.11752074470000000000</c>
               <c>-9881.46807101439840000000</c>
               <c>0.00000000000000000000</c>
               <c>0.00000000000000000000</c>
               <c>4842.31281676043000000000</c>
               <c>-16787.19414898844500000000</c>
               <c>14808.60184360301500000000</c>
               <c>0.00000000000000000000</c>
               <c>0.00000000000000000000</c>
               <c>-3211.70269254428690000000</c>
               <c>11124.34487374635500000000</c>
               <c>-9848.81113386630930000000</c>
               <c>0.00000000000000000000</c>
               <c>0.00000000000000000000</c>
               <c>797.33564369472117000000</c>
               <c>-2759.77500851508100000000</c>
               <c>2452.48388514994440000000</c>
               <c>0.00000000000000000000</c>
               <c>0.00000000000000000000</c>
               <c>9.45924791931025770000</c>
               <c>-15.57710605626338200000</c>
               <c>8.60515659067888090000</c>
               <c>0.00000000000000000000</c>
               <c>0.00000000000000000000</c>
               <c>-18.27603513470614900000</c>
               <c>32.06667812610604800000</c>
               <c>-21.03480764964060200000</c>
               <c>0.00000000000000000000</c>
               <c>0.00000000000000000000</c>
               <c>16.18064900766874800000</c>
               <c>-32.74184459931993300000</c>
               <c>26.90266316289430600000</c>
               <c>0.00000000000000000000</c>
               <c>0.00000000000000000000</c>
               <c>-5.72529407236900400000</c>
               <c>14.06636222578179100000</c>
               <c>-13.72794708597560900000</c>
               <c>0.00000000000000000000</c>
               <c>0.00000000000000000000</c>
            </temp_rating>
         </MCMB>
         <MTKF>
            <kink>10</kink>
            <flat_rating>
               <b>16.43448402456585100000</b>
               <b>-55.06159233344828200000</b>
               <b>44.64605467408644300000</b>
               <b>0.00000000000000000000</b>
               <b>0.00000000000000000000</b>
               <b>0.00000000000000000000</b>
               <b>-111.53785546187251000000</b>
               <b>403.18613026768526000000</b>
               <b>-317.53487047764708000000</b>
               <b>0.00000000000000000000</b>
               <b>0.00000000000000000000</b>
               <b>0.00000000000000000000</b>
               <b>313.93490208192520000000</b>
               <b>-1137.48171505746700000000</b>
               <b>867.21947301386933000000</b>
               <b>0.00000000000000000000</b>
               <b>0.00000000000000000000</b>
               <b>0.00000000000000000000</b>
               <b>-417.46384169498481000000</b>
               <b>1505.44409905410910000000</b>
               <b>-1095.30489438374800000000</b>
               <b>0.00000000000000000000</b>
               <b>0.00000000000000000000</b>
               <b>0.00000000000000000000</b>
               <b>261.98047784251600000000</b>
               <b>-935.64823356222905000000</b>
               <b>632.71987694034988000000</b>
               <b>0.00000000000000000000</b>
               <b>0.00000000000000000000</b>
               <b>0.00000000000000000000</b>
               <b>-62.42170828211165900000</b>
               <b>219.80582417265643000000</b>
               <b>-132.80190425779355000000</b>
               <b>0.00000000000000000000</b>
               <b>0.00000000000000000000</b>
               <b>0.00000000000000000000</b>
            </flat_rating>
            <temp_rating>
               <c>1137.22316848191490000000</c>
               <c>-4365.30626887176190000000</c>
               <c>4025.93093713683670000000</c>
               <c>0.00000000000000000000</c>
               <c>0.00000000000000000000</c>
               <c>-4531.15431124961560000000</c>
               <c>17515.23689380429600000000</c>
               <c>-16289.82679949998600000000</c>
               <c>0.00000000000000000000</c>
               <c>0.00000000000000000000</c>
               <c>6801.21904156411980000000</c>
               <c>-26419.82659003505300000000</c>
               <c>24770.49580630128900000000</c>
               <c>0.00000000000000000000</c>
               <c>0.00000000000000000000</c>
               <c>-4519.59338214146460000000</c>
               <c>17639.70824646646000000000</c>
               <c>-16674.82251654425300000000</c>
               <c>0.00000000000000000000</c>
               <c>0.00000000000000000000</c>
               <c>1122.29118934089730000000</c>
               <c>-4401.74383276366460000000</c>
               <c>4195.53940703487750000000</c>
               <c>0.00000000000000000000</c>
               <c>0.00000000000000000000</c>
               <c>-57.55300413349589700000</c>
               <c>199.03988620699275000000</c>
               <c>-167.64912578702447000000</c>
               <c>0.00000000000000000000</c>
               <c>0.00000000000000000000</c>
               <c>139.03417446591010000000</c>
               <c>-478.10856353586496000000</c>
               <c>402.77429982537637000000</c>
               <c>0.00000000000000000000</c>
               <c>0.00000000000000000000</c>
               <c>-142.31164223892404000000</c>
               <c>486.99465094859141000000</c>
               <c>-407.95595435152325000000</c>
               <c>0.00000000000000000000</c>
               <c>0.00000000000000000000</c>
               <c>51.48381164100972300000</c>
               <c>-173.93171444007308000000</c>
               <c>142.67633026734239000000</c>
               <c>0.00000000000000000000</c>
               <c>0.00000000000000000000</c>
            </temp_rating>
         </MTKF>
         <LIDL>
            <CT>
               <ti>-0.02453386321860248300</ti>
               <ti>0.24168455319538948000</ti>
               <ti>-0.46035789946358613000</ti>
               <ti>0.25653852969558322000</ti>
               <ti>0.09307869941699033200</ti>
               <ti>-0.87872180052858040000</ti>
               <ti>1.80988324711446640000</ti>
               <ti>-1.02865350371014720000</ti>
               <ti>-0.08722697532839042400</ti>
               <ti>0.77096242243182012000</ti>
               <ti>-1.70572019882702590000</ti>
               <ti>0.96093932709650731000</ti>
            </CT>
            <CF>
               <fi>-0.01095484849525180100</fi>
               <fi>0.06418241278619323000</fi>
               <fi>-0.01031117389302820500</fi>
               <fi>0.00722696069525123780</fi>
               <fi>0.11820858733500995000</fi>
               <fi>-0.15167238810092609000</fi>
               <fi>0.03460675541567887600</fi>
               <fi>-0.28628195652999905000</fi>
               <fi>0.30305384219216513000</fi>
            </CF>
         </LIDL>
         <throttle>
            <low>0.60674802299543362000</low>
            <high>1.35193191833423310000</high>
         </throttle>
      </TFM>
   </PFM>
   <OPM>
      <LGO>
         <Transition>
            <from>0</from>
            <to>1</to>
            <time>20</time>
         </Transition>
         <Transition>
            <from>1</from>
            <to>0</to>
            <time>11</time>
         </Transition>
      </LGO>
      <HLO>
         <Transition>
            <from>0</from>
            <to>1</to>
            <time>16</time>
         </Transition>
         <Transition>
            <from>1</from>
            <to>2</to>
            <time>7.6</time>
         </Transition>
         <Transition>
            <from>2</from>
            <to>3</to>
            <time>4.5</time>
         </Transition>
         <Transition>
            <from>3</from>
            <to>4</to>
            <time>4.5</time>
         </Transition>
         <Transition>
            <from>4</from>
            <to>5</to>
            <time>3.4</time>
         </Transition>
         <Transition>
            <from>5</from>
            <to>6</to>
            <time>4.2</time>
         </Transition>
         <Transition>
            <from>6</from>
            <to>7</to>
            <time>3.8</time>
         </Transition>
         <Transition>
            <from>7</from>
            <to>6</to>
            <time>3.8</time>
         </Transition>
         <Transition>
            <from>6</from>
            <to>5</to>
            <time>4.2</time>
         </Transition>
         <Transition>
            <from>5</from>
            <to>4</to>
            <time>3.4</time>
         </Transition>
         <Transition>
            <from>4</from>
            <to>3</to>
            <time>2.5</time>
         </Transition>
         <Transition>
            <from>3</from>
            <to>2</to>
            <time>8</time>
         </Transition>
         <Transition>
            <from>2</from>
            <to>1</to>
            <time>7.1</time>
         </Transition>
         <Transition>
            <from>1</from>
            <to>0</to>
            <time>14</time>
         </Transition>
      </HLO>
   </OPM>
   <ALM>
      <GLM>
         <hmo>41000</hmo>
         <mfa>20000</mfa>
      </GLM>
      <KLM>
         <mmo>0.82</mmo>
         <vmo>340</vmo>
         <mle>0.82</mle>
         <vle>320</vle>
         <mlo>0.82</mlo>
         <vloe>270</vloe>
         <vlor>235</vlor>
      </KLM>
      <ELM>
         <Tmin_f>
            <point>
               <Hp>-2000.0</Hp>
               <DeltaT>-72.95999999999999400000</DeltaT>
            </point>
            <point>
               <Hp>0.0</Hp>
               <DeltaT>-69.00000000000000000000</DeltaT>
            </point>
            <point>
               <Hp>1.0</Hp>
               <DeltaT>-77.00000000000000000000</DeltaT>
            </point>
            <point>
               <Hp>36089.0</Hp>
               <DeltaT>-16.50000000000000000000</DeltaT>
            </point>
            <point>
               <Hp>41000.0</Hp>
               <DeltaT>-16.50000000000000000000</DeltaT>
            </point>
         </Tmin_f>
         <Tmax_f>
            <point>
               <Hp>-2000.0</Hp>
               <DeltaT>35.03999999999999900000</DeltaT>
            </point>
            <point>
               <Hp>0.0</Hp>
               <DeltaT>39.39999999999999900000</DeltaT>
            </point>
            <point>
               <Hp>13500.0</Hp>
               <DeltaT>39.39999999999999900000</DeltaT>
            </point>
            <point>
               <Hp>13501.0</Hp>
               <DeltaT>34.00000000000000000000</DeltaT>
            </point>
            <point>
               <Hp>36089.0</Hp>
               <DeltaT>34.00000000000000000000</DeltaT>
            </point>
            <point>
               <Hp>41000.0</Hp>
               <DeltaT>24.50000000000000000000</DeltaT>
            </point>
         </Tmax_f>
         <Tmin_g>
            <point>
               <Hp>-2000.0</Hp>
               <DeltaT>-72.95999999999999400000</DeltaT>
            </point>
            <point>
               <Hp>8500.0</Hp>
               <DeltaT>-52.20000000000000300000</DeltaT>
            </point>
         </Tmin_g>
         <Tmax_g>
            <point>
               <Hp>-2000.0</Hp>
               <DeltaT>35.03999999999999900000</DeltaT>
            </point>
            <point>
               <Hp>0.0</Hp>
               <DeltaT>39.39999999999999900000</DeltaT>
            </point>
            <point>
               <Hp>8500.0</Hp>
               <DeltaT>39.39999999999999900000</DeltaT>
            </point>
         </Tmax_g>
      </ELM>
      <DLM>
         <MTW>70307</MTW>
         <MTOW>70080</MTOW>
         <MLW>58604</MLW>
         <MZFW>55202</MZFW>
         <OEW>37648</OEW>
         <MPL>17554</MPL>
         <MFL>26022</MFL>
         <n1>2.5</n1>
         <n3>-1</n3>
         <nf1>2</nf1>
         <nf3>0</nf3>
      </DLM>
   </ALM>
   <Ground>
      <Dimensions>
         <span>35.79</span>
         <length>33.63</length>
      </Dimensions>
      <Runway>
         <TOL>1850</TOL>
         <LDL>1400</LDL>
      </Runway>
   </Ground>
   <ARPM>
      <AeroConfSchedule>
         <AeroPhase>
            <name>TO</name>
            <HLid>2</HLid>
            <LG>UP</LG>
         </AeroPhase>
         <AeroPhase>
            <name>IC</name>
            <HLid>1</HLid>
            <LG>UP</LG>
         </AeroPhase>
         <AeroPhase>
            <name>CR</name>
            <HLid>0</HLid>
            <LG>UP</LG>
         </AeroPhase>
         <AeroPhase>
            <name>AP</name>
            <HLid>4</HLid>
            <LG>UP</LG>
         </AeroPhase>
         <AeroPhase>
            <name>LD</name>
            <HLid>6</HLid>
            <LG>DN</LG>
         </AeroPhase>
      </AeroConfSchedule>
      <SpeedScheduleList>
         <SpeedSchedule>
            <CompanyName>Default</CompanyName>
            <SpeedPhase>
               <name>Climb</name>
               <CAS1>300</CAS1>
               <CAS2>300</CAS2>
               <M>0.78</M>
            </SpeedPhase>
            <SpeedPhase>
               <name>Cruise</name>
               <CAS1>280</CAS1>
               <CAS2>280</CAS2>
               <M>0.78</M>
            </SpeedPhase>
            <SpeedPhase>
               <name>Descent</name>
               <CAS1>290</CAS1>
               <CAS2>290</CAS2>
               <M>0.78</M>
            </SpeedPhase>
         </SpeedSchedule>
      </SpeedScheduleList>
   </ARPM>
</bada40:ACM>