<?xml version="1.0" encoding="utf-8"?>
<bada40:ACM xmlns:bada40="http://www.eurocontrol.int/eec/public/standard_page/bada40">
   <model>EMB-135LR</model>
   <type>JET</type>
   <engine>AE3007A1/3</engine>
   <description/>
   <ICAO>
      <designator>E135</designator>
      <WTC>M</WTC>
   </ICAO>
   <AFCM>
      <S>51.18</S>
      <Configuration HLid="0">
         <HLPosition>0000</HLPosition>
         <name>flaps 0</name>
         <vfe>320</vfe>
         <LGUP>
            <DPM_clean>
               <M_max>0.78</M_max>
               <scalar>9.835e-007</scalar>
               <CD_clean>
                  <d>-252707.59737498581000000000</d>
                  <d>904625.71901676408000000000</d>
                  <d>-1121438.78397121420000000000</d>
                  <d>609731.01586609485000000000</d>
                  <d>-122299.27888608607000000000</d>
                  <d>95557.92998158610100000000</d>
                  <d>-95718.10981939199000000000</d>
                  <d>74145.55505779672200000000</d>
                  <d>-22350.51172112354800000000</d>
                  <d>2262.37467244327080000000</d>
                  <d>-482.12076890330843000000</d>
                  <d>14706.99768645453000000000</d>
                  <d>-32544.18504371694100000000</d>
                  <d>23750.36046306353100000000</d>
                  <d>-5690.60672699978840000000</d>
               </CD_clean>
            </DPM_clean>
            <BLM_clean>
               <Mmin>0.3</Mmin>
               <Mmax>0.78</Mmax>
               <CL_Mach0>1.4581</CL_Mach0>
               <CL_clean>
                  <bf>1.14146908511947000000</bf>
                  <bf>-0.67183259687720809000</bf>
                  <bf>5.19973570205319290000</bf>
                  <bf>-10.00849884219613100000</bf>
                  <bf>4.29901219332948340000</bf>
               </CL_clean>
            </BLM_clean>
         </LGUP>
      </Configuration>
      <Configuration HLid="1">
         <HLPosition>0009</HLPosition>
         <name>flaps 9</name>
         <vfe>250</vfe>
         <LGUP>
            <DPM_nonclean>
               <CD_nonclean>
                  <d>0.044959</d>
                  <d>-0.014742</d>
                  <d>0.048032</d>
               </CD_nonclean>
            </DPM_nonclean>
            <BLM>
               <CL_max>1.781</CL_max>
            </BLM>
         </LGUP>
         <LGDN>
            <DPM_nonclean>
               <CD_nonclean>
                  <d>0.064959</d>
                  <d>-0.014742</d>
                  <d>0.048032</d>
               </CD_nonclean>
            </DPM_nonclean>
            <BLM>
               <CL_max>1.7489</CL_max>
            </BLM>
         </LGDN>
      </Configuration>
      <Configuration HLid="2">
         <HLPosition>0018</HLPosition>
         <name>flaps 18</name>
         <vfe>200</vfe>
         <LGUP>
            <DPM_nonclean>
               <CD_nonclean>
                  <d>0.061207</d>
                  <d>-0.020912</d>
                  <d>0.051998</d>
               </CD_nonclean>
            </DPM_nonclean>
            <BLM>
               <CL_max>1.9226</CL_max>
            </BLM>
         </LGUP>
         <LGDN>
            <DPM_nonclean>
               <CD_nonclean>
                  <d>0.081207</d>
                  <d>-0.020912</d>
                  <d>0.051998</d>
               </CD_nonclean>
            </DPM_nonclean>
            <BLM>
               <CL_max>1.8584</CL_max>
            </BLM>
         </LGDN>
      </Configuration>
      <Configuration HLid="3">
         <HLPosition>0022</HLPosition>
         <name>flaps 22</name>
         <vfe>200</vfe>
         <LGUP>
            <DPM_nonclean>
               <CD_nonclean>
                  <d>0.066874</d>
                  <d>-0.023555</d>
                  <d>0.053761</d>
               </CD_nonclean>
            </DPM_nonclean>
            <BLM>
               <CL_max>2.0056</CL_max>
            </BLM>
         </LGUP>
         <LGDN>
            <DPM_nonclean>
               <CD_nonclean>
                  <d>0.086874</d>
                  <d>-0.023555</d>
                  <d>0.053761</d>
               </CD_nonclean>
            </DPM_nonclean>
            <BLM>
               <CL_max>1.9559</CL_max>
            </BLM>
         </LGDN>
      </Configuration>
      <Configuration HLid="4">
         <HLPosition>0045</HLPosition>
         <name>flaps 45</name>
         <vfe>145</vfe>
         <LGDN>
            <DPM_nonclean>
               <CD_nonclean>
                  <d>0.12335</d>
                  <d>-0.041182</d>
                  <d>0.063896</d>
               </CD_nonclean>
            </DPM_nonclean>
            <BLM>
               <CL_max>1.9862</CL_max>
            </BLM>
         </LGDN>
      </Configuration>
   </AFCM>
   <PFM>
      <MREF>19990</MREF>
      <LHV>43217000</LHV>
      <rho>810</rho>
      <n_eng>2</n_eng>
      <TFA>7.3</TFA>
      <TFM>
         <CT>
            <a>0</a>
            <a>-0.09999999997645070400</a>
            <a>0</a>
            <a>0</a>
            <a>0</a>
            <a>0</a>
            <a>0.30000000000692978000</a>
            <a>0</a>
            <a>0</a>
            <a>0</a>
            <a>0</a>
            <a>0</a>
            <a>0</a>
            <a>0</a>
            <a>0</a>
            <a>0</a>
            <a>0</a>
            <a>0</a>
            <a>0</a>
            <a>0</a>
            <a>0</a>
            <a>0</a>
            <a>0</a>
            <a>0</a>
            <a>0</a>
            <a>0</a>
            <a>0</a>
            <a>0</a>
            <a>0</a>
            <a>0</a>
            <a>0</a>
            <a>0</a>
            <a>0</a>
            <a>0</a>
            <a>0</a>
            <a>0</a>
         </CT>
         <CF>
            <f>-0.00242970360903223400</f>
            <f>2.33571422469490790000</f>
            <f>-21.45953021719703800000</f>
            <f>101.44690012199709000000</f>
            <f>-144.57959223013171000000</f>
            <f>0.28637892869894876000</f>
            <f>-2.40629880599118230000</f>
            <f>57.42924081307389600000</f>
            <f>-245.33692766607106000000</f>
            <f>337.60781250306661000000</f>
            <f>0</f>
            <f>0</f>
            <f>0</f>
            <f>0</f>
            <f>0</f>
            <f>0</f>
            <f>0</f>
            <f>0</f>
            <f>0</f>
            <f>0</f>
            <f>0</f>
            <f>0</f>
            <f>0</f>
            <f>0</f>
            <f>0</f>
         </CF>
         <MCMB>
            <kink>8</kink>
            <flat_rating>
               <b>-4.13613440484476320000</b>
               <b>11.32051539550676200000</b>
               <b>0.80426262944944793000</b>
               <b>0</b>
               <b>0</b>
               <b>0</b>
               <b>49.52081550918728000000</b>
               <b>-75.63200519973199200000</b>
               <b>-47.44774877658634400000</b>
               <b>0</b>
               <b>0</b>
               <b>0</b>
               <b>-147.03349648813375000000</b>
               <b>105.73284507777880000000</b>
               <b>349.82650009562553000000</b>
               <b>0</b>
               <b>0</b>
               <b>0</b>
               <b>185.39765879813621000000</b>
               <b>113.73239574974890000000</b>
               <b>-922.20052304986143000000</b>
               <b>0</b>
               <b>0</b>
               <b>0</b>
               <b>-97.37221923362163500000</b>
               <b>-329.29348176467272000000</b>
               <b>1020.22558428759680000000</b>
               <b>0</b>
               <b>0</b>
               <b>0</b>
               <b>14.39725625694968700000</b>
               <b>174.79749984250046000000</b>
               <b>-402.83846343905617000000</b>
               <b>0</b>
               <b>0</b>
               <b>0</b>
            </flat_rating>
            <temp_rating>
               <c>2092.36227670709790000000</c>
               <c>-8385.59485634706650000000</c>
               <c>8153.27482073443390000000</c>
               <c>0</c>
               <c>0</c>
               <c>-8259.77165993246490000000</c>
               <c>33257.89084874096400000000</c>
               <c>-32393.04755756632900000000</c>
               <c>0</c>
               <c>0</c>
               <c>12215.85743229567200000000</c>
               <c>-49344.98097157531400000000</c>
               <c>48145.28038172064400000000</c>
               <c>0</c>
               <c>0</c>
               <c>-8016.95306594953310000000</c>
               <c>32465.08472017377400000000</c>
               <c>-31731.16696288636000000000</c>
               <c>0</c>
               <c>0</c>
               <c>1969.49668796420630000000</c>
               <c>-7992.54492147555990000000</c>
               <c>7825.54268347710420000000</c>
               <c>0</c>
               <c>0</c>
               <c>3.97543635952156430000</c>
               <c>-14.82749719656354000000</c>
               <c>14.07723667958597200000</c>
               <c>0</c>
               <c>0</c>
               <c>-11.90285656442187800000</c>
               <c>36.62054576291944800000</c>
               <c>-28.71935160289735500000</c>
               <c>0</c>
               <c>0</c>
               <c>10.88474165721523300000</c>
               <c>-23.24449881646917500000</c>
               <c>8.82207398460783840000</c>
               <c>0</c>
               <c>0</c>
               <c>-2.80180311197745490000</c>
               <c>0.44959660148904251000</c>
               <c>7.29368869276677150000</c>
               <c>0</c>
               <c>0</c>
            </temp_rating>
         </MCMB>
         <LIDL>
            <CT>
               <ti>0.16882396427958804000</ti>
               <ti>-0.45709990967142178000</ti>
               <ti>-0.28289519290190440000</ti>
               <ti>0.94956422513604333000</ti>
               <ti>-0.22485320519166263000</ti>
               <ti>-0.85532502336305061000</ti>
               <ti>7.02141548221009340000</ti>
               <ti>-8.03815630751508440000</ti>
               <ti>-0.21740231442793423000</ti>
               <ti>4.09975834494628180000</ti>
               <ti>-14.82049336263758500000</ti>
               <ti>13.77562516450017500000</ti>
            </CT>
            <CF>
               <fi>0.11802131989387617000</fi>
               <fi>-0.19467951329833444000</fi>
               <fi>0.24707496469756540000</fi>
               <fi>-0.26580579724115849000</fi>
               <fi>0.78918182849526541000</fi>
               <fi>-1.08032407038152240000</fi>
               <fi>0.24050574474313990000</fi>
               <fi>-0.81879532069828864000</fi>
               <fi>1.54974073159634760000</fi>
            </CF>
         </LIDL>
         <throttle>
            <low>0.5781515466</low>
            <high>1.489187605</high>
         </throttle>
      </TFM>
   </PFM>
   <OPM>
      <LGO>
         <Transition>
            <from>0</from>
            <to>1</to>
            <time>15</time>
         </Transition>
         <Transition>
            <from>1</from>
            <to>0</to>
            <time>10</time>
         </Transition>
      </LGO>
      <HLO>
         <Transition>
            <from>0</from>
            <to>1</to>
            <time>3</time>
         </Transition>
         <Transition>
            <from>1</from>
            <to>2</to>
            <time>2.5</time>
         </Transition>
         <Transition>
            <from>2</from>
            <to>3</to>
            <time>1.5</time>
         </Transition>
         <Transition>
            <from>3</from>
            <to>4</to>
            <time>7</time>
         </Transition>
         <Transition>
            <from>4</from>
            <to>3</to>
            <time>7</time>
         </Transition>
         <Transition>
            <from>3</from>
            <to>2</to>
            <time>1.5</time>
         </Transition>
         <Transition>
            <from>2</from>
            <to>1</to>
            <time>2.5</time>
         </Transition>
         <Transition>
            <from>1</from>
            <to>0</to>
            <time>3</time>
         </Transition>
      </HLO>
   </OPM>
   <ALM>
      <GLM>
         <hmo>37000</hmo>
         <mfa>20000</mfa>
      </GLM>
      <KLM>
         <mmo>0.78</mmo>
         <vmo>320</vmo>
         <vle>250</vle>
         <vloe>250</vloe>
         <vlor>200</vlor>
      </KLM>
      <ELM>
         <Tmin_f>
            <point>
               <Hp>-1000</Hp>
               <DeltaT>-71</DeltaT>
            </point>
            <point>
               <Hp>25000</Hp>
               <DeltaT>-19.5</DeltaT>
            </point>
            <point>
               <Hp>36089</Hp>
               <DeltaT>-7.7</DeltaT>
            </point>
            <point>
               <Hp>37000</Hp>
               <DeltaT>-8.5</DeltaT>
            </point>
         </Tmin_f>
         <Tmax_f>
            <point>
               <Hp>-1000</Hp>
               <DeltaT>35</DeltaT>
            </point>
            <point>
               <Hp>37000</Hp>
               <DeltaT>35</DeltaT>
            </point>
         </Tmax_f>
         <Tmin_g>
            <point>
               <Hp>-1000</Hp>
               <DeltaT>-57</DeltaT>
            </point>
            <point>
               <Hp>8000</Hp>
               <DeltaT>-39.2</DeltaT>
            </point>
         </Tmin_g>
         <Tmax_g>
            <point>
               <Hp>-1000</Hp>
               <DeltaT>35</DeltaT>
            </point>
            <point>
               <Hp>8000</Hp>
               <DeltaT>35</DeltaT>
            </point>
         </Tmax_g>
      </ELM>
      <DLM>
         <MTW>20090</MTW>
         <MTOW>19990</MTOW>
         <MLW>18500</MLW>
         <MZFW>16000</MZFW>
         <OEW>11501</OEW>
         <MPL>4499</MPL>
         <MFL>5187</MFL>
         <n1>2.51</n1>
         <n3>-1</n3>
         <nf1>2</nf1>
         <nf3>0</nf3>
      </DLM>
   </ALM>
   <Ground>
      <Dimensions>
         <span>20.04</span>
         <length>26.33</length>
      </Dimensions>
      <Runway>
         <TOL>1760</TOL>
         <LDL>1360</LDL>
      </Runway>
   </Ground>
   <ARPM>
      <AeroConfSchedule>
         <AeroPhase>
            <name>TO</name>
            <HLid>1</HLid>
            <LG>UP</LG>
         </AeroPhase>
         <AeroPhase>
            <name>IC</name>
            <HLid>0</HLid>
            <LG>UP</LG>
         </AeroPhase>
         <AeroPhase>
            <name>CR</name>
            <HLid>0</HLid>
            <LG>UP</LG>
         </AeroPhase>
         <AeroPhase>
            <name>AP</name>
            <HLid>2</HLid>
            <LG>UP</LG>
         </AeroPhase>
         <AeroPhase>
            <name>LD</name>
            <HLid>3</HLid>
            <LG>DN</LG>
         </AeroPhase>
      </AeroConfSchedule>
      <SpeedScheduleList>
         <SpeedSchedule>
            <CompanyName>Default</CompanyName>
            <SpeedPhase>
               <name>Climb</name>
               <CAS1>240</CAS1>
               <CAS2>270</CAS2>
               <M>0.63</M>
            </SpeedPhase>
            <SpeedPhase>
               <name>Cruise</name>
               <CAS1>240</CAS1>
               <CAS2>290</CAS2>
               <M>0.75</M>
            </SpeedPhase>
            <SpeedPhase>
               <name>Descent</name>
               <CAS1>240</CAS1>
               <CAS2>250</CAS2>
               <M>0.78</M>
            </SpeedPhase>
         </SpeedSchedule>
      </SpeedScheduleList>
   </ARPM>
</bada40:ACM>