<?xml version="1.0" encoding="utf-8"?>
<bada40:ACM xmlns:bada40="http://www.eurocontrol.int/eec/public/standard_page/bada40">
   <model>747-400ER</model>
   <type>JET</type>
   <engine>CF6-80C2B5F</engine>
   <description>extended range</description>
   <ICAO>
      <designator>B744</designator>
      <WTC>H</WTC>
   </ICAO>
   <AFCM>
      <S>510.96672000000001000000</S>
      <Configuration HLid="0">
         <HLPosition>0000</HLPosition>
         <name>flaps  0</name>
         <vfe>365</vfe>
         <LGUP>
            <DPM_clean>
               <M_max>0.92000</M_max>
               <scalar>9.835e-007</scalar>
               <CD_clean>
                  <d>86491.45666868894500000000</d>
                  <d>-177638.59452815706000000000</d>
                  <d>160329.31783869813000000000</d>
                  <d>-63980.16772151691100000000</d>
                  <d>9752.94197467373310000000</d>
                  <d>29755.91937451887500000000</d>
                  <d>12889.67241176421300000000</d>
                  <d>-3313.66014485229610000000</d>
                  <d>292.55895406506454000000</d>
                  <d>-8.30709067588596640000</d>
                  <d>38891.19793336695900000000</d>
                  <d>96.92287287442339000000</d>
                  <d>-78.67127912791501400000</d>
                  <d>20.64256882811022100000</d>
                  <d>-1.62452008845732320000</d>
               </CD_clean>
            </DPM_clean>
            <BLM_clean>
               <Mmin>0.25000</Mmin>
               <Mmax>0.92000</Mmax>
               <CL_Mach0>0.88703720583731427000</CL_Mach0>
               <CL_clean>
                  <bf>0.10916345833392685000</bf>
                  <bf>8.64947323027584150000</bf>
                  <bf>-30.49088012945071900000</bf>
                  <bf>41.94527893989148000000</bf>
                  <bf>-20.08448777426842800000</bf>
               </CL_clean>
            </BLM_clean>
         </LGUP>
         <LGDN>
            <DPM_nonclean>
               <CD_nonclean>
                  <d>0.05102434848484806900</d>
                  <d>-0.05359356060605938900</d>
                  <d>0.10459848484848398000</d>
               </CD_nonclean>
            </DPM_nonclean>
            <BLM>
               <CL_max>0.88703720583731427000</CL_max>
            </BLM>
         </LGDN>
      </Configuration>
      <Configuration HLid="1">
         <HLPosition>0001</HLPosition>
         <name>flaps  1</name>
         <vfe>280</vfe>
         <LGUP>
            <DPM_nonclean>
               <CD_nonclean>
                  <d>0.02959980097302079500</d>
                  <d>-0.02934745687748788900</d>
                  <d>0.07068022998673158300</d>
               </CD_nonclean>
            </DPM_nonclean>
            <BLM>
               <CL_max>1.12426658385213260000</CL_max>
            </BLM>
         </LGUP>
         <LGDN>
            <DPM_nonclean>
               <CD_nonclean>
                  <d>0.05938116903684559400</d>
                  <d>-0.03961918875242425400</d>
                  <d>0.07237136393018760200</d>
               </CD_nonclean>
            </DPM_nonclean>
            <BLM>
               <CL_max>1.12426658385213260000</CL_max>
            </BLM>
         </LGDN>
      </Configuration>
      <Configuration HLid="2">
         <HLPosition>0005</HLPosition>
         <name>flaps  5</name>
         <vfe>260</vfe>
         <LGUP>
            <DPM_nonclean>
               <CD_nonclean>
                  <d>0.03930375896767237400</d>
                  <d>-0.02632109722471913700</d>
                  <d>0.06542003516218113100</d>
               </CD_nonclean>
            </DPM_nonclean>
            <BLM>
               <CL_max>1.39798688872458700000</CL_max>
            </BLM>
         </LGUP>
         <LGDN>
            <DPM_nonclean>
               <CD_nonclean>
                  <d>0.07182619097466640100</d>
                  <d>-0.04333707268960356600</d>
                  <d>0.07123516710997400400</d>
               </CD_nonclean>
            </DPM_nonclean>
            <BLM>
               <CL_max>1.39798688872458700000</CL_max>
            </BLM>
         </LGDN>
      </Configuration>
      <Configuration HLid="3">
         <HLPosition>0010</HLPosition>
         <name>flaps 10</name>
         <vfe>240</vfe>
         <LGUP>
            <DPM_nonclean>
               <CD_nonclean>
                  <d>0.04345696534897192800</d>
                  <d>-0.03323862514652554900</d>
                  <d>0.06500281396774011700</d>
               </CD_nonclean>
            </DPM_nonclean>
            <BLM>
               <CL_max>1.55018966236497470000</CL_max>
            </BLM>
         </LGUP>
         <LGDN>
            <DPM_nonclean>
               <CD_nonclean>
                  <d>0.07398317259456922700</d>
                  <d>-0.04694425429854893300</d>
                  <d>0.06959273643866519000</d>
               </CD_nonclean>
            </DPM_nonclean>
            <BLM>
               <CL_max>1.55018966236497470000</CL_max>
            </BLM>
         </LGDN>
      </Configuration>
      <Configuration HLid="4">
         <HLPosition>0020</HLPosition>
         <name>flaps 20</name>
         <vfe>230</vfe>
         <LGUP>
            <DPM_nonclean>
               <CD_nonclean>
                  <d>0.05237405224497065900</d>
                  <d>-0.02914948789225651000</d>
                  <d>0.05972864554244338600</d>
               </CD_nonclean>
            </DPM_nonclean>
            <BLM>
               <CL_max>1.70134194236883210000</CL_max>
            </BLM>
         </LGUP>
         <LGDN>
            <DPM_nonclean>
               <CD_nonclean>
                  <d>0.08057583320202360600</d>
                  <d>-0.04029210383587059800</d>
                  <d>0.06326911546828001300</d>
               </CD_nonclean>
            </DPM_nonclean>
            <BLM>
               <CL_max>1.70134194236883210000</CL_max>
            </BLM>
         </LGDN>
      </Configuration>
      <Configuration HLid="5">
         <HLPosition>0025</HLPosition>
         <name>flaps 25</name>
         <vfe>205</vfe>
         <LGDN>
            <DPM_nonclean>
               <CD_nonclean>
                  <d>0.09834405228981599200</d>
                  <d>-0.04515213260423869100</d>
                  <d>0.06656527682843503500</d>
               </CD_nonclean>
            </DPM_nonclean>
            <BLM>
               <CL_max>1.78534633333649120000</CL_max>
            </BLM>
         </LGDN>
      </Configuration>
      <Configuration HLid="6">
         <HLPosition>0030</HLPosition>
         <name>flaps 30</name>
         <vfe>180</vfe>
         <LGDN>
            <DPM_nonclean>
               <CD_nonclean>
                  <d>0.09347392156862675800</d>
                  <d>0.00216945304437660050</d>
                  <d>0.04824767801857551100</d>
               </CD_nonclean>
            </DPM_nonclean>
            <BLM>
               <CL_max>1.93985238990574580000</CL_max>
            </BLM>
         </LGDN>
      </Configuration>
   </AFCM>
   <PFM>
      <MREF>412770</MREF>
      <LHV>43217000</LHV>
      <rho>810</rho>
      <n_eng>4</n_eng>
      <TFA>45</TFA>
      <TFM>
         <CT>
            <a>0.00000000000000000000</a>
            <a>-0.09999999999559396100</a>
            <a>0.00000000000000000000</a>
            <a>0.00000000000000000000</a>
            <a>0.00000000000000000000</a>
            <a>0.00000000000000000000</a>
            <a>0.29999999999785742000</a>
            <a>0.00000000000000000000</a>
            <a>0.00000000000000000000</a>
            <a>0.00000000000000000000</a>
            <a>0.00000000000000000000</a>
            <a>0.00000000000000000000</a>
            <a>0.00000000000000000000</a>
            <a>0.00000000000000000000</a>
            <a>0.00000000000000000000</a>
            <a>0.00000000000000000000</a>
            <a>0.00000000000000000000</a>
            <a>0.00000000000000000000</a>
            <a>0.00000000000000000000</a>
            <a>0.00000000000000000000</a>
            <a>0.00000000000000000000</a>
            <a>0.00000000000000000000</a>
            <a>0.00000000000000000000</a>
            <a>0.00000000000000000000</a>
            <a>0.00000000000000000000</a>
            <a>0.00000000000000000000</a>
            <a>0.00000000000000000000</a>
            <a>0.00000000000000000000</a>
            <a>0.00000000000000000000</a>
            <a>0.00000000000000000000</a>
            <a>0.00000000000000000000</a>
            <a>0.00000000000000000000</a>
            <a>0.00000000000000000000</a>
            <a>0.00000000000000000000</a>
            <a>0.00000000000000000000</a>
            <a>0.00000000000000000000</a>
         </CT>
         <CF>
            <f>-0.01577186584780896100</f>
            <f>1.82474224229466690000</f>
            <f>-13.15757047079475100000</f>
            <f>70.21762283075433700000</f>
            <f>-94.94239446822815900000</f>
            <f>0.10369408613569835000</f>
            <f>-0.61939360525102949000</f>
            <f>29.68482318111546500000</f>
            <f>-153.48026395392890000000</f>
            <f>240.47610738320483000000</f>
            <f>0.00000000000000000000</f>
            <f>0.00000000000000000000</f>
            <f>0.00000000000000000000</f>
            <f>0.00000000000000000000</f>
            <f>0.00000000000000000000</f>
            <f>0.00000000000000000000</f>
            <f>0.00000000000000000000</f>
            <f>0.00000000000000000000</f>
            <f>0.00000000000000000000</f>
            <f>0.00000000000000000000</f>
            <f>0.00000000000000000000</f>
            <f>0.00000000000000000000</f>
            <f>0.00000000000000000000</f>
            <f>0.00000000000000000000</f>
            <f>0.00000000000000000000</f>
         </CF>
         <MCRZ>
            <kink>10</kink>
            <flat_rating>
               <b>-1.92112229278421510000</b>
               <b>5.77889520341360270000</b>
               <b>-3.02376794122006180000</b>
               <b>0.00000000000000000000</b>
               <b>0.00000000000000000000</b>
               <b>0.00000000000000000000</b>
               <b>18.08720053918502700000</b>
               <b>-29.12513001271406700000</b>
               <b>12.67469061351916400000</b>
               <b>0.00000000000000000000</b>
               <b>0.00000000000000000000</b>
               <b>0.00000000000000000000</b>
               <b>-35.99533324724842500000</b>
               <b>18.42717817607458700000</b>
               <b>19.77476179929212200000</b>
               <b>0.00000000000000000000</b>
               <b>0.00000000000000000000</b>
               <b>0.00000000000000000000</b>
               <b>14.08568215313613200000</b>
               <b>111.34948793799775000000</b>
               <b>-155.27663020187407000000</b>
               <b>0.00000000000000000000</b>
               <b>0.00000000000000000000</b>
               <b>0.00000000000000000000</b>
               <b>25.14434878359227100000</b>
               <b>-208.13371108720963000000</b>
               <b>233.98194308824679000000</b>
               <b>0.00000000000000000000</b>
               <b>0.00000000000000000000</b>
               <b>0.00000000000000000000</b>
               <b>-18.98694108557431500000</b>
               <b>102.54039309511754000000</b>
               <b>-109.01235283590368000000</b>
               <b>0.00000000000000000000</b>
               <b>0.00000000000000000000</b>
               <b>0.00000000000000000000</b>
            </flat_rating>
            <temp_rating>
               <c>190.48476859267276000000</c>
               <c>-1006.80475257458120000000</c>
               <c>894.96501272243324000000</c>
               <c>0.00000000000000000000</c>
               <c>0.00000000000000000000</c>
               <c>-823.73323026191088000000</c>
               <c>4175.88651465292700000000</c>
               <c>-3678.77078841226920000000</c>
               <c>0.00000000000000000000</c>
               <c>0.00000000000000000000</c>
               <c>1323.81131783237880000000</c>
               <c>-6448.29815002826850000000</c>
               <c>5641.71558925738650000000</c>
               <c>0.00000000000000000000</c>
               <c>0.00000000000000000000</c>
               <c>-933.82716732321683000000</c>
               <c>4393.92729626869730000000</c>
               <c>-3824.14802526899530000000</c>
               <c>0.00000000000000000000</c>
               <c>0.00000000000000000000</c>
               <c>244.04226638306932000000</c>
               <c>-1115.16036203867160000000</c>
               <c>966.52464448942783000000</c>
               <c>0.00000000000000000000</c>
               <c>0.00000000000000000000</c>
               <c>3.50953198082700800000</c>
               <c>-6.82806080288309050000</c>
               <c>5.39262539465988140000</c>
               <c>0.00000000000000000000</c>
               <c>0.00000000000000000000</c>
               <c>-11.50103835910616100000</c>
               <c>18.19042413550086600000</c>
               <c>-8.39515405426945090000</c>
               <c>0.00000000000000000000</c>
               <c>0.00000000000000000000</c>
               <c>11.63756886550034300000</c>
               <c>-9.60095223627048710000</c>
               <c>-4.36376183180400280000</c>
               <c>0.00000000000000000000</c>
               <c>0.00000000000000000000</c>
               <c>-3.48049299070800980000</c>
               <c>-2.59618609452767000000</c>
               <c>8.79822623694862570000</c>
               <c>0.00000000000000000000</c>
               <c>0.00000000000000000000</c>
            </temp_rating>
         </MCRZ>
         <MCMB>
            <kink>10</kink>
            <flat_rating>
               <b>-0.17628845470045129000</b>
               <b>1.35056314822535990000</b>
               <b>-0.32340884650765384000</b>
               <b>0.00000000000000000000</b>
               <b>0.00000000000000000000</b>
               <b>0.00000000000000000000</b>
               <b>1.48277323709889950000</b>
               <b>11.31100607633204200000</b>
               <b>-10.13299540132352800000</b>
               <b>0.00000000000000000000</b>
               <b>0.00000000000000000000</b>
               <b>0.00000000000000000000</b>
               <b>19.91532973093127600000</b>
               <b>-111.62148597293384000000</b>
               <b>85.37204627717622400000</b>
               <b>0.00000000000000000000</b>
               <b>0.00000000000000000000</b>
               <b>0.00000000000000000000</b>
               <b>-70.06170967101039100000</b>
               <b>293.90923188740925000000</b>
               <b>-227.51925727750515000000</b>
               <b>0.00000000000000000000</b>
               <b>0.00000000000000000000</b>
               <b>0.00000000000000000000</b>
               <b>82.08013966383083500000</b>
               <b>-316.84258287424109000000</b>
               <b>252.78374178135172000000</b>
               <b>0.00000000000000000000</b>
               <b>0.00000000000000000000</b>
               <b>0.00000000000000000000</b>
               <b>-32.69267350792440400000</b>
               <b>122.24455704089551000000</b>
               <b>-100.49915901490438000000</b>
               <b>0.00000000000000000000</b>
               <b>0.00000000000000000000</b>
               <b>0.00000000000000000000</b>
            </flat_rating>
            <temp_rating>
               <c>19.73548462292079700000</c>
               <c>-325.47073461561058000000</c>
               <c>264.48097889285492000000</c>
               <c>0.00000000000000000000</c>
               <c>0.00000000000000000000</c>
               <c>-136.06402016997689000000</c>
               <c>1421.73272300334270000000</c>
               <c>-1126.91076217732070000000</c>
               <c>0.00000000000000000000</c>
               <c>0.00000000000000000000</c>
               <c>292.17579224636205000000</c>
               <c>-2299.56657879427580000000</c>
               <c>1790.68488500394820000000</c>
               <c>0.00000000000000000000</c>
               <c>0.00000000000000000000</c>
               <c>-248.03805551370334000000</c>
               <c>1626.97741140793460000000</c>
               <c>-1251.09569515916790000000</c>
               <c>0.00000000000000000000</c>
               <c>0.00000000000000000000</c>
               <c>73.58987599310181300000</c>
               <c>-425.66397919281144000000</c>
               <c>324.20765490584608000000</c>
               <c>0.00000000000000000000</c>
               <c>0.00000000000000000000</c>
               <c>-1.85046453595604590000</c>
               <c>7.43591096319710590000</c>
               <c>-4.80953337845380610000</c>
               <c>0.00000000000000000000</c>
               <c>0.00000000000000000000</c>
               <c>4.61400054641520360000</c>
               <c>-25.59455046785393500000</c>
               <c>23.47247650772106600000</c>
               <c>0.00000000000000000000</c>
               <c>0.00000000000000000000</c>
               <c>-7.97364436443586570000</c>
               <c>44.13614037856018500000</c>
               <c>-43.74925491277966200000</c>
               <c>0.00000000000000000000</c>
               <c>0.00000000000000000000</c>
               <c>4.81747738757444120000</c>
               <c>-25.37734364146889400000</c>
               <c>25.51265926869470800000</c>
               <c>0.00000000000000000000</c>
               <c>0.00000000000000000000</c>
            </temp_rating>
         </MCMB>
         <MTKF>
            <kink>10</kink>
            <flat_rating>
               <b>26.19977493043854400000</b>
               <b>-83.14290033277075100000</b>
               <b>62.46889336146752900000</b>
               <b>0.00000000000000000000</b>
               <b>0.00000000000000000000</b>
               <b>0.00000000000000000000</b>
               <b>-216.20586709132618000000</b>
               <b>723.37824154691748000000</b>
               <b>-546.37983140898450000000</b>
               <b>0.00000000000000000000</b>
               <b>0.00000000000000000000</b>
               <b>0.00000000000000000000</b>
               <b>726.00143354038562000000</b>
               <b>-2484.64688212863760000000</b>
               <b>1906.37459379397930000000</b>
               <b>0.00000000000000000000</b>
               <b>0.00000000000000000000</b>
               <b>0.00000000000000000000</b>
               <b>-1194.00959127886790000000</b>
               <b>4179.18875255183960000000</b>
               <b>-3268.36965861862060000000</b>
               <b>0.00000000000000000000</b>
               <b>0.00000000000000000000</b>
               <b>0.00000000000000000000</b>
               <b>954.95058361264489000000</b>
               <b>-3406.72913526079170000000</b>
               <b>2708.78190272110530000000</b>
               <b>0.00000000000000000000</b>
               <b>0.00000000000000000000</b>
               <b>0.00000000000000000000</b>
               <b>-296.78119219507852000000</b>
               <b>1075.68938679312830000000</b>
               <b>-868.29146994478276000000</b>
               <b>0.00000000000000000000</b>
               <b>0.00000000000000000000</b>
               <b>0.00000000000000000000</b>
            </flat_rating>
            <temp_rating>
               <c>201.09706850413986000000</c>
               <c>-816.34251695592570000000</c>
               <c>1487.95124649841750000000</c>
               <c>0.00000000000000000000</c>
               <c>0.00000000000000000000</c>
               <c>-933.62910312947872000000</c>
               <c>3828.94981629500630000000</c>
               <c>-6403.26579562201640000000</c>
               <c>0.00000000000000000000</c>
               <c>0.00000000000000000000</c>
               <c>1556.13072577380150000000</c>
               <c>-6401.51018962327540000000</c>
               <c>10115.92639884693600000000</c>
               <c>0.00000000000000000000</c>
               <c>0.00000000000000000000</c>
               <c>-1122.23384228815600000000</c>
               <c>4650.38991651939430000000</c>
               <c>-7049.37280008891780000000</c>
               <c>0.00000000000000000000</c>
               <c>0.00000000000000000000</c>
               <c>297.27143200804431000000</c>
               <c>-1245.14935321265630000000</c>
               <c>1829.79248185522470000000</c>
               <c>0.00000000000000000000</c>
               <c>0.00000000000000000000</c>
               <c>28.43509994511062900000</c>
               <c>-162.56742029378563000000</c>
               <c>174.14995740481450000000</c>
               <c>0.00000000000000000000</c>
               <c>0.00000000000000000000</c>
               <c>-88.45572496224832500000</c>
               <c>466.52288947691909000000</c>
               <c>-483.57800360323341000000</c>
               <c>0.00000000000000000000</c>
               <c>0.00000000000000000000</c>
               <c>102.01421326820022000000</c>
               <c>-518.16312429901291000000</c>
               <c>528.52933581359889000000</c>
               <c>0.00000000000000000000</c>
               <c>0.00000000000000000000</c>
               <c>-40.34505538386350300000</c>
               <c>201.10692637027475000000</c>
               <c>-204.65514477870519000000</c>
               <c>0.00000000000000000000</c>
               <c>0.00000000000000000000</c>
            </temp_rating>
         </MTKF>
         <LIDL>
            <CT>
               <ti>0.01591295542540480500</ti>
               <ti>-0.02758636760911888100</ti>
               <ti>0.05902313217315956200</ti>
               <ti>-0.05292574171586383900</ti>
               <ti>-0.02644639945853984000</ti>
               <ti>0.05678879646779738000</ti>
               <ti>-0.11293511058985360000</ti>
               <ti>0.15136093503519349000</ti>
               <ti>0.01036683209571105500</ti>
               <ti>-0.06855002766959822400</ti>
               <ti>0.05631340600517539100</ti>
               <ti>-0.15025640782383642000</ti>
            </CT>
            <CF>
               <fi>-0.01326675995034161400</fi>
               <fi>0.08270775030914309700</fi>
               <fi>-0.04562673188351671500</fi>
               <fi>0.03377832034892038600</fi>
               <fi>-0.09537629842874619000</fi>
               <fi>0.05111103136968200200</fi>
               <fi>-0.01444402839266950700</fi>
               <fi>0.03848549896380919200</fi>
               <fi>-0.01268939777206167000</fi>
            </CF>
         </LIDL>
         <throttle>
            <low>0.51594972439755082000</low>
            <high>1.14363865388791640000</high>
         </throttle>
      </TFM>
   </PFM>
   <OPM>
      <LGO>
         <Transition>
            <from>0</from>
            <to>1</to>
            <time>23</time>
         </Transition>
         <Transition>
            <from>1</from>
            <to>0</to>
            <time>23</time>
         </Transition>
      </LGO>
      <HLO>
         <Transition>
            <from>0</from>
            <to>1</to>
            <time>11</time>
         </Transition>
         <Transition>
            <from>1</from>
            <to>2</to>
            <time>35.3</time>
         </Transition>
         <Transition>
            <from>2</from>
            <to>3</to>
            <time>4.7</time>
         </Transition>
         <Transition>
            <from>3</from>
            <to>4</to>
            <time>5.9</time>
         </Transition>
         <Transition>
            <from>4</from>
            <to>5</to>
            <time>2.3</time>
         </Transition>
         <Transition>
            <from>5</from>
            <to>6</to>
            <time>3.6</time>
         </Transition>
         <Transition>
            <from>6</from>
            <to>5</to>
            <time>3.6</time>
         </Transition>
         <Transition>
            <from>5</from>
            <to>4</to>
            <time>2.3</time>
         </Transition>
         <Transition>
            <from>4</from>
            <to>3</to>
            <time>5.9</time>
         </Transition>
         <Transition>
            <from>3</from>
            <to>2</to>
            <time>4.7</time>
         </Transition>
         <Transition>
            <from>2</from>
            <to>1</to>
            <time>35.3</time>
         </Transition>
         <Transition>
            <from>1</from>
            <to>0</to>
            <time>11</time>
         </Transition>
      </HLO>
   </OPM>
   <ALM>
      <GLM>
         <hmo>45100</hmo>
         <mfa>20000</mfa>
      </GLM>
      <KLM>
         <mmo>0.92</mmo>
         <vmo>365</vmo>
         <mle>0.82</mle>
         <vle>320</vle>
         <mlo>0.82</mlo>
         <vloe>270</vloe>
         <vlor>270</vlor>
      </KLM>
      <ELM>
         <Tmin_f>
            <point>
               <Hp>-2000.0</Hp>
               <DeltaT>-72.95999999999999400000</DeltaT>
            </point>
            <point>
               <Hp>20000.0</Hp>
               <DeltaT>-29.37999999999999900000</DeltaT>
            </point>
            <point>
               <Hp>40000.0</Hp>
               <DeltaT>-23.50000000000000000000</DeltaT>
            </point>
            <point>
               <Hp>45100.0</Hp>
               <DeltaT>-23.50000000000000000000</DeltaT>
            </point>
         </Tmin_f>
         <Tmax_f>
            <point>
               <Hp>-2000.0</Hp>
               <DeltaT>35.03999999999999900000</DeltaT>
            </point>
            <point>
               <Hp>0.0</Hp>
               <DeltaT>39.39999999999999900000</DeltaT>
            </point>
            <point>
               <Hp>14000.0</Hp>
               <DeltaT>39.39999999999999900000</DeltaT>
            </point>
            <point>
               <Hp>14001.0</Hp>
               <DeltaT>33.74000000000000200000</DeltaT>
            </point>
            <point>
               <Hp>36089.0</Hp>
               <DeltaT>33.74000000000000200000</DeltaT>
            </point>
            <point>
               <Hp>44000.0</Hp>
               <DeltaT>16.50000000000000000000</DeltaT>
            </point>
            <point>
               <Hp>45100.0</Hp>
               <DeltaT>16.50000000000000000000</DeltaT>
            </point>
         </Tmax_f>
         <Tmin_g>
            <point>
               <Hp>-2000.0</Hp>
               <DeltaT>-72.95999999999999400000</DeltaT>
            </point>
            <point>
               <Hp>10000.0</Hp>
               <DeltaT>-49.20000000000000300000</DeltaT>
            </point>
         </Tmin_g>
         <Tmax_g>
            <point>
               <Hp>-2000.0</Hp>
               <DeltaT>35.03999999999999900000</DeltaT>
            </point>
            <point>
               <Hp>0.0</Hp>
               <DeltaT>39.39999999999999900000</DeltaT>
            </point>
            <point>
               <Hp>10000.0</Hp>
               <DeltaT>39.39999999999999900000</DeltaT>
            </point>
         </Tmax_g>
      </ELM>
      <DLM>
         <MTW>414130</MTW>
         <MTOW>412770</MTOW>
         <MLW>295743</MLW>
         <MZFW>251744</MZFW>
         <OEW>184567</OEW>
         <MPL>67177</MPL>
         <MFL>239363</MFL>
         <n1>2.5</n1>
         <n3>-1</n3>
         <nf1>2</nf1>
         <nf3>0</nf3>
      </DLM>
   </ALM>
   <Ground>
      <Dimensions>
         <span>64.92</span>
         <length>70.67</length>
      </Dimensions>
      <Runway>
         <TOL>3300</TOL>
         <LDL>2200</LDL>
      </Runway>
   </Ground>
   <ARPM>
      <AeroConfSchedule>
         <AeroPhase>
            <name>TO</name>
            <HLid>2</HLid>
            <LG>UP</LG>
         </AeroPhase>
         <AeroPhase>
            <name>IC</name>
            <HLid>1</HLid>
            <LG>UP</LG>
         </AeroPhase>
         <AeroPhase>
            <name>CR</name>
            <HLid>0</HLid>
            <LG>UP</LG>
         </AeroPhase>
         <AeroPhase>
            <name>AP</name>
            <HLid>4</HLid>
            <LG>UP</LG>
         </AeroPhase>
         <AeroPhase>
            <name>LD</name>
            <HLid>6</HLid>
            <LG>DN</LG>
         </AeroPhase>
      </AeroConfSchedule>
      <SpeedScheduleList>
         <SpeedSchedule>
            <CompanyName>Default</CompanyName>
            <SpeedPhase>
               <name>Climb</name>
               <CAS1>330</CAS1>
               <CAS2>330</CAS2>
               <M>0.85</M>
            </SpeedPhase>
            <SpeedPhase>
               <name>Cruise</name>
               <CAS1>340</CAS1>
               <CAS2>340</CAS2>
               <M>0.84</M>
            </SpeedPhase>
            <SpeedPhase>
               <name>Descent</name>
               <CAS1>310</CAS1>
               <CAS2>310</CAS2>
               <M>0.86</M>
            </SpeedPhase>
         </SpeedSchedule>
      </SpeedScheduleList>
   </ARPM>
</bada40:ACM>