<?xml version="1.0" encoding="utf-8"?>
<bada40:ACM xmlns:bada40="http://www.eurocontrol.int/eec/public/standard_page/bada40">
   <model>A320-214</model>
   <type>JET</type>
   <engine>CFM56-5B4/P SAC</engine>
   <description/>
   <ICAO>
      <designator>A320</designator>
      <WTC>M</WTC>
   </ICAO>
   <AFCM>
      <S>122.6</S>
      <Configuration HLid="0">
         <HLPosition>0000</HLPosition>
         <name>CLEAN</name>
         <vfe>350</vfe>
         <LGUP>
            <DPM_clean>
               <M_max>0.82</M_max>
               <scalar>9.835e-007</scalar>
               <CD_clean>
                  <d>508528.02289552632000000000</d>
                  <d>-1530484.79870836690000000000</d>
                  <d>1761158.54751016150000000000</d>
                  <d>-885974.19851045974000000000</d>
                  <d>165183.52343666618000000000</d>
                  <d>26374.10440545046000000000</d>
                  <d>27008.97733776176000000000</d>
                  <d>-17171.13626981737300000000</d>
                  <d>3852.12829534871480000000</d>
                  <d>-291.73132790028001000000</d>
                  <d>-48.62704769114010600000</d>
                  <d>11601.66815940637800000000</d>
                  <d>-17204.67989921410500000000</d>
                  <d>8140.81390177223150000000</d>
                  <d>-1179.22668368505330000000</d>
               </CD_clean>
            </DPM_clean>
            <BLM_clean>
               <Mmin>0.3</Mmin>
               <Mmax>0.82</Mmax>
               <CL_Mach0>1.3422</CL_Mach0>
               <CL_clean>
                  <bf>-0.06218920999176164000</bf>
                  <bf>15.59412415953095800000</bf>
                  <bf>-57.38254613361952700000</bf>
                  <bf>80.86169972909449700000</bf>
                  <bf>-39.79732842370287900000</bf>
               </CL_clean>
            </BLM_clean>
         </LGUP>
      </Configuration>
      <Configuration HLid="1">
         <HLPosition>1800</HLPosition>
         <name>CONF 1</name>
         <vfe>230</vfe>
         <LGUP>
            <DPM_nonclean>
               <CD_nonclean>
                  <d>0.024445</d>
                  <d>-0.007584</d>
                  <d>0.051155</d>
               </CD_nonclean>
            </DPM_nonclean>
            <BLM>
               <CL_max>1.9417</CL_max>
            </BLM>
         </LGUP>
      </Configuration>
      <Configuration HLid="2">
         <HLPosition>1810</HLPosition>
         <name>CONF 1+F</name>
         <vfe>215</vfe>
         <LGUP>
            <DPM_nonclean>
               <CD_nonclean>
                  <d>0.053678</d>
                  <d>-0.04081</d>
                  <d>0.057549</d>
               </CD_nonclean>
            </DPM_nonclean>
            <BLM>
               <CL_max>2.1724</CL_max>
            </BLM>
         </LGUP>
      </Configuration>
      <Configuration HLid="3">
         <HLPosition>2215</HLPosition>
         <name>CONF 2</name>
         <vfe>200</vfe>
         <LGUP>
            <DPM_nonclean>
               <CD_nonclean>
                  <d>0.061564</d>
                  <d>-0.043546</d>
                  <d>0.055747</d>
               </CD_nonclean>
            </DPM_nonclean>
            <BLM>
               <CL_max>2.4575</CL_max>
            </BLM>
         </LGUP>
      </Configuration>
      <Configuration HLid="4">
         <HLPosition>2220</HLPosition>
         <name>CONF 3</name>
         <vfe>185</vfe>
         <LGUP>
            <DPM_nonclean>
               <CD_nonclean>
                  <d>0.061414</d>
                  <d>-0.037878</d>
                  <d>0.052308</d>
               </CD_nonclean>
            </DPM_nonclean>
            <BLM>
               <CL_max>2.4994</CL_max>
            </BLM>
         </LGUP>
         <LGDN>
            <DPM_nonclean>
               <CD_nonclean>
                  <d>0.086085</d>
                  <d>-0.032408</d>
                  <d>0.05003</d>
               </CD_nonclean>
            </DPM_nonclean>
            <BLM>
               <CL_max>2.4889</CL_max>
            </BLM>
         </LGDN>
      </Configuration>
      <Configuration HLid="5">
         <HLPosition>2735</HLPosition>
         <name>FULL</name>
         <vfe>177</vfe>
         <LGUP>
            <DPM_nonclean>
               <CD_nonclean>
                  <d>0.11555</d>
                  <d>-0.069227</d>
                  <d>0.061005</d>
               </CD_nonclean>
            </DPM_nonclean>
            <BLM>
               <CL_max>2.7442</CL_max>
            </BLM>
         </LGUP>
         <LGDN>
            <DPM_nonclean>
               <CD_nonclean>
                  <d>0.14286</d>
                  <d>-0.07198</d>
                  <d>0.060478</d>
               </CD_nonclean>
            </DPM_nonclean>
            <BLM>
               <CL_max>2.6994</CL_max>
            </BLM>
         </LGDN>
      </Configuration>
   </AFCM>
   <PFM>
      <MREF>77000</MREF>
      <LHV>43217000</LHV>
      <rho>810</rho>
      <n_eng>2</n_eng>
      <TFA>11.5</TFA>
      <TFM>
         <CT>
            <a>0</a>
            <a>-0.09999999999509043300</a>
            <a>0</a>
            <a>0</a>
            <a>0</a>
            <a>0</a>
            <a>0.29999999999767007000</a>
            <a>0</a>
            <a>0</a>
            <a>0</a>
            <a>0</a>
            <a>0</a>
            <a>0</a>
            <a>0</a>
            <a>0</a>
            <a>0</a>
            <a>0</a>
            <a>0</a>
            <a>0</a>
            <a>0</a>
            <a>0</a>
            <a>0</a>
            <a>0</a>
            <a>0</a>
            <a>0</a>
            <a>0</a>
            <a>0</a>
            <a>0</a>
            <a>0</a>
            <a>0</a>
            <a>0</a>
            <a>0</a>
            <a>0</a>
            <a>0</a>
            <a>0</a>
            <a>0</a>
         </CT>
         <CF>
            <f>0.00065321647432495212</f>
            <f>1.90682067152026800000</f>
            <f>-12.54714773015244200000</f>
            <f>62.25931475422098100000</f>
            <f>-91.13444461243227600000</f>
            <f>0.11458726933150687000</f>
            <f>-0.38487533241713906000</f>
            <f>22.51101971323948800000</f>
            <f>-115.63433428006792000000</f>
            <f>201.98895908371441000000</f>
            <f>0</f>
            <f>0</f>
            <f>0</f>
            <f>0</f>
            <f>0</f>
            <f>0</f>
            <f>0</f>
            <f>0</f>
            <f>0</f>
            <f>0</f>
            <f>0</f>
            <f>0</f>
            <f>0</f>
            <f>0</f>
            <f>0</f>
         </CF>
         <MCRZ>
            <kink>10</kink>
            <flat_rating>
               <b>1.12000742715162520000</b>
               <b>0.79089979398082022000</b>
               <b>-2.34006048354114070000</b>
               <b>0</b>
               <b>0</b>
               <b>0</b>
               <b>3.95427967234046340000</b>
               <b>-20.14256083515896700000</b>
               <b>36.69350279113599800000</b>
               <b>0</b>
               <b>0</b>
               <b>0</b>
               <b>-25.73356173529870400000</b>
               <b>104.21357615296765000000</b>
               <b>-172.08674331402307000000</b>
               <b>0</b>
               <b>0</b>
               <b>0</b>
               <b>55.21164328990734300000</b>
               <b>-221.95585142398335000000</b>
               <b>355.36813023294962000000</b>
               <b>0</b>
               <b>0</b>
               <b>0</b>
               <b>-53.81398612973139700000</b>
               <b>221.61325906597381000000</b>
               <b>-347.21849919515790000000</b>
               <b>0</b>
               <b>0</b>
               <b>0</b>
               <b>19.89374556550801600000</b>
               <b>-84.15293852693365300000</b>
               <b>129.17926664746446000000</b>
               <b>0</b>
               <b>0</b>
               <b>0</b>
            </flat_rating>
            <temp_rating>
               <c>-137.94747066430173000000</c>
               <c>642.35839444543728000000</c>
               <c>-799.65359116816637000000</c>
               <c>0</c>
               <c>0</c>
               <c>596.33599861392088000000</c>
               <c>-2667.58385072102510000000</c>
               <c>3277.32076202444570000000</c>
               <c>0</c>
               <c>0</c>
               <c>-948.91935975937270000000</c>
               <c>4146.57528395456120000000</c>
               <c>-5029.04312463622680000000</c>
               <c>0</c>
               <c>0</c>
               <c>666.71671102374535000000</c>
               <c>-2864.67561716862930000000</c>
               <c>3427.70947885875100000000</c>
               <c>0</c>
               <c>0</c>
               <c>-174.83940581457858000000</c>
               <c>741.00377050272891000000</c>
               <c>-874.73351627590307000000</c>
               <c>0</c>
               <c>0</c>
               <c>-2.43487713379538340000</c>
               <c>3.86970916055802050000</c>
               <c>3.15867416967135380000</c>
               <c>0</c>
               <c>0</c>
               <c>1.74232611351002880000</c>
               <c>13.25513408318347300000</c>
               <c>-29.38177912237908600000</c>
               <c>0</c>
               <c>0</c>
               <c>1.18039901616885580000</c>
               <c>-28.67054154108010500000</c>
               <c>44.59443788485214800000</c>
               <c>0</c>
               <c>0</c>
               <c>-1.37763305167879690000</c>
               <c>15.35472028061590600000</c>
               <c>-21.35135598704075800000</c>
               <c>0</c>
               <c>0</c>
            </temp_rating>
         </MCRZ>
         <MCMB>
            <kink>10</kink>
            <flat_rating>
               <b>0.86613639866112913000</b>
               <b>0.85697267141587263000</b>
               <b>-1.77182644571465420000</b>
               <b>0</b>
               <b>0</b>
               <b>0</b>
               <b>6.48243660899467320000</b>
               <b>-20.25520086043962200000</b>
               <b>30.67549434404112700000</b>
               <b>0</b>
               <b>0</b>
               <b>0</b>
               <b>-33.42467499562548700000</b>
               <b>99.92814109318669600000</b>
               <b>-143.12035692384910000000</b>
               <b>0</b>
               <b>0</b>
               <b>0</b>
               <b>65.96981220132651900000</b>
               <b>-203.81761334080926000000</b>
               <b>289.59559340714463000000</b>
               <b>0</b>
               <b>0</b>
               <b>0</b>
               <b>-60.85727307324207700000</b>
               <b>197.62606230572661000000</b>
               <b>-279.89199563157626000000</b>
               <b>0</b>
               <b>0</b>
               <b>0</b>
               <b>21.59747526809523800000</b>
               <b>-73.74181227419769900000</b>
               <b>103.78455510076398000000</b>
               <b>0</b>
               <b>0</b>
               <b>0</b>
            </flat_rating>
            <temp_rating>
               <c>-51.68316398379309400000</c>
               <c>111.08664988627849000000</c>
               <c>-155.35234209452580000000</c>
               <c>0</c>
               <c>0</c>
               <c>225.01203975292708000000</c>
               <c>-445.90379327146167000000</c>
               <c>589.81838952741657000000</c>
               <c>0</c>
               <c>0</c>
               <c>-349.43393052981861000000</c>
               <c>663.47057823052967000000</c>
               <c>-830.33983233452352000000</c>
               <c>0</c>
               <c>0</c>
               <c>238.90047784688272000000</c>
               <c>-444.06005374796672000000</c>
               <c>520.37115661796042000000</c>
               <c>0</c>
               <c>0</c>
               <c>-61.04265203154731300000</c>
               <c>112.16536731579495000000</c>
               <c>-122.24471230922414000000</c>
               <c>0</c>
               <c>0</c>
               <c>-5.03581259102051070000</c>
               <c>11.12854788828171900000</c>
               <c>-2.63891206890871950000</c>
               <c>0</c>
               <c>0</c>
               <c>8.75511188885965370000</c>
               <c>-8.58155776572897010000</c>
               <c>-9.64430248034166480000</c>
               <c>0</c>
               <c>0</c>
               <c>-6.96958242858115450000</c>
               <c>-0.93886736059031228000</c>
               <c>17.63509040235499000000</c>
               <c>0</c>
               <c>0</c>
               <c>2.04214899440822920000</c>
               <c>2.93299486005199790000</c>
               <c>-8.74446480899160680000</c>
               <c>0</c>
               <c>0</c>
            </temp_rating>
         </MCMB>
         <LIDL>
            <CT>
               <ti>-0.05006947726004671400</ti>
               <ti>0.31475974647664123000</ti>
               <ti>-0.56408615511233329000</ti>
               <ti>0.31231916456430181000</ti>
               <ti>0.06671633738595231200</ti>
               <ti>-0.29576436188764921000</ti>
               <ti>0.41898478868436373000</ti>
               <ti>-0.21971070769628159000</ti>
               <ti>0.04548739927532918100</ti>
               <ti>-0.55511305881332518000</ti>
               <ti>1.32378895558725770000</ti>
               <ti>-0.88693420642377341000</ti>
            </CT>
            <CF>
               <fi>0.10079659684337339000</fi>
               <fi>-0.52203316925046062000</fi>
               <fi>0.56689779812790797000</fi>
               <fi>-0.46081151613629068000</fi>
               <fi>2.61273471291957330000</fi>
               <fi>-2.73655803897954190000</fi>
               <fi>0.44290893893070893000</fi>
               <fi>-2.48391521770949280000</fi>
               <fi>2.69377333780003260000</fi>
            </CF>
         </LIDL>
         <throttle>
            <low>0.5642583707</low>
            <high>1.20006303</high>
         </throttle>
      </TFM>
   </PFM>
   <OPM>
      <LGO>
         <Transition>
            <from>0</from>
            <to>1</to>
            <time>20</time>
         </Transition>
         <Transition>
            <from>1</from>
            <to>0</to>
            <time>20</time>
         </Transition>
      </LGO>
      <HLO>
         <Transition>
            <from>0</from>
            <to>1</to>
            <time>14.3</time>
         </Transition>
         <Transition>
            <from>1</from>
            <to>2</to>
            <time>3.2</time>
         </Transition>
         <Transition>
            <from>2</from>
            <to>3</to>
            <time>6.8</time>
         </Transition>
         <Transition>
            <from>3</from>
            <to>4</to>
            <time>2.9</time>
         </Transition>
         <Transition>
            <from>4</from>
            <to>5</to>
            <time>6.6</time>
         </Transition>
         <Transition>
            <from>5</from>
            <to>4</to>
            <time>6</time>
         </Transition>
         <Transition>
            <from>4</from>
            <to>3</to>
            <time>2.6</time>
         </Transition>
         <Transition>
            <from>3</from>
            <to>2</to>
            <time>6.8</time>
         </Transition>
         <Transition>
            <from>2</from>
            <to>1</to>
            <time>6.2</time>
         </Transition>
         <Transition>
            <from>1</from>
            <to>0</to>
            <time>14.3</time>
         </Transition>
      </HLO>
   </OPM>
   <ALM>
      <GLM>
         <hmo>41100</hmo>
         <mfa>20000</mfa>
      </GLM>
      <KLM>
         <mmo>0.82</mmo>
         <vmo>350</vmo>
         <mle>0.67</mle>
         <vle>280</vle>
         <vloe>250</vloe>
         <vlor>220</vlor>
      </KLM>
      <ELM>
         <Tmin_f>
            <point>
               <Hp>-2000</Hp>
               <DeltaT>-73</DeltaT>
            </point>
            <point>
               <Hp>18246</Hp>
               <DeltaT>-32.9</DeltaT>
            </point>
            <point>
               <Hp>36089</Hp>
               <DeltaT>-11.2</DeltaT>
            </point>
            <point>
               <Hp>39100</Hp>
               <DeltaT>-13.5</DeltaT>
            </point>
            <point>
               <Hp>41100</Hp>
               <DeltaT>-15</DeltaT>
            </point>
         </Tmin_f>
         <Tmax_f>
            <point>
               <Hp>-2000</Hp>
               <DeltaT>36</DeltaT>
            </point>
            <point>
               <Hp>0</Hp>
               <DeltaT>40</DeltaT>
            </point>
            <point>
               <Hp>10000</Hp>
               <DeltaT>40</DeltaT>
            </point>
            <point>
               <Hp>10001</Hp>
               <DeltaT>35</DeltaT>
            </point>
            <point>
               <Hp>36089</Hp>
               <DeltaT>35</DeltaT>
            </point>
            <point>
               <Hp>39800</Hp>
               <DeltaT>27.6</DeltaT>
            </point>
            <point>
               <Hp>41100</Hp>
               <DeltaT>25.1</DeltaT>
            </point>
         </Tmax_f>
         <Tmin_g>
            <point>
               <Hp>-2000</Hp>
               <DeltaT>-73</DeltaT>
            </point>
            <point>
               <Hp>14100</Hp>
               <DeltaT>-41.1</DeltaT>
            </point>
         </Tmin_g>
         <Tmax_g>
            <point>
               <Hp>-2000</Hp>
               <DeltaT>36</DeltaT>
            </point>
            <point>
               <Hp>0</Hp>
               <DeltaT>40</DeltaT>
            </point>
            <point>
               <Hp>10000</Hp>
               <DeltaT>40</DeltaT>
            </point>
            <point>
               <Hp>10001</Hp>
               <DeltaT>35</DeltaT>
            </point>
            <point>
               <Hp>14100</Hp>
               <DeltaT>35</DeltaT>
            </point>
         </Tmax_g>
      </ELM>
      <DLM>
         <MTW>77400</MTW>
         <MTOW>77000</MTOW>
         <MLW>66000</MLW>
         <MZFW>62500</MZFW>
         <OEW>43700</OEW>
         <MPL>18800</MPL>
         <MFL>23500</MFL>
         <n1>2.5</n1>
         <n3>-1</n3>
         <nf1>2</nf1>
         <nf3>0</nf3>
      </DLM>
   </ALM>
   <Ground>
      <Dimensions>
         <span>34.10</span>
         <length>37.57</length>
      </Dimensions>
      <Runway>
         <TOL>2190</TOL>
         <LDL>1440</LDL>
      </Runway>
   </Ground>
   <ARPM>
      <AeroConfSchedule>
         <AeroPhase>
            <name>TO</name>
            <HLid>3</HLid>
            <LG>UP</LG>
         </AeroPhase>
         <AeroPhase>
            <name>IC</name>
            <HLid>2</HLid>
            <LG>UP</LG>
         </AeroPhase>
         <AeroPhase>
            <name>CR</name>
            <HLid>0</HLid>
            <LG>UP</LG>
         </AeroPhase>
         <AeroPhase>
            <name>AP</name>
            <HLid>3</HLid>
            <LG>UP</LG>
         </AeroPhase>
         <AeroPhase>
            <name>LD</name>
            <HLid>5</HLid>
            <LG>DN</LG>
         </AeroPhase>
      </AeroConfSchedule>
      <SpeedScheduleList>
         <SpeedSchedule>
            <CompanyName>Default</CompanyName>
            <SpeedPhase>
               <name>Climb</name>
               <CAS1>310</CAS1>
               <CAS2>310</CAS2>
               <M>0.78</M>
            </SpeedPhase>
            <SpeedPhase>
               <name>Cruise</name>
               <CAS1>250</CAS1>
               <CAS2>310</CAS2>
               <M>0.78</M>
            </SpeedPhase>
            <SpeedPhase>
               <name>Descent</name>
               <CAS1>300</CAS1>
               <CAS2>300</CAS2>
               <M>0.79</M>
            </SpeedPhase>
         </SpeedSchedule>
      </SpeedScheduleList>
   </ARPM>
</bada40:ACM>