<?xml version="1.0" encoding="utf-8"?>
<bada40:ACM xmlns:bada40="http://www.eurocontrol.int/eec/public/standard_page/bada40">
   <model>ATR42-320</model>
   <type>TURBOPROP</type>
   <engine>PW121-HS14SF</engine>
   <description/>
   <ICAO>
      <designator>AT43</designator>
      <WTC>M</WTC>
   </ICAO>
   <AFCM>
      <S>54.51</S>
      <Configuration HLid="0">
         <HLPosition>0000</HLPosition>
         <name>flaps 0</name>
         <vfe>230</vfe>
         <LGUP>
            <DPM_clean>
               <M_max>0.55</M_max>
               <scalar>9.835e-007</scalar>
               <CD_clean>
                  <d>72860710.77988371300000000000</d>
                  <d>-271437738.25202340000000000000</d>
                  <d>378696762.01740420000000000000</d>
                  <d>-234431872.65776914000000000000</d>
                  <d>54338277.33413372900000000000</d>
                  <d>-6695776.25410523450000000000</d>
                  <d>21179006.89018606400000000000</d>
                  <d>-24772174.92280956400000000000</d>
                  <d>12773387.41288472200000000000</d>
                  <d>-2452387.08294044440000000000</d>
                  <d>0</d>
                  <d>0</d>
                  <d>0</d>
                  <d>0</d>
                  <d>0</d>
               </CD_clean>
            </DPM_clean>
            <BLM>
               <CL_max>1.7216</CL_max>
            </BLM>
         </LGUP>
         <LGDN>
            <DPM_nonclean>
               <CD_nonclean>
                  <d>0.05223</d>
                  <d>-0.011964</d>
                  <d>0.046146</d>
               </CD_nonclean>
            </DPM_nonclean>
            <BLM>
               <CL_max>1.7216</CL_max>
            </BLM>
         </LGDN>
      </Configuration>
      <Configuration HLid="1">
         <HLPosition>0015</HLPosition>
         <name>flaps 15</name>
         <vfe>170</vfe>
         <LGUP>
            <DPM_nonclean>
               <CD_nonclean>
                  <d>0.051183</d>
                  <d>-0.026975</d>
                  <d>0.043511</d>
               </CD_nonclean>
            </DPM_nonclean>
            <BLM>
               <CL_max>2.3221</CL_max>
            </BLM>
         </LGUP>
         <LGDN>
            <DPM_nonclean>
               <CD_nonclean>
                  <d>0.071831</d>
                  <d>-0.026377</d>
                  <d>0.043623</d>
               </CD_nonclean>
            </DPM_nonclean>
            <BLM>
               <CL_max>2.3221</CL_max>
            </BLM>
         </LGDN>
      </Configuration>
      <Configuration HLid="2">
         <HLPosition>0030</HLPosition>
         <name>flaps 30</name>
         <vfe>150</vfe>
         <LGUP>
            <DPM_nonclean>
               <CD_nonclean>
                  <d>0.077367</d>
                  <d>-0.042684</d>
                  <d>0.047461</d>
               </CD_nonclean>
            </DPM_nonclean>
            <BLM>
               <CL_max>2.7403</CL_max>
            </BLM>
         </LGUP>
         <LGDN>
            <DPM_nonclean>
               <CD_nonclean>
                  <d>0.09803</d>
                  <d>-0.042124</d>
                  <d>0.047319</d>
               </CD_nonclean>
            </DPM_nonclean>
            <BLM>
               <CL_max>2.7403</CL_max>
            </BLM>
         </LGDN>
      </Configuration>
      <Configuration HLid="3">
         <HLPosition>0045</HLPosition>
         <name>flaps 45</name>
         <vfe>130</vfe>
         <LGUP>
            <DPM_nonclean>
               <CD_nonclean>
                  <d>0.13983</d>
                  <d>-0.052048</d>
                  <d>0.048133</d>
               </CD_nonclean>
            </DPM_nonclean>
            <BLM>
               <CL_max>3.3211</CL_max>
            </BLM>
         </LGUP>
         <LGDN>
            <DPM_nonclean>
               <CD_nonclean>
                  <d>0.16035</d>
                  <d>-0.050768</d>
                  <d>0.047627</d>
               </CD_nonclean>
            </DPM_nonclean>
            <BLM>
               <CL_max>3.3211</CL_max>
            </BLM>
         </LGDN>
      </Configuration>
   </AFCM>
   <PFM>
      <MREF>16700</MREF>
      <LHV>43217000</LHV>
      <rho>810</rho>
      <n_eng>2</n_eng>
      <TFA>7</TFA>
      <TPM>
         <prop_dia>3.96</prop_dia>
         <max_eff>1</max_eff>
         <CP>
            <a>0</a>
            <a>0.09385993656972843600</a>
            <a>-1.59956257703224720000</a>
            <a>-2.80947116712383150000</a>
            <a>0</a>
            <a>0</a>
            <a>0.06782941886338000900</a>
            <a>0.20290705762325525000</a>
            <a>1.37300361030655820000</a>
            <a>0</a>
            <a>0</a>
            <a>0</a>
            <a>0</a>
            <a>0</a>
            <a>0</a>
            <a>0</a>
            <a>0</a>
            <a>0</a>
            <a>0</a>
            <a>0</a>
            <a>0</a>
            <a>0</a>
            <a>0</a>
            <a>0</a>
            <a>0</a>
            <a>0</a>
            <a>0</a>
            <a>0</a>
            <a>0</a>
            <a>0</a>
            <a>0</a>
            <a>0</a>
            <a>0</a>
            <a>0</a>
            <a>0</a>
            <a>0</a>
         </CP>
         <CF>
            <f>0.09997910760136628800</f>
            <f>-0.36888952471713971000</f>
            <f>185.43117308780984000000</f>
            <f>-1332.69096356538080000000</f>
            <f>0</f>
            <f>-0.28628628923028671000</f>
            <f>18.99203666834967300000</f>
            <f>-1184.27585704484520000000</f>
            <f>9760.97456730253540000000</f>
            <f>0</f>
            <f>0.44476119196661590000</f>
            <f>-45.11566561406549200000</f>
            <f>2427.36842913448300000000</f>
            <f>-20490.05200287301700000000</f>
            <f>0</f>
            <f>0.61856220506272797000</f>
            <f>35.73933233400135400000</f>
            <f>-1779.56498818604770000000</f>
            <f>14228.43494015875300000000</f>
            <f>0</f>
            <f>0</f>
            <f>0</f>
            <f>0</f>
            <f>0</f>
            <f>0</f>
         </CF>
         <MCRZ>
            <max_power>2232834.3035</max_power>
            <rating>
               <p>1.90807808695463480000</p>
               <p>-0.15064474654766011000</p>
               <p>1.36292662137642260000</p>
               <p>0</p>
               <p>0</p>
               <p>0</p>
               <p>-2.90855208254345500000</p>
               <p>5.74003746293904450000</p>
               <p>-4.29760440955850240000</p>
               <p>0</p>
               <p>0</p>
               <p>0</p>
               <p>1.03905642415177990000</p>
               <p>-2.47788294154992130000</p>
               <p>2.41058171290921570000</p>
               <p>0</p>
               <p>0</p>
               <p>0</p>
               <p>0</p>
               <p>0</p>
               <p>0</p>
               <p>0</p>
               <p>0</p>
               <p>0</p>
               <p>0</p>
               <p>0</p>
               <p>0</p>
               <p>0</p>
               <p>0</p>
               <p>0</p>
               <p>0</p>
               <p>0</p>
               <p>0</p>
               <p>0</p>
               <p>0</p>
               <p>0</p>
            </rating>
         </MCRZ>
         <MCMB>
            <max_power>2229977.6162</max_power>
            <rating>
               <p>2.11539324868566590000</p>
               <p>-2.32080324500301320000</p>
               <p>4.56946889199836460000</p>
               <p>0</p>
               <p>0</p>
               <p>0</p>
               <p>-3.16415172257412760000</p>
               <p>9.45013064598103550000</p>
               <p>-9.66060521882804220000</p>
               <p>0</p>
               <p>0</p>
               <p>0</p>
               <p>1.10677771289136470000</p>
               <p>-3.98668275731201320000</p>
               <p>4.43971679122833150000</p>
               <p>0</p>
               <p>0</p>
               <p>0</p>
               <p>0</p>
               <p>0</p>
               <p>0</p>
               <p>0</p>
               <p>0</p>
               <p>0</p>
               <p>0</p>
               <p>0</p>
               <p>0</p>
               <p>0</p>
               <p>0</p>
               <p>0</p>
               <p>0</p>
               <p>0</p>
               <p>0</p>
               <p>0</p>
               <p>0</p>
               <p>0</p>
            </rating>
         </MCMB>
         <LIDL>
            <CT>
               <ti>0</ti>
               <ti>0</ti>
               <ti>0</ti>
               <ti>0</ti>
               <ti>0</ti>
               <ti>1.31725260682516130000</ti>
               <ti>0</ti>
               <ti>0</ti>
               <ti>0.54356282316095683000</ti>
               <ti>-1.10946789125401190000</ti>
               <ti>0</ti>
               <ti>0</ti>
               <ti>-0.16584958962826007000</ti>
               <ti>0</ti>
               <ti>0</ti>
               <ti>0</ti>
               <ti>0.12049049583207710000</ti>
               <ti>-0.17862219806870966000</ti>
               <ti>0.11484593633830395000</ti>
               <ti>0</ti>
               <ti>0</ti>
               <ti>0</ti>
               <ti>0</ti>
               <ti>0</ti>
               <ti>-0.37147616808637268000</ti>
               <ti>0</ti>
               <ti>0</ti>
               <ti>-1.04098227968138700000</ti>
               <ti>0.50597235720068168000</ti>
               <ti>0</ti>
               <ti>0</ti>
               <ti>0</ti>
            </CT>
            <CF>
               <fi>0.44452776842963282000</fi>
               <fi>-0.31121123617950830000</fi>
               <fi>0.14565273078497240000</fi>
               <fi>-0.60647135398172169000</fi>
               <fi>-1.08366913655703460000</fi>
               <fi>0.24757920165697214000</fi>
               <fi>0.18658932139661460000</fi>
               <fi>0.86591918929581013000</fi>
               <fi>-1.61589600200545890000</fi>
               <fi>-0.49182022612037202000</fi>
               <fi>0.22960983507456431000</fi>
               <fi>0.11845520630968655000</fi>
               <fi>3.87534716919933420000</fi>
               <fi>-2.29881906362791980000</fi>
            </CF>
         </LIDL>
         <throttle>
            <low>0.40318</low>
            <high>1.5484</high>
         </throttle>
      </TPM>
   </PFM>
   <OPM>
      <LGO>
         <Transition>
            <from>0</from>
            <to>1</to>
            <time>15</time>
         </Transition>
         <Transition>
            <from>1</from>
            <to>0</to>
            <time>15</time>
         </Transition>
      </LGO>
      <HLO>
         <Transition>
            <from>0</from>
            <to>1</to>
            <time>2.8</time>
         </Transition>
         <Transition>
            <from>1</from>
            <to>2</to>
            <time>3.2</time>
         </Transition>
         <Transition>
            <from>2</from>
            <to>3</to>
            <time>6.2</time>
         </Transition>
         <Transition>
            <from>3</from>
            <to>2</to>
            <time>6.4</time>
         </Transition>
         <Transition>
            <from>2</from>
            <to>1</to>
            <time>4.4</time>
         </Transition>
         <Transition>
            <from>1</from>
            <to>0</to>
            <time>5.3</time>
         </Transition>
      </HLO>
   </OPM>
   <ALM>
      <GLM>
         <hmo>25000</hmo>
      </GLM>
      <KLM>
         <mmo>0.55</mmo>
         <vmo>230</vmo>
         <vle>160</vle>
         <vloe>160</vloe>
         <vlor>160</vlor>
      </KLM>
      <ELM>
         <Tmin_f>
            <point>
               <Hp>-1000</Hp>
               <DeltaT>-56</DeltaT>
            </point>
            <point>
               <Hp>5000</Hp>
               <DeltaT>-44.1</DeltaT>
            </point>
            <point>
               <Hp>11100</Hp>
               <DeltaT>-47</DeltaT>
            </point>
            <point>
               <Hp>25000</Hp>
               <DeltaT>-19.5</DeltaT>
            </point>
         </Tmin_f>
         <Tmax_f>
            <point>
               <Hp>-1000</Hp>
               <DeltaT>35</DeltaT>
            </point>
            <point>
               <Hp>25000</Hp>
               <DeltaT>35</DeltaT>
            </point>
         </Tmax_f>
         <Tmin_g>
            <point>
               <Hp>-1000</Hp>
               <DeltaT>-56</DeltaT>
            </point>
            <point>
               <Hp>5000</Hp>
               <DeltaT>-44.1</DeltaT>
            </point>
            <point>
               <Hp>8500</Hp>
               <DeltaT>-45.8</DeltaT>
            </point>
         </Tmin_g>
         <Tmax_g>
            <point>
               <Hp>-1000</Hp>
               <DeltaT>35</DeltaT>
            </point>
            <point>
               <Hp>8500</Hp>
               <DeltaT>35</DeltaT>
            </point>
         </Tmax_g>
      </ELM>
      <DLM>
         <MTW>16720</MTW>
         <MTOW>16700</MTOW>
         <MLW>16400</MLW>
         <MZFW>15200</MZFW>
         <OEW>9600</OEW>
         <MPL>5600</MPL>
         <MFL>4500</MFL>
         <n1>2.5</n1>
         <n3>-1</n3>
         <nf1>2</nf1>
         <nf3>0</nf3>
      </DLM>
   </ALM>
   <Ground>
      <Dimensions>
         <span>24.57</span>
         <length>22.67</length>
      </Dimensions>
      <Runway>
         <TOL>1041</TOL>
         <LDL>1030</LDL>
      </Runway>
   </Ground>
   <ARPM>
      <AeroConfSchedule>
         <AeroPhase>
            <name>TO</name>
            <HLid>1</HLid>
            <LG>UP</LG>
         </AeroPhase>
         <AeroPhase>
            <name>IC</name>
            <HLid>0</HLid>
            <LG>UP</LG>
         </AeroPhase>
         <AeroPhase>
            <name>CR</name>
            <HLid>0</HLid>
            <LG>UP</LG>
         </AeroPhase>
         <AeroPhase>
            <name>AP</name>
            <HLid>2</HLid>
            <LG>UP</LG>
         </AeroPhase>
         <AeroPhase>
            <name>LD</name>
            <HLid>3</HLid>
            <LG>DN</LG>
         </AeroPhase>
      </AeroConfSchedule>
      <SpeedScheduleList>
         <SpeedSchedule>
            <CompanyName>Default</CompanyName>
            <SpeedPhase>
               <name>Climb</name>
               <CAS1>160</CAS1>
               <CAS2>160</CAS2>
               <M>0.45</M>
            </SpeedPhase>
            <SpeedPhase>
               <name>Cruise</name>
               <CAS1>230</CAS1>
               <CAS2>210</CAS2>
               <M>0.45</M>
            </SpeedPhase>
            <SpeedPhase>
               <name>Descent</name>
               <CAS1>220</CAS1>
               <CAS2>220</CAS2>
               <M>0.55</M>
            </SpeedPhase>
         </SpeedSchedule>
      </SpeedScheduleList>
   </ARPM>
</bada40:ACM>