<?xml version="1.0" encoding="utf-8"?>
<bada40:ACM xmlns:bada40="http://www.eurocontrol.int/eec/public/standard_page/bada40">
   <model>EMB-170AR</model>
   <type>JET</type>
   <engine>CF34-8E5</engine>
   <description>ERJ 170-100 IGW</description>
   <ICAO>
      <designator>E170</designator>
      <WTC>M</WTC>
   </ICAO>
   <AFCM>
      <S>72.72</S>
      <Configuration HLid="0">
         <HLPosition>0000</HLPosition>
         <name>flaps 0</name>
         <vfe>320</vfe>
         <LGUP>
            <DPM_clean>
               <M_max>0.82</M_max>
               <scalar>9.835e-007</scalar>
               <CD_clean>
                  <d>-624173.28919927333000000000</d>
                  <d>1847343.18061550750000000000</d>
                  <d>-1973972.35233469770000000000</d>
                  <d>938329.04695496615000000000</d>
                  <d>-167103.12333537516000000000</d>
                  <d>104030.21999870185000000000</d>
                  <d>-122142.78999090107000000000</d>
                  <d>78636.42644852872800000000</d>
                  <d>-20592.58059535041000000000</d>
                  <d>1895.65888793771000000000</d>
                  <d>-2234.73825887866410000000</d>
                  <d>56839.28786001484700000000</d>
                  <d>-116540.97207417879000000000</d>
                  <d>78814.56488916215300000000</d>
                  <d>-17543.83452505399700000000</d>
               </CD_clean>
            </DPM_clean>
            <BLM_clean>
               <Mmin>0.42</Mmin>
               <Mmax>0.82</Mmax>
               <CL_Mach0>1.232</CL_Mach0>
               <CL_clean>
                  <bf>-8.59104739537589170000</bf>
                  <bf>66.40311150470631700000</bf>
                  <bf>-169.90665050803042000000</bf>
                  <bf>191.34795667058572000000</bf>
                  <bf>-80.90441207008339600000</bf>
               </CL_clean>
            </BLM_clean>
         </LGUP>
      </Configuration>
      <Configuration HLid="1">
         <HLPosition>1510</HLPosition>
         <name>flaps 2</name>
         <vfe>215</vfe>
         <LGUP>
            <DPM_nonclean>
               <CD_nonclean>
                  <d>0.049402</d>
                  <d>-0.01093</d>
                  <d>0.032671</d>
               </CD_nonclean>
            </DPM_nonclean>
            <BLM>
               <CL_max>1.9784</CL_max>
            </BLM>
         </LGUP>
      </Configuration>
      <Configuration HLid="2">
         <HLPosition>2520</HLPosition>
         <name>flaps 4</name>
         <vfe>180</vfe>
         <LGUP>
            <DPM_nonclean>
               <CD_nonclean>
                  <d>0.070821</d>
                  <d>-0.017464</d>
                  <d>0.032671</d>
               </CD_nonclean>
            </DPM_nonclean>
            <BLM>
               <CL_max>2.6097</CL_max>
            </BLM>
         </LGUP>
      </Configuration>
      <Configuration HLid="3">
         <HLPosition>2535</HLPosition>
         <name>flaps full</name>
         <vfe>165</vfe>
         <LGDN>
            <DPM_nonclean>
               <CD_nonclean>
                  <d>0.12289</d>
                  <d>-0.023999</d>
                  <d>0.032671</d>
               </CD_nonclean>
            </DPM_nonclean>
            <BLM>
               <CL_max>2.689</CL_max>
            </BLM>
         </LGDN>
      </Configuration>
   </AFCM>
   <PFM>
      <MREF>37200</MREF>
      <LHV>43217000</LHV>
      <rho>810</rho>
      <n_eng>2</n_eng>
      <TFA>8</TFA>
      <TFM>
         <CT>
            <a>0</a>
            <a>-0.10000000001020119000</a>
            <a>0</a>
            <a>0</a>
            <a>0</a>
            <a>0</a>
            <a>0.30000000000654115000</a>
            <a>0</a>
            <a>0</a>
            <a>0</a>
            <a>0</a>
            <a>0</a>
            <a>0</a>
            <a>0</a>
            <a>0</a>
            <a>0</a>
            <a>0</a>
            <a>0</a>
            <a>0</a>
            <a>0</a>
            <a>0</a>
            <a>0</a>
            <a>0</a>
            <a>0</a>
            <a>0</a>
            <a>0</a>
            <a>0</a>
            <a>0</a>
            <a>0</a>
            <a>0</a>
            <a>0</a>
            <a>0</a>
            <a>0</a>
            <a>0</a>
            <a>0</a>
            <a>0</a>
         </CT>
         <CF>
            <f>0.02914990349455941600</f>
            <f>0.35178623462791392000</f>
            <f>19.41669411687301100000</f>
            <f>-119.24963695793272000000</f>
            <f>224.13670478420329000000</f>
            <f>0.07643690835673519500</f>
            <f>1.99806602633139190000</f>
            <f>-22.68223151125215900000</f>
            <f>151.18582761393634000000</f>
            <f>-287.49601576069637000000</f>
            <f>0</f>
            <f>0</f>
            <f>0</f>
            <f>0</f>
            <f>0</f>
            <f>0</f>
            <f>0</f>
            <f>0</f>
            <f>0</f>
            <f>0</f>
            <f>0</f>
            <f>0</f>
            <f>0</f>
            <f>0</f>
            <f>0</f>
         </CF>
         <MCMB>
            <kink>10</kink>
            <flat_rating>
               <b>-2.05202944096326290000</b>
               <b>7.94236746543530180000</b>
               <b>-5.26984248997302900000</b>
               <b>0</b>
               <b>0</b>
               <b>0</b>
               <b>17.97604891840660500000</b>
               <b>-43.98605937535018700000</b>
               <b>37.81938616664342600000</b>
               <b>0</b>
               <b>0</b>
               <b>0</b>
               <b>-41.58223828750053000000</b>
               <b>113.92214646343038000000</b>
               <b>-133.77884194502735000000</b>
               <b>0</b>
               <b>0</b>
               <b>0</b>
               <b>55.73815407832767500000</b>
               <b>-207.42892732104997000000</b>
               <b>300.04379295293478000000</b>
               <b>0</b>
               <b>0</b>
               <b>0</b>
               <b>-48.67111079619482400000</b>
               <b>237.17782334773653000000</b>
               <b>-361.00444601783380000000</b>
               <b>0</b>
               <b>0</b>
               <b>0</b>
               <b>19.49032049068239700000</b>
               <b>-107.35549460592594000000</b>
               <b>161.04584557898110000000</b>
               <b>0</b>
               <b>0</b>
               <b>0</b>
            </flat_rating>
            <temp_rating>
               <c>-558.40889579818077000000</c>
               <c>1602.82177750351020000000</c>
               <c>-1034.42004159271710000000</c>
               <c>0</c>
               <c>0</c>
               <c>2290.26732249559290000000</c>
               <c>-6693.17901425826770000000</c>
               <c>4409.20441851294620000000</c>
               <c>0</c>
               <c>0</c>
               <c>-3509.32873627367920000000</c>
               <c>10454.57416130876700000000</c>
               <c>-7008.61420963068850000000</c>
               <c>0</c>
               <c>0</c>
               <c>2380.01412426344900000000</c>
               <c>-7225.23445749328580000000</c>
               <c>4919.87878860570980000000</c>
               <c>0</c>
               <c>0</c>
               <c>-603.69416565545714000000</c>
               <c>1865.60462080672050000000</c>
               <c>-1288.50465417487980000000</c>
               <c>0</c>
               <c>0</c>
               <c>9.56132565435396130000</c>
               <c>-19.01673345175469300000</c>
               <c>9.77704183074239630000</c>
               <c>0</c>
               <c>0</c>
               <c>-14.11625424186122600000</c>
               <c>14.24852427294060900000</c>
               <c>8.15242737027781850000</c>
               <c>0</c>
               <c>0</c>
               <c>6.44262089875102270000</c>
               <c>17.78772670348802600000</c>
               <c>-43.40338568362196300000</c>
               <c>0</c>
               <c>0</c>
               <c>0.32200690715782737000</c>
               <c>-17.79656609796893500000</c>
               <c>27.91672055283692800000</c>
               <c>0</c>
               <c>0</c>
            </temp_rating>
         </MCMB>
         <LIDL>
            <CT>
               <ti>0.05512518556831793500</ti>
               <ti>-0.26887111238224698000</ti>
               <ti>0.55358538924142509000</ti>
               <ti>-0.37484010195229034000</ti>
               <ti>-0.14750765651638453000</ti>
               <ti>0.96300233210086106000</ti>
               <ti>-2.34837413443848190000</ti>
               <ti>1.77626448180379180000</ti>
               <ti>0.14589482080574181000</ti>
               <ti>-1.13660250155852620000</ti>
               <ti>2.90130526088277030000</ti>
               <ti>-2.29955588751874320000</ti>
            </CT>
            <CF>
               <fi>0.00372055473149763460</fi>
               <fi>0.03957802039864670400</fi>
               <fi>0.02158957647567098400</fi>
               <fi>0.02602306317437628300</fi>
               <fi>0.06955074868947806700</fi>
               <fi>-0.15332235445317891000</fi>
               <fi>0.00848851945713322180</fi>
               <fi>-0.21000304911143347000</fi>
               <fi>0.28812517365620910000</fi>
            </CF>
         </LIDL>
         <throttle>
            <low>0.7020001763</low>
            <high>1.424546484</high>
         </throttle>
      </TFM>
   </PFM>
   <OPM>
      <LGO>
         <Transition>
            <from>0</from>
            <to>1</to>
            <time>20</time>
         </Transition>
         <Transition>
            <from>1</from>
            <to>0</to>
            <time>10</time>
         </Transition>
      </LGO>
      <HLO>
         <Transition>
            <from>0</from>
            <to>1</to>
            <time>6</time>
         </Transition>
         <Transition>
            <from>1</from>
            <to>2</to>
            <time>6</time>
         </Transition>
         <Transition>
            <from>2</from>
            <to>3</to>
            <time>6</time>
         </Transition>
         <Transition>
            <from>3</from>
            <to>2</to>
            <time>6</time>
         </Transition>
         <Transition>
            <from>2</from>
            <to>1</to>
            <time>6</time>
         </Transition>
         <Transition>
            <from>1</from>
            <to>0</to>
            <time>6</time>
         </Transition>
      </HLO>
   </OPM>
   <ALM>
      <GLM>
         <hmo>41000</hmo>
         <mfa>20000</mfa>
      </GLM>
      <KLM>
         <mmo>0.82</mmo>
         <vmo>320</vmo>
         <vle>250</vle>
         <vloe>250</vloe>
         <vlor>250</vlor>
      </KLM>
      <ELM>
         <Tmin_f>
            <point>
               <Hp>-1000</Hp>
               <DeltaT>-71</DeltaT>
            </point>
            <point>
               <Hp>25000</Hp>
               <DeltaT>-19.5</DeltaT>
            </point>
            <point>
               <Hp>36089</Hp>
               <DeltaT>-8.5</DeltaT>
            </point>
            <point>
               <Hp>41000</Hp>
               <DeltaT>-8.5</DeltaT>
            </point>
         </Tmin_f>
         <Tmax_f>
            <point>
               <Hp>-1000</Hp>
               <DeltaT>35</DeltaT>
            </point>
            <point>
               <Hp>41000</Hp>
               <DeltaT>35</DeltaT>
            </point>
         </Tmax_f>
         <Tmin_g>
            <point>
               <Hp>-1000</Hp>
               <DeltaT>-57</DeltaT>
            </point>
            <point>
               <Hp>8000</Hp>
               <DeltaT>-39.2</DeltaT>
            </point>
         </Tmin_g>
         <Tmax_g>
            <point>
               <Hp>-1000</Hp>
               <DeltaT>35</DeltaT>
            </point>
            <point>
               <Hp>8000</Hp>
               <DeltaT>35</DeltaT>
            </point>
         </Tmax_g>
      </ELM>
      <DLM>
         <MTW>38760</MTW>
         <MTOW>38600</MTOW>
         <MLW>33300</MLW>
         <MZFW>30900</MZFW>
         <OEW>21141</OEW>
         <MPL>9759</MPL>
         <MFL>9428</MFL>
         <n1>2.5</n1>
         <n3>-1</n3>
         <nf1>2</nf1>
         <nf3>0</nf3>
      </DLM>
   </ALM>
   <Ground>
      <Dimensions>
         <span>26.00</span>
         <length>29.90</length>
      </Dimensions>
      <Runway>
         <TOL>1644</TOL>
         <LDL>1241</LDL>
      </Runway>
   </Ground>
   <ARPM>
      <AeroConfSchedule>
         <AeroPhase>
            <name>TO</name>
            <HLid>1</HLid>
            <LG>UP</LG>
         </AeroPhase>
         <AeroPhase>
            <name>IC</name>
            <HLid>1</HLid>
            <LG>UP</LG>
         </AeroPhase>
         <AeroPhase>
            <name>CR</name>
            <HLid>0</HLid>
            <LG>UP</LG>
         </AeroPhase>
         <AeroPhase>
            <name>AP</name>
            <HLid>2</HLid>
            <LG>UP</LG>
         </AeroPhase>
         <AeroPhase>
            <name>LD</name>
            <HLid>3</HLid>
            <LG>DN</LG>
         </AeroPhase>
      </AeroConfSchedule>
      <SpeedScheduleList>
         <SpeedSchedule>
            <CompanyName>Default</CompanyName>
            <SpeedPhase>
               <name>Climb</name>
               <CAS1>240</CAS1>
               <CAS2>290</CAS2>
               <M>0.70</M>
            </SpeedPhase>
            <SpeedPhase>
               <name>Cruise</name>
               <CAS1>240</CAS1>
               <CAS2>290</CAS2>
               <M>0.74</M>
            </SpeedPhase>
            <SpeedPhase>
               <name>Descent</name>
               <CAS1>250</CAS1>
               <CAS2>310</CAS2>
               <M>0.77</M>
            </SpeedPhase>
         </SpeedSchedule>
      </SpeedScheduleList>
   </ARPM>
</bada40:ACM>