<?xml version="1.0" encoding="utf-8"?>
<bada40:ACM xmlns:bada40="http://www.eurocontrol.int/eec/public/standard_page/bada40">
   <model>787-8</model>
   <type>JET</type>
   <engine>Trent 1000-CE</engine>
   <description/>
   <ICAO>
      <designator>B788</designator>
      <WTC>H</WTC>
   </ICAO>
   <AFCM>
      <S>360.46379520000005000000</S>
      <Configuration HLid="0">
         <HLPosition>0000</HLPosition>
         <name>flaps  0</name>
         <vfe>350</vfe>
         <LGUP>
            <DPM_clean>
               <M_max>0.90000</M_max>
               <scalar>9.835e-007</scalar>
               <CD_clean>
                  <d>167734.60286924717000000000</d>
                  <d>-380308.31065172196000000000</d>
                  <d>347250.66913209454000000000</d>
                  <d>-138915.25690026616000000000</d>
                  <d>20751.12378898100000000000</d>
                  <d>33816.71771459950100000000</d>
                  <d>7376.91531331111400000000</d>
                  <d>-3415.42352460031730000000</d>
                  <d>419.26845522479596000000</d>
                  <d>-14.28623470251320500000</d>
                  <d>2743.76217675900080000000</d>
                  <d>3243.30497743165140000000</d>
                  <d>-4527.26143730753940000000</d>
                  <d>2119.67891036700120000000</d>
                  <d>-331.81761589522245000000</d>
               </CD_clean>
            </DPM_clean>
            <BLM_clean>
               <Mmin>0.20000</Mmin>
               <Mmax>0.90000</Mmax>
               <CL_Mach0>0.94854403110464103000</CL_Mach0>
               <CL_clean>
                  <bf>0.72791157056869626000</bf>
                  <bf>7.00747687772456640000</bf>
                  <bf>-29.49624469350723300000</bf>
                  <bf>42.75276010637230000000</bf>
                  <bf>-20.76739815148994900000</bf>
               </CL_clean>
            </BLM_clean>
         </LGUP>
         <LGDN>
            <DPM_nonclean>
               <CD_nonclean>
                  <d>0.04862464535464543900</d>
                  <d>-0.02786753246753267300</d>
                  <d>0.06366433566433581100</d>
               </CD_nonclean>
            </DPM_nonclean>
            <BLM>
               <CL_max>0.94854403110464103000</CL_max>
            </BLM>
         </LGDN>
      </Configuration>
      <Configuration HLid="1">
         <HLPosition>0001</HLPosition>
         <name>flaps 1</name>
         <vfe>250</vfe>
         <LGUP>
            <DPM_nonclean>
               <CD_nonclean>
                  <d>0.02557294315898922200</d>
                  <d>-0.03191083412944808300</d>
                  <d>0.06763474916404342600</d>
               </CD_nonclean>
            </DPM_nonclean>
            <BLM>
               <CL_max>1.40598580088065560000</CL_max>
            </BLM>
         </LGUP>
         <LGDN>
            <DPM_nonclean>
               <CD_nonclean>
                  <d>0.05501209100343991400</d>
                  <d>-0.03947886413248150700</d>
                  <d>0.06888684021167663900</d>
               </CD_nonclean>
            </DPM_nonclean>
            <BLM>
               <CL_max>1.40598580088065560000</CL_max>
            </BLM>
         </LGDN>
      </Configuration>
      <Configuration HLid="2">
         <HLPosition>0005</HLPosition>
         <name>flaps 5</name>
         <vfe>230</vfe>
         <LGUP>
            <DPM_nonclean>
               <CD_nonclean>
                  <d>0.04824397737765821800</d>
                  <d>-0.06092146093416685200</d>
                  <d>0.07250302931279557800</d>
               </CD_nonclean>
            </DPM_nonclean>
            <BLM>
               <CL_max>1.74998353003314810000</CL_max>
            </BLM>
         </LGUP>
         <LGDN>
            <DPM_nonclean>
               <CD_nonclean>
                  <d>0.07953854334937228400</d>
                  <d>-0.07673994405440530400</d>
                  <d>0.07738304958506317400</d>
               </CD_nonclean>
            </DPM_nonclean>
            <BLM>
               <CL_max>1.74998353003314810000</CL_max>
            </BLM>
         </LGDN>
      </Configuration>
      <Configuration HLid="3">
         <HLPosition>0015</HLPosition>
         <name>flaps 15</name>
         <vfe>215</vfe>
         <LGUP>
            <DPM_nonclean>
               <CD_nonclean>
                  <d>0.05981129814139683800</d>
                  <d>-0.07227905801457291900</d>
                  <d>0.07453574096987121400</d>
               </CD_nonclean>
            </DPM_nonclean>
            <BLM>
               <CL_max>1.82365905191389510000</CL_max>
            </BLM>
         </LGUP>
         <LGDN>
            <DPM_nonclean>
               <CD_nonclean>
                  <d>0.09444421578421569000</d>
                  <d>-0.09664025974025959600</d>
                  <d>0.08321778221778215700</d>
               </CD_nonclean>
            </DPM_nonclean>
            <BLM>
               <CL_max>1.82365905191389510000</CL_max>
            </BLM>
         </LGDN>
      </Configuration>
      <Configuration HLid="4">
         <HLPosition>0020</HLPosition>
         <name>flaps 20</name>
         <vfe>210</vfe>
         <LGUP>
            <DPM_nonclean>
               <CD_nonclean>
                  <d>0.07657146087580762900</d>
                  <d>-0.06768953098827471000</d>
                  <d>0.06647331897583153000</d>
               </CD_nonclean>
            </DPM_nonclean>
            <BLM>
               <CL_max>1.93857717206202620000</CL_max>
            </BLM>
         </LGUP>
         <LGDN>
            <DPM_nonclean>
               <CD_nonclean>
                  <d>0.10154823779795703000</d>
                  <d>-0.07946923139289792400</d>
                  <d>0.07059254905140272000</d>
               </CD_nonclean>
            </DPM_nonclean>
            <BLM>
               <CL_max>1.95097411679769330000</CL_max>
            </BLM>
         </LGDN>
      </Configuration>
      <Configuration HLid="5">
         <HLPosition>0025</HLPosition>
         <name>flaps 25</name>
         <vfe>180</vfe>
         <LGDN>
            <DPM_nonclean>
               <CD_nonclean>
                  <d>0.13634547212047801000</d>
                  <d>-0.12673610466452312000</d>
                  <d>0.09132407038143927600</d>
               </CD_nonclean>
            </DPM_nonclean>
            <BLM>
               <CL_max>2.05121525586516910000</CL_max>
            </BLM>
         </LGDN>
      </Configuration>
      <Configuration HLid="6">
         <HLPosition>0030</HLPosition>
         <name>flaps 30</name>
         <vfe>170</vfe>
         <LGDN>
            <DPM_nonclean>
               <CD_nonclean>
                  <d>0.22843519741848675000</d>
                  <d>-0.22200836196939727000</d>
                  <d>0.11722632551832254000</d>
               </CD_nonclean>
            </DPM_nonclean>
            <BLM>
               <CL_max>2.06132389890405450000</CL_max>
            </BLM>
         </LGDN>
      </Configuration>
   </AFCM>
   <PFM>
      <MREF>227930</MREF>
      <LHV>43217000</LHV>
      <rho>810</rho>
      <n_eng>2</n_eng>
      <TFA>18.9</TFA>
      <TFM>
         <CT>
            <a>0.00000000000000000000</a>
            <a>-0.10000000012602359000</a>
            <a>0.00000000000000000000</a>
            <a>0.00000000000000000000</a>
            <a>0.00000000000000000000</a>
            <a>0.00000000000000000000</a>
            <a>0.29999999999057464000</a>
            <a>0.00000000000000000000</a>
            <a>0.00000000000000000000</a>
            <a>0.00000000000000000000</a>
            <a>0.00000000000000000000</a>
            <a>0.00000000000000000000</a>
            <a>0.00000000000000000000</a>
            <a>0.00000000000000000000</a>
            <a>0.00000000000000000000</a>
            <a>0.00000000000000000000</a>
            <a>0.00000000000000000000</a>
            <a>0.00000000000000000000</a>
            <a>0.00000000000000000000</a>
            <a>0.00000000000000000000</a>
            <a>0.00000000000000000000</a>
            <a>0.00000000000000000000</a>
            <a>0.00000000000000000000</a>
            <a>0.00000000000000000000</a>
            <a>0.00000000000000000000</a>
            <a>0.00000000000000000000</a>
            <a>0.00000000000000000000</a>
            <a>0.00000000000000000000</a>
            <a>0.00000000000000000000</a>
            <a>0.00000000000000000000</a>
            <a>0.00000000000000000000</a>
            <a>0.00000000000000000000</a>
            <a>0.00000000000000000000</a>
            <a>0.00000000000000000000</a>
            <a>0.00000000000000000000</a>
            <a>0.00000000000000000000</a>
         </CT>
         <CF>
            <f>-0.00319864108052834650</f>
            <f>1.36205526088658660000</f>
            <f>-10.76098763206977300000</f>
            <f>62.23627276130047600000</f>
            <f>-97.17319323897132200000</f>
            <f>0.07513542099804369800</f>
            <f>-0.32352637755669528000</f>
            <f>28.94298856529873700000</f>
            <f>-165.08967994865040000000</f>
            <f>287.67545121105184000000</f>
            <f>0.00000000000000000000</f>
            <f>0.00000000000000000000</f>
            <f>0.00000000000000000000</f>
            <f>0.00000000000000000000</f>
            <f>0.00000000000000000000</f>
            <f>0.00000000000000000000</f>
            <f>0.00000000000000000000</f>
            <f>0.00000000000000000000</f>
            <f>0.00000000000000000000</f>
            <f>0.00000000000000000000</f>
            <f>0.00000000000000000000</f>
            <f>0.00000000000000000000</f>
            <f>0.00000000000000000000</f>
            <f>0.00000000000000000000</f>
            <f>0.00000000000000000000</f>
         </CF>
         <MCRZ>
            <kink>10</kink>
            <flat_rating>
               <b>1.51187474673035840000</b>
               <b>-1.96330952429497100000</b>
               <b>0.64377005223185446000</b>
               <b>0.00000000000000000000</b>
               <b>0.00000000000000000000</b>
               <b>0.00000000000000000000</b>
               <b>-2.94207510174160270000</b>
               <b>6.22335704475581060000</b>
               <b>10.54150460403735500000</b>
               <b>0.00000000000000000000</b>
               <b>0.00000000000000000000</b>
               <b>0.00000000000000000000</b>
               <b>3.05102625862856370000</b>
               <b>7.86184373081625680000</b>
               <b>-75.17637981723487400000</b>
               <b>0.00000000000000000000</b>
               <b>0.00000000000000000000</b>
               <b>0.00000000000000000000</b>
               <b>1.39529232506639960000</b>
               <b>-47.76179695769141600000</b>
               <b>176.64673418857515000000</b>
               <b>0.00000000000000000000</b>
               <b>0.00000000000000000000</b>
               <b>0.00000000000000000000</b>
               <b>-3.27304692169059570000</b>
               <b>58.30255023192442100000</b>
               <b>-181.00855947398492000000</b>
               <b>0.00000000000000000000</b>
               <b>0.00000000000000000000</b>
               <b>0.00000000000000000000</b>
               <b>0.85425118393439636000</b>
               <b>-22.44558644324022400000</b>
               <b>68.17037523477837600000</b>
               <b>0.00000000000000000000</b>
               <b>0.00000000000000000000</b>
               <b>0.00000000000000000000</b>
            </flat_rating>
            <temp_rating>
               <c>-304.22714465907757000000</c>
               <c>867.23955208766972000000</c>
               <c>-523.82657359181553000000</c>
               <c>0.00000000000000000000</c>
               <c>0.00000000000000000000</c>
               <c>1240.57651298863610000000</c>
               <c>-3562.35860756115560000000</c>
               <c>2175.78427619420110000000</c>
               <c>0.00000000000000000000</c>
               <c>0.00000000000000000000</c>
               <c>-1883.66518442998220000000</c>
               <c>5472.63667989770870000000</c>
               <c>-3380.09815146371280000000</c>
               <c>0.00000000000000000000</c>
               <c>0.00000000000000000000</c>
               <c>1267.31044199901500000000</c>
               <c>-3732.10108658407440000000</c>
               <c>2333.76035747348350000000</c>
               <c>0.00000000000000000000</c>
               <c>0.00000000000000000000</c>
               <c>-319.52947508008464000000</c>
               <c>954.10023292236849000000</c>
               <c>-604.89034150315695000000</c>
               <c>0.00000000000000000000</c>
               <c>0.00000000000000000000</c>
               <c>1.53735513406801070000</c>
               <c>-3.06637256360258000000</c>
               <c>4.81309187903755480000</c>
               <c>0.00000000000000000000</c>
               <c>0.00000000000000000000</c>
               <c>-6.42564194509746050000</c>
               <c>22.86511219063224900000</c>
               <c>-25.12292573657675000000</c>
               <c>0.00000000000000000000</c>
               <c>0.00000000000000000000</c>
               <c>10.92368581441564100000</c>
               <c>-39.23885110155613600000</c>
               <c>37.23863783700504400000</c>
               <c>0.00000000000000000000</c>
               <c>0.00000000000000000000</c>
               <c>-5.74154400602227890000</c>
               <c>19.84381728470869900000</c>
               <c>-17.29347149719319500000</c>
               <c>0.00000000000000000000</c>
               <c>0.00000000000000000000</c>
            </temp_rating>
         </MCRZ>
         <MCMB>
            <kink>10</kink>
            <flat_rating>
               <b>1.36191927560972270000</b>
               <b>-1.22238947858136760000</b>
               <b>-0.03664103213181969100</b>
               <b>0.00000000000000000000</b>
               <b>0.00000000000000000000</b>
               <b>0.00000000000000000000</b>
               <b>-1.10718775006123570000</b>
               <b>-0.92393459181797510000</b>
               <b>17.73832872285164100000</b>
               <b>0.00000000000000000000</b>
               <b>0.00000000000000000000</b>
               <b>0.00000000000000000000</b>
               <b>-3.00732201996093810000</b>
               <b>34.03160535178411500000</b>
               <b>-103.85790836624531000000</b>
               <b>0.00000000000000000000</b>
               <b>0.00000000000000000000</b>
               <b>0.00000000000000000000</b>
               <b>11.02128062872729000000</b>
               <b>-93.96103624189270000000</b>
               <b>230.64597648291470000000</b>
               <b>0.00000000000000000000</b>
               <b>0.00000000000000000000</b>
               <b>0.00000000000000000000</b>
               <b>-10.60558905238177600000</b>
               <b>97.24002371916417100000</b>
               <b>-229.17734879742133000000</b>
               <b>0.00000000000000000000</b>
               <b>0.00000000000000000000</b>
               <b>0.00000000000000000000</b>
               <b>2.98353933660545280000</b>
               <b>-34.98617499721776600000</b>
               <b>84.52243982071310300000</b>
               <b>0.00000000000000000000</b>
               <b>0.00000000000000000000</b>
               <b>0.00000000000000000000</b>
            </flat_rating>
            <temp_rating>
               <c>-350.27075260918167000000</c>
               <c>991.30022851759281000000</c>
               <c>-593.90408585172986000000</c>
               <c>0.00000000000000000000</c>
               <c>0.00000000000000000000</c>
               <c>1433.65804747594350000000</c>
               <c>-4094.24474789301760000000</c>
               <c>2489.12102570728260000000</c>
               <c>0.00000000000000000000</c>
               <c>0.00000000000000000000</c>
               <c>-2185.18821524036870000000</c>
               <c>6321.49624270396090000000</c>
               <c>-3898.30904455218840000000</c>
               <c>0.00000000000000000000</c>
               <c>0.00000000000000000000</c>
               <c>1475.19259694427160000000</c>
               <c>-4329.36691143308140000000</c>
               <c>2709.74708162587290000000</c>
               <c>0.00000000000000000000</c>
               <c>0.00000000000000000000</c>
               <c>-373.00696962039848000000</c>
               <c>1110.63152653067600000000</c>
               <c>-706.12451363652303000000</c>
               <c>0.00000000000000000000</c>
               <c>0.00000000000000000000</c>
               <c>2.39104723808463100000</c>
               <c>-5.54622791903220680000</c>
               <c>6.73107992418786520000</c>
               <c>0.00000000000000000000</c>
               <c>0.00000000000000000000</c>
               <c>-8.71401052907845220000</c>
               <c>30.15078679173115700000</c>
               <c>-30.98501476587596300000</c>
               <c>0.00000000000000000000</c>
               <c>0.00000000000000000000</c>
               <c>13.70416658741415900000</c>
               <c>-48.38500573420450500000</c>
               <c>44.65527763520076800000</c>
               <c>0.00000000000000000000</c>
               <c>0.00000000000000000000</c>
               <c>-6.95481845496323280000</c>
               <c>23.87141423155722500000</c>
               <c>-20.55898866049938800000</c>
               <c>0.00000000000000000000</c>
               <c>0.00000000000000000000</c>
            </temp_rating>
         </MCMB>
         <MTKF>
            <kink>10</kink>
            <flat_rating>
               <b>122.34743891865787000000</b>
               <b>-584.40471056358342000000</b>
               <b>665.29282443236559000000</b>
               <b>0.00000000000000000000</b>
               <b>0.00000000000000000000</b>
               <b>0.00000000000000000000</b>
               <b>-911.58989640181949000000</b>
               <b>4393.31255633190720000000</b>
               <b>-5016.39850417282200000000</b>
               <b>0.00000000000000000000</b>
               <b>0.00000000000000000000</b>
               <b>0.00000000000000000000</b>
               <b>2669.41135574063260000000</b>
               <b>-12909.89106115456300000000</b>
               <b>14809.71949468448800000000</b>
               <b>0.00000000000000000000</b>
               <b>0.00000000000000000000</b>
               <b>0.00000000000000000000</b>
               <b>-3822.31468533816410000000</b>
               <b>18575.73012819795300000000</b>
               <b>-21428.87665375868200000000</b>
               <b>0.00000000000000000000</b>
               <b>0.00000000000000000000</b>
               <b>0.00000000000000000000</b>
               <b>2682.53023363134750000000</b>
               <b>-13109.92100208911100000000</b>
               <b>15211.30883401309100000000</b>
               <b>0.00000000000000000000</b>
               <b>0.00000000000000000000</b>
               <b>0.00000000000000000000</b>
               <b>-739.82167055978641000000</b>
               <b>3636.93497604396540000000</b>
               <b>-4244.18838473247430000000</b>
               <b>0.00000000000000000000</b>
               <b>0.00000000000000000000</b>
               <b>0.00000000000000000000</b>
            </flat_rating>
            <temp_rating>
               <c>7635.95302416384950000000</c>
               <c>-32668.19298887400500000000</c>
               <c>34555.64356841069800000000</c>
               <c>0.00000000000000000000</c>
               <c>0.00000000000000000000</c>
               <c>-29031.37277666825700000000</c>
               <c>124232.03526355124000000000</c>
               <c>-131449.76141336779000000000</c>
               <c>0.00000000000000000000</c>
               <c>0.00000000000000000000</c>
               <c>41376.18304787781400000000</c>
               <c>-177150.05986341654000000000</c>
               <c>187550.78968635644000000000</c>
               <c>0.00000000000000000000</c>
               <c>0.00000000000000000000</c>
               <c>-26183.48253494381400000000</c>
               <c>112162.00919210835000000000</c>
               <c>-118826.10916606459000000000</c>
               <c>0.00000000000000000000</c>
               <c>0.00000000000000000000</c>
               <c>6207.35763304501510000000</c>
               <c>-26605.94683606374400000000</c>
               <c>28207.70230762635400000000</c>
               <c>0.00000000000000000000</c>
               <c>0.00000000000000000000</c>
               <c>-45.75194297326532900000</c>
               <c>256.82689945986260000000</c>
               <c>-295.47027599410404000000</c>
               <c>0.00000000000000000000</c>
               <c>0.00000000000000000000</c>
               <c>141.41715946993205000000</c>
               <c>-707.19437443266349000000</c>
               <c>781.61756073225240000000</c>
               <c>0.00000000000000000000</c>
               <c>0.00000000000000000000</c>
               <c>-165.07825008678969000000</c>
               <c>785.29551207775216000000</c>
               <c>-853.09242834995769000000</c>
               <c>0.00000000000000000000</c>
               <c>0.00000000000000000000</c>
               <c>65.53634565642136100000</c>
               <c>-303.82479866108952000000</c>
               <c>327.05345884970092000000</c>
               <c>0.00000000000000000000</c>
               <c>0.00000000000000000000</c>
            </temp_rating>
         </MTKF>
         <LIDL>
            <CT>
               <ti>0.06281341124988582000</ti>
               <ti>-0.19819990246316135000</ti>
               <ti>0.19442457570718535000</ti>
               <ti>-0.08384484746248095600</ti>
               <ti>-0.16654061083274244000</ti>
               <ti>0.54998366471171689000</ti>
               <ti>-0.47813735688902215000</ti>
               <ti>0.23989593454424690000</ti>
               <ti>0.09363293524839845500</ti>
               <ti>-0.26583678524097043000</ti>
               <ti>-0.04688797529088262200</ti>
               <ti>-0.01067368944371258800</ti>
            </CT>
            <CF>
               <fi>0.07806319490181358500</fi>
               <fi>-0.15725855974087241000</fi>
               <fi>0.08956156523196690000</fi>
               <fi>-0.16334943452947034000</fi>
               <fi>0.34660400295892196000</fi>
               <fi>-0.12724763754362023000</fi>
               <fi>0.07992925584993677800</fi>
               <fi>-0.09284768627773933000</fi>
               <fi>-0.06606020225379349900</fi>
            </CF>
         </LIDL>
         <throttle>
            <low>0.52667720311923194000</low>
            <high>1.20800286408935560000</high>
         </throttle>
      </TFM>
   </PFM>
   <OPM>
      <LGO>
         <Transition>
            <from>0</from>
            <to>1</to>
            <time>20</time>
         </Transition>
         <Transition>
            <from>1</from>
            <to>0</to>
            <time>20</time>
         </Transition>
      </LGO>
      <HLO>
         <Transition>
            <from>0</from>
            <to>1</to>
            <time>13.9</time>
         </Transition>
         <Transition>
            <from>1</from>
            <to>2</to>
            <time>15.4</time>
         </Transition>
         <Transition>
            <from>2</from>
            <to>3</to>
            <time>8.2</time>
         </Transition>
         <Transition>
            <from>3</from>
            <to>4</to>
            <time>6.3</time>
         </Transition>
         <Transition>
            <from>4</from>
            <to>5</to>
            <time>7.2</time>
         </Transition>
         <Transition>
            <from>5</from>
            <to>6</to>
            <time>6.6</time>
         </Transition>
         <Transition>
            <from>6</from>
            <to>5</to>
            <time>6.6</time>
         </Transition>
         <Transition>
            <from>5</from>
            <to>4</to>
            <time>7.2</time>
         </Transition>
         <Transition>
            <from>4</from>
            <to>3</to>
            <time>6.3</time>
         </Transition>
         <Transition>
            <from>3</from>
            <to>2</to>
            <time>8.2</time>
         </Transition>
         <Transition>
            <from>2</from>
            <to>1</to>
            <time>15.4</time>
         </Transition>
         <Transition>
            <from>1</from>
            <to>0</to>
            <time>13.9</time>
         </Transition>
      </HLO>
   </OPM>
   <ALM>
      <GLM>
         <hmo>43100</hmo>
         <mfa>20000</mfa>
      </GLM>
      <KLM>
         <mmo>0.9</mmo>
         <vmo>350</vmo>
         <mle>0.82</mle>
         <vle>270</vle>
         <mlo>0.82</mlo>
         <vloe>270</vloe>
         <vlor>270</vlor>
      </KLM>
      <ELM>
         <Tmin_f>
            <point>
               <Hp>-2000.0</Hp>
               <DeltaT>-81.00000000000000000000</DeltaT>
            </point>
            <point>
               <Hp>0.0</Hp>
               <DeltaT>-77.00000000000000000000</DeltaT>
            </point>
            <point>
               <Hp>32808.0</Hp>
               <DeltaT>-30.00000000000000000000</DeltaT>
            </point>
            <point>
               <Hp>36089.0</Hp>
               <DeltaT>-23.50000000000000000000</DeltaT>
            </point>
            <point>
               <Hp>43100.0</Hp>
               <DeltaT>-23.50000000000000000000</DeltaT>
            </point>
         </Tmin_f>
         <Tmax_f>
            <point>
               <Hp>-2000.0</Hp>
               <DeltaT>35.03999999999999900000</DeltaT>
            </point>
            <point>
               <Hp>0.0</Hp>
               <DeltaT>39.39999999999999900000</DeltaT>
            </point>
            <point>
               <Hp>10000.0</Hp>
               <DeltaT>39.39999999999999900000</DeltaT>
            </point>
            <point>
               <Hp>10001.0</Hp>
               <DeltaT>34.00000000000000000000</DeltaT>
            </point>
            <point>
               <Hp>36089.0</Hp>
               <DeltaT>34.00000000000000000000</DeltaT>
            </point>
            <point>
               <Hp>43100.0</Hp>
               <DeltaT>20.00000000000000000000</DeltaT>
            </point>
         </Tmax_f>
         <Tmin_g>
            <point>
               <Hp>-2000.0</Hp>
               <DeltaT>-73.00000000000000000000</DeltaT>
            </point>
            <point>
               <Hp>6500.0</Hp>
               <DeltaT>-56.00000000000000000000</DeltaT>
            </point>
            <point>
               <Hp>8500.0</Hp>
               <DeltaT>-43.00000000000000000000</DeltaT>
            </point>
         </Tmin_g>
         <Tmax_g>
            <point>
               <Hp>-2000.0</Hp>
               <DeltaT>35.03999999999999900000</DeltaT>
            </point>
            <point>
               <Hp>0.0</Hp>
               <DeltaT>39.39999999999999900000</DeltaT>
            </point>
            <point>
               <Hp>8500.0</Hp>
               <DeltaT>39.39999999999999900000</DeltaT>
            </point>
         </Tmax_g>
      </ELM>
      <DLM>
         <MTW>228384</MTW>
         <MTOW>227930</MTOW>
         <MLW>172365</MLW>
         <MZFW>161025</MZFW>
         <OEW>111493</OEW>
         <MPL>43091</MPL>
         <MFL>126903</MFL>
         <n1>2.5</n1>
         <n3>-1</n3>
         <nf1>2</nf1>
         <nf3>0</nf3>
      </DLM>
   </ALM>
   <Ground>
      <Dimensions>
         <span>60.12</span>
         <length>56.72</length>
      </Dimensions>
      <Runway>
         <TOL>2820</TOL>
         <LDL>1520</LDL>
      </Runway>
   </Ground>
   <ARPM>
      <AeroConfSchedule>
         <AeroPhase>
            <name>TO</name>
            <HLid>2</HLid>
            <LG>UP</LG>
         </AeroPhase>
         <AeroPhase>
            <name>IC</name>
            <HLid>1</HLid>
            <LG>UP</LG>
         </AeroPhase>
         <AeroPhase>
            <name>CR</name>
            <HLid>0</HLid>
            <LG>UP</LG>
         </AeroPhase>
         <AeroPhase>
            <name>AP</name>
            <HLid>3</HLid>
            <LG>UP</LG>
         </AeroPhase>
         <AeroPhase>
            <name>LD</name>
            <HLid>6</HLid>
            <LG>DN</LG>
         </AeroPhase>
      </AeroConfSchedule>
      <SpeedScheduleList>
         <SpeedSchedule>
            <CompanyName>Default</CompanyName>
            <SpeedPhase>
               <name>Climb</name>
               <CAS1>310</CAS1>
               <CAS2>310</CAS2>
               <M>0.84</M>
            </SpeedPhase>
            <SpeedPhase>
               <name>Cruise</name>
               <CAS1>310</CAS1>
               <CAS2>310</CAS2>
               <M>0.84</M>
            </SpeedPhase>
            <SpeedPhase>
               <name>Descent</name>
               <CAS1>310</CAS1>
               <CAS2>310</CAS2>
               <M>0.84</M>
            </SpeedPhase>
         </SpeedSchedule>
      </SpeedScheduleList>
   </ARPM>
</bada40:ACM>