<?xml version="1.0" encoding="utf-8"?>
<bada40:ACM xmlns:bada40="http://www.eurocontrol.int/eec/public/standard_page/bada40">
   <model>737-300</model>
   <type>JET</type>
   <engine>CFM56-3B1 (20K)</engine>
   <description/>
   <ICAO>
      <designator>B733</designator>
      <WTC>M</WTC>
   </ICAO>
   <AFCM>
      <S>91.04497920000000000000</S>
      <Configuration HLid="0">
         <HLPosition>0000</HLPosition>
         <name>flaps  0</name>
         <vfe>340</vfe>
         <LGUP>
            <DPM_clean>
               <M_max>0.82000</M_max>
               <scalar>9.835e-007</scalar>
               <CD_clean>
                  <d>1295563.26086305830000000000</d>
                  <d>-3857530.51641830290000000000</d>
                  <d>4334288.46569200420000000000</d>
                  <d>-2142790.31870964820000000000</d>
                  <d>393984.01045033807000000000</d>
                  <d>17255.13078239531000000000</d>
                  <d>60032.94740668905400000000</d>
                  <d>-43313.11545990142600000000</d>
                  <d>11158.01924470826100000000</d>
                  <d>-917.63347965615844000000</d>
                  <d>-3484.32161670402230000000</d>
                  <d>42295.29467633444400000000</d>
                  <d>-78974.12249648054400000000</d>
                  <d>49292.17947656841700000000</d>
                  <d>-10247.71819117540900000000</d>
               </CD_clean>
            </DPM_clean>
            <BLM_clean>
               <Mmin>0.30000</Mmin>
               <Mmax>0.82000</Mmax>
               <CL_Mach0>1.33632676200605190000</CL_Mach0>
               <CL_clean>
                  <bf>3.91582731910368940000</bf>
                  <bf>-15.22575294359138500000</bf>
                  <bf>28.80836662752305300000</bf>
                  <bf>-18.72490838081144900000</bf>
                  <bf>0.00000000000000000000</bf>
               </CL_clean>
            </BLM_clean>
         </LGUP>
         <LGDN>
            <DPM_nonclean>
               <CD_nonclean>
                  <d>0.06212693957130015900</d>
                  <d>-0.02678327931827376200</d>
                  <d>0.06595330200873224200</d>
               </CD_nonclean>
            </DPM_nonclean>
            <BLM>
               <CL_max>1.33632676200605190000</CL_max>
            </BLM>
         </LGDN>
      </Configuration>
      <Configuration HLid="1">
         <HLPosition>0001</HLPosition>
         <name>flaps  1</name>
         <vfe>230</vfe>
         <LGUP>
            <DPM_nonclean>
               <CD_nonclean>
                  <d>0.05067000926230291700</d>
                  <d>-0.04880908729140746200</d>
                  <d>0.06841964762464619600</d>
               </CD_nonclean>
            </DPM_nonclean>
            <BLM>
               <CL_max>1.89388713436231050000</CL_max>
            </BLM>
         </LGUP>
         <LGDN>
            <DPM_nonclean>
               <CD_nonclean>
                  <d>0.08207000926230277600</d>
                  <d>-0.04880908729140723300</d>
                  <d>0.06841964762464608500</d>
               </CD_nonclean>
            </DPM_nonclean>
            <BLM>
               <CL_max>1.89388713436231050000</CL_max>
            </BLM>
         </LGDN>
      </Configuration>
      <Configuration HLid="2">
         <HLPosition>0005</HLPosition>
         <name>flaps  5</name>
         <vfe>225</vfe>
         <LGUP>
            <DPM_nonclean>
               <CD_nonclean>
                  <d>0.06309124702942611700</d>
                  <d>-0.05582703006884469400</d>
                  <d>0.06593105885875887000</d>
               </CD_nonclean>
            </DPM_nonclean>
            <BLM>
               <CL_max>2.03524988940930610000</CL_max>
            </BLM>
         </LGUP>
         <LGDN>
            <DPM_nonclean>
               <CD_nonclean>
                  <d>0.09029124702942607800</d>
                  <d>-0.05582703006884464500</d>
                  <d>0.06593105885875887000</d>
               </CD_nonclean>
            </DPM_nonclean>
            <BLM>
               <CL_max>2.03524988940930610000</CL_max>
            </BLM>
         </LGDN>
      </Configuration>
      <Configuration HLid="3">
         <HLPosition>0015</HLPosition>
         <name>flaps 15</name>
         <vfe>195</vfe>
         <LGUP>
            <DPM_nonclean>
               <CD_nonclean>
                  <d>0.09640057271105434400</d>
                  <d>-0.07013228059868303900</d>
                  <d>0.06269271277396056000</d>
               </CD_nonclean>
            </DPM_nonclean>
            <BLM>
               <CL_max>2.32841575011936100000</CL_max>
            </BLM>
         </LGUP>
         <LGDN>
            <DPM_nonclean>
               <CD_nonclean>
                  <d>0.11819530303030376000</d>
                  <d>-0.06886035543404057900</d>
                  <d>0.06203463203463233800</d>
               </CD_nonclean>
            </DPM_nonclean>
            <BLM>
               <CL_max>2.30989959496607610000</CL_max>
            </BLM>
         </LGDN>
      </Configuration>
      <Configuration HLid="4">
         <HLPosition>0030</HLPosition>
         <name>flaps 30</name>
         <vfe>185</vfe>
         <LGDN>
            <DPM_nonclean>
               <CD_nonclean>
                  <d>0.19167142857143032000</d>
                  <d>-0.10717637362637567000</d>
                  <d>0.06906593406593465600</d>
               </CD_nonclean>
            </DPM_nonclean>
            <BLM>
               <CL_max>2.68057957196591400000</CL_max>
            </BLM>
         </LGDN>
      </Configuration>
      <Configuration HLid="5">
         <HLPosition>0040</HLPosition>
         <name>flaps 40</name>
         <vfe>158</vfe>
         <LGDN>
            <DPM_nonclean>
               <CD_nonclean>
                  <d>0.41762229102167564000</d>
                  <d>-0.31233230134159318000</d>
                  <d>0.12578947368421153000</d>
               </CD_nonclean>
            </DPM_nonclean>
            <BLM>
               <CL_max>2.80928648722471360000</CL_max>
            </BLM>
         </LGDN>
      </Configuration>
   </AFCM>
   <PFM>
      <MREF>61236</MREF>
      <LHV>43217000</LHV>
      <rho>810</rho>
      <n_eng>2</n_eng>
      <TFA>11.34</TFA>
      <TFM>
         <CT>
            <a>0.00000000000000000000</a>
            <a>-0.10000000001557990000</a>
            <a>0.00000000000000000000</a>
            <a>0.00000000000000000000</a>
            <a>0.00000000000000000000</a>
            <a>0.00000000000000000000</a>
            <a>0.29999999999986970000</a>
            <a>0.00000000000000000000</a>
            <a>0.00000000000000000000</a>
            <a>0.00000000000000000000</a>
            <a>0.00000000000000000000</a>
            <a>0.00000000000000000000</a>
            <a>0.00000000000000000000</a>
            <a>0.00000000000000000000</a>
            <a>0.00000000000000000000</a>
            <a>0.00000000000000000000</a>
            <a>0.00000000000000000000</a>
            <a>0.00000000000000000000</a>
            <a>0.00000000000000000000</a>
            <a>0.00000000000000000000</a>
            <a>0.00000000000000000000</a>
            <a>0.00000000000000000000</a>
            <a>0.00000000000000000000</a>
            <a>0.00000000000000000000</a>
            <a>0.00000000000000000000</a>
            <a>0.00000000000000000000</a>
            <a>0.00000000000000000000</a>
            <a>0.00000000000000000000</a>
            <a>0.00000000000000000000</a>
            <a>0.00000000000000000000</a>
            <a>0.00000000000000000000</a>
            <a>0.00000000000000000000</a>
            <a>0.00000000000000000000</a>
            <a>0.00000000000000000000</a>
            <a>0.00000000000000000000</a>
            <a>0.00000000000000000000</a>
         </CT>
         <CF>
            <f>0.00835047292619417280</f>
            <f>3.32971261998564170000</f>
            <f>-35.92035018143677400000</f>
            <f>203.43473557879142000000</f>
            <f>-356.38328424436844000000</f>
            <f>0.10831180705975574000</f>
            <f>-2.55425139019158550000</f>
            <f>68.10445811447266400000</f>
            <f>-381.42427276778625000000</f>
            <f>671.22301534554663000000</f>
            <f>0.00000000000000000000</f>
            <f>0.00000000000000000000</f>
            <f>0.00000000000000000000</f>
            <f>0.00000000000000000000</f>
            <f>0.00000000000000000000</f>
            <f>0.00000000000000000000</f>
            <f>0.00000000000000000000</f>
            <f>0.00000000000000000000</f>
            <f>0.00000000000000000000</f>
            <f>0.00000000000000000000</f>
            <f>0.00000000000000000000</f>
            <f>0.00000000000000000000</f>
            <f>0.00000000000000000000</f>
            <f>0.00000000000000000000</f>
            <f>0.00000000000000000000</f>
         </CF>
         <MCRZ>
            <kink>10</kink>
            <flat_rating>
               <b>3.97401899340877660000</b>
               <b>-7.43126698710443990000</b>
               <b>4.47321621052521580000</b>
               <b>0.00000000000000000000</b>
               <b>0.00000000000000000000</b>
               <b>0.00000000000000000000</b>
               <b>-22.52506187465963800000</b>
               <b>54.64914337740199800000</b>
               <b>-24.21450208486900000000</b>
               <b>0.00000000000000000000</b>
               <b>0.00000000000000000000</b>
               <b>0.00000000000000000000</b>
               <b>68.86872922139878000000</b>
               <b>-154.70294628593678000000</b>
               <b>39.09060720173298600000</b>
               <b>0.00000000000000000000</b>
               <b>0.00000000000000000000</b>
               <b>0.00000000000000000000</b>
               <b>-100.05492412840060000000</b>
               <b>186.11014505172125000000</b>
               <b>21.60998960904181100000</b>
               <b>0.00000000000000000000</b>
               <b>0.00000000000000000000</b>
               <b>0.00000000000000000000</b>
               <b>67.55963031406877000000</b>
               <b>-85.94697891645267900000</b>
               <b>-92.54577457463028600000</b>
               <b>0.00000000000000000000</b>
               <b>0.00000000000000000000</b>
               <b>0.00000000000000000000</b>
               <b>-16.93724839766752800000</b>
               <b>6.59297322267884130000</b>
               <b>52.38890729576002800000</b>
               <b>0.00000000000000000000</b>
               <b>0.00000000000000000000</b>
               <b>0.00000000000000000000</b>
            </flat_rating>
            <temp_rating>
               <c>-253.51167239068621000000</c>
               <c>1026.10135004256630000000</c>
               <c>-1056.27535682812480000000</c>
               <c>0.00000000000000000000</c>
               <c>0.00000000000000000000</c>
               <c>1015.15091867934600000000</c>
               <c>-4095.82624045401510000000</c>
               <c>4224.45656466564010000000</c>
               <c>0.00000000000000000000</c>
               <c>0.00000000000000000000</c>
               <c>-1506.06617246166070000000</c>
               <c>6102.35490214517270000000</c>
               <c>-6308.60142175350480000000</c>
               <c>0.00000000000000000000</c>
               <c>0.00000000000000000000</c>
               <c>988.99952407120384000000</c>
               <c>-4033.88399685905780000000</c>
               <c>4180.35545953541900000000</c>
               <c>0.00000000000000000000</c>
               <c>0.00000000000000000000</c>
               <c>-242.99627921681022000000</c>
               <c>998.45584947590396000000</c>
               <c>-1037.46012847249360000000</c>
               <c>0.00000000000000000000</c>
               <c>0.00000000000000000000</c>
               <c>-3.36133009433763920000</c>
               <c>11.22350227204601600000</c>
               <c>-7.95785629387697570000</c>
               <c>0.00000000000000000000</c>
               <c>0.00000000000000000000</c>
               <c>6.67946603972336560000</c>
               <c>-21.67013715255732000000</c>
               <c>15.33930256681034100000</c>
               <c>0.00000000000000000000</c>
               <c>0.00000000000000000000</c>
               <c>-5.51166042849260050000</c>
               <c>16.61322560603898800000</c>
               <c>-10.64034294466801700000</c>
               <c>0.00000000000000000000</c>
               <c>0.00000000000000000000</c>
               <c>1.44296381044474200000</c>
               <c>-3.42053984898585120000</c>
               <c>1.07379129668807920000</c>
               <c>0.00000000000000000000</c>
               <c>0.00000000000000000000</c>
            </temp_rating>
         </MCRZ>
         <MCMB>
            <kink>10</kink>
            <flat_rating>
               <b>3.37180724700108800000</b>
               <b>-5.86659770473284950000</b>
               <b>3.50552941621913080000</b>
               <b>0.00000000000000000000</b>
               <b>0.00000000000000000000</b>
               <b>0.00000000000000000000</b>
               <b>-15.11989540541079100000</b>
               <b>34.22430164113949800000</b>
               <b>-10.27112541504744700000</b>
               <b>0.00000000000000000000</b>
               <b>0.00000000000000000000</b>
               <b>0.00000000000000000000</b>
               <b>38.84326683352855300000</b>
               <b>-69.11167309059592900000</b>
               <b>-19.66631073764586500000</b>
               <b>0.00000000000000000000</b>
               <b>0.00000000000000000000</b>
               <b>0.00000000000000000000</b>
               <b>-44.10050749113450100000</b>
               <b>26.63266821480026900000</b>
               <b>128.95979543220344000000</b>
               <b>0.00000000000000000000</b>
               <b>0.00000000000000000000</b>
               <b>0.00000000000000000000</b>
               <b>18.72306274514718500000</b>
               <b>51.22025722511894200000</b>
               <b>-181.77781104745600000000</b>
               <b>0.00000000000000000000</b>
               <b>0.00000000000000000000</b>
               <b>0.00000000000000000000</b>
               <b>-0.73760740056239915000</b>
               <b>-37.95730935164034700000</b>
               <b>80.14018599587350900000</b>
               <b>0.00000000000000000000</b>
               <b>0.00000000000000000000</b>
               <b>0.00000000000000000000</b>
            </flat_rating>
            <temp_rating>
               <c>99.05247853590938700000</c>
               <c>-525.44262594621284000000</c>
               <c>601.59363302816348000000</c>
               <c>0.00000000000000000000</c>
               <c>0.00000000000000000000</c>
               <c>-391.31069951772440000000</c>
               <c>2108.71763111317520000000</c>
               <c>-2427.83767052501030000000</c>
               <c>0.00000000000000000000</c>
               <c>0.00000000000000000000</c>
               <c>594.35919678117955000000</c>
               <c>-3184.57894644080170000000</c>
               <c>3679.82586422933670000000</c>
               <c>0.00000000000000000000</c>
               <c>0.00000000000000000000</c>
               <c>-403.09159422962733000000</c>
               <c>2135.50576466937580000000</c>
               <c>-2474.70596740431570000000</c>
               <c>0.00000000000000000000</c>
               <c>0.00000000000000000000</c>
               <c>102.46177150509746000000</c>
               <c>-536.17023370854611000000</c>
               <c>622.59938317048977000000</c>
               <c>0.00000000000000000000</c>
               <c>0.00000000000000000000</c>
               <c>-1.96486259645395500000</c>
               <c>3.25250007351026140000</c>
               <c>1.92448419923188310000</c>
               <c>0.00000000000000000000</c>
               <c>0.00000000000000000000</c>
               <c>2.24376410120469980000</c>
               <c>4.03479893955536890000</c>
               <c>-16.91444960191279300000</c>
               <c>0.00000000000000000000</c>
               <c>0.00000000000000000000</c>
               <c>0.35012583031782435000</c>
               <c>-17.40117565796750300000</c>
               <c>32.31968954121475000000</c>
               <c>0.00000000000000000000</c>
               <c>0.00000000000000000000</c>
               <c>-1.23254953206127490000</c>
               <c>12.07895416332991100000</c>
               <c>-18.58265399895884000000</c>
               <c>0.00000000000000000000</c>
               <c>0.00000000000000000000</c>
            </temp_rating>
         </MCMB>
         <MTKF>
            <kink>10</kink>
            <flat_rating>
               <b>2.18251718956922590000</b>
               <b>-4.75348397597591180000</b>
               <b>18.05860637038927800000</b>
               <b>0.00000000000000000000</b>
               <b>0.00000000000000000000</b>
               <b>0.00000000000000000000</b>
               <b>-9.25417587872183310000</b>
               <b>48.10619984473745300000</b>
               <b>-140.89262143160576000000</b>
               <b>0.00000000000000000000</b>
               <b>0.00000000000000000000</b>
               <b>0.00000000000000000000</b>
               <b>27.66458847064509600000</b>
               <b>-159.61488305423137000000</b>
               <b>416.76932429255015000000</b>
               <b>0.00000000000000000000</b>
               <b>0.00000000000000000000</b>
               <b>0.00000000000000000000</b>
               <b>-41.52608861783385700000</b>
               <b>250.01793072840300000000</b>
               <b>-606.01507563433870000000</b>
               <b>0.00000000000000000000</b>
               <b>0.00000000000000000000</b>
               <b>0.00000000000000000000</b>
               <b>30.58323404936100700000</b>
               <b>-189.08312780780386000000</b>
               <b>433.32305711694897000000</b>
               <b>0.00000000000000000000</b>
               <b>0.00000000000000000000</b>
               <b>0.00000000000000000000</b>
               <b>-8.83516259506605370000</b>
               <b>55.61215246368919900000</b>
               <b>-121.94478752324828000000</b>
               <b>0.00000000000000000000</b>
               <b>0.00000000000000000000</b>
               <b>0.00000000000000000000</b>
            </flat_rating>
            <temp_rating>
               <c>3892.20215561833130000000</c>
               <c>-22982.02309551326500000000</c>
               <c>30899.63560777071000000000</c>
               <c>0.00000000000000000000</c>
               <c>0.00000000000000000000</c>
               <c>-15050.26153710328800000000</c>
               <c>89072.17323597904800000000</c>
               <c>-120107.49730564719000000000</c>
               <c>0.00000000000000000000</c>
               <c>0.00000000000000000000</c>
               <c>21848.54225695051400000000</c>
               <c>-129557.40230753897000000000</c>
               <c>175264.23326174237000000000</c>
               <c>0.00000000000000000000</c>
               <c>0.00000000000000000000</c>
               <c>-14071.46884547827500000000</c>
               <c>83602.79625647654800000000</c>
               <c>-113450.06021224376000000000</c>
               <c>0.00000000000000000000</c>
               <c>0.00000000000000000000</c>
               <c>3392.28424300365490000000</c>
               <c>-20195.37718423425000000000</c>
               <c>27488.07778825029500000000</c>
               <c>0.00000000000000000000</c>
               <c>0.00000000000000000000</c>
               <c>-56.03908714528828500000</c>
               <c>324.50793632465115000000</c>
               <c>-506.68743248294180000000</c>
               <c>0.00000000000000000000</c>
               <c>0.00000000000000000000</c>
               <c>110.87437935773092000000</c>
               <c>-644.45268823299159000000</c>
               <c>1001.45705025688400000000</c>
               <c>0.00000000000000000000</c>
               <c>0.00000000000000000000</c>
               <c>-96.40134443890369200000</c>
               <c>561.79347631944438000000</c>
               <c>-870.26413362855510000000</c>
               <c>0.00000000000000000000</c>
               <c>0.00000000000000000000</c>
               <c>31.11460986445321800000</c>
               <c>-181.63768832243173000000</c>
               <c>280.59596970166922000000</c>
               <c>0.00000000000000000000</c>
               <c>0.00000000000000000000</c>
            </temp_rating>
         </MTKF>
         <LIDL>
            <CT>
               <ti>0.01234724781277513100</ti>
               <ti>0.01253727238629555100</ti>
               <ti>0.04372093276790143400</ti>
               <ti>-0.05712569105695999200</ti>
               <ti>-0.05623812572871093200</ti>
               <ti>0.11845981941256938000</ti>
               <ti>-0.54093856579457211000</ti>
               <ti>0.48640062223320263000</ti>
               <ti>0.06230823199203619500</ti>
               <ti>-0.29566672546996620000</ti>
               <ti>0.92185045922018438000</ti>
               <ti>-0.75426345960464414000</ti>
            </CT>
            <CF>
               <fi>0.00297663802500416780</fi>
               <fi>0.06333781282956256500</fi>
               <fi>-0.00988385670708103420</fi>
               <fi>0.01568433751422784700</fi>
               <fi>-0.05869315873395146400</fi>
               <fi>0.04508688773446889500</fi>
               <fi>-0.01435343702722204200</fi>
               <fi>0.06580240608617928000</fi>
               <fi>-0.05347420431369848800</fi>
            </CF>
         </LIDL>
         <throttle>
            <low>0.62683244897392432000</low>
            <high>1.29445931555014670000</high>
         </throttle>
      </TFM>
   </PFM>
   <OPM>
      <LGO>
         <Transition>
            <from>0</from>
            <to>1</to>
            <time>7.1</time>
         </Transition>
         <Transition>
            <from>1</from>
            <to>0</to>
            <time>7.1</time>
         </Transition>
      </LGO>
      <HLO>
         <Transition>
            <from>0</from>
            <to>1</to>
            <time>10.8</time>
         </Transition>
         <Transition>
            <from>1</from>
            <to>2</to>
            <time>21.2</time>
         </Transition>
         <Transition>
            <from>2</from>
            <to>3</to>
            <time>9.4</time>
         </Transition>
         <Transition>
            <from>3</from>
            <to>4</to>
            <time>4.8</time>
         </Transition>
         <Transition>
            <from>4</from>
            <to>5</to>
            <time>4.2</time>
         </Transition>
         <Transition>
            <from>5</from>
            <to>4</to>
            <time>4</time>
         </Transition>
         <Transition>
            <from>4</from>
            <to>3</to>
            <time>4.6</time>
         </Transition>
         <Transition>
            <from>3</from>
            <to>2</to>
            <time>13.2</time>
         </Transition>
         <Transition>
            <from>2</from>
            <to>1</to>
            <time>16.3</time>
         </Transition>
         <Transition>
            <from>1</from>
            <to>0</to>
            <time>8.7</time>
         </Transition>
      </HLO>
   </OPM>
   <ALM>
      <GLM>
         <hmo>37000</hmo>
         <mfa>20000</mfa>
      </GLM>
      <KLM>
         <mmo>0.82</mmo>
         <vmo>340</vmo>
         <mle>0.82</mle>
         <vle>320</vle>
         <mlo>0.82</mlo>
         <vloe>270</vloe>
         <vlor>235</vlor>
      </KLM>
      <ELM>
         <Tmin_f>
            <point>
               <Hp>-1000.0</Hp>
               <DeltaT>-71.00000000000000000000</DeltaT>
            </point>
            <point>
               <Hp>0.0</Hp>
               <DeltaT>-69.00000000000000000000</DeltaT>
            </point>
            <point>
               <Hp>1.0</Hp>
               <DeltaT>-89.00000000000000000000</DeltaT>
            </point>
            <point>
               <Hp>36089.0</Hp>
               <DeltaT>-17.50000000000000000000</DeltaT>
            </point>
            <point>
               <Hp>41000.0</Hp>
               <DeltaT>-17.50000000000000000000</DeltaT>
            </point>
         </Tmin_f>
         <Tmax_f>
            <point>
               <Hp>-1000.0</Hp>
               <DeltaT>37.39999999999999900000</DeltaT>
            </point>
            <point>
               <Hp>0.0</Hp>
               <DeltaT>39.39999999999999900000</DeltaT>
            </point>
            <point>
               <Hp>8500.0</Hp>
               <DeltaT>39.39999999999999900000</DeltaT>
            </point>
            <point>
               <Hp>8501.0</Hp>
               <DeltaT>34.00000000000000000000</DeltaT>
            </point>
            <point>
               <Hp>37000.0</Hp>
               <DeltaT>34.00000000000000000000</DeltaT>
            </point>
         </Tmax_f>
         <Tmin_g>
            <point>
               <Hp>-1000.0</Hp>
               <DeltaT>-71.00000000000000000000</DeltaT>
            </point>
            <point>
               <Hp>8500.0</Hp>
               <DeltaT>-52.00000000000000000000</DeltaT>
            </point>
         </Tmin_g>
         <Tmax_g>
            <point>
               <Hp>-1000.0</Hp>
               <DeltaT>37.39999999999999900000</DeltaT>
            </point>
            <point>
               <Hp>0.0</Hp>
               <DeltaT>39.39999999999999900000</DeltaT>
            </point>
            <point>
               <Hp>8500.0</Hp>
               <DeltaT>39.39999999999999900000</DeltaT>
            </point>
         </Tmax_g>
      </ELM>
      <DLM>
         <MTW>61462</MTW>
         <MTOW>61236</MTOW>
         <MLW>51710</MLW>
         <MZFW>48308</MZFW>
         <OEW>32904</OEW>
         <MPL>15404</MPL>
         <MFL>23168</MFL>
         <n1>2.5</n1>
         <n3>-1</n3>
         <nf1>2</nf1>
         <nf3>0</nf3>
      </DLM>
   </ALM>
   <Ground>
      <Dimensions>
         <span>28.88</span>
         <length>33.40</length>
      </Dimensions>
      <Runway>
         <TOL>2300</TOL>
         <LDL>1550</LDL>
      </Runway>
   </Ground>
   <ARPM>
      <AeroConfSchedule>
         <AeroPhase>
            <name>TO</name>
            <HLid>2</HLid>
            <LG>UP</LG>
         </AeroPhase>
         <AeroPhase>
            <name>IC</name>
            <HLid>1</HLid>
            <LG>UP</LG>
         </AeroPhase>
         <AeroPhase>
            <name>CR</name>
            <HLid>0</HLid>
            <LG>UP</LG>
         </AeroPhase>
         <AeroPhase>
            <name>AP</name>
            <HLid>3</HLid>
            <LG>UP</LG>
         </AeroPhase>
         <AeroPhase>
            <name>LD</name>
            <HLid>4</HLid>
            <LG>DN</LG>
         </AeroPhase>
      </AeroConfSchedule>
      <SpeedScheduleList>
         <SpeedSchedule>
            <CompanyName>Default</CompanyName>
            <SpeedPhase>
               <name>Climb</name>
               <CAS1>300</CAS1>
               <CAS2>300</CAS2>
               <M>0.76</M>
            </SpeedPhase>
            <SpeedPhase>
               <name>Cruise</name>
               <CAS1>300</CAS1>
               <CAS2>300</CAS2>
               <M>0.74</M>
            </SpeedPhase>
            <SpeedPhase>
               <name>Descent</name>
               <CAS1>290</CAS1>
               <CAS2>290</CAS2>
               <M>0.74</M>
            </SpeedPhase>
         </SpeedSchedule>
      </SpeedScheduleList>
   </ARPM>
</bada40:ACM>