<?xml version="1.0" encoding="utf-8"?>
<bada40:ACM xmlns:bada40="http://www.eurocontrol.int/eec/public/standard_page/bada40">
   <model>A380-861</model>
   <type>JET</type>
   <engine>EA GP7200</engine>
   <description/>
   <ICAO>
      <designator>A388</designator>
      <WTC>J</WTC>
   </ICAO>
   <AFCM>
      <S>845</S>
      <Configuration HLid="0">
         <HLPosition>0000</HLPosition>
         <name>CLEAN</name>
         <vfe>340</vfe>
         <LGUP>
            <DPM_clean>
               <M_max>0.89</M_max>
               <scalar>9.835e-007</scalar>
               <CD_clean>
                  <d>-19597.02475301682000000000</d>
                  <d>62491.54431292515100000000</d>
                  <d>-39387.74083525897000000000</d>
                  <d>6964.96613399446960000000</d>
                  <d>798.69312427765271000000</d>
                  <d>51175.27894907573500000000</d>
                  <d>-667.72849135491845000000</d>
                  <d>-381.83194780254809000000</d>
                  <d>46.60282093347785100000</d>
                  <d>-2.66057578519293840000</d>
                  <d>292.91456267201636000000</d>
                  <d>5104.16337708416810000000</d>
                  <d>-7470.06044303855830000000</d>
                  <d>3647.45987706183450000000</d>
                  <d>-592.78423913948905000000</d>
               </CD_clean>
            </DPM_clean>
            <BLM_clean>
               <Mmin>0.3</Mmin>
               <Mmax>0.89</Mmax>
               <CL_Mach0>1.2946</CL_Mach0>
               <CL_clean>
                  <bf>0.30686001184469530000</bf>
                  <bf>9.66865913227513650000</bf>
                  <bf>-32.26611490986797300000</bf>
                  <bf>40.24297117928587400000</bf>
                  <bf>-17.51609224160843000000</bf>
               </CL_clean>
            </BLM_clean>
         </LGUP>
      </Configuration>
      <Configuration HLid="1">
         <HLPosition>2000</HLPosition>
         <name>CONF 1</name>
         <vfe>263</vfe>
         <LGUP>
            <DPM_nonclean>
               <CD_nonclean>
                  <d>0.034442</d>
                  <d>-0.054543</d>
                  <d>0.087893</d>
               </CD_nonclean>
            </DPM_nonclean>
            <BLM>
               <CL_max>1.7372</CL_max>
            </BLM>
         </LGUP>
      </Configuration>
      <Configuration HLid="2">
         <HLPosition>2008</HLPosition>
         <name>CONF 1+F</name>
         <vfe>222</vfe>
         <LGUP>
            <DPM_nonclean>
               <CD_nonclean>
                  <d>0.041181</d>
                  <d>-0.057801</d>
                  <d>0.083882</d>
               </CD_nonclean>
            </DPM_nonclean>
            <BLM>
               <CL_max>1.9308</CL_max>
            </BLM>
         </LGUP>
      </Configuration>
      <Configuration HLid="3">
         <HLPosition>2017</HLPosition>
         <name>CONF 2</name>
         <vfe>220</vfe>
         <LGUP>
            <DPM_nonclean>
               <CD_nonclean>
                  <d>0.053117</d>
                  <d>-0.067152</d>
                  <d>0.083549</d>
               </CD_nonclean>
            </DPM_nonclean>
            <BLM>
               <CL_max>2.0854</CL_max>
            </BLM>
         </LGUP>
      </Configuration>
      <Configuration HLid="4">
         <HLPosition>2322</HLPosition>
         <name>CONF 3</name>
         <vfe>196</vfe>
         <LGUP>
            <DPM_nonclean>
               <CD_nonclean>
                  <d>0.072161</d>
                  <d>-0.076336</d>
                  <d>0.082844</d>
               </CD_nonclean>
            </DPM_nonclean>
            <BLM>
               <CL_max>2.2386</CL_max>
            </BLM>
         </LGUP>
         <LGDN>
            <DPM_nonclean>
               <CD_nonclean>
                  <d>0.094513</d>
                  <d>-0.080377</d>
                  <d>0.082323</d>
               </CD_nonclean>
            </DPM_nonclean>
            <BLM>
               <CL_max>2.2182</CL_max>
            </BLM>
         </LGDN>
      </Configuration>
      <Configuration HLid="5">
         <HLPosition>2332</HLPosition>
         <name>FULL</name>
         <vfe>182</vfe>
         <LGUP>
            <DPM_nonclean>
               <CD_nonclean>
                  <d>0.092918</d>
                  <d>-0.087148</d>
                  <d>0.083123</d>
               </CD_nonclean>
            </DPM_nonclean>
            <BLM>
               <CL_max>2.3515</CL_max>
            </BLM>
         </LGUP>
         <LGDN>
            <DPM_nonclean>
               <CD_nonclean>
                  <d>0.11368</d>
                  <d>-0.092091</d>
                  <d>0.08392</d>
               </CD_nonclean>
            </DPM_nonclean>
            <BLM>
               <CL_max>2.3418</CL_max>
            </BLM>
         </LGDN>
      </Configuration>
   </AFCM>
   <PFM>
      <MREF>569000</MREF>
      <LHV>43217000</LHV>
      <rho>810</rho>
      <n_eng>4</n_eng>
      <TFA>43.4</TFA>
      <TFM>
         <CT>
            <a>0</a>
            <a>-0.10000000000264093000</a>
            <a>0</a>
            <a>0</a>
            <a>0</a>
            <a>0</a>
            <a>0.30000000000292337000</a>
            <a>0</a>
            <a>0</a>
            <a>0</a>
            <a>0</a>
            <a>0</a>
            <a>0</a>
            <a>0</a>
            <a>0</a>
            <a>0</a>
            <a>0</a>
            <a>0</a>
            <a>0</a>
            <a>0</a>
            <a>0</a>
            <a>0</a>
            <a>0</a>
            <a>0</a>
            <a>0</a>
            <a>0</a>
            <a>0</a>
            <a>0</a>
            <a>0</a>
            <a>0</a>
            <a>0</a>
            <a>0</a>
            <a>0</a>
            <a>0</a>
            <a>0</a>
            <a>0</a>
         </CT>
         <CF>
            <f>-0.00170080135258395670</f>
            <f>0.43092258954828178000</f>
            <f>10.60509225790812100000</f>
            <f>-78.08150910317567700000</f>
            <f>195.59362913423655000000</f>
            <f>0.07246568250286405900</f>
            <f>1.15970191006880800000</f>
            <f>-3.33216660973594610000</f>
            <f>34.53694611454198300000</f>
            <f>-89.89056484627350600000</f>
            <f>0</f>
            <f>0</f>
            <f>0</f>
            <f>0</f>
            <f>0</f>
            <f>0</f>
            <f>0</f>
            <f>0</f>
            <f>0</f>
            <f>0</f>
            <f>0</f>
            <f>0</f>
            <f>0</f>
            <f>0</f>
            <f>0</f>
         </CF>
         <MCRZ>
            <kink>10</kink>
            <flat_rating>
               <b>-2.97611669087910210000</b>
               <b>10.03915217707660700000</b>
               <b>-7.37547130467290660000</b>
               <b>0</b>
               <b>0</b>
               <b>0</b>
               <b>20.17185533929661300000</b>
               <b>-63.45724979621448400000</b>
               <b>62.57321905966348700000</b>
               <b>0</b>
               <b>0</b>
               <b>0</b>
               <b>-45.01930632305813200000</b>
               <b>199.94243928992708000000</b>
               <b>-250.91043267386206000000</b>
               <b>0</b>
               <b>0</b>
               <b>0</b>
               <b>57.91509981280392300000</b>
               <b>-374.71365859531591000000</b>
               <b>527.90675203388116000000</b>
               <b>0</b>
               <b>0</b>
               <b>0</b>
               <b>-45.30258365633460500000</b>
               <b>369.43863281623663000000</b>
               <b>-539.46049110242791000000</b>
               <b>0</b>
               <b>0</b>
               <b>0</b>
               <b>16.00630463792646600000</b>
               <b>-142.38845577411453000000</b>
               <b>208.72870361517678000000</b>
               <b>0</b>
               <b>0</b>
               <b>0</b>
            </flat_rating>
            <temp_rating>
               <c>-888.76263732848622000000</c>
               <c>1935.91167359411610000000</c>
               <c>-1145.76833138571330000000</c>
               <c>0</c>
               <c>0</c>
               <c>3461.59882768065110000000</c>
               <c>-7518.01764179980090000000</c>
               <c>4427.09410354147260000000</c>
               <c>0</c>
               <c>0</c>
               <c>-5048.87903738082330000000</c>
               <c>10956.51246196180500000000</c>
               <c>-6417.87730233565890000000</c>
               <c>0</c>
               <c>0</c>
               <c>3267.11244227149290000000</c>
               <c>-7089.23326242809530000000</c>
               <c>4130.80150975478770000000</c>
               <c>0</c>
               <c>0</c>
               <c>-791.79219874571470000000</c>
               <c>1718.50889661275190000000</c>
               <c>-996.40279057072939000000</c>
               <c>0</c>
               <c>0</c>
               <c>10.04858223654867200000</c>
               <c>-29.15656047256509700000</c>
               <c>20.20460673530559200000</c>
               <c>0</c>
               <c>0</c>
               <c>-25.69065527115082400000</c>
               <c>77.18040440118008400000</c>
               <c>-53.47452804350157900000</c>
               <c>0</c>
               <c>0</c>
               <c>28.17717038764695700000</c>
               <c>-86.19517073415056500000</c>
               <c>59.59379924479952700000</c>
               <c>0</c>
               <c>0</c>
               <c>-11.15780116417559000000</c>
               <c>34.53858340048308400000</c>
               <c>-23.90204503434186700000</c>
               <c>0</c>
               <c>0</c>
            </temp_rating>
         </MCRZ>
         <MCMB>
            <kink>10</kink>
            <flat_rating>
               <b>-0.06870199147458409800</b>
               <b>2.50009506186635020000</b>
               <b>-2.56103846353281560000</b>
               <b>0</b>
               <b>0</b>
               <b>0</b>
               <b>-3.23794209092890470000</b>
               <b>-2.21056241906762270000</b>
               <b>23.92742448176479500000</b>
               <b>0</b>
               <b>0</b>
               <b>0</b>
               <b>28.36583726912612500000</b>
               <b>7.27450853323355770000</b>
               <b>-129.91815568304477000000</b>
               <b>0</b>
               <b>0</b>
               <b>0</b>
               <b>-53.25771980697888400000</b>
               <b>-81.20894424553998200000</b>
               <b>344.41233070455360000000</b>
               <b>0</b>
               <b>0</b>
               <b>0</b>
               <b>36.76070494731649100000</b>
               <b>151.20720267148474000000</b>
               <b>-403.31950512884032000000</b>
               <b>0</b>
               <b>0</b>
               <b>0</b>
               <b>-7.74749736660047180000</b>
               <b>-78.63068744952302300000</b>
               <b>168.86335464303619000000</b>
               <b>0</b>
               <b>0</b>
               <b>0</b>
            </flat_rating>
            <temp_rating>
               <c>-1043.21457731192480000000</c>
               <c>2688.88695465587260000000</c>
               <c>-1839.96694704794530000000</c>
               <c>0</c>
               <c>0</c>
               <c>4070.71271545634410000000</c>
               <c>-10514.72990685309600000000</c>
               <c>7207.35301739110400000000</c>
               <c>0</c>
               <c>0</c>
               <c>-5945.17878298520100000000</c>
               <c>15410.95409694640900000000</c>
               <c>-10580.86026228639600000000</c>
               <c>0</c>
               <c>0</c>
               <c>3852.45421597600440000000</c>
               <c>-10025.47675616255600000000</c>
               <c>6895.96136410346390000000</c>
               <c>0</c>
               <c>0</c>
               <c>-934.96980404532076000000</c>
               <c>2442.80633665847430000000</c>
               <c>-1683.89766241540270000000</c>
               <c>0</c>
               <c>0</c>
               <c>6.96100629427205670000</c>
               <c>-21.19719761432884700000</c>
               <c>16.19253022057659300000</c>
               <c>0</c>
               <c>0</c>
               <c>-18.97611576237310200000</c>
               <c>60.68139139035648800000</c>
               <c>-47.85824399823329100000</c>
               <c>0</c>
               <c>0</c>
               <c>22.25873685649511900000</c>
               <c>-73.42653283571320300000</c>
               <c>59.45779624107388600000</c>
               <c>0</c>
               <c>0</c>
               <c>-9.35789001845821570000</c>
               <c>31.61685460958317500000</c>
               <c>-26.22568612369496300000</c>
               <c>0</c>
               <c>0</c>
            </temp_rating>
         </MCMB>
         <LIDL>
            <CT>
               <ti>0.01005356417668788700</ti>
               <ti>0.03366338393691367700</ti>
               <ti>0.06956302554100651800</ti>
               <ti>-0.11809045081991713000</ti>
               <ti>-0.03970045471306887800</ti>
               <ti>0.21100638832287194000</ti>
               <ti>-1.18381409863044930000</ti>
               <ti>1.06961424914176990000</ti>
               <ti>0.04916445313116883000</ti>
               <ti>-0.43376067181324085000</ti>
               <ti>1.74687875691903540000</ti>
               <ti>-1.47769126761967500000</ti>
            </CT>
            <CF>
               <fi>0.06467790766692907400</fi>
               <fi>-0.07995857093085102800</fi>
               <fi>0.03688085833736981500</fi>
               <fi>-0.11869456786490032000</fi>
               <fi>0.07850605800290197400</fi>
               <fi>0.03623472942172518300</fi>
               <fi>0.04236343595298466800</fi>
               <fi>0.19904785046440229000</fi>
               <fi>-0.22724896169078526000</fi>
            </CF>
         </LIDL>
         <throttle>
            <low>0.4927728033</low>
            <high>1.113910974</high>
         </throttle>
      </TFM>
   </PFM>
   <OPM>
      <LGO>
         <Transition>
            <from>0</from>
            <to>1</to>
            <time>20</time>
         </Transition>
         <Transition>
            <from>1</from>
            <to>0</to>
            <time>20</time>
         </Transition>
      </LGO>
      <HLO>
         <Transition>
            <from>0</from>
            <to>1</to>
            <time>34.2</time>
         </Transition>
         <Transition>
            <from>1</from>
            <to>2</to>
            <time>20</time>
         </Transition>
         <Transition>
            <from>2</from>
            <to>3</to>
            <time>9.6</time>
         </Transition>
         <Transition>
            <from>3</from>
            <to>4</to>
            <time>5</time>
         </Transition>
         <Transition>
            <from>4</from>
            <to>5</to>
            <time>4.5</time>
         </Transition>
         <Transition>
            <from>5</from>
            <to>4</to>
            <time>4.6</time>
         </Transition>
         <Transition>
            <from>4</from>
            <to>3</to>
            <time>4.8</time>
         </Transition>
         <Transition>
            <from>3</from>
            <to>2</to>
            <time>5</time>
         </Transition>
         <Transition>
            <from>2</from>
            <to>1</to>
            <time>14.3</time>
         </Transition>
         <Transition>
            <from>1</from>
            <to>0</to>
            <time>20</time>
         </Transition>
      </HLO>
   </OPM>
   <ALM>
      <GLM>
         <hmo>43100</hmo>
         <mfa>20000</mfa>
      </GLM>
      <KLM>
         <mmo>0.89</mmo>
         <vmo>340</vmo>
         <mle>0.55</mle>
         <vle>250</vle>
         <mlo>0.55</mlo>
         <vloe>250</vloe>
         <vlor>250</vlor>
      </KLM>
      <ELM>
         <Tmin_f>
            <point>
               <Hp>-2000</Hp>
               <DeltaT>-73</DeltaT>
            </point>
            <point>
               <Hp>25000</Hp>
               <DeltaT>-36.5</DeltaT>
            </point>
            <point>
               <Hp>32500</Hp>
               <DeltaT>-30.6</DeltaT>
            </point>
            <point>
               <Hp>36089</Hp>
               <DeltaT>-23.5</DeltaT>
            </point>
            <point>
               <Hp>43100</Hp>
               <DeltaT>-23.5</DeltaT>
            </point>
         </Tmin_f>
         <Tmax_f>
            <point>
               <Hp>-2000</Hp>
               <DeltaT>36</DeltaT>
            </point>
            <point>
               <Hp>0</Hp>
               <DeltaT>40</DeltaT>
            </point>
            <point>
               <Hp>16600</Hp>
               <DeltaT>40</DeltaT>
            </point>
            <point>
               <Hp>16601</Hp>
               <DeltaT>35</DeltaT>
            </point>
            <point>
               <Hp>36089</Hp>
               <DeltaT>35</DeltaT>
            </point>
            <point>
               <Hp>43100</Hp>
               <DeltaT>21.1</DeltaT>
            </point>
         </Tmax_f>
         <Tmin_g>
            <point>
               <Hp>-2000</Hp>
               <DeltaT>-73</DeltaT>
            </point>
            <point>
               <Hp>6000</Hp>
               <DeltaT>-57.1</DeltaT>
            </point>
            <point>
               <Hp>10000</Hp>
               <DeltaT>-37.5</DeltaT>
            </point>
         </Tmin_g>
         <Tmax_g>
            <point>
               <Hp>-2000</Hp>
               <DeltaT>36</DeltaT>
            </point>
            <point>
               <Hp>0</Hp>
               <DeltaT>40</DeltaT>
            </point>
            <point>
               <Hp>10000</Hp>
               <DeltaT>40</DeltaT>
            </point>
         </Tmax_g>
      </ELM>
      <DLM>
         <MTW>571000</MTW>
         <MTOW>569000</MTOW>
         <MLW>391000</MLW>
         <MZFW>366000</MZFW>
         <OEW>282500</OEW>
         <MPL>83500</MPL>
         <MFL>254781</MFL>
         <n1>2.5</n1>
         <n3>-1</n3>
         <nf1>2</nf1>
         <nf3>0</nf3>
      </DLM>
   </ALM>
   <Ground>
      <Dimensions>
         <span>79.750</span>
         <length>72.727</length>
      </Dimensions>
      <Runway>
         <TOL>2990</TOL>
         <LDL>2100</LDL>
      </Runway>
   </Ground>
   <ARPM>
      <AeroConfSchedule>
         <AeroPhase>
            <name>TO</name>
            <HLid>3</HLid>
            <LG>UP</LG>
         </AeroPhase>
         <AeroPhase>
            <name>IC</name>
            <HLid>2</HLid>
            <LG>UP</LG>
         </AeroPhase>
         <AeroPhase>
            <name>CR</name>
            <HLid>0</HLid>
            <LG>UP</LG>
         </AeroPhase>
         <AeroPhase>
            <name>AP</name>
            <HLid>3</HLid>
            <LG>UP</LG>
         </AeroPhase>
         <AeroPhase>
            <name>LD</name>
            <HLid>5</HLid>
            <LG>DN</LG>
         </AeroPhase>
      </AeroConfSchedule>
      <SpeedScheduleList>
         <SpeedSchedule>
            <CompanyName>Default</CompanyName>
            <SpeedPhase>
               <name>Climb</name>
               <CAS1>320</CAS1>
               <CAS2>320</CAS2>
               <M>0.85</M>
            </SpeedPhase>
            <SpeedPhase>
               <name>Cruise</name>
               <CAS1>250</CAS1>
               <CAS2>320</CAS2>
               <M>0.85</M>
            </SpeedPhase>
            <SpeedPhase>
               <name>Descent</name>
               <CAS1>300</CAS1>
               <CAS2>300</CAS2>
               <M>0.85</M>
            </SpeedPhase>
         </SpeedSchedule>
      </SpeedScheduleList>
   </ARPM>
</bada40:ACM>