<?xml version="1.0" encoding="utf-8"?>
<bada40:ACM xmlns:bada40="http://www.eurocontrol.int/eec/public/standard_page/bada40">
   <model>EMB-195AR</model>
   <type>JET</type>
   <engine>CF34-10E7</engine>
   <description>ERJ 190-200 IGW</description>
   <ICAO>
      <designator>E190</designator>
      <WTC>M</WTC>
   </ICAO>
   <AFCM>
      <S>92.53</S>
      <Configuration HLid="0">
         <HLPosition>0000</HLPosition>
         <name>flaps 0</name>
         <vfe>320</vfe>
         <LGUP>
            <DPM_clean>
               <M_max>0.82</M_max>
               <scalar>9.835e-007</scalar>
               <CD_clean>
                  <d>-254061.62832087840000000000</d>
                  <d>732561.38202408492000000000</d>
                  <d>-734375.56460000621000000000</d>
                  <d>329811.38831420417000000000</d>
                  <d>-55760.87252839201400000000</d>
                  <d>34856.01825674393300000000</d>
                  <d>-703.47807240557950000000</d>
                  <d>7909.96640247240250000000</d>
                  <d>-3097.86726924756700000000</d>
                  <d>335.70214064539505000000</d>
                  <d>-87.10875358894902800000</d>
                  <d>-5419.63435932235550000000</d>
                  <d>11900.90805121231800000000</d>
                  <d>-8610.25700778846110000000</d>
                  <d>2053.03643835439520000000</d>
               </CD_clean>
            </DPM_clean>
            <BLM_clean>
               <Mmin>0.42</Mmin>
               <Mmax>0.82</Mmax>
               <CL_Mach0>1.3294</CL_Mach0>
               <CL_clean>
                  <bf>-7.77345205423022190000</bf>
                  <bf>64.80202213380930200000</bf>
                  <bf>-172.32768329352697000000</bf>
                  <bf>197.49691167895600000000</bf>
                  <bf>-83.56234440639210000000</bf>
               </CL_clean>
            </BLM_clean>
         </LGUP>
      </Configuration>
      <Configuration HLid="1">
         <HLPosition>1510</HLPosition>
         <name>flaps 2</name>
         <vfe>215</vfe>
         <LGUP>
            <DPM_nonclean>
               <CD_nonclean>
                  <d>0.047037</d>
                  <d>-0.011213</d>
                  <d>0.033517</d>
               </CD_nonclean>
            </DPM_nonclean>
            <BLM>
               <CL_max>2.0627</CL_max>
            </BLM>
         </LGUP>
      </Configuration>
      <Configuration HLid="2">
         <HLPosition>2520</HLPosition>
         <name>flaps 4</name>
         <vfe>180</vfe>
         <LGUP>
            <DPM_nonclean>
               <CD_nonclean>
                  <d>0.068494</d>
                  <d>-0.017917</d>
                  <d>0.033517</d>
               </CD_nonclean>
            </DPM_nonclean>
            <BLM>
               <CL_max>2.6278</CL_max>
            </BLM>
         </LGUP>
      </Configuration>
      <Configuration HLid="3">
         <HLPosition>2537</HLPosition>
         <name>flaps full</name>
         <vfe>165</vfe>
         <LGDN>
            <DPM_nonclean>
               <CD_nonclean>
                  <d>0.12062</d>
                  <d>-0.02462</d>
                  <d>0.033517</d>
               </CD_nonclean>
            </DPM_nonclean>
            <BLM>
               <CL_max>2.7912</CL_max>
            </BLM>
         </LGDN>
      </Configuration>
   </AFCM>
   <PFM>
      <MREF>52300</MREF>
      <LHV>43217000</LHV>
      <rho>810</rho>
      <n_eng>2</n_eng>
      <TFA>9</TFA>
      <TFM>
         <CT>
            <a>0</a>
            <a>-0.09999999999954899100</a>
            <a>0</a>
            <a>0</a>
            <a>0</a>
            <a>0</a>
            <a>0.30000000000384824000</a>
            <a>0</a>
            <a>0</a>
            <a>0</a>
            <a>0</a>
            <a>0</a>
            <a>0</a>
            <a>0</a>
            <a>0</a>
            <a>0</a>
            <a>0</a>
            <a>0</a>
            <a>0</a>
            <a>0</a>
            <a>0</a>
            <a>0</a>
            <a>0</a>
            <a>0</a>
            <a>0</a>
            <a>0</a>
            <a>0</a>
            <a>0</a>
            <a>0</a>
            <a>0</a>
            <a>0</a>
            <a>0</a>
            <a>0</a>
            <a>0</a>
            <a>0</a>
            <a>0</a>
         </CT>
         <CF>
            <f>0.01150093877000281500</f>
            <f>0.60103100605280557000</f>
            <f>13.16352366869404400000</f>
            <f>-83.60514657102899600000</f>
            <f>158.15116647455886000000</f>
            <f>0.11824455513612743000</f>
            <f>2.40321220864766970000</f>
            <f>-23.31979783489599400000</f>
            <f>131.60553409281258000000</f>
            <f>-219.05788079293137000000</f>
            <f>0</f>
            <f>0</f>
            <f>0</f>
            <f>0</f>
            <f>0</f>
            <f>0</f>
            <f>0</f>
            <f>0</f>
            <f>0</f>
            <f>0</f>
            <f>0</f>
            <f>0</f>
            <f>0</f>
            <f>0</f>
            <f>0</f>
         </CF>
         <MCMB>
            <kink>10</kink>
            <flat_rating>
               <b>-2.20597673158943450000</b>
               <b>7.63396517550085640000</b>
               <b>-4.77962017551443720000</b>
               <b>0</b>
               <b>0</b>
               <b>0</b>
               <b>20.10182854944933000000</b>
               <b>-43.12822884723784300000</b>
               <b>33.92622004033484700000</b>
               <b>0</b>
               <b>0</b>
               <b>0</b>
               <b>-53.43179416827893400000</b>
               <b>125.38354500463595000000</b>
               <b>-133.62745244468329000000</b>
               <b>0</b>
               <b>0</b>
               <b>0</b>
               <b>82.50038229675604400000</b>
               <b>-249.85985349718638000000</b>
               <b>315.64308585622189000000</b>
               <b>0</b>
               <b>0</b>
               <b>0</b>
               <b>-72.47978892134308600000</b>
               <b>272.22634216035863000000</b>
               <b>-361.48619901781956000000</b>
               <b>0</b>
               <b>0</b>
               <b>0</b>
               <b>26.66414428173257500000</b>
               <b>-114.04531694810808000000</b>
               <b>152.44066992727963000000</b>
               <b>0</b>
               <b>0</b>
               <b>0</b>
            </flat_rating>
            <temp_rating>
               <c>191.00648298933569000000</c>
               <c>-1012.15159758003240000000</c>
               <c>1112.22953105841430000000</c>
               <c>0</c>
               <c>0</c>
               <c>-738.92406271535060000000</c>
               <c>3959.53691569918780000000</c>
               <c>-4384.12418483432610000000</c>
               <c>0</c>
               <c>0</c>
               <c>1070.06828268008350000000</c>
               <c>-5777.99772181631940000000</c>
               <c>6465.20454759945640000000</c>
               <c>0</c>
               <c>0</c>
               <c>-692.84833355799526000000</c>
               <c>3750.34026078043690000000</c>
               <c>-4239.24605462878570000000</c>
               <c>0</c>
               <c>0</c>
               <c>168.68211423468202000000</c>
               <c>-913.24276842645872000000</c>
               <c>1042.39230578442150000000</c>
               <c>0</c>
               <c>0</c>
               <c>13.73258462984461500000</c>
               <c>-28.05750981875836900000</c>
               <c>14.79553567906020100000</c>
               <c>0</c>
               <c>0</c>
               <c>-23.36954803814702300000</c>
               <c>37.94813930759447400000</c>
               <c>-12.45344715850519000000</c>
               <c>0</c>
               <c>0</c>
               <c>17.57944289244572300000</c>
               <c>-19.84931271496081000000</c>
               <c>-1.11277124582687880000</c>
               <c>0</c>
               <c>0</c>
               <c>-4.93809610623276550000</c>
               <c>2.92335218079749910000</c>
               <c>3.20041457890007710000</c>
               <c>0</c>
               <c>0</c>
            </temp_rating>
         </MCMB>
         <LIDL>
            <CT>
               <ti>0.05472676160312023300</ti>
               <ti>-0.25429485772054694000</ti>
               <ti>0.47354874361419941000</ti>
               <ti>-0.25502064034991168000</ti>
               <ti>-0.11250821883822329000</ti>
               <ti>0.80731431139183552000</ti>
               <ti>-1.77868130203097150000</ti>
               <ti>0.99008271290146788000</ti>
               <ti>0.07960627355492078100</ti>
               <ti>-0.74259469591721117000</ti>
               <ti>1.63234404516000290000</ti>
               <ti>-0.87017422528646493000</ti>
            </CT>
            <CF>
               <fi>0.02231733543688385600</fi>
               <fi>0.02191271190746956600</fi>
               <fi>-0.00912186535947654040</fi>
               <fi>0.03136717202206035200</fi>
               <fi>-0.05396263342761006800</fi>
               <fi>0.06551728282199845200</fi>
               <fi>-0.02623596949095629400</fi>
               <fi>0.00954357415546659880</fi>
               <fi>0.00940084340664216690</fi>
            </CF>
         </LIDL>
         <throttle>
            <low>0.6448844826</low>
            <high>1.316337174</high>
         </throttle>
      </TFM>
   </PFM>
   <OPM>
      <LGO>
         <Transition>
            <from>0</from>
            <to>1</to>
            <time>20</time>
         </Transition>
         <Transition>
            <from>1</from>
            <to>0</to>
            <time>10</time>
         </Transition>
      </LGO>
      <HLO>
         <Transition>
            <from>0</from>
            <to>1</to>
            <time>6</time>
         </Transition>
         <Transition>
            <from>1</from>
            <to>2</to>
            <time>6</time>
         </Transition>
         <Transition>
            <from>2</from>
            <to>3</to>
            <time>6</time>
         </Transition>
         <Transition>
            <from>3</from>
            <to>2</to>
            <time>6</time>
         </Transition>
         <Transition>
            <from>2</from>
            <to>1</to>
            <time>6</time>
         </Transition>
         <Transition>
            <from>1</from>
            <to>0</to>
            <time>6</time>
         </Transition>
      </HLO>
   </OPM>
   <ALM>
      <GLM>
         <hmo>41000</hmo>
         <mfa>20000</mfa>
      </GLM>
      <KLM>
         <mmo>0.82</mmo>
         <vmo>320</vmo>
         <vle>265</vle>
         <vloe>265</vloe>
         <vlor>235</vlor>
      </KLM>
      <ELM>
         <Tmin_f>
            <point>
               <Hp>-1000</Hp>
               <DeltaT>-71</DeltaT>
            </point>
            <point>
               <Hp>25000</Hp>
               <DeltaT>-19.5</DeltaT>
            </point>
            <point>
               <Hp>36089</Hp>
               <DeltaT>-8.5</DeltaT>
            </point>
            <point>
               <Hp>41000</Hp>
               <DeltaT>-8.5</DeltaT>
            </point>
         </Tmin_f>
         <Tmax_f>
            <point>
               <Hp>-1000</Hp>
               <DeltaT>35</DeltaT>
            </point>
            <point>
               <Hp>41000</Hp>
               <DeltaT>35</DeltaT>
            </point>
         </Tmax_f>
         <Tmin_g>
            <point>
               <Hp>-1000</Hp>
               <DeltaT>-57</DeltaT>
            </point>
            <point>
               <Hp>10000</Hp>
               <DeltaT>-35.2</DeltaT>
            </point>
         </Tmin_g>
         <Tmax_g>
            <point>
               <Hp>-1000</Hp>
               <DeltaT>35</DeltaT>
            </point>
            <point>
               <Hp>10000</Hp>
               <DeltaT>35</DeltaT>
            </point>
         </Tmax_g>
      </ELM>
      <DLM>
         <MTW>52450</MTW>
         <MTOW>52290</MTOW>
         <MLW>45800</MLW>
         <MZFW>42600</MZFW>
         <OEW>28667</OEW>
         <MPL>13933</MPL>
         <MFL>13100</MFL>
         <n1>2.5</n1>
         <n3>-1</n3>
         <nf1>2</nf1>
         <nf3>0</nf3>
      </DLM>
   </ALM>
   <Ground>
      <Dimensions>
         <span>28.72</span>
         <length>38.67</length>
      </Dimensions>
      <Runway>
         <TOL>2179</TOL>
         <LDL>1275</LDL>
      </Runway>
   </Ground>
   <ARPM>
      <AeroConfSchedule>
         <AeroPhase>
            <name>TO</name>
            <HLid>1</HLid>
            <LG>UP</LG>
         </AeroPhase>
         <AeroPhase>
            <name>IC</name>
            <HLid>1</HLid>
            <LG>UP</LG>
         </AeroPhase>
         <AeroPhase>
            <name>CR</name>
            <HLid>0</HLid>
            <LG>UP</LG>
         </AeroPhase>
         <AeroPhase>
            <name>AP</name>
            <HLid>2</HLid>
            <LG>UP</LG>
         </AeroPhase>
         <AeroPhase>
            <name>LD</name>
            <HLid>3</HLid>
            <LG>DN</LG>
         </AeroPhase>
      </AeroConfSchedule>
      <SpeedScheduleList>
         <SpeedSchedule>
            <CompanyName>Default</CompanyName>
            <SpeedPhase>
               <name>Climb</name>
               <CAS1>250</CAS1>
               <CAS2>290</CAS2>
               <M>0.75</M>
            </SpeedPhase>
            <SpeedPhase>
               <name>Cruise</name>
               <CAS1>250</CAS1>
               <CAS2>290</CAS2>
               <M>0.75</M>
            </SpeedPhase>
            <SpeedPhase>
               <name>Descent</name>
               <CAS1>250</CAS1>
               <CAS2>290</CAS2>
               <M>0.77</M>
            </SpeedPhase>
         </SpeedSchedule>
      </SpeedScheduleList>
   </ARPM>
</bada40:ACM>