<?xml version="1.0" encoding="utf-8"?>
<bada40:ACM xmlns:bada40="http://www.eurocontrol.int/eec/public/standard_page/bada40">
   <model>787-8</model>
   <type>JET</type>
   <engine>Trent 1000-AE</engine>
   <description/>
   <ICAO>
      <designator>B788</designator>
      <WTC>H</WTC>
   </ICAO>
   <AFCM>
      <S>360.46379520000005000000</S>
      <Configuration HLid="0">
         <HLPosition>0000</HLPosition>
         <name>flaps  0</name>
         <vfe>350</vfe>
         <LGUP>
            <DPM_clean>
               <M_max>0.90000</M_max>
               <scalar>9.835e-007</scalar>
               <CD_clean>
                  <d>105079.13149822831000000000</d>
                  <d>-229707.75139329734000000000</d>
                  <d>214699.38651702736000000000</d>
                  <d>-88137.78984853874100000000</d>
                  <d>13577.02218165300700000000</d>
                  <d>34175.92302959030300000000</d>
                  <d>6581.71995182769300000000</d>
                  <d>-2957.26490535897480000000</d>
                  <d>352.39889029778294000000</d>
                  <d>-11.51591557554916000000</d>
                  <d>2809.92704835646240000000</d>
                  <d>3087.77959952252470000000</d>
                  <d>-4325.00423116112050000000</d>
                  <d>2031.88532498715020000000</d>
                  <d>-319.07174511711577000000</d>
               </CD_clean>
            </DPM_clean>
            <BLM_clean>
               <Mmin>0.20000</Mmin>
               <Mmax>0.90000</Mmax>
               <CL_Mach0>0.94854403110464103000</CL_Mach0>
               <CL_clean>
                  <bf>0.72791157056869626000</bf>
                  <bf>7.00747687772456640000</bf>
                  <bf>-29.49624469350723300000</bf>
                  <bf>42.75276010637230000000</bf>
                  <bf>-20.76739815148994900000</bf>
               </CL_clean>
            </BLM_clean>
         </LGUP>
         <LGDN>
            <DPM_nonclean>
               <CD_nonclean>
                  <d>0.04862464535464543900</d>
                  <d>-0.02786753246753267300</d>
                  <d>0.06366433566433581100</d>
               </CD_nonclean>
            </DPM_nonclean>
            <BLM>
               <CL_max>0.94854403110464103000</CL_max>
            </BLM>
         </LGDN>
      </Configuration>
      <Configuration HLid="1">
         <HLPosition>0001</HLPosition>
         <name>flaps 1</name>
         <vfe>250</vfe>
         <LGUP>
            <DPM_nonclean>
               <CD_nonclean>
                  <d>0.02557294315898922200</d>
                  <d>-0.03191083412944808300</d>
                  <d>0.06763474916404342600</d>
               </CD_nonclean>
            </DPM_nonclean>
            <BLM>
               <CL_max>1.40598580088065560000</CL_max>
            </BLM>
         </LGUP>
         <LGDN>
            <DPM_nonclean>
               <CD_nonclean>
                  <d>0.05501209100343991400</d>
                  <d>-0.03947886413248150700</d>
                  <d>0.06888684021167663900</d>
               </CD_nonclean>
            </DPM_nonclean>
            <BLM>
               <CL_max>1.40598580088065560000</CL_max>
            </BLM>
         </LGDN>
      </Configuration>
      <Configuration HLid="2">
         <HLPosition>0005</HLPosition>
         <name>flaps 5</name>
         <vfe>230</vfe>
         <LGUP>
            <DPM_nonclean>
               <CD_nonclean>
                  <d>0.04824397737765821800</d>
                  <d>-0.06092146093416685200</d>
                  <d>0.07250302931279557800</d>
               </CD_nonclean>
            </DPM_nonclean>
            <BLM>
               <CL_max>1.74998353003314810000</CL_max>
            </BLM>
         </LGUP>
         <LGDN>
            <DPM_nonclean>
               <CD_nonclean>
                  <d>0.07953854334937228400</d>
                  <d>-0.07673994405440530400</d>
                  <d>0.07738304958506317400</d>
               </CD_nonclean>
            </DPM_nonclean>
            <BLM>
               <CL_max>1.74998353003314810000</CL_max>
            </BLM>
         </LGDN>
      </Configuration>
      <Configuration HLid="3">
         <HLPosition>0015</HLPosition>
         <name>flaps 15</name>
         <vfe>215</vfe>
         <LGUP>
            <DPM_nonclean>
               <CD_nonclean>
                  <d>0.05981129814139683800</d>
                  <d>-0.07227905801457291900</d>
                  <d>0.07453574096987121400</d>
               </CD_nonclean>
            </DPM_nonclean>
            <BLM>
               <CL_max>1.82365905191389510000</CL_max>
            </BLM>
         </LGUP>
         <LGDN>
            <DPM_nonclean>
               <CD_nonclean>
                  <d>0.09444421578421569000</d>
                  <d>-0.09664025974025959600</d>
                  <d>0.08321778221778215700</d>
               </CD_nonclean>
            </DPM_nonclean>
            <BLM>
               <CL_max>1.82365905191389510000</CL_max>
            </BLM>
         </LGDN>
      </Configuration>
      <Configuration HLid="4">
         <HLPosition>0020</HLPosition>
         <name>flaps 20</name>
         <vfe>210</vfe>
         <LGUP>
            <DPM_nonclean>
               <CD_nonclean>
                  <d>0.07657146087580762900</d>
                  <d>-0.06768953098827471000</d>
                  <d>0.06647331897583153000</d>
               </CD_nonclean>
            </DPM_nonclean>
            <BLM>
               <CL_max>1.93857717206202620000</CL_max>
            </BLM>
         </LGUP>
         <LGDN>
            <DPM_nonclean>
               <CD_nonclean>
                  <d>0.10154823779795703000</d>
                  <d>-0.07946923139289792400</d>
                  <d>0.07059254905140272000</d>
               </CD_nonclean>
            </DPM_nonclean>
            <BLM>
               <CL_max>1.95097411679769330000</CL_max>
            </BLM>
         </LGDN>
      </Configuration>
      <Configuration HLid="5">
         <HLPosition>0025</HLPosition>
         <name>flaps 25</name>
         <vfe>180</vfe>
         <LGDN>
            <DPM_nonclean>
               <CD_nonclean>
                  <d>0.13634547212047801000</d>
                  <d>-0.12673610466452312000</d>
                  <d>0.09132407038143927600</d>
               </CD_nonclean>
            </DPM_nonclean>
            <BLM>
               <CL_max>2.05121525586516910000</CL_max>
            </BLM>
         </LGDN>
      </Configuration>
      <Configuration HLid="6">
         <HLPosition>0030</HLPosition>
         <name>flaps 30</name>
         <vfe>170</vfe>
         <LGDN>
            <DPM_nonclean>
               <CD_nonclean>
                  <d>0.22843519741848675000</d>
                  <d>-0.22200836196939727000</d>
                  <d>0.11722632551832254000</d>
               </CD_nonclean>
            </DPM_nonclean>
            <BLM>
               <CL_max>2.06132389890405450000</CL_max>
            </BLM>
         </LGDN>
      </Configuration>
   </AFCM>
   <PFM>
      <MREF>227930</MREF>
      <LHV>43217000</LHV>
      <rho>810</rho>
      <n_eng>2</n_eng>
      <TFA>18.9</TFA>
      <TFM>
         <CT>
            <a>0.00000000000000000000</a>
            <a>-0.10000000001586140000</a>
            <a>0.00000000000000000000</a>
            <a>0.00000000000000000000</a>
            <a>0.00000000000000000000</a>
            <a>0.00000000000000000000</a>
            <a>0.30000000002939109000</a>
            <a>0.00000000000000000000</a>
            <a>0.00000000000000000000</a>
            <a>0.00000000000000000000</a>
            <a>0.00000000000000000000</a>
            <a>0.00000000000000000000</a>
            <a>0.00000000000000000000</a>
            <a>0.00000000000000000000</a>
            <a>0.00000000000000000000</a>
            <a>0.00000000000000000000</a>
            <a>0.00000000000000000000</a>
            <a>0.00000000000000000000</a>
            <a>0.00000000000000000000</a>
            <a>0.00000000000000000000</a>
            <a>0.00000000000000000000</a>
            <a>0.00000000000000000000</a>
            <a>0.00000000000000000000</a>
            <a>0.00000000000000000000</a>
            <a>0.00000000000000000000</a>
            <a>0.00000000000000000000</a>
            <a>0.00000000000000000000</a>
            <a>0.00000000000000000000</a>
            <a>0.00000000000000000000</a>
            <a>0.00000000000000000000</a>
            <a>0.00000000000000000000</a>
            <a>0.00000000000000000000</a>
            <a>0.00000000000000000000</a>
            <a>0.00000000000000000000</a>
            <a>0.00000000000000000000</a>
            <a>0.00000000000000000000</a>
         </CT>
         <CF>
            <f>-0.00076190768623648163</f>
            <f>1.41546248544729920000</f>
            <f>-10.82694477640027500000</f>
            <f>61.22328452754009500000</f>
            <f>-96.57754260168145800000</f>
            <f>0.07040045837684452700</f>
            <f>-0.42324176943614261000</f>
            <f>29.35871256410833400000</f>
            <f>-167.73320610172226000000</f>
            <f>302.05902353423062000000</f>
            <f>0.00000000000000000000</f>
            <f>0.00000000000000000000</f>
            <f>0.00000000000000000000</f>
            <f>0.00000000000000000000</f>
            <f>0.00000000000000000000</f>
            <f>0.00000000000000000000</f>
            <f>0.00000000000000000000</f>
            <f>0.00000000000000000000</f>
            <f>0.00000000000000000000</f>
            <f>0.00000000000000000000</f>
            <f>0.00000000000000000000</f>
            <f>0.00000000000000000000</f>
            <f>0.00000000000000000000</f>
            <f>0.00000000000000000000</f>
            <f>0.00000000000000000000</f>
         </CF>
         <MCRZ>
            <kink>10</kink>
            <flat_rating>
               <b>1.66552986971613160000</b>
               <b>-3.16291453682061350000</b>
               <b>2.50435272449987470000</b>
               <b>0.00000000000000000000</b>
               <b>0.00000000000000000000</b>
               <b>0.00000000000000000000</b>
               <b>-8.16887629542848610000</b>
               <b>29.26121790743249200000</b>
               <b>-18.32507862001618200000</b>
               <b>0.00000000000000000000</b>
               <b>0.00000000000000000000</b>
               <b>0.00000000000000000000</b>
               <b>28.40822808566948900000</b>
               <b>-96.73001778870030900000</b>
               <b>55.07741650340184900000</b>
               <b>0.00000000000000000000</b>
               <b>0.00000000000000000000</b>
               <b>0.00000000000000000000</b>
               <b>-47.43408238693594800000</b>
               <b>156.18326129136443000000</b>
               <b>-88.97508047423694700000</b>
               <b>0.00000000000000000000</b>
               <b>0.00000000000000000000</b>
               <b>0.00000000000000000000</b>
               <b>38.82638672152138100000</b>
               <b>-128.03568763448899000000</b>
               <b>76.41625111798029500000</b>
               <b>0.00000000000000000000</b>
               <b>0.00000000000000000000</b>
               <b>0.00000000000000000000</b>
               <b>-12.69023596139308200000</b>
               <b>42.72863055521811800000</b>
               <b>-27.07099859037639800000</b>
               <b>0.00000000000000000000</b>
               <b>0.00000000000000000000</b>
               <b>0.00000000000000000000</b>
            </flat_rating>
            <temp_rating>
               <c>-4.32037823261072610000</c>
               <c>-312.63061961361558000000</c>
               <c>535.89595128258168000000</c>
               <c>0.00000000000000000000</c>
               <c>0.00000000000000000000</c>
               <c>62.74967534153820000000</c>
               <c>1087.81977536006800000000</c>
               <c>-2005.51495866934210000000</c>
               <c>0.00000000000000000000</c>
               <c>0.00000000000000000000</c>
               <c>-154.71745227335299000000</c>
               <c>-1384.91323656130840000000</c>
               <c>2795.45688704711620000000</c>
               <c>0.00000000000000000000</c>
               <c>0.00000000000000000000</c>
               <c>140.51270909425088000000</c>
               <c>755.48678024087997000000</c>
               <c>-1712.36261495095100000000</c>
               <c>0.00000000000000000000</c>
               <c>0.00000000000000000000</c>
               <c>-44.45567324892001400000</c>
               <c>-145.31467981230625000000</c>
               <c>387.25528076640677000000</c>
               <c>0.00000000000000000000</c>
               <c>0.00000000000000000000</c>
               <c>2.64218203702337330000</c>
               <c>3.09058182660298100000</c>
               <c>-5.52769208352495140000</c>
               <c>0.00000000000000000000</c>
               <c>0.00000000000000000000</c>
               <c>-1.47063100475274070000</c>
               <c>-17.74265803345799200000</c>
               <c>20.87496947048936500000</c>
               <c>0.00000000000000000000</c>
               <c>0.00000000000000000000</c>
               <c>-1.47447679939113160000</c>
               <c>26.37187471380404000000</c>
               <c>-29.72768548352413000000</c>
               <c>0.00000000000000000000</c>
               <c>0.00000000000000000000</c>
               <c>1.48139020794045370000</c>
               <c>-13.10499715404329100000</c>
               <c>14.91380138511909000000</c>
               <c>0.00000000000000000000</c>
               <c>0.00000000000000000000</c>
            </temp_rating>
         </MCRZ>
         <MCMB>
            <kink>10</kink>
            <flat_rating>
               <b>1.24221489912295380000</b>
               <b>-1.70847998352341370000</b>
               <b>1.41341562467772500000</b>
               <b>0.00000000000000000000</b>
               <b>0.00000000000000000000</b>
               <b>0.00000000000000000000</b>
               <b>-3.80523597895758050000</b>
               <b>15.52348231814549400000</b>
               <b>-7.54761450527547510000</b>
               <b>0.00000000000000000000</b>
               <b>0.00000000000000000000</b>
               <b>0.00000000000000000000</b>
               <b>13.27169598470069000000</b>
               <b>-46.91328953871655500000</b>
               <b>14.20876124554991900000</b>
               <b>0.00000000000000000000</b>
               <b>0.00000000000000000000</b>
               <b>0.00000000000000000000</b>
               <b>-21.94760097172882500000</b>
               <b>68.72854932092157300000</b>
               <b>-14.83978386228859300000</b>
               <b>0.00000000000000000000</b>
               <b>0.00000000000000000000</b>
               <b>0.00000000000000000000</b>
               <b>17.97236396889317700000</b>
               <b>-54.04860428038075800000</b>
               <b>11.99198219845073900000</b>
               <b>0.00000000000000000000</b>
               <b>0.00000000000000000000</b>
               <b>0.00000000000000000000</b>
               <b>-6.05428279024731180000</b>
               <b>18.53687311339805200000</b>
               <b>-5.50246422935540380000</b>
               <b>0.00000000000000000000</b>
               <b>0.00000000000000000000</b>
               <b>0.00000000000000000000</b>
            </flat_rating>
            <temp_rating>
               <c>-65.25489563647974500000</c>
               <c>-132.85610493719446000000</c>
               <c>404.30284756759045000000</c>
               <c>0.00000000000000000000</c>
               <c>0.00000000000000000000</c>
               <c>315.24126288097966000000</c>
               <c>334.27551453924582000000</c>
               <c>-1447.62414246900270000000</c>
               <c>0.00000000000000000000</c>
               <c>0.00000000000000000000</c>
               <c>-545.28302800383688000000</c>
               <c>-205.40394824210964000000</c>
               <c>1913.27313223985520000000</c>
               <c>0.00000000000000000000</c>
               <c>0.00000000000000000000</c>
               <c>407.60162953862351000000</c>
               <c>-60.70441035822221200000</c>
               <c>-1095.91708518979250000000</c>
               <c>0.00000000000000000000</c>
               <c>0.00000000000000000000</c>
               <c>-112.66930718310637000000</c>
               <c>65.50431094909502900000</c>
               <c>226.52082976628682000000</c>
               <c>0.00000000000000000000</c>
               <c>0.00000000000000000000</c>
               <c>3.63119314232734910000</c>
               <c>1.04669249710050210000</c>
               <c>-4.65308127474281450000</c>
               <c>0.00000000000000000000</c>
               <c>0.00000000000000000000</c>
               <c>-3.42305009218791590000</c>
               <c>-14.12656794765137200000</c>
               <c>20.08078941025386400000</c>
               <c>0.00000000000000000000</c>
               <c>0.00000000000000000000</c>
               <c>0.18710518478809735000</c>
               <c>24.01692327746325300000</c>
               <c>-30.50775999405647800000</c>
               <c>0.00000000000000000000</c>
               <c>0.00000000000000000000</c>
               <c>0.99293311962824538000</c>
               <c>-12.81922953692996400000</c>
               <c>15.92716311468953100000</c>
               <c>0.00000000000000000000</c>
               <c>0.00000000000000000000</c>
            </temp_rating>
         </MCMB>
         <MTKF>
            <kink>10</kink>
            <flat_rating>
               <b>35.31798066682244300000</b>
               <b>-159.81120617127010000000</b>
               <b>178.68804852447843000000</b>
               <b>0.00000000000000000000</b>
               <b>0.00000000000000000000</b>
               <b>0.00000000000000000000</b>
               <b>-295.76766755147514000000</b>
               <b>1368.62541756381710000000</b>
               <b>-1530.95274825354480000000</b>
               <b>0.00000000000000000000</b>
               <b>0.00000000000000000000</b>
               <b>0.00000000000000000000</b>
               <b>969.45807685654324000000</b>
               <b>-4493.47565409350320000000</b>
               <b>5053.37702858251490000000</b>
               <b>0.00000000000000000000</b>
               <b>0.00000000000000000000</b>
               <b>0.00000000000000000000</b>
               <b>-1526.36084739098420000000</b>
               <b>7106.26128682777020000000</b>
               <b>-8051.79556416046490000000</b>
               <b>0.00000000000000000000</b>
               <b>0.00000000000000000000</b>
               <b>0.00000000000000000000</b>
               <b>1161.64654472114100000000</b>
               <b>-5440.99200139503590000000</b>
               <b>6211.98507150503700000000</b>
               <b>0.00000000000000000000</b>
               <b>0.00000000000000000000</b>
               <b>0.00000000000000000000</b>
               <b>-343.65573396964112000000</b>
               <b>1620.19539884178310000000</b>
               <b>-1862.92647340402660000000</b>
               <b>0.00000000000000000000</b>
               <b>0.00000000000000000000</b>
               <b>0.00000000000000000000</b>
            </flat_rating>
            <temp_rating>
               <c>3396.50702195414670000000</c>
               <c>-15673.67122177398400000000</c>
               <c>16749.53169668055900000000</c>
               <c>0.00000000000000000000</c>
               <c>0.00000000000000000000</c>
               <c>-12907.32290063283800000000</c>
               <c>59943.68041580011000000000</c>
               <c>-64343.24293483120700000000</c>
               <c>0.00000000000000000000</c>
               <c>0.00000000000000000000</c>
               <c>18433.45501153339900000000</c>
               <c>-86092.44028645791700000000</c>
               <c>92791.72631453911900000000</c>
               <c>0.00000000000000000000</c>
               <c>0.00000000000000000000</c>
               <c>-11688.25490721090300000000</c>
               <c>54886.58100340033700000000</c>
               <c>-59401.97139020586500000000</c>
               <c>0.00000000000000000000</c>
               <c>0.00000000000000000000</c>
               <c>2776.19695803430160000000</c>
               <c>-13106.22709984628100000000</c>
               <c>14242.81738098782800000000</c>
               <c>0.00000000000000000000</c>
               <c>0.00000000000000000000</c>
               <c>-73.24545328135506800000</c>
               <c>301.34367817159318000000</c>
               <c>-274.84809992129561000000</c>
               <c>0.00000000000000000000</c>
               <c>0.00000000000000000000</c>
               <c>186.33859723466597000000</c>
               <c>-755.61215421816746000000</c>
               <c>692.79266932085602000000</c>
               <c>0.00000000000000000000</c>
               <c>0.00000000000000000000</c>
               <c>-195.16474633403303000000</c>
               <c>789.04348159684378000000</c>
               <c>-729.85130624150656000000</c>
               <c>0.00000000000000000000</c>
               <c>0.00000000000000000000</c>
               <c>72.37399804723024500000</c>
               <c>-292.82969832466807000000</c>
               <c>272.99677742803073000000</c>
               <c>0.00000000000000000000</c>
               <c>0.00000000000000000000</c>
            </temp_rating>
         </MTKF>
         <LIDL>
            <CT>
               <ti>0.05054239289777091200</ti>
               <ti>-0.17966368987050590000</ti>
               <ti>0.19652431753936858000</ti>
               <ti>-0.08828153415339651300</ti>
               <ti>-0.13574156164810089000</ti>
               <ti>0.54516258682904184000</ti>
               <ti>-0.58042540318314284000</ti>
               <ti>0.29063527555384705000</ti>
               <ti>0.07585473795838006100</ti>
               <ti>-0.30048244755526310000</ti>
               <ti>0.09865317408742151100</ti>
               <ti>-0.06886476265829039000</ti>
            </CT>
            <CF>
               <fi>0.07806314110094085500</fi>
               <fi>-0.15725832331781231000</fi>
               <fi>0.08956135445100604800</fi>
               <fi>-0.16334926153873344000</fi>
               <fi>0.34660329327826622000</fi>
               <fi>-0.12724705397928576000</fi>
               <fi>0.07992914335664184900</fi>
               <fi>-0.09284729159782932600</fi>
               <fi>-0.06606044864467104600</fi>
            </CF>
         </LIDL>
         <throttle>
            <low>0.50247070872330823000</low>
            <high>1.15622153257889360000</high>
         </throttle>
      </TFM>
   </PFM>
   <OPM>
      <LGO>
         <Transition>
            <from>0</from>
            <to>1</to>
            <time>20</time>
         </Transition>
         <Transition>
            <from>1</from>
            <to>0</to>
            <time>20</time>
         </Transition>
      </LGO>
      <HLO>
         <Transition>
            <from>0</from>
            <to>1</to>
            <time>13.9</time>
         </Transition>
         <Transition>
            <from>1</from>
            <to>2</to>
            <time>15.4</time>
         </Transition>
         <Transition>
            <from>2</from>
            <to>3</to>
            <time>8.2</time>
         </Transition>
         <Transition>
            <from>3</from>
            <to>4</to>
            <time>6.3</time>
         </Transition>
         <Transition>
            <from>4</from>
            <to>5</to>
            <time>7.2</time>
         </Transition>
         <Transition>
            <from>5</from>
            <to>6</to>
            <time>6.6</time>
         </Transition>
         <Transition>
            <from>6</from>
            <to>5</to>
            <time>6.6</time>
         </Transition>
         <Transition>
            <from>5</from>
            <to>4</to>
            <time>7.2</time>
         </Transition>
         <Transition>
            <from>4</from>
            <to>3</to>
            <time>6.3</time>
         </Transition>
         <Transition>
            <from>3</from>
            <to>2</to>
            <time>8.2</time>
         </Transition>
         <Transition>
            <from>2</from>
            <to>1</to>
            <time>15.4</time>
         </Transition>
         <Transition>
            <from>1</from>
            <to>0</to>
            <time>13.9</time>
         </Transition>
      </HLO>
   </OPM>
   <ALM>
      <GLM>
         <hmo>43100</hmo>
         <mfa>20000</mfa>
      </GLM>
      <KLM>
         <mmo>0.9</mmo>
         <vmo>350</vmo>
         <mle>0.82</mle>
         <vle>270</vle>
         <mlo>0.82</mlo>
         <vloe>270</vloe>
         <vlor>270</vlor>
      </KLM>
      <ELM>
         <Tmin_f>
            <point>
               <Hp>-2000.0</Hp>
               <DeltaT>-81.00000000000000000000</DeltaT>
            </point>
            <point>
               <Hp>0.0</Hp>
               <DeltaT>-77.00000000000000000000</DeltaT>
            </point>
            <point>
               <Hp>32808.0</Hp>
               <DeltaT>-30.00000000000000000000</DeltaT>
            </point>
            <point>
               <Hp>36089.0</Hp>
               <DeltaT>-23.50000000000000000000</DeltaT>
            </point>
            <point>
               <Hp>43100.0</Hp>
               <DeltaT>-23.50000000000000000000</DeltaT>
            </point>
         </Tmin_f>
         <Tmax_f>
            <point>
               <Hp>-2000.0</Hp>
               <DeltaT>35.03999999999999900000</DeltaT>
            </point>
            <point>
               <Hp>0.0</Hp>
               <DeltaT>39.39999999999999900000</DeltaT>
            </point>
            <point>
               <Hp>10000.0</Hp>
               <DeltaT>39.39999999999999900000</DeltaT>
            </point>
            <point>
               <Hp>10001.0</Hp>
               <DeltaT>34.00000000000000000000</DeltaT>
            </point>
            <point>
               <Hp>36089.0</Hp>
               <DeltaT>34.00000000000000000000</DeltaT>
            </point>
            <point>
               <Hp>43100.0</Hp>
               <DeltaT>20.00000000000000000000</DeltaT>
            </point>
         </Tmax_f>
         <Tmin_g>
            <point>
               <Hp>-2000.0</Hp>
               <DeltaT>-73.00000000000000000000</DeltaT>
            </point>
            <point>
               <Hp>6500.0</Hp>
               <DeltaT>-56.00000000000000000000</DeltaT>
            </point>
            <point>
               <Hp>8500.0</Hp>
               <DeltaT>-43.00000000000000000000</DeltaT>
            </point>
         </Tmin_g>
         <Tmax_g>
            <point>
               <Hp>-2000.0</Hp>
               <DeltaT>35.03999999999999900000</DeltaT>
            </point>
            <point>
               <Hp>0.0</Hp>
               <DeltaT>39.39999999999999900000</DeltaT>
            </point>
            <point>
               <Hp>8500.0</Hp>
               <DeltaT>39.39999999999999900000</DeltaT>
            </point>
         </Tmax_g>
      </ELM>
      <DLM>
         <MTW>228384</MTW>
         <MTOW>227930</MTOW>
         <MLW>172365</MLW>
         <MZFW>161025</MZFW>
         <OEW>111493</OEW>
         <MPL>43091</MPL>
         <MFL>126903</MFL>
         <n1>2.5</n1>
         <n3>-1</n3>
         <nf1>2</nf1>
         <nf3>0</nf3>
      </DLM>
   </ALM>
   <Ground>
      <Dimensions>
         <span>60.12</span>
         <length>56.72</length>
      </Dimensions>
      <Runway>
         <TOL>2820</TOL>
         <LDL>1520</LDL>
      </Runway>
   </Ground>
   <ARPM>
      <AeroConfSchedule>
         <AeroPhase>
            <name>TO</name>
            <HLid>2</HLid>
            <LG>UP</LG>
         </AeroPhase>
         <AeroPhase>
            <name>IC</name>
            <HLid>1</HLid>
            <LG>UP</LG>
         </AeroPhase>
         <AeroPhase>
            <name>CR</name>
            <HLid>0</HLid>
            <LG>UP</LG>
         </AeroPhase>
         <AeroPhase>
            <name>AP</name>
            <HLid>3</HLid>
            <LG>UP</LG>
         </AeroPhase>
         <AeroPhase>
            <name>LD</name>
            <HLid>6</HLid>
            <LG>DN</LG>
         </AeroPhase>
      </AeroConfSchedule>
      <SpeedScheduleList>
         <SpeedSchedule>
            <CompanyName>Default</CompanyName>
            <SpeedPhase>
               <name>Climb</name>
               <CAS1>310</CAS1>
               <CAS2>310</CAS2>
               <M>0.84</M>
            </SpeedPhase>
            <SpeedPhase>
               <name>Cruise</name>
               <CAS1>310</CAS1>
               <CAS2>310</CAS2>
               <M>0.84</M>
            </SpeedPhase>
            <SpeedPhase>
               <name>Descent</name>
               <CAS1>310</CAS1>
               <CAS2>310</CAS2>
               <M>0.84</M>
            </SpeedPhase>
         </SpeedSchedule>
      </SpeedScheduleList>
   </ARPM>
</bada40:ACM>