<?xml version="1.0" encoding="utf-8"?>
<bada40:ACM xmlns:bada40="http://www.eurocontrol.int/eec/public/standard_page/bada40">
   <model>A310-222</model>
   <type>JET</type>
   <engine>JT9D-7R4E1 (AI600)</engine>
   <description/>
   <ICAO>
      <designator>A310</designator>
      <WTC>H</WTC>
   </ICAO>
   <AFCM>
      <S>219</S>
      <Configuration HLid="0">
         <HLPosition>0000</HLPosition>
         <name>CLEAN</name>
         <vfe>360</vfe>
         <LGUP>
            <DPM_clean>
               <M_max>0.84</M_max>
               <scalar>9.835e-007</scalar>
               <CD_clean>
                  <d>527829.20600247278000000000</d>
                  <d>-1332501.84038648030000000000</d>
                  <d>1289343.80877443120000000000</d>
                  <d>-550258.13603940012000000000</d>
                  <d>88017.69913745038500000000</d>
                  <d>-54262.30197726016200000000</d>
                  <d>126841.81104890168000000000</d>
                  <d>-55014.17180740956200000000</d>
                  <d>9541.65129047992380000000</d>
                  <d>-581.93782614478710000000</d>
                  <d>6332.58612103394810000000</d>
                  <d>-21464.52032876472700000000</d>
                  <d>40734.04617924571400000000</d>
                  <d>-25417.83119230418000000000</d>
                  <d>5242.96928852355180000000</d>
               </CD_clean>
            </DPM_clean>
            <BLM_clean>
               <Mmin>0.3</Mmin>
               <Mmax>0.84</Mmax>
               <CL_Mach0>1.7483</CL_Mach0>
               <CL_clean>
                  <bf>1.54718648690238680000</bf>
                  <bf>3.53102101303218060000</bf>
                  <bf>-24.09349036064755400000</bf>
                  <bf>40.31254221820264400000</bf>
                  <bf>-21.57344061532326800000</bf>
               </CL_clean>
            </BLM_clean>
         </LGUP>
      </Configuration>
      <Configuration HLid="1">
         <HLPosition>1500</HLPosition>
         <name>S15F00</name>
         <vfe>245</vfe>
         <LGUP>
            <DPM_nonclean>
               <CD_nonclean>
                  <d>-0.0046068</d>
                  <d>0.064492</d>
                  <d>0.016432</d>
               </CD_nonclean>
            </DPM_nonclean>
            <BLM>
               <CL_max>2.2492</CL_max>
            </BLM>
         </LGUP>
      </Configuration>
      <Configuration HLid="2">
         <HLPosition>1515</HLPosition>
         <name>S15F15</name>
         <vfe>210</vfe>
         <LGUP>
            <DPM_nonclean>
               <CD_nonclean>
                  <d>0.0082515</d>
                  <d>0.050206</d>
                  <d>0.022334</d>
               </CD_nonclean>
            </DPM_nonclean>
            <BLM>
               <CL_max>2.5778</CL_max>
            </BLM>
         </LGUP>
      </Configuration>
      <Configuration HLid="3">
         <HLPosition>2020</HLPosition>
         <name>S20F20</name>
         <vfe>195</vfe>
         <LGUP>
            <DPM_nonclean>
               <CD_nonclean>
                  <d>0.019505</d>
                  <d>0.056459</d>
                  <d>0.016942</d>
               </CD_nonclean>
            </DPM_nonclean>
            <BLM>
               <CL_max>2.8954</CL_max>
            </BLM>
         </LGUP>
         <LGDN>
            <DPM_nonclean>
               <CD_nonclean>
                  <d>0.04954</d>
                  <d>0.05168</d>
                  <d>0.016163</d>
               </CD_nonclean>
            </DPM_nonclean>
            <BLM>
               <CL_max>2.8211</CL_max>
            </BLM>
         </LGDN>
      </Configuration>
      <Configuration HLid="4">
         <HLPosition>3040</HLPosition>
         <name>S30F40</name>
         <vfe>180</vfe>
         <LGUP>
            <DPM_nonclean>
               <CD_nonclean>
                  <d>0.1053</d>
                  <d>-0.0096025</d>
                  <d>0.037593</d>
               </CD_nonclean>
            </DPM_nonclean>
            <BLM>
               <CL_max>3.2625</CL_max>
            </BLM>
         </LGUP>
         <LGDN>
            <DPM_nonclean>
               <CD_nonclean>
                  <d>0.13354</d>
                  <d>-0.029806</d>
                  <d>0.044358</d>
               </CD_nonclean>
            </DPM_nonclean>
            <BLM>
               <CL_max>3.1005</CL_max>
            </BLM>
         </LGDN>
      </Configuration>
   </AFCM>
   <PFM>
      <MREF>138600</MREF>
      <LHV>43217000</LHV>
      <rho>810</rho>
      <n_eng>2</n_eng>
      <TFA>20</TFA>
      <TFM>
         <CT>
            <a>0</a>
            <a>-0.10000000000192989000</a>
            <a>0</a>
            <a>0</a>
            <a>0</a>
            <a>0</a>
            <a>0.30000000000253008000</a>
            <a>0</a>
            <a>0</a>
            <a>0</a>
            <a>0</a>
            <a>0</a>
            <a>0</a>
            <a>0</a>
            <a>0</a>
            <a>0</a>
            <a>0</a>
            <a>0</a>
            <a>0</a>
            <a>0</a>
            <a>0</a>
            <a>0</a>
            <a>0</a>
            <a>0</a>
            <a>0</a>
            <a>0</a>
            <a>0</a>
            <a>0</a>
            <a>0</a>
            <a>0</a>
            <a>0</a>
            <a>0</a>
            <a>0</a>
            <a>0</a>
            <a>0</a>
            <a>0</a>
         </CT>
         <CF>
            <f>0.02129019392162516400</f>
            <f>0.78589951485874787000</f>
            <f>6.08165125211175890000</f>
            <f>-43.09931209316963000000</f>
            <f>101.32587960198038000000</f>
            <f>0.07122837764109976600</f>
            <f>1.57207127790860040000</f>
            <f>-5.24510131374303070000</f>
            <f>44.36147253761500100000</f>
            <f>-108.46730619240404000000</f>
            <f>0</f>
            <f>0</f>
            <f>0</f>
            <f>0</f>
            <f>0</f>
            <f>0</f>
            <f>0</f>
            <f>0</f>
            <f>0</f>
            <f>0</f>
            <f>0</f>
            <f>0</f>
            <f>0</f>
            <f>0</f>
            <f>0</f>
         </CF>
         <MCRZ>
            <kink>10</kink>
            <flat_rating>
               <b>2.58285634120361160000</b>
               <b>-4.34783878884295130000</b>
               <b>2.56027030392558610000</b>
               <b>0</b>
               <b>0</b>
               <b>0</b>
               <b>-15.31124534424709400000</b>
               <b>41.01463251916318600000</b>
               <b>-14.15943953754620400000</b>
               <b>0</b>
               <b>0</b>
               <b>0</b>
               <b>53.47929988075524900000</b>
               <b>-125.08806711231742000000</b>
               <b>3.10604548387324320000</b>
               <b>0</b>
               <b>0</b>
               <b>0</b>
               <b>-76.71292387762994700000</b>
               <b>118.31058557123647000000</b>
               <b>123.41075766629044000000</b>
               <b>0</b>
               <b>0</b>
               <b>0</b>
               <b>41.47767051647494400000</b>
               <b>16.44470965683130700000</b>
               <b>-237.26155121050473000000</b>
               <b>0</b>
               <b>0</b>
               <b>0</b>
               <b>-4.55823500800208150000</b>
               <b>-47.45406872296384600000</b>
               <b>123.66560709008121000000</b>
               <b>0</b>
               <b>0</b>
               <b>0</b>
            </flat_rating>
            <temp_rating>
               <c>-455.59217336062056000000</c>
               <c>1632.63636303676440000000</c>
               <c>-1522.99697468901130000000</c>
               <c>0</c>
               <c>0</c>
               <c>1838.90640580855260000000</c>
               <c>-6632.92854438593530000000</c>
               <c>6224.92762077181670000000</c>
               <c>0</c>
               <c>0</c>
               <c>-2759.31271971375550000000</c>
               <c>10053.65734224570000000000</c>
               <c>-9487.25358015558410000000</c>
               <c>0</c>
               <c>0</c>
               <c>1834.21659966502240000000</c>
               <c>-6754.33467360206760000000</c>
               <c>6404.91044604633770000000</c>
               <c>0</c>
               <c>0</c>
               <c>-456.28815301067073000000</c>
               <c>1697.30742594618620000000</c>
               <c>-1616.42816092017190000000</c>
               <c>0</c>
               <c>0</c>
               <c>-6.07644092963146410000</c>
               <c>19.38104553946420300000</c>
               <c>-15.45321115662129000000</c>
               <c>0</c>
               <c>0</c>
               <c>15.47087442446907300000</c>
               <c>-53.26545812941051100000</c>
               <c>46.72862038245868600000</c>
               <c>0</c>
               <c>0</c>
               <c>-18.51408748024386200000</c>
               <c>68.44635576661026700000</c>
               <c>-63.97561286620622000000</c>
               <c>0</c>
               <c>0</c>
               <c>7.99297765326373980000</c>
               <c>-30.81586937248227500000</c>
               <c>29.75096274504977600000</c>
               <c>0</c>
               <c>0</c>
            </temp_rating>
         </MCRZ>
         <MCMB>
            <kink>10</kink>
            <flat_rating>
               <b>4.20678929870868500000</b>
               <b>-12.79760986899643500000</b>
               <b>10.20604050722739600000</b>
               <b>0</b>
               <b>0</b>
               <b>0</b>
               <b>-30.05479699957528100000</b>
               <b>115.75248307663732000000</b>
               <b>-80.54444619247478000000</b>
               <b>0</b>
               <b>0</b>
               <b>0</b>
               <b>104.44354631451415000000</b>
               <b>-376.75980908331400000000</b>
               <b>226.75254746314928000000</b>
               <b>0</b>
               <b>0</b>
               <b>0</b>
               <b>-160.35964371282873000000</b>
               <b>528.74571838524184000000</b>
               <b>-244.74521677411050000000</b>
               <b>0</b>
               <b>0</b>
               <b>0</b>
               <b>108.56337366503037000000</b>
               <b>-312.05835879397574000000</b>
               <b>61.02600684720476200000</b>
               <b>0</b>
               <b>0</b>
               <b>0</b>
               <b>-25.64161441124930000000</b>
               <b>55.54437917797083900000</b>
               <b>29.04498156567936100000</b>
               <b>0</b>
               <b>0</b>
               <b>0</b>
            </flat_rating>
            <temp_rating>
               <c>412.28841022728295000000</c>
               <c>-918.33581073109576000000</c>
               <c>172.58343721423529000000</c>
               <c>0</c>
               <c>0</c>
               <c>-1588.43640600147610000000</c>
               <c>3464.75476501419230000000</c>
               <c>-535.67082322042279000000</c>
               <c>0</c>
               <c>0</c>
               <c>2311.15261060462540000000</c>
               <c>-4927.38330784492250000000</c>
               <c>619.48735185802786000000</c>
               <c>0</c>
               <c>0</c>
               <c>-1496.84082125855090000000</c>
               <c>3121.02024005160230000000</c>
               <c>-310.47145749078038000000</c>
               <c>0</c>
               <c>0</c>
               <c>363.60591995785222000000</c>
               <c>-742.85902559422618000000</c>
               <c>56.52437480606526800000</c>
               <c>0</c>
               <c>0</c>
               <c>-5.48439662804450200000</c>
               <c>17.12972661422801600000</c>
               <c>-13.14598368780508000000</c>
               <c>0</c>
               <c>0</c>
               <c>15.85741582502597100000</c>
               <c>-53.42435379857808200000</c>
               <c>44.48421285403865300000</c>
               <c>0</c>
               <c>0</c>
               <c>-19.58977218867030600000</c>
               <c>69.98843240371313400000</c>
               <c>-61.42529679488784900000</c>
               <c>0</c>
               <c>0</c>
               <c>8.52333859364870070000</c>
               <c>-31.60945844546405300000</c>
               <c>28.64618272591376400000</c>
               <c>0</c>
               <c>0</c>
            </temp_rating>
         </MCMB>
         <LIDL>
            <CT>
               <ti>0.02235111968301170500</ti>
               <ti>-0.11234168966861804000</ti>
               <ti>0.24638957826550267000</ti>
               <ti>-0.13398665326121995000</ti>
               <ti>-0.01171740050415016700</ti>
               <ti>0.11834057776465329000</ti>
               <ti>-0.47755148316254120000</ti>
               <ti>0.28898438829896439000</ti>
               <ti>-0.00341134887915924480</ti>
               <ti>-0.07346664589029668100</ti>
               <ti>0.33054847891709555000</ti>
               <ti>-0.19526130645814541000</ti>
            </CT>
            <CF>
               <fi>-0.01523318606747035100</fi>
               <fi>0.10788440538298656000</fi>
               <fi>-0.04901905523358755800</fi>
               <fi>0.06967023103424176100</fi>
               <fi>-0.22494713849441861000</fi>
               <fi>0.16719622737119552000</fi>
               <fi>-0.03040754437617960600</fi>
               <fi>0.07807240190394147700</fi>
               <fi>-0.05068666974711295200</fi>
            </CF>
         </LIDL>
         <throttle>
            <low>0.6090457176</low>
            <high>1.374066011</high>
         </throttle>
      </TFM>
   </PFM>
   <OPM>
      <LGO>
         <Transition>
            <from>0</from>
            <to>1</to>
            <time>20</time>
         </Transition>
         <Transition>
            <from>1</from>
            <to>0</to>
            <time>20</time>
         </Transition>
      </LGO>
      <HLO>
         <Transition>
            <from>0</from>
            <to>1</to>
            <time>9</time>
         </Transition>
         <Transition>
            <from>1</from>
            <to>2</to>
            <time>14.5</time>
         </Transition>
         <Transition>
            <from>2</from>
            <to>3</to>
            <time>2</time>
         </Transition>
         <Transition>
            <from>3</from>
            <to>4</to>
            <time>9.5</time>
         </Transition>
         <Transition>
            <from>4</from>
            <to>3</to>
            <time>9.5</time>
         </Transition>
         <Transition>
            <from>3</from>
            <to>2</to>
            <time>2</time>
         </Transition>
         <Transition>
            <from>2</from>
            <to>1</to>
            <time>15</time>
         </Transition>
         <Transition>
            <from>1</from>
            <to>0</to>
            <time>8</time>
         </Transition>
      </HLO>
   </OPM>
   <ALM>
      <GLM>
         <hmo>41100</hmo>
         <mfa>20000</mfa>
      </GLM>
      <KLM>
         <mmo>0.84</mmo>
         <vmo>360</vmo>
         <mle>0.65</mle>
         <vle>270</vle>
         <mlo>0.59</mlo>
         <vloe>270</vloe>
         <vlor>270</vlor>
      </KLM>
      <ELM>
         <Tmin_f>
            <point>
               <Hp>-1000</Hp>
               <DeltaT>-57</DeltaT>
            </point>
            <point>
               <Hp>36089</Hp>
               <DeltaT>-10.8</DeltaT>
            </point>
            <point>
               <Hp>41100</Hp>
               <DeltaT>-14.5</DeltaT>
            </point>
         </Tmin_f>
         <Tmax_f>
            <point>
               <Hp>-1000</Hp>
               <DeltaT>38</DeltaT>
            </point>
            <point>
               <Hp>0</Hp>
               <DeltaT>40</DeltaT>
            </point>
            <point>
               <Hp>10000</Hp>
               <DeltaT>41.8</DeltaT>
            </point>
            <point>
               <Hp>10001</Hp>
               <DeltaT>34.8</DeltaT>
            </point>
            <point>
               <Hp>36089</Hp>
               <DeltaT>34.5</DeltaT>
            </point>
            <point>
               <Hp>41100</Hp>
               <DeltaT>24.5</DeltaT>
            </point>
         </Tmax_f>
         <Tmin_g>
            <point>
               <Hp>-1000</Hp>
               <DeltaT>-57</DeltaT>
            </point>
            <point>
               <Hp>8500</Hp>
               <DeltaT>-45.2</DeltaT>
            </point>
         </Tmin_g>
         <Tmax_g>
            <point>
               <Hp>-1000</Hp>
               <DeltaT>38</DeltaT>
            </point>
            <point>
               <Hp>0</Hp>
               <DeltaT>40</DeltaT>
            </point>
            <point>
               <Hp>8500</Hp>
               <DeltaT>41.5</DeltaT>
            </point>
         </Tmax_g>
      </ELM>
      <DLM>
         <MTW>139500</MTW>
         <MTOW>138600</MTOW>
         <MLW>118500</MLW>
         <MZFW>108500</MZFW>
         <OEW>77000</OEW>
         <MPL>31500</MPL>
         <MFL>43000</MFL>
         <n1>2.5</n1>
         <n3>-1</n3>
         <nf1>2</nf1>
         <nf3>0</nf3>
      </DLM>
   </ALM>
   <Ground>
      <Dimensions>
         <span>43.90</span>
         <length>46.66</length>
      </Dimensions>
      <Runway>
         <TOL>2290</TOL>
         <LDL>1490</LDL>
      </Runway>
   </Ground>
   <ARPM>
      <AeroConfSchedule>
         <AeroPhase>
            <name>TO</name>
            <HLid>2</HLid>
            <LG>UP</LG>
         </AeroPhase>
         <AeroPhase>
            <name>IC</name>
            <HLid>1</HLid>
            <LG>UP</LG>
         </AeroPhase>
         <AeroPhase>
            <name>CR</name>
            <HLid>0</HLid>
            <LG>UP</LG>
         </AeroPhase>
         <AeroPhase>
            <name>AP</name>
            <HLid>2</HLid>
            <LG>UP</LG>
         </AeroPhase>
         <AeroPhase>
            <name>LD</name>
            <HLid>4</HLid>
            <LG>DN</LG>
         </AeroPhase>
      </AeroConfSchedule>
      <SpeedScheduleList>
         <SpeedSchedule>
            <CompanyName>Default</CompanyName>
            <SpeedPhase>
               <name>Climb</name>
               <CAS1>310</CAS1>
               <CAS2>310</CAS2>
               <M>0.80</M>
            </SpeedPhase>
            <SpeedPhase>
               <name>Cruise</name>
               <CAS1>250</CAS1>
               <CAS2>310</CAS2>
               <M>0.80</M>
            </SpeedPhase>
            <SpeedPhase>
               <name>Descent</name>
               <CAS1>300</CAS1>
               <CAS2>300</CAS2>
               <M>0.80</M>
            </SpeedPhase>
         </SpeedSchedule>
      </SpeedScheduleList>
   </ARPM>
</bada40:ACM>