<?xml version="1.0" encoding="utf-8"?>
<bada40:ACM xmlns:bada40="http://www.eurocontrol.int/eec/public/standard_page/bada40">
   <model>787-8</model>
   <type>JET</type>
   <engine>GENX-1B70</engine>
   <description/>
   <ICAO>
      <designator>B788</designator>
      <WTC>H</WTC>
   </ICAO>
   <AFCM>
      <S>360.46379520000005000000</S>
      <Configuration HLid="0">
         <HLPosition>0000</HLPosition>
         <name>flaps  0</name>
         <vfe>350</vfe>
         <LGUP>
            <DPM_clean>
               <M_max>0.90000</M_max>
               <scalar>9.835e-007</scalar>
               <CD_clean>
                  <d>56467.22433970126400000000</d>
                  <d>-123574.48093346172000000000</d>
                  <d>130765.24410207529000000000</d>
                  <d>-59650.90026117509800000000</d>
                  <d>10061.36681011670600000000</d>
                  <d>28857.60888312730500000000</d>
                  <d>10734.89631776555900000000</d>
                  <d>-3741.90578388326000000000</d>
                  <d>410.03540762076108000000</d>
                  <d>-12.88485686130671900000</d>
                  <d>4648.99510629002360000000</d>
                  <d>1535.08028046732100000000</d>
                  <d>-2099.51556520477020000000</d>
                  <d>972.12734728710268000000</d>
                  <d>-151.43810398546813000000</d>
               </CD_clean>
            </DPM_clean>
            <BLM_clean>
               <Mmin>0.20000</Mmin>
               <Mmax>0.90000</Mmax>
               <CL_Mach0>0.94854403110464103000</CL_Mach0>
               <CL_clean>
                  <bf>0.72791157056869626000</bf>
                  <bf>7.00747687772456640000</bf>
                  <bf>-29.49624469350723300000</bf>
                  <bf>42.75276010637230000000</bf>
                  <bf>-20.76739815148994900000</bf>
               </CL_clean>
            </BLM_clean>
         </LGUP>
         <LGDN>
            <DPM_nonclean>
               <CD_nonclean>
                  <d>0.04788042103183008000</d>
                  <d>-0.02546116228573343200</d>
                  <d>0.06062843242279676600</d>
               </CD_nonclean>
            </DPM_nonclean>
            <BLM>
               <CL_max>0.94854403110464103000</CL_max>
            </BLM>
         </LGDN>
      </Configuration>
      <Configuration HLid="1">
         <HLPosition>0001</HLPosition>
         <name>flaps 1</name>
         <vfe>250</vfe>
         <LGUP>
            <DPM_nonclean>
               <CD_nonclean>
                  <d>0.02605157499526176300</d>
                  <d>-0.03211593630543762400</d>
                  <d>0.06689642131153419900</d>
               </CD_nonclean>
            </DPM_nonclean>
            <BLM>
               <CL_max>1.40598580088065560000</CL_max>
            </BLM>
         </LGUP>
         <LGDN>
            <DPM_nonclean>
               <CD_nonclean>
                  <d>0.05601186329273338100</d>
                  <d>-0.04058572413023656800</d>
                  <d>0.06861476385980888600</d>
               </CD_nonclean>
            </DPM_nonclean>
            <BLM>
               <CL_max>1.40598580088065560000</CL_max>
            </BLM>
         </LGDN>
      </Configuration>
      <Configuration HLid="2">
         <HLPosition>0005</HLPosition>
         <name>flaps 5</name>
         <vfe>230</vfe>
         <LGUP>
            <DPM_nonclean>
               <CD_nonclean>
                  <d>0.04488879932131505800</d>
                  <d>-0.05758105099155935000</d>
                  <d>0.07406030963467799500</d>
               </CD_nonclean>
            </DPM_nonclean>
            <BLM>
               <CL_max>1.74998353003314810000</CL_max>
            </BLM>
         </LGUP>
         <LGDN>
            <DPM_nonclean>
               <CD_nonclean>
                  <d>0.07347626017321279300</d>
                  <d>-0.07171347353772188100</d>
                  <d>0.08006333800309689600</d>
               </CD_nonclean>
            </DPM_nonclean>
            <BLM>
               <CL_max>1.74998353003314810000</CL_max>
            </BLM>
         </LGDN>
      </Configuration>
      <Configuration HLid="3">
         <HLPosition>0015</HLPosition>
         <name>flaps 15</name>
         <vfe>215</vfe>
         <LGUP>
            <DPM_nonclean>
               <CD_nonclean>
                  <d>0.05294438564831985300</d>
                  <d>-0.06252410615765191500</d>
                  <d>0.07360088447726263700</d>
               </CD_nonclean>
            </DPM_nonclean>
            <BLM>
               <CL_max>1.82365905191389510000</CL_max>
            </BLM>
         </LGUP>
         <LGDN>
            <DPM_nonclean>
               <CD_nonclean>
                  <d>0.07975238494109364300</d>
                  <d>-0.07400854532520501100</d>
                  <d>0.07783550619825539700</d>
               </CD_nonclean>
            </DPM_nonclean>
            <BLM>
               <CL_max>1.82365905191389510000</CL_max>
            </BLM>
         </LGDN>
      </Configuration>
      <Configuration HLid="4">
         <HLPosition>0020</HLPosition>
         <name>flaps 20</name>
         <vfe>210</vfe>
         <LGUP>
            <DPM_nonclean>
               <CD_nonclean>
                  <d>0.07758775574326298700</d>
                  <d>-0.06993833382897941800</d>
                  <d>0.07028243344890103300</d>
               </CD_nonclean>
            </DPM_nonclean>
            <BLM>
               <CL_max>1.93857717206202620000</CL_max>
            </BLM>
         </LGUP>
         <LGDN>
            <DPM_nonclean>
               <CD_nonclean>
                  <d>0.10305487107168168000</d>
                  <d>-0.08332627855880109200</d>
                  <d>0.07525525753173956100</d>
               </CD_nonclean>
            </DPM_nonclean>
            <BLM>
               <CL_max>1.95097411679769330000</CL_max>
            </BLM>
         </LGDN>
      </Configuration>
      <Configuration HLid="5">
         <HLPosition>0025</HLPosition>
         <name>flaps 25</name>
         <vfe>180</vfe>
         <LGDN>
            <DPM_nonclean>
               <CD_nonclean>
                  <d>0.10817758114087490000</d>
                  <d>-0.08402658190210825200</d>
                  <d>0.07570440075868849200</d>
               </CD_nonclean>
            </DPM_nonclean>
            <BLM>
               <CL_max>2.05121525586516910000</CL_max>
            </BLM>
         </LGDN>
      </Configuration>
      <Configuration HLid="6">
         <HLPosition>0030</HLPosition>
         <name>flaps 30</name>
         <vfe>170</vfe>
         <LGDN>
            <DPM_nonclean>
               <CD_nonclean>
                  <d>0.15567605448418143000</d>
                  <d>-0.10675609375673220000</d>
                  <d>0.07427216715950990500</d>
               </CD_nonclean>
            </DPM_nonclean>
            <BLM>
               <CL_max>2.06132389890405450000</CL_max>
            </BLM>
         </LGDN>
      </Configuration>
   </AFCM>
   <PFM>
      <MREF>227930</MREF>
      <LHV>43217000</LHV>
      <rho>810</rho>
      <n_eng>2</n_eng>
      <TFA>20.41</TFA>
      <TFM>
         <CT>
            <a>0.00000000000000000000</a>
            <a>-0.10000000007502260000</a>
            <a>0.00000000000000000000</a>
            <a>0.00000000000000000000</a>
            <a>0.00000000000000000000</a>
            <a>0.00000000000000000000</a>
            <a>0.30000000001882576000</a>
            <a>0.00000000000000000000</a>
            <a>0.00000000000000000000</a>
            <a>0.00000000000000000000</a>
            <a>0.00000000000000000000</a>
            <a>0.00000000000000000000</a>
            <a>0.00000000000000000000</a>
            <a>0.00000000000000000000</a>
            <a>0.00000000000000000000</a>
            <a>0.00000000000000000000</a>
            <a>0.00000000000000000000</a>
            <a>0.00000000000000000000</a>
            <a>0.00000000000000000000</a>
            <a>0.00000000000000000000</a>
            <a>0.00000000000000000000</a>
            <a>0.00000000000000000000</a>
            <a>0.00000000000000000000</a>
            <a>0.00000000000000000000</a>
            <a>0.00000000000000000000</a>
            <a>0.00000000000000000000</a>
            <a>0.00000000000000000000</a>
            <a>0.00000000000000000000</a>
            <a>0.00000000000000000000</a>
            <a>0.00000000000000000000</a>
            <a>0.00000000000000000000</a>
            <a>0.00000000000000000000</a>
            <a>0.00000000000000000000</a>
            <a>0.00000000000000000000</a>
            <a>0.00000000000000000000</a>
            <a>0.00000000000000000000</a>
         </CT>
         <CF>
            <f>-0.00964234834750433110</f>
            <f>1.72350264571921640000</f>
            <f>-13.11727995940548700000</f>
            <f>69.14873583861546500000</f>
            <f>-107.77875938624467000000</f>
            <f>0.08908286815376041700</f>
            <f>-0.46990231766124135000</f>
            <f>26.58995095973539300000</f>
            <f>-143.60730323835045000000</f>
            <f>249.20396566681436000000</f>
            <f>0.00000000000000000000</f>
            <f>0.00000000000000000000</f>
            <f>0.00000000000000000000</f>
            <f>0.00000000000000000000</f>
            <f>0.00000000000000000000</f>
            <f>0.00000000000000000000</f>
            <f>0.00000000000000000000</f>
            <f>0.00000000000000000000</f>
            <f>0.00000000000000000000</f>
            <f>0.00000000000000000000</f>
            <f>0.00000000000000000000</f>
            <f>0.00000000000000000000</f>
            <f>0.00000000000000000000</f>
            <f>0.00000000000000000000</f>
            <f>0.00000000000000000000</f>
         </CF>
         <MCRZ>
            <kink>10</kink>
            <flat_rating>
               <b>-1.56359413514068260000</b>
               <b>5.58990881730206460000</b>
               <b>-3.65349118665094430000</b>
               <b>0.00000000000000000000</b>
               <b>0.00000000000000000000</b>
               <b>0.00000000000000000000</b>
               <b>19.24912032470057700000</b>
               <b>-44.84783895123027300000</b>
               <b>35.54471289142587400000</b>
               <b>0.00000000000000000000</b>
               <b>0.00000000000000000000</b>
               <b>0.00000000000000000000</b>
               <b>-58.51713540033338700000</b>
               <b>145.59927897458834000000</b>
               <b>-131.22529000464499000000</b>
               <b>0.00000000000000000000</b>
               <b>0.00000000000000000000</b>
               <b>0.00000000000000000000</b>
               <b>89.83645681812791400000</b>
               <b>-249.29426167676155000000</b>
               <b>245.38865761754113000000</b>
               <b>0.00000000000000000000</b>
               <b>0.00000000000000000000</b>
               <b>0.00000000000000000000</b>
               <b>-70.91808927202419000000</b>
               <b>219.36362278010313000000</b>
               <b>-228.06875604868534000000</b>
               <b>0.00000000000000000000</b>
               <b>0.00000000000000000000</b>
               <b>0.00000000000000000000</b>
               <b>22.72307025722128400000</b>
               <b>-76.97168218681575500000</b>
               <b>82.64561452381919100000</b>
               <b>0.00000000000000000000</b>
               <b>0.00000000000000000000</b>
               <b>0.00000000000000000000</b>
            </flat_rating>
            <temp_rating>
               <c>43.72106896489857100000</c>
               <c>-457.40631032634985000000</c>
               <c>370.27527626086891000000</c>
               <c>0.00000000000000000000</c>
               <c>0.00000000000000000000</c>
               <c>-147.25666072809403000000</c>
               <c>1692.92430484266770000000</c>
               <c>-1351.76347833741350000000</c>
               <c>0.00000000000000000000</c>
               <c>0.00000000000000000000</c>
               <c>192.01475759041026000000</c>
               <c>-2343.51215630716480000000</c>
               <c>1843.28212978669940000000</c>
               <c>0.00000000000000000000</c>
               <c>0.00000000000000000000</c>
               <c>-111.38733424207607000000</c>
               <c>1434.50323217247070000000</c>
               <c>-1110.09577225490600000000</c>
               <c>0.00000000000000000000</c>
               <c>0.00000000000000000000</c>
               <c>23.89169178814458800000</c>
               <c>-327.21497673412671000000</c>
               <c>248.62734692649099000000</c>
               <c>0.00000000000000000000</c>
               <c>0.00000000000000000000</c>
               <c>-0.76222814656296323000</c>
               <c>0.20364413570399900000</c>
               <c>3.25160481093255530000</c>
               <c>0.00000000000000000000</c>
               <c>0.00000000000000000000</c>
               <c>1.82930568633900850000</c>
               <c>-1.08478291991774590000</c>
               <c>-4.42949616119540490000</c>
               <c>0.00000000000000000000</c>
               <c>0.00000000000000000000</c>
               <c>-2.76665729018116040000</c>
               <c>6.39593784438792400000</c>
               <c>-3.33241364750016530000</c>
               <c>0.00000000000000000000</c>
               <c>0.00000000000000000000</c>
               <c>1.54773234209673900000</c>
               <c>-5.20635369215930320000</c>
               <c>4.96414010483012990000</c>
               <c>0.00000000000000000000</c>
               <c>0.00000000000000000000</c>
            </temp_rating>
         </MCRZ>
         <MCMB>
            <kink>10</kink>
            <flat_rating>
               <b>-1.71653256925135110000</b>
               <b>6.18647317068915200000</b>
               <b>-4.10095222965424360000</b>
               <b>0.00000000000000000000</b>
               <b>0.00000000000000000000</b>
               <b>0.00000000000000000000</b>
               <b>20.98551524590999100000</b>
               <b>-50.03095478203729100000</b>
               <b>39.86900383146198100000</b>
               <b>0.00000000000000000000</b>
               <b>0.00000000000000000000</b>
               <b>0.00000000000000000000</b>
               <b>-64.00595518520968600000</b>
               <b>163.68164124737098000000</b>
               <b>-148.06054398436018000000</b>
               <b>0.00000000000000000000</b>
               <b>0.00000000000000000000</b>
               <b>0.00000000000000000000</b>
               <b>99.17161356620394500000</b>
               <b>-283.44495481544942000000</b>
               <b>279.19792821219181000000</b>
               <b>0.00000000000000000000</b>
               <b>0.00000000000000000000</b>
               <b>0.00000000000000000000</b>
               <b>-79.34524777108315200000</b>
               <b>252.36859473575868000000</b>
               <b>-261.53754303349581000000</b>
               <b>0.00000000000000000000</b>
               <b>0.00000000000000000000</b>
               <b>0.00000000000000000000</b>
               <b>25.78895851207094100000</b>
               <b>-89.40745612454856000000</b>
               <b>95.31521923371438700000</b>
               <b>0.00000000000000000000</b>
               <b>0.00000000000000000000</b>
               <b>0.00000000000000000000</b>
            </flat_rating>
            <temp_rating>
               <c>-12.92804685327690700000</c>
               <c>-275.70866006159110000000</c>
               <c>198.92529039492763000000</c>
               <c>0.00000000000000000000</c>
               <c>0.00000000000000000000</c>
               <c>87.89038228655276400000</c>
               <c>930.41597985060719000000</c>
               <c>-631.90840842899183000000</c>
               <c>0.00000000000000000000</c>
               <c>0.00000000000000000000</c>
               <c>-171.39135185944312000000</c>
               <c>-1150.86716851415330000000</c>
               <c>715.97581905571053000000</c>
               <c>0.00000000000000000000</c>
               <c>0.00000000000000000000</c>
               <c>136.86807524184525000000</c>
               <c>610.23898244647910000000</c>
               <c>-329.98591346212669000000</c>
               <c>0.00000000000000000000</c>
               <c>0.00000000000000000000</c>
               <c>-39.41753782370289400000</c>
               <c>-114.72052476915992000000</c>
               <c>47.25136015383031200000</c>
               <c>0.00000000000000000000</c>
               <c>0.00000000000000000000</c>
               <c>-0.61207397634785077000</c>
               <c>-0.55949818623677927000</c>
               <c>3.91978689147582270000</c>
               <c>0.00000000000000000000</c>
               <c>0.00000000000000000000</c>
               <c>1.64072533720362990000</c>
               <c>0.03789075225402947100</c>
               <c>-5.15947592434144560000</c>
               <c>0.00000000000000000000</c>
               <c>0.00000000000000000000</c>
               <c>-2.87616983552621570000</c>
               <c>6.56578022184966590000</c>
               <c>-4.04892151976015670000</c>
               <c>0.00000000000000000000</c>
               <c>0.00000000000000000000</c>
               <c>1.71713630001213270000</c>
               <c>-5.83148607656280230000</c>
               <c>5.83520397181533660000</c>
               <c>0.00000000000000000000</c>
               <c>0.00000000000000000000</c>
            </temp_rating>
         </MCMB>
         <MTKF>
            <kink>10</kink>
            <flat_rating>
               <b>131.66968230467347000000</b>
               <b>-631.88082259397345000000</b>
               <b>775.05176119637690000000</b>
               <b>0.00000000000000000000</b>
               <b>0.00000000000000000000</b>
               <b>0.00000000000000000000</b>
               <b>-947.66620438230382000000</b>
               <b>4634.64077761458070000000</b>
               <b>-5738.27664417675900000000</b>
               <b>0.00000000000000000000</b>
               <b>0.00000000000000000000</b>
               <b>0.00000000000000000000</b>
               <b>2697.36764697459060000000</b>
               <b>-13353.42048538788000000000</b>
               <b>16697.84858376291200000000</b>
               <b>0.00000000000000000000</b>
               <b>0.00000000000000000000</b>
               <b>0.00000000000000000000</b>
               <b>-3773.43388234007530000000</b>
               <b>18907.49535834898800000000</b>
               <b>-23876.49435682255000000000</b>
               <b>0.00000000000000000000</b>
               <b>0.00000000000000000000</b>
               <b>0.00000000000000000000</b>
               <b>2597.06410482066210000000</b>
               <b>-13165.00288991658100000000</b>
               <b>16778.43434904495000000000</b>
               <b>0.00000000000000000000</b>
               <b>0.00000000000000000000</b>
               <b>0.00000000000000000000</b>
               <b>-704.33323908475541000000</b>
               <b>3609.21691919659860000000</b>
               <b>-4638.47976531981570000000</b>
               <b>0.00000000000000000000</b>
               <b>0.00000000000000000000</b>
               <b>0.00000000000000000000</b>
            </flat_rating>
            <temp_rating>
               <c>5443.96590655108320000000</c>
               <c>-23595.05585584082300000000</c>
               <c>25485.32281220112100000000</c>
               <c>0.00000000000000000000</c>
               <c>0.00000000000000000000</c>
               <c>-20740.70622444481000000000</c>
               <c>89901.74855184732600000000</c>
               <c>-97109.92416971243800000000</c>
               <c>0.00000000000000000000</c>
               <c>0.00000000000000000000</c>
               <c>29816.31893699977400000000</c>
               <c>-129280.09510933653000000000</c>
               <c>139627.81146377273000000000</c>
               <c>0.00000000000000000000</c>
               <c>0.00000000000000000000</c>
               <c>-19032.06632878877600000000</c>
               <c>82549.49012787020200000000</c>
               <c>-89157.00292951382300000000</c>
               <c>0.00000000000000000000</c>
               <c>0.00000000000000000000</c>
               <c>4551.30189328110740000000</c>
               <c>-19749.69037518565200000000</c>
               <c>21333.01545920041500000000</c>
               <c>0.00000000000000000000</c>
               <c>0.00000000000000000000</c>
               <c>-233.06834562144465000000</c>
               <c>1056.19202743892290000000</c>
               <c>-1091.02351860155660000000</c>
               <c>0.00000000000000000000</c>
               <c>0.00000000000000000000</c>
               <c>521.20490214926156000000</c>
               <c>-2353.59109778269020000000</c>
               <c>2442.31632499315810000000</c>
               <c>0.00000000000000000000</c>
               <c>0.00000000000000000000</c>
               <c>-503.52500358622183000000</c>
               <c>2274.51825328692440000000</c>
               <c>-2375.91744362374400000000</c>
               <c>0.00000000000000000000</c>
               <c>0.00000000000000000000</c>
               <c>177.47522378793184000000</c>
               <c>-803.49169248938381000000</c>
               <c>845.23606679790885000000</c>
               <c>0.00000000000000000000</c>
               <c>0.00000000000000000000</c>
            </temp_rating>
         </MTKF>
         <LIDL>
            <CT>
               <ti>0.01043263786762323200</ti>
               <ti>0.08375069425799248900</ti>
               <ti>-0.17238529794532403000</ti>
               <ti>0.08665966798112438600</ti>
               <ti>0.09452225535048886000</ti>
               <ti>-0.61142210448919665000</ti>
               <ti>0.82536508759713545000</ti>
               <ti>-0.31625099427236458000</ti>
               <ti>-0.09379316163745878000</ti>
               <ti>0.41172781892030996000</ti>
               <ti>-0.49616244542992033000</ti>
               <ti>0.14673363563793751000</ti>
            </CT>
            <CF>
               <fi>0.02601454351432510400</fi>
               <fi>-0.00104650365788002590</fi>
               <fi>-0.00568116024547244550</fi>
               <fi>0.03623672580234668600</fi>
               <fi>-0.16663787309298647000</fi>
               <fi>0.13960717547495763000</fi>
               <fi>-0.03315369233509014200</fi>
               <fi>0.07501114518829715700</fi>
               <fi>-0.02774533792372741900</fi>
            </CF>
         </LIDL>
         <throttle>
            <low>0.60003682026627791000</low>
            <high>1.19381276981186660000</high>
         </throttle>
      </TFM>
   </PFM>
   <OPM>
      <LGO>
         <Transition>
            <from>0</from>
            <to>1</to>
            <time>20</time>
         </Transition>
         <Transition>
            <from>1</from>
            <to>0</to>
            <time>20</time>
         </Transition>
      </LGO>
      <HLO>
         <Transition>
            <from>0</from>
            <to>1</to>
            <time>13.9</time>
         </Transition>
         <Transition>
            <from>1</from>
            <to>2</to>
            <time>15.4</time>
         </Transition>
         <Transition>
            <from>2</from>
            <to>3</to>
            <time>8.2</time>
         </Transition>
         <Transition>
            <from>3</from>
            <to>4</to>
            <time>6.3</time>
         </Transition>
         <Transition>
            <from>4</from>
            <to>5</to>
            <time>7.2</time>
         </Transition>
         <Transition>
            <from>5</from>
            <to>6</to>
            <time>6.6</time>
         </Transition>
         <Transition>
            <from>6</from>
            <to>5</to>
            <time>6.6</time>
         </Transition>
         <Transition>
            <from>5</from>
            <to>4</to>
            <time>7.2</time>
         </Transition>
         <Transition>
            <from>4</from>
            <to>3</to>
            <time>6.3</time>
         </Transition>
         <Transition>
            <from>3</from>
            <to>2</to>
            <time>8.2</time>
         </Transition>
         <Transition>
            <from>2</from>
            <to>1</to>
            <time>15.4</time>
         </Transition>
         <Transition>
            <from>1</from>
            <to>0</to>
            <time>13.9</time>
         </Transition>
      </HLO>
   </OPM>
   <ALM>
      <GLM>
         <hmo>43100</hmo>
         <mfa>20000</mfa>
      </GLM>
      <KLM>
         <mmo>0.9</mmo>
         <vmo>350</vmo>
         <mle>0.82</mle>
         <vle>270</vle>
         <mlo>0.82</mlo>
         <vloe>270</vloe>
         <vlor>270</vlor>
      </KLM>
      <ELM>
         <Tmin_f>
            <point>
               <Hp>-2000.0</Hp>
               <DeltaT>-81.00000000000000000000</DeltaT>
            </point>
            <point>
               <Hp>0.0</Hp>
               <DeltaT>-77.00000000000000000000</DeltaT>
            </point>
            <point>
               <Hp>32808.0</Hp>
               <DeltaT>-30.00000000000000000000</DeltaT>
            </point>
            <point>
               <Hp>36089.0</Hp>
               <DeltaT>-23.50000000000000000000</DeltaT>
            </point>
            <point>
               <Hp>43100.0</Hp>
               <DeltaT>-23.50000000000000000000</DeltaT>
            </point>
         </Tmin_f>
         <Tmax_f>
            <point>
               <Hp>-2000.0</Hp>
               <DeltaT>35.03999999999999900000</DeltaT>
            </point>
            <point>
               <Hp>0.0</Hp>
               <DeltaT>39.39999999999999900000</DeltaT>
            </point>
            <point>
               <Hp>10000.0</Hp>
               <DeltaT>39.39999999999999900000</DeltaT>
            </point>
            <point>
               <Hp>10001.0</Hp>
               <DeltaT>34.00000000000000000000</DeltaT>
            </point>
            <point>
               <Hp>36089.0</Hp>
               <DeltaT>34.00000000000000000000</DeltaT>
            </point>
            <point>
               <Hp>43100.0</Hp>
               <DeltaT>20.00000000000000000000</DeltaT>
            </point>
         </Tmax_f>
         <Tmin_g>
            <point>
               <Hp>-2000.0</Hp>
               <DeltaT>-73.00000000000000000000</DeltaT>
            </point>
            <point>
               <Hp>6500.0</Hp>
               <DeltaT>-56.00000000000000000000</DeltaT>
            </point>
            <point>
               <Hp>8500.0</Hp>
               <DeltaT>-43.00000000000000000000</DeltaT>
            </point>
         </Tmin_g>
         <Tmax_g>
            <point>
               <Hp>-2000.0</Hp>
               <DeltaT>35.03999999999999900000</DeltaT>
            </point>
            <point>
               <Hp>0.0</Hp>
               <DeltaT>39.39999999999999900000</DeltaT>
            </point>
            <point>
               <Hp>8500.0</Hp>
               <DeltaT>39.39999999999999900000</DeltaT>
            </point>
         </Tmax_g>
      </ELM>
      <DLM>
         <MTW>228384</MTW>
         <MTOW>227930</MTOW>
         <MLW>172365</MLW>
         <MZFW>161025</MZFW>
         <OEW>111493</OEW>
         <MPL>43091</MPL>
         <MFL>126903</MFL>
         <n1>2.5</n1>
         <n3>-1</n3>
         <nf1>2</nf1>
         <nf3>0</nf3>
      </DLM>
   </ALM>
   <Ground>
      <Dimensions>
         <span>60.12</span>
         <length>56.72</length>
      </Dimensions>
      <Runway>
         <TOL>2820</TOL>
         <LDL>1520</LDL>
      </Runway>
   </Ground>
   <ARPM>
      <AeroConfSchedule>
         <AeroPhase>
            <name>TO</name>
            <HLid>2</HLid>
            <LG>UP</LG>
         </AeroPhase>
         <AeroPhase>
            <name>IC</name>
            <HLid>1</HLid>
            <LG>UP</LG>
         </AeroPhase>
         <AeroPhase>
            <name>CR</name>
            <HLid>0</HLid>
            <LG>UP</LG>
         </AeroPhase>
         <AeroPhase>
            <name>AP</name>
            <HLid>3</HLid>
            <LG>UP</LG>
         </AeroPhase>
         <AeroPhase>
            <name>LD</name>
            <HLid>6</HLid>
            <LG>DN</LG>
         </AeroPhase>
      </AeroConfSchedule>
      <SpeedScheduleList>
         <SpeedSchedule>
            <CompanyName>Default</CompanyName>
            <SpeedPhase>
               <name>Climb</name>
               <CAS1>310</CAS1>
               <CAS2>310</CAS2>
               <M>0.84</M>
            </SpeedPhase>
            <SpeedPhase>
               <name>Cruise</name>
               <CAS1>310</CAS1>
               <CAS2>310</CAS2>
               <M>0.84</M>
            </SpeedPhase>
            <SpeedPhase>
               <name>Descent</name>
               <CAS1>310</CAS1>
               <CAS2>310</CAS2>
               <M>0.84</M>
            </SpeedPhase>
         </SpeedSchedule>
      </SpeedScheduleList>
   </ARPM>
</bada40:ACM>