<?xml version="1.0" encoding="utf-8"?>
<bada40:ACM xmlns:bada40="http://www.eurocontrol.int/eec/public/standard_page/bada40">
   <model>EMB-135BJ-Legacy650</model>
   <type>JET</type>
   <engine>AE3007A2</engine>
   <description>Legacy 650</description>
   <ICAO>
      <designator>E35L</designator>
      <WTC>M</WTC>
   </ICAO>
   <AFCM>
      <S>51.18</S>
      <Configuration HLid="0">
         <HLPosition>0000</HLPosition>
         <name>flaps 0</name>
         <vfe>320</vfe>
         <LGUP>
            <DPM_clean>
               <M_max>0.8</M_max>
               <scalar>9.835e-007</scalar>
               <CD_clean>
                  <d>129563.52221092967000000000</d>
                  <d>-312649.11756947415000000000</d>
                  <d>310385.25484945381000000000</d>
                  <d>-129837.29322163394000000000</d>
                  <d>19440.48842435599700000000</d>
                  <d>23578.93580384535700000000</d>
                  <d>29053.78141862286400000000</d>
                  <d>-17181.25637329324700000000</d>
                  <d>3767.12623899218990000000</d>
                  <d>-282.66889621016304000000</d>
                  <d>-165.37107450973468000000</d>
                  <d>1265.28969408588230000000</d>
                  <d>-2994.85295735597260000000</d>
                  <d>2317.25408634559020000000</d>
                  <d>-582.33348788891431000000</d>
               </CD_clean>
            </DPM_clean>
            <BLM_clean>
               <Mmin>0.3</Mmin>
               <Mmax>0.8</Mmax>
               <CL_Mach0>1.54</CL_Mach0>
               <CL_clean>
                  <bf>1.09718794338515520000</bf>
                  <bf>-0.29464740336268630000</bf>
                  <bf>4.03428145220928960000</bf>
                  <bf>-8.45855968538971940000</bf>
                  <bf>3.54904163358450700000</bf>
               </CL_clean>
            </BLM_clean>
         </LGUP>
      </Configuration>
      <Configuration HLid="1">
         <HLPosition>0009</HLPosition>
         <name>flaps 9</name>
         <vfe>250</vfe>
         <LGUP>
            <DPM_nonclean>
               <CD_nonclean>
                  <d>0.04453</d>
                  <d>-0.010956</d>
                  <d>0.035696</d>
               </CD_nonclean>
            </DPM_nonclean>
            <BLM>
               <CL_max>1.8547</CL_max>
            </BLM>
         </LGUP>
         <LGDN>
            <DPM_nonclean>
               <CD_nonclean>
                  <d>0.06453</d>
                  <d>-0.010956</d>
                  <d>0.035696</d>
               </CD_nonclean>
            </DPM_nonclean>
            <BLM>
               <CL_max>1.7876</CL_max>
            </BLM>
         </LGDN>
      </Configuration>
      <Configuration HLid="2">
         <HLPosition>0022</HLPosition>
         <name>flaps 22</name>
         <vfe>200</vfe>
         <LGUP>
            <DPM_nonclean>
               <CD_nonclean>
                  <d>0.065953</d>
                  <d>-0.017506</d>
                  <d>0.039953</d>
               </CD_nonclean>
            </DPM_nonclean>
            <BLM>
               <CL_max>2.0268</CL_max>
            </BLM>
         </LGUP>
         <LGDN>
            <DPM_nonclean>
               <CD_nonclean>
                  <d>0.085953</d>
                  <d>-0.017506</d>
                  <d>0.039953</d>
               </CD_nonclean>
            </DPM_nonclean>
            <BLM>
               <CL_max>1.9681</CL_max>
            </BLM>
         </LGDN>
      </Configuration>
      <Configuration HLid="3">
         <HLPosition>0045</HLPosition>
         <name>flaps 45</name>
         <vfe>160</vfe>
         <LGDN>
            <DPM_nonclean>
               <CD_nonclean>
                  <d>0.12076</d>
                  <d>-0.030605</d>
                  <d>0.047486</d>
               </CD_nonclean>
            </DPM_nonclean>
            <BLM>
               <CL_max>2.0156</CL_max>
            </BLM>
         </LGDN>
      </Configuration>
   </AFCM>
   <PFM>
      <MREF>24300</MREF>
      <LHV>43217000</LHV>
      <rho>810</rho>
      <n_eng>2</n_eng>
      <TFA>7.3</TFA>
      <TFM>
         <CT>
            <a>0</a>
            <a>-0.10000000000628249000</a>
            <a>0</a>
            <a>0</a>
            <a>0</a>
            <a>0</a>
            <a>0.30000000000236265000</a>
            <a>0</a>
            <a>0</a>
            <a>0</a>
            <a>0</a>
            <a>0</a>
            <a>0</a>
            <a>0</a>
            <a>0</a>
            <a>0</a>
            <a>0</a>
            <a>0</a>
            <a>0</a>
            <a>0</a>
            <a>0</a>
            <a>0</a>
            <a>0</a>
            <a>0</a>
            <a>0</a>
            <a>0</a>
            <a>0</a>
            <a>0</a>
            <a>0</a>
            <a>0</a>
            <a>0</a>
            <a>0</a>
            <a>0</a>
            <a>0</a>
            <a>0</a>
            <a>0</a>
         </CT>
         <CF>
            <f>0.00335991821060288230</f>
            <f>2.64286637477687150000</f>
            <f>-19.81762262435174200000</f>
            <f>100.98733179941635000000</f>
            <f>-146.06079057663001000000</f>
            <f>0.23383744470219253000</f>
            <f>-3.65937111659989390000</f>
            <f>56.97264620987941400000</f>
            <f>-285.02959704899587000000</f>
            <f>433.93863799509825000000</f>
            <f>0.00780636472059445100</f>
            <f>2.11275848629132670000</f>
            <f>0</f>
            <f>0</f>
            <f>0</f>
            <f>0</f>
            <f>0</f>
            <f>0</f>
            <f>0</f>
            <f>0</f>
            <f>0</f>
            <f>0</f>
            <f>0</f>
            <f>0</f>
            <f>0</f>
         </CF>
         <MCMB>
            <kink>4</kink>
            <flat_rating>
               <b>-1.09842942250763390000</b>
               <b>5.96450041251731380000</b>
               <b>-6.32694394670936870000</b>
               <b>0</b>
               <b>0</b>
               <b>0</b>
               <b>16.02442438560873600000</b>
               <b>-44.53779189850281000000</b>
               <b>65.09825703170751900000</b>
               <b>0</b>
               <b>0</b>
               <b>0</b>
               <b>-45.21940923618450400000</b>
               <b>163.56534041402750000000</b>
               <b>-296.80308526729533000000</b>
               <b>0</b>
               <b>0</b>
               <b>0</b>
               <b>71.54462977143255400000</b>
               <b>-359.40934606552611000000</b>
               <b>674.58361410949078000000</b>
               <b>0</b>
               <b>0</b>
               <b>0</b>
               <b>-63.95876059780436400000</b>
               <b>394.18192947379600000000</b>
               <b>-715.59190410163615000000</b>
               <b>0</b>
               <b>0</b>
               <b>0</b>
               <b>23.86010094972483100000</b>
               <b>-161.70460673345244000000</b>
               <b>281.25204806066455000000</b>
               <b>0</b>
               <b>0</b>
               <b>0</b>
            </flat_rating>
            <temp_rating>
               <c>151.38315140745186000000</c>
               <c>-538.78511716617470000000</c>
               <c>-6.26448669806927590000</c>
               <c>0</c>
               <c>0</c>
               <c>-571.42376971938336000000</c>
               <c>1995.59959305688040000000</c>
               <c>292.96335162166673000000</c>
               <c>0</c>
               <c>0</c>
               <c>802.52347991349859000000</c>
               <c>-2684.51243029123320000000</c>
               <c>-897.32052382297161000000</c>
               <c>0</c>
               <c>0</c>
               <c>-496.70753629143633000000</c>
               <c>1557.01494994773660000000</c>
               <c>921.99957294867397000000</c>
               <c>0</c>
               <c>0</c>
               <c>113.62098580935850000000</c>
               <c>-325.07306322800758000000</c>
               <c>-315.52726077217335000000</c>
               <c>0</c>
               <c>0</c>
               <c>10.53790272555521700000</c>
               <c>-36.06614748643325900000</c>
               <c>35.27106206699389200000</c>
               <c>0</c>
               <c>0</c>
               <c>-24.98405987377334000000</c>
               <c>88.62992319656618200000</c>
               <c>-83.99316378336868600000</c>
               <c>0</c>
               <c>0</c>
               <c>25.08358034047856600000</c>
               <c>-89.28115300793818700000</c>
               <c>82.07994551942813600000</c>
               <c>0</c>
               <c>0</c>
               <c>-8.98507629643192020000</c>
               <c>31.55505144975251500000</c>
               <c>-27.93297094084986300000</c>
               <c>0</c>
               <c>0</c>
            </temp_rating>
         </MCMB>
         <LIDL>
            <CT>
               <ti>0.11373912803311187000</ti>
               <ti>-0.36994857600728692000</ti>
               <ti>-0.10276572313470267000</ti>
               <ti>0.61500797522280137000</ti>
               <ti>-0.15134429003053926000</ti>
               <ti>-0.36926600024036182000</ti>
               <ti>4.34762573778923310000</ti>
               <ti>-5.22830649767184760000</ti>
               <ti>-0.11228401320676396000</ti>
               <ti>2.34434073082909490000</ti>
               <ti>-9.05965735156656390000</ti>
               <ti>8.66219668823146270000</ti>
            </CT>
            <CF>
               <fi>0.08998229561871407000</fi>
               <fi>-0.08385415221088318700</fi>
               <fi>0.15361981323793178000</fi>
               <fi>-0.16047381193576851000</fi>
               <fi>0.25226343773254190000</fi>
               <fi>-0.65150844186877443000</fi>
               <fi>0.13115630615348686000</fi>
               <fi>-0.25323730079243451000</fi>
               <fi>1.04046559192692880000</fi>
            </CF>
         </LIDL>
         <throttle>
            <low>0.5764948688</low>
            <high>1.278431108</high>
         </throttle>
      </TFM>
   </PFM>
   <OPM>
      <LGO>
         <Transition>
            <from>0</from>
            <to>1</to>
            <time>15</time>
         </Transition>
         <Transition>
            <from>1</from>
            <to>0</to>
            <time>10</time>
         </Transition>
      </LGO>
      <HLO>
         <Transition>
            <from>0</from>
            <to>1</to>
            <time>3</time>
         </Transition>
         <Transition>
            <from>1</from>
            <to>2</to>
            <time>4</time>
         </Transition>
         <Transition>
            <from>2</from>
            <to>3</to>
            <time>7</time>
         </Transition>
         <Transition>
            <from>3</from>
            <to>2</to>
            <time>7</time>
         </Transition>
         <Transition>
            <from>2</from>
            <to>1</to>
            <time>4</time>
         </Transition>
         <Transition>
            <from>1</from>
            <to>0</to>
            <time>3</time>
         </Transition>
      </HLO>
   </OPM>
   <ALM>
      <GLM>
         <hmo>41000</hmo>
         <mfa>20000</mfa>
      </GLM>
      <KLM>
         <mmo>0.8</mmo>
         <vmo>320</vmo>
         <vle>250</vle>
         <vloe>250</vloe>
         <vlor>200</vlor>
      </KLM>
      <ELM>
         <Tmin_f>
            <point>
               <Hp>-1000</Hp>
               <DeltaT>-71</DeltaT>
            </point>
            <point>
               <Hp>25000</Hp>
               <DeltaT>-19.5</DeltaT>
            </point>
            <point>
               <Hp>36089</Hp>
               <DeltaT>-7.7</DeltaT>
            </point>
            <point>
               <Hp>37000</Hp>
               <DeltaT>-8.5</DeltaT>
            </point>
            <point>
               <Hp>41000</Hp>
               <DeltaT>-8.5</DeltaT>
            </point>
         </Tmin_f>
         <Tmax_f>
            <point>
               <Hp>-1000</Hp>
               <DeltaT>35</DeltaT>
            </point>
            <point>
               <Hp>41000</Hp>
               <DeltaT>35</DeltaT>
            </point>
         </Tmax_f>
         <Tmin_g>
            <point>
               <Hp>-1000</Hp>
               <DeltaT>-57</DeltaT>
            </point>
            <point>
               <Hp>8500</Hp>
               <DeltaT>-38.2</DeltaT>
            </point>
         </Tmin_g>
         <Tmax_g>
            <point>
               <Hp>-1000</Hp>
               <DeltaT>35</DeltaT>
            </point>
            <point>
               <Hp>8500</Hp>
               <DeltaT>35</DeltaT>
            </point>
         </Tmax_g>
      </ELM>
      <DLM>
         <MTW>24370</MTW>
         <MTOW>24300</MTOW>
         <MLW>20000</MLW>
         <MZFW>16400</MZFW>
         <OEW>14160</OEW>
         <MPL>2240</MPL>
         <MFL>9405</MFL>
         <n1>2.51</n1>
         <n3>-1</n3>
         <nf1>2</nf1>
         <nf3>0</nf3>
      </DLM>
   </ALM>
   <Ground>
      <Dimensions>
         <span>21.00</span>
         <length>26.33</length>
      </Dimensions>
      <Runway>
         <TOL>1750</TOL>
         <LDL>866</LDL>
      </Runway>
   </Ground>
   <ARPM>
      <AeroConfSchedule>
         <AeroPhase>
            <name>TO</name>
            <HLid>1</HLid>
            <LG>UP</LG>
         </AeroPhase>
         <AeroPhase>
            <name>IC</name>
            <HLid>0</HLid>
            <LG>UP</LG>
         </AeroPhase>
         <AeroPhase>
            <name>CR</name>
            <HLid>0</HLid>
            <LG>UP</LG>
         </AeroPhase>
         <AeroPhase>
            <name>AP</name>
            <HLid>2</HLid>
            <LG>UP</LG>
         </AeroPhase>
         <AeroPhase>
            <name>LD</name>
            <HLid>3</HLid>
            <LG>DN</LG>
         </AeroPhase>
      </AeroConfSchedule>
      <SpeedScheduleList>
         <SpeedSchedule>
            <CompanyName>Default</CompanyName>
            <SpeedPhase>
               <name>Climb</name>
               <CAS1>250</CAS1>
               <CAS2>290</CAS2>
               <M>0.72</M>
            </SpeedPhase>
            <SpeedPhase>
               <name>Cruise</name>
               <CAS1>250</CAS1>
               <CAS2>300</CAS2>
               <M>0.78</M>
            </SpeedPhase>
            <SpeedPhase>
               <name>Descent</name>
               <CAS1>250</CAS1>
               <CAS2>310</CAS2>
               <M>0.80</M>
            </SpeedPhase>
         </SpeedSchedule>
      </SpeedScheduleList>
   </ARPM>
</bada40:ACM>