<?xml version="1.0" encoding="utf-8"?>
<bada40:ACM xmlns:bada40="http://www.eurocontrol.int/eec/public/standard_page/bada40">
   <model>ATR42-300</model>
   <type>TURBOPROP</type>
   <engine>PW120-HS14SF</engine>
   <description/>
   <ICAO>
      <designator>AT43</designator>
      <WTC>M</WTC>
   </ICAO>
   <AFCM>
      <S>54.51</S>
      <Configuration HLid="0">
         <HLPosition>0000</HLPosition>
         <name>flaps 0</name>
         <vfe>230</vfe>
         <LGUP>
            <DPM_clean>
               <M_max>0.55</M_max>
               <scalar>9.835e-007</scalar>
               <CD_clean>
                  <d>74008378.47736182800000000000</d>
                  <d>-275864479.54405254000000000000</d>
                  <d>385074239.42220336000000000000</d>
                  <d>-238500219.63240603000000000000</d>
                  <d>55308128.67993985900000000000</d>
                  <d>-6925447.94939337670000000000</d>
                  <d>21927609.57109334300000000000</d>
                  <d>-25677322.46296678100000000000</d>
                  <d>13254348.15987108800000000000</d>
                  <d>-2547095.98761244400000000000</d>
                  <d>0</d>
                  <d>0</d>
                  <d>0</d>
                  <d>0</d>
                  <d>0</d>
               </CD_clean>
            </DPM_clean>
            <BLM>
               <CL_max>1.7216</CL_max>
            </BLM>
         </LGUP>
         <LGDN>
            <DPM_nonclean>
               <CD_nonclean>
                  <d>0.05223</d>
                  <d>-0.011964</d>
                  <d>0.046146</d>
               </CD_nonclean>
            </DPM_nonclean>
            <BLM>
               <CL_max>1.7216</CL_max>
            </BLM>
         </LGDN>
      </Configuration>
      <Configuration HLid="1">
         <HLPosition>0015</HLPosition>
         <name>flaps 15</name>
         <vfe>170</vfe>
         <LGUP>
            <DPM_nonclean>
               <CD_nonclean>
                  <d>0.051183</d>
                  <d>-0.026975</d>
                  <d>0.043511</d>
               </CD_nonclean>
            </DPM_nonclean>
            <BLM>
               <CL_max>2.3221</CL_max>
            </BLM>
         </LGUP>
         <LGDN>
            <DPM_nonclean>
               <CD_nonclean>
                  <d>0.071831</d>
                  <d>-0.026377</d>
                  <d>0.043623</d>
               </CD_nonclean>
            </DPM_nonclean>
            <BLM>
               <CL_max>2.3221</CL_max>
            </BLM>
         </LGDN>
      </Configuration>
      <Configuration HLid="2">
         <HLPosition>0030</HLPosition>
         <name>flaps 30</name>
         <vfe>150</vfe>
         <LGUP>
            <DPM_nonclean>
               <CD_nonclean>
                  <d>0.077367</d>
                  <d>-0.042684</d>
                  <d>0.047461</d>
               </CD_nonclean>
            </DPM_nonclean>
            <BLM>
               <CL_max>2.7403</CL_max>
            </BLM>
         </LGUP>
         <LGDN>
            <DPM_nonclean>
               <CD_nonclean>
                  <d>0.09803</d>
                  <d>-0.042124</d>
                  <d>0.047319</d>
               </CD_nonclean>
            </DPM_nonclean>
            <BLM>
               <CL_max>2.7403</CL_max>
            </BLM>
         </LGDN>
      </Configuration>
      <Configuration HLid="3">
         <HLPosition>0045</HLPosition>
         <name>flaps 45</name>
         <vfe>130</vfe>
         <LGUP>
            <DPM_nonclean>
               <CD_nonclean>
                  <d>0.13983</d>
                  <d>-0.052048</d>
                  <d>0.048133</d>
               </CD_nonclean>
            </DPM_nonclean>
            <BLM>
               <CL_max>3.3211</CL_max>
            </BLM>
         </LGUP>
         <LGDN>
            <DPM_nonclean>
               <CD_nonclean>
                  <d>0.16035</d>
                  <d>-0.050768</d>
                  <d>0.047627</d>
               </CD_nonclean>
            </DPM_nonclean>
            <BLM>
               <CL_max>3.3211</CL_max>
            </BLM>
         </LGDN>
      </Configuration>
   </AFCM>
   <PFM>
      <MREF>16700</MREF>
      <LHV>43217000</LHV>
      <rho>810</rho>
      <n_eng>2</n_eng>
      <TFA>7</TFA>
      <TPM>
         <prop_dia>3.96</prop_dia>
         <max_eff>1</max_eff>
         <CP>
            <a>0</a>
            <a>0.61151358402167644000</a>
            <a>1.38508246359474230000</a>
            <a>-6.00291750209154710000</a>
            <a>0</a>
            <a>0</a>
            <a>-0.49770504295683299000</a>
            <a>16.58519992386256100000</a>
            <a>73.20787254776824700000</a>
            <a>0</a>
            <a>0</a>
            <a>0</a>
            <a>0</a>
            <a>0</a>
            <a>0</a>
            <a>0</a>
            <a>0</a>
            <a>0</a>
            <a>0</a>
            <a>0</a>
            <a>0</a>
            <a>0</a>
            <a>0</a>
            <a>0</a>
            <a>0</a>
            <a>0</a>
            <a>0</a>
            <a>0</a>
            <a>0</a>
            <a>0</a>
            <a>0</a>
            <a>0</a>
            <a>0</a>
            <a>0</a>
            <a>0</a>
            <a>0</a>
         </CP>
         <CF>
            <f>0.11909326400896067000</f>
            <f>-1.91375549979492910000</f>
            <f>212.63428399294142000000</f>
            <f>-1179.70250563703870000000</f>
            <f>0</f>
            <f>-0.47127424549245245000</f>
            <f>30.96876055265158500000</f>
            <f>-1336.20079196249570000000</f>
            <f>7144.51628908711880000000</f>
            <f>0</f>
            <f>1.01807278315271740000</f>
            <f>-74.61444752462510600000</f>
            <f>2624.54777229521230000000</f>
            <f>-9497.65445192592050000000</f>
            <f>0</f>
            <f>0.06547243376424373400</f>
            <f>59.00236312243581000000</f>
            <f>-1806.15339289991290000000</f>
            <f>1526.49589349945270000000</f>
            <f>0</f>
            <f>0</f>
            <f>0</f>
            <f>0</f>
            <f>0</f>
            <f>0</f>
         </CF>
         <MCRZ>
            <max_power>2231591.994</max_power>
            <rating>
               <p>-0.02374304231994510800</p>
               <p>0.21295836795540751000</p>
               <p>-0.37514364376198928000</p>
               <p>0</p>
               <p>0</p>
               <p>0</p>
               <p>0.03898862542476528400</p>
               <p>-0.50412423628604919000</p>
               <p>1.04373064220181710000</p>
               <p>0</p>
               <p>0</p>
               <p>0</p>
               <p>-0.04366613770757559600</p>
               <p>0.34615254247140254000</p>
               <p>-0.64270846425398676000</p>
               <p>0</p>
               <p>0</p>
               <p>0</p>
               <p>0</p>
               <p>0</p>
               <p>0</p>
               <p>0</p>
               <p>0</p>
               <p>0</p>
               <p>0</p>
               <p>0</p>
               <p>0</p>
               <p>0</p>
               <p>0</p>
               <p>0</p>
               <p>0</p>
               <p>0</p>
               <p>0</p>
               <p>0</p>
               <p>0</p>
               <p>0</p>
            </rating>
         </MCRZ>
         <MCMB>
            <max_power>2229850.4643</max_power>
            <rating>
               <p>-0.01500928837416598000</p>
               <p>0.12879120570949631000</p>
               <p>-0.20994060604202419000</p>
               <p>0</p>
               <p>0</p>
               <p>0</p>
               <p>0.01875476835932205300</p>
               <p>-0.30989945358194398000</p>
               <p>0.66371026925744059000</p>
               <p>0</p>
               <p>0</p>
               <p>0</p>
               <p>-0.03073918314873112100</p>
               <p>0.23125292122812707000</p>
               <p>-0.42252659401612763000</p>
               <p>0</p>
               <p>0</p>
               <p>0</p>
               <p>0</p>
               <p>0</p>
               <p>0</p>
               <p>0</p>
               <p>0</p>
               <p>0</p>
               <p>0</p>
               <p>0</p>
               <p>0</p>
               <p>0</p>
               <p>0</p>
               <p>0</p>
               <p>0</p>
               <p>0</p>
               <p>0</p>
               <p>0</p>
               <p>0</p>
               <p>0</p>
            </rating>
         </MCMB>
         <LIDL>
            <CT>
               <ti>0</ti>
               <ti>0</ti>
               <ti>0</ti>
               <ti>0</ti>
               <ti>0</ti>
               <ti>1.32017288668737740000</ti>
               <ti>0</ti>
               <ti>0</ti>
               <ti>0.54420194092458252000</ti>
               <ti>-1.11345449002860010000</ti>
               <ti>0</ti>
               <ti>0</ti>
               <ti>-0.16625061326018084000</ti>
               <ti>0</ti>
               <ti>0</ti>
               <ti>0</ti>
               <ti>0.12034875445774115000</ti>
               <ti>-0.17803971447723813000</ti>
               <ti>0.11451673215506122000</ti>
               <ti>0</ti>
               <ti>0</ti>
               <ti>0</ti>
               <ti>0</ti>
               <ti>0</ti>
               <ti>-0.37268431737924279000</ti>
               <ti>0</ti>
               <ti>0</ti>
               <ti>-1.04086419825895900000</ti>
               <ti>0.50611145294420767000</ti>
               <ti>0</ti>
               <ti>0</ti>
               <ti>0</ti>
            </CT>
            <CF>
               <fi>0.44452776842963282000</fi>
               <fi>-0.31121123617950830000</fi>
               <fi>0.14565273078497240000</fi>
               <fi>-0.60647135398172169000</fi>
               <fi>-1.08366913655703460000</fi>
               <fi>0.24757920165697214000</fi>
               <fi>0.18658932139661460000</fi>
               <fi>0.86591918929581013000</fi>
               <fi>-1.61589600200545890000</fi>
               <fi>-0.49182022612037202000</fi>
               <fi>0.22960983507456431000</fi>
               <fi>0.11845520630968655000</fi>
               <fi>3.87534716919933420000</fi>
               <fi>-2.29881906362791980000</fi>
            </CF>
         </LIDL>
         <throttle>
            <low>-0.022807</low>
            <high>0.0057853</high>
         </throttle>
      </TPM>
   </PFM>
   <OPM>
      <LGO>
         <Transition>
            <from>0</from>
            <to>1</to>
            <time>15</time>
         </Transition>
         <Transition>
            <from>1</from>
            <to>0</to>
            <time>15</time>
         </Transition>
      </LGO>
      <HLO>
         <Transition>
            <from>0</from>
            <to>1</to>
            <time>2.8</time>
         </Transition>
         <Transition>
            <from>1</from>
            <to>2</to>
            <time>3.2</time>
         </Transition>
         <Transition>
            <from>2</from>
            <to>3</to>
            <time>6.2</time>
         </Transition>
         <Transition>
            <from>3</from>
            <to>2</to>
            <time>6.4</time>
         </Transition>
         <Transition>
            <from>2</from>
            <to>1</to>
            <time>4.4</time>
         </Transition>
         <Transition>
            <from>1</from>
            <to>0</to>
            <time>5.3</time>
         </Transition>
      </HLO>
   </OPM>
   <ALM>
      <GLM>
         <hmo>25000</hmo>
      </GLM>
      <KLM>
         <mmo>0.55</mmo>
         <vmo>230</vmo>
         <vle>160</vle>
         <vloe>160</vloe>
         <vlor>160</vlor>
      </KLM>
      <ELM>
         <Tmin_f>
            <point>
               <Hp>-1000</Hp>
               <DeltaT>-56</DeltaT>
            </point>
            <point>
               <Hp>5000</Hp>
               <DeltaT>-44.1</DeltaT>
            </point>
            <point>
               <Hp>11100</Hp>
               <DeltaT>-47</DeltaT>
            </point>
            <point>
               <Hp>25000</Hp>
               <DeltaT>-19.5</DeltaT>
            </point>
         </Tmin_f>
         <Tmax_f>
            <point>
               <Hp>-1000</Hp>
               <DeltaT>35</DeltaT>
            </point>
            <point>
               <Hp>25000</Hp>
               <DeltaT>35</DeltaT>
            </point>
         </Tmax_f>
         <Tmin_g>
            <point>
               <Hp>-1000</Hp>
               <DeltaT>-56</DeltaT>
            </point>
            <point>
               <Hp>5000</Hp>
               <DeltaT>-44.1</DeltaT>
            </point>
            <point>
               <Hp>8500</Hp>
               <DeltaT>-45.8</DeltaT>
            </point>
         </Tmin_g>
         <Tmax_g>
            <point>
               <Hp>-1000</Hp>
               <DeltaT>35</DeltaT>
            </point>
            <point>
               <Hp>8500</Hp>
               <DeltaT>35</DeltaT>
            </point>
         </Tmax_g>
      </ELM>
      <DLM>
         <MTW>16720</MTW>
         <MTOW>16700</MTOW>
         <MLW>16400</MLW>
         <MZFW>15200</MZFW>
         <OEW>9600</OEW>
         <MPL>5600</MPL>
         <MFL>4500</MFL>
         <n1>2.5</n1>
         <n3>-1</n3>
         <nf1>2</nf1>
         <nf3>0</nf3>
      </DLM>
   </ALM>
   <Ground>
      <Dimensions>
         <span>24.57</span>
         <length>22.67</length>
      </Dimensions>
      <Runway>
         <TOL>1090</TOL>
         <LDL>1033</LDL>
      </Runway>
   </Ground>
   <ARPM>
      <AeroConfSchedule>
         <AeroPhase>
            <name>TO</name>
            <HLid>1</HLid>
            <LG>UP</LG>
         </AeroPhase>
         <AeroPhase>
            <name>IC</name>
            <HLid>0</HLid>
            <LG>UP</LG>
         </AeroPhase>
         <AeroPhase>
            <name>CR</name>
            <HLid>0</HLid>
            <LG>UP</LG>
         </AeroPhase>
         <AeroPhase>
            <name>AP</name>
            <HLid>2</HLid>
            <LG>UP</LG>
         </AeroPhase>
         <AeroPhase>
            <name>LD</name>
            <HLid>3</HLid>
            <LG>DN</LG>
         </AeroPhase>
      </AeroConfSchedule>
      <SpeedScheduleList>
         <SpeedSchedule>
            <CompanyName>Default</CompanyName>
            <SpeedPhase>
               <name>Climb</name>
               <CAS1>160</CAS1>
               <CAS2>160</CAS2>
               <M>0.45</M>
            </SpeedPhase>
            <SpeedPhase>
               <name>Cruise</name>
               <CAS1>230</CAS1>
               <CAS2>210</CAS2>
               <M>0.45</M>
            </SpeedPhase>
            <SpeedPhase>
               <name>Descent</name>
               <CAS1>220</CAS1>
               <CAS2>220</CAS2>
               <M>0.55</M>
            </SpeedPhase>
         </SpeedSchedule>
      </SpeedScheduleList>
   </ARPM>
</bada40:ACM>