<?xml version="1.0" encoding="utf-8"?>
<bada40:ACM xmlns:bada40="http://www.eurocontrol.int/eec/public/standard_page/bada40">
   <model>767-200</model>
   <type>JET</type>
   <engine>CF6-80A2</engine>
   <description/>
   <ICAO>
      <designator>B762</designator>
      <WTC>H</WTC>
   </ICAO>
   <AFCM>
      <S>283.35427200000004000000</S>
      <Configuration HLid="0">
         <HLPosition>0000</HLPosition>
         <name>flaps  0</name>
         <vfe>360</vfe>
         <LGUP>
            <DPM_clean>
               <M_max>0.86000</M_max>
               <scalar>9.835e-007</scalar>
               <CD_clean>
                  <d>28885.16773164520800000000</d>
                  <d>-50156.66166182931900000000</d>
                  <d>56972.29598992047200000000</d>
                  <d>-29474.32074318991400000000</d>
                  <d>6163.32491577420660000000</d>
                  <d>26919.25887997814400000000</d>
                  <d>26123.30064886084800000000</d>
                  <d>-9173.12169619552150000000</d>
                  <d>1089.88774685971950000000</d>
                  <d>-35.27881317289773500000</d>
                  <d>11232.05263476213400000000</d>
                  <d>-6268.44362623602140000000</d>
                  <d>11277.56375722370500000000</d>
                  <d>-6586.61099573176220000000</d>
                  <d>1272.29585443282670000000</d>
               </CD_clean>
            </DPM_clean>
            <BLM_clean>
               <Mmin>0.40000</Mmin>
               <Mmax>0.85000</Mmax>
               <CL_Mach0>0.84772302037822023000</CL_Mach0>
               <CL_clean>
                  <bf>3.43226927322968710000</bf>
                  <bf>-13.80088051198110000000</bf>
                  <bf>25.25949217393154800000</bf>
                  <bf>-15.29325659036006100000</bf>
                  <bf>0.00000000000000000000</bf>
               </CL_clean>
            </BLM_clean>
         </LGUP>
         <LGDN>
            <DPM_nonclean>
               <CD_nonclean>
                  <d>0.01528349434147943500</d>
                  <d>-0.00907685747088738530</d>
                  <d>0.06071018533705105400</d>
               </CD_nonclean>
            </DPM_nonclean>
            <BLM>
               <CL_max>0.84772302037822023000</CL_max>
            </BLM>
         </LGDN>
      </Configuration>
      <Configuration HLid="1">
         <HLPosition>0001</HLPosition>
         <name>flaps  1</name>
         <vfe>240</vfe>
         <LGUP>
            <DPM_nonclean>
               <CD_nonclean>
                  <d>0.03107634758833834400</d>
                  <d>-0.03770158994323738500</d>
                  <d>0.07452108532200058000</d>
               </CD_nonclean>
            </DPM_nonclean>
            <BLM>
               <CL_max>1.48828372765152080000</CL_max>
            </BLM>
         </LGUP>
         <LGDN>
            <DPM_nonclean>
               <CD_nonclean>
                  <d>0.05737634758833833100</d>
                  <d>-0.03770158994323734300</d>
                  <d>0.07452108532200055200</d>
               </CD_nonclean>
            </DPM_nonclean>
            <BLM>
               <CL_max>1.48828372765152080000</CL_max>
            </BLM>
         </LGDN>
      </Configuration>
      <Configuration HLid="2">
         <HLPosition>0005</HLPosition>
         <name>flaps  5</name>
         <vfe>220</vfe>
         <LGUP>
            <DPM_nonclean>
               <CD_nonclean>
                  <d>0.03104591800290376600</d>
                  <d>-0.02690349949519102800</d>
                  <d>0.06500571292512602500</d>
               </CD_nonclean>
            </DPM_nonclean>
            <BLM>
               <CL_max>1.60651304722040460000</CL_max>
            </BLM>
         </LGUP>
         <LGDN>
            <DPM_nonclean>
               <CD_nonclean>
                  <d>0.05634591800290375500</d>
                  <d>-0.02690349949519097600</d>
                  <d>0.06500571292512596900</d>
               </CD_nonclean>
            </DPM_nonclean>
            <BLM>
               <CL_max>1.60651304722040460000</CL_max>
            </BLM>
         </LGDN>
      </Configuration>
      <Configuration HLid="3">
         <HLPosition>0015</HLPosition>
         <name>flaps 15</name>
         <vfe>210</vfe>
         <LGUP>
            <DPM_nonclean>
               <CD_nonclean>
                  <d>0.04633684713792521300</d>
                  <d>-0.04823929301164574200</d>
                  <d>0.07318778874898095000</d>
               </CD_nonclean>
            </DPM_nonclean>
            <BLM>
               <CL_max>1.73941122296745340000</CL_max>
            </BLM>
         </LGUP>
         <LGDN>
            <DPM_nonclean>
               <CD_nonclean>
                  <d>0.07073684713792545400</d>
                  <d>-0.04823929301164615900</d>
                  <d>0.07318778874898114500</d>
               </CD_nonclean>
            </DPM_nonclean>
            <BLM>
               <CL_max>1.73941122296745340000</CL_max>
            </BLM>
         </LGDN>
      </Configuration>
      <Configuration HLid="4">
         <HLPosition>0020</HLPosition>
         <name>flaps 20</name>
         <vfe>195</vfe>
         <LGUP>
            <DPM_nonclean>
               <CD_nonclean>
                  <d>0.04700343034916935200</d>
                  <d>-0.03927612574979572100</d>
                  <d>0.06732000988776133700</d>
               </CD_nonclean>
            </DPM_nonclean>
            <BLM>
               <CL_max>1.87189149080110330000</CL_max>
            </BLM>
         </LGUP>
         <LGDN>
            <DPM_nonclean>
               <CD_nonclean>
                  <d>0.07070343034916955200</d>
                  <d>-0.03927612574979601900</d>
                  <d>0.06732000988776146200</d>
               </CD_nonclean>
            </DPM_nonclean>
            <BLM>
               <CL_max>1.87189149080110330000</CL_max>
            </BLM>
         </LGDN>
      </Configuration>
      <Configuration HLid="5">
         <HLPosition>0025</HLPosition>
         <name>flaps 25</name>
         <vfe>190</vfe>
         <LGDN>
            <DPM_nonclean>
               <CD_nonclean>
                  <d>0.11219132039585109000</d>
                  <d>-0.08245515087906964100</d>
                  <d>0.08093867912969432400</d>
               </CD_nonclean>
            </DPM_nonclean>
            <BLM>
               <CL_max>1.90737679585101350000</CL_max>
            </BLM>
         </LGDN>
      </Configuration>
      <Configuration HLid="6">
         <HLPosition>0030</HLPosition>
         <name>flaps 30</name>
         <vfe>182</vfe>
         <LGDN>
            <DPM_nonclean>
               <CD_nonclean>
                  <d>0.15432754016538838000</d>
                  <d>-0.10577527792713631000</d>
                  <d>0.08518021458399598100</d>
               </CD_nonclean>
            </DPM_nonclean>
            <BLM>
               <CL_max>2.03986062374133680000</CL_max>
            </BLM>
         </LGDN>
      </Configuration>
   </AFCM>
   <PFM>
      <MREF>142882</MREF>
      <LHV>43217000</LHV>
      <rho>810</rho>
      <n_eng>2</n_eng>
      <TFA>19.96</TFA>
      <TFM>
         <CT>
            <a>0.00000000000000000000</a>
            <a>-0.10000000000128974000</a>
            <a>0.00000000000000000000</a>
            <a>0.00000000000000000000</a>
            <a>0.00000000000000000000</a>
            <a>0.00000000000000000000</a>
            <a>0.29999999999719928000</a>
            <a>0.00000000000000000000</a>
            <a>0.00000000000000000000</a>
            <a>0.00000000000000000000</a>
            <a>0.00000000000000000000</a>
            <a>0.00000000000000000000</a>
            <a>0.00000000000000000000</a>
            <a>0.00000000000000000000</a>
            <a>0.00000000000000000000</a>
            <a>0.00000000000000000000</a>
            <a>0.00000000000000000000</a>
            <a>0.00000000000000000000</a>
            <a>0.00000000000000000000</a>
            <a>0.00000000000000000000</a>
            <a>0.00000000000000000000</a>
            <a>0.00000000000000000000</a>
            <a>0.00000000000000000000</a>
            <a>0.00000000000000000000</a>
            <a>0.00000000000000000000</a>
            <a>0.00000000000000000000</a>
            <a>0.00000000000000000000</a>
            <a>0.00000000000000000000</a>
            <a>0.00000000000000000000</a>
            <a>0.00000000000000000000</a>
            <a>0.00000000000000000000</a>
            <a>0.00000000000000000000</a>
            <a>0.00000000000000000000</a>
            <a>0.00000000000000000000</a>
            <a>0.00000000000000000000</a>
            <a>0.00000000000000000000</a>
         </CT>
         <CF>
            <f>-0.00104736967602600890</f>
            <f>0.81060415942145214000</f>
            <f>7.69287614013764910000</f>
            <f>-44.45335235993817200000</f>
            <f>72.08197704251554700000</f>
            <f>0.10980141960548424000</f>
            <f>1.64351498089772540000</f>
            <f>-8.48454061753820990000</f>
            <f>49.49498955945856000000</f>
            <f>-72.97955681230311600000</f>
            <f>0.00000000000000000000</f>
            <f>0.00000000000000000000</f>
            <f>0.00000000000000000000</f>
            <f>0.00000000000000000000</f>
            <f>0.00000000000000000000</f>
            <f>0.00000000000000000000</f>
            <f>0.00000000000000000000</f>
            <f>0.00000000000000000000</f>
            <f>0.00000000000000000000</f>
            <f>0.00000000000000000000</f>
            <f>0.00000000000000000000</f>
            <f>0.00000000000000000000</f>
            <f>0.00000000000000000000</f>
            <f>0.00000000000000000000</f>
            <f>0.00000000000000000000</f>
         </CF>
         <MCRZ>
            <kink>12</kink>
            <flat_rating>
               <b>-2.83683026214020510000</b>
               <b>8.92603294448898770000</b>
               <b>-6.46058543117440910000</b>
               <b>0.00000000000000000000</b>
               <b>0.00000000000000000000</b>
               <b>0.00000000000000000000</b>
               <b>32.15543184276477000000</b>
               <b>-70.71023962254098200000</b>
               <b>61.20546438467022200000</b>
               <b>0.00000000000000000000</b>
               <b>0.00000000000000000000</b>
               <b>0.00000000000000000000</b>
               <b>-109.14327231978220000000</b>
               <b>249.26894785943807000000</b>
               <b>-249.33306901398120000000</b>
               <b>0.00000000000000000000</b>
               <b>0.00000000000000000000</b>
               <b>0.00000000000000000000</b>
               <b>188.19381319802929000000</b>
               <b>-473.14219307506193000000</b>
               <b>511.00592106289042000000</b>
               <b>0.00000000000000000000</b>
               <b>0.00000000000000000000</b>
               <b>0.00000000000000000000</b>
               <b>-163.01758761520728000000</b>
               <b>448.77055772808461000000</b>
               <b>-500.76152891712445000000</b>
               <b>0.00000000000000000000</b>
               <b>0.00000000000000000000</b>
               <b>0.00000000000000000000</b>
               <b>55.71791645908218300000</b>
               <b>-164.75511771080329000000</b>
               <b>186.08955496744440000000</b>
               <b>0.00000000000000000000</b>
               <b>0.00000000000000000000</b>
               <b>0.00000000000000000000</b>
            </flat_rating>
            <temp_rating>
               <c>-768.42287167861764000000</c>
               <c>2595.01774641857170000000</c>
               <c>-2576.51538095632900000000</c>
               <c>0.00000000000000000000</c>
               <c>0.00000000000000000000</c>
               <c>3016.47655835767360000000</c>
               <c>-10190.52374577565200000000</c>
               <c>10157.40587517314500000000</c>
               <c>0.00000000000000000000</c>
               <c>0.00000000000000000000</c>
               <c>-4421.73484144995110000000</c>
               <c>14987.52118133957600000000</c>
               <c>-14989.65337153206900000000</c>
               <c>0.00000000000000000000</c>
               <c>0.00000000000000000000</c>
               <c>2875.67659692414960000000</c>
               <c>-9789.91494146230620000000</c>
               <c>9817.61820020578670000000</c>
               <c>0.00000000000000000000</c>
               <c>0.00000000000000000000</c>
               <c>-700.57119411372071000000</c>
               <c>2396.54135811524840000000</c>
               <c>-2408.27354699619080000000</c>
               <c>0.00000000000000000000</c>
               <c>0.00000000000000000000</c>
               <c>-2.98118016988697750000</c>
               <c>1.94598695130434950000</c>
               <c>4.98744655793265320000</c>
               <c>0.00000000000000000000</c>
               <c>0.00000000000000000000</c>
               <c>5.33072636390298720000</c>
               <c>5.06355109022505620000</c>
               <c>-22.34542039897177500000</c>
               <c>0.00000000000000000000</c>
               <c>0.00000000000000000000</c>
               <c>-3.63751730082488090000</c>
               <c>-15.44934681527191800000</c>
               <c>34.41621275678258500000</c>
               <c>0.00000000000000000000</c>
               <c>0.00000000000000000000</c>
               <c>0.69170607791981786000</c>
               <c>9.50815997828388500000</c>
               <c>-17.08123602072229000000</c>
               <c>0.00000000000000000000</c>
               <c>0.00000000000000000000</c>
            </temp_rating>
         </MCRZ>
         <MCMB>
            <kink>12</kink>
            <flat_rating>
               <b>0.19527030496485079000</b>
               <b>-0.72906799245087262000</b>
               <b>1.46393734671677380000</b>
               <b>0.00000000000000000000</b>
               <b>0.00000000000000000000</b>
               <b>0.00000000000000000000</b>
               <b>3.59026169823834440000</b>
               <b>17.73650096134669600000</b>
               <b>-12.33004634996480500000</b>
               <b>0.00000000000000000000</b>
               <b>0.00000000000000000000</b>
               <b>0.00000000000000000000</b>
               <b>-10.67456628891380000000</b>
               <b>-55.77571623895209300000</b>
               <b>16.54970489234944600000</b>
               <b>0.00000000000000000000</b>
               <b>0.00000000000000000000</b>
               <b>0.00000000000000000000</b>
               <b>26.12672657247492600000</b>
               <b>47.22796537291128500000</b>
               <b>30.40656378492915500000</b>
               <b>0.00000000000000000000</b>
               <b>0.00000000000000000000</b>
               <b>0.00000000000000000000</b>
               <b>-31.81227441362766900000</b>
               <b>5.09696911395584800000</b>
               <b>-68.68271086145540500000</b>
               <b>0.00000000000000000000</b>
               <b>0.00000000000000000000</b>
               <b>0.00000000000000000000</b>
               <b>13.51651997192256800000</b>
               <b>-14.29665481987594700000</b>
               <b>33.25725032838065000000</b>
               <b>0.00000000000000000000</b>
               <b>0.00000000000000000000</b>
               <b>0.00000000000000000000</b>
            </flat_rating>
            <temp_rating>
               <c>-248.21086994936491000000</c>
               <c>731.95215810721857000000</c>
               <c>-868.95396254181753000000</c>
               <c>0.00000000000000000000</c>
               <c>0.00000000000000000000</c>
               <c>941.03532345152826000000</c>
               <c>-2818.53397404886940000000</c>
               <c>3401.96879797738120000000</c>
               <c>0.00000000000000000000</c>
               <c>0.00000000000000000000</c>
               <c>-1321.74135400717770000000</c>
               <c>4058.97465097595750000000</c>
               <c>-4979.51389878327790000000</c>
               <c>0.00000000000000000000</c>
               <c>0.00000000000000000000</c>
               <c>823.40596054484752000000</c>
               <c>-2601.73474845566080000000</c>
               <c>3237.04726757059420000000</c>
               <c>0.00000000000000000000</c>
               <c>0.00000000000000000000</c>
               <c>-192.42225463553345000000</c>
               <c>626.52830857474453000000</c>
               <c>-788.90627717112113000000</c>
               <c>0.00000000000000000000</c>
               <c>0.00000000000000000000</c>
               <c>-7.04380724938994440000</c>
               <c>13.07417881651244700000</c>
               <c>-3.18223414331090650000</c>
               <c>0.00000000000000000000</c>
               <c>0.00000000000000000000</c>
               <c>15.97285239916862700000</c>
               <c>-23.77057278940176800000</c>
               <c>-1.41750781452897060000</c>
               <c>0.00000000000000000000</c>
               <c>0.00000000000000000000</c>
               <c>-14.93628204588359800000</c>
               <c>14.78530688561040700000</c>
               <c>12.88209178302986000000</c>
               <c>0.00000000000000000000</c>
               <c>0.00000000000000000000</c>
               <c>4.85548919530054500000</c>
               <c>-1.64641543580511440000</c>
               <c>-9.29553195752873230000</c>
               <c>0.00000000000000000000</c>
               <c>0.00000000000000000000</c>
            </temp_rating>
         </MCMB>
         <MTKF>
            <kink>12</kink>
            <flat_rating>
               <b>960.28393091694716000000</b>
               <b>-4696.07425648089520000000</b>
               <b>5825.49475755283580000000</b>
               <b>0.00000000000000000000</b>
               <b>0.00000000000000000000</b>
               <b>0.00000000000000000000</b>
               <b>-5873.99165870418350000000</b>
               <b>28675.99718963866300000000</b>
               <b>-35668.24210026017700000000</b>
               <b>0.00000000000000000000</b>
               <b>0.00000000000000000000</b>
               <b>0.00000000000000000000</b>
               <b>14323.47387295853900000000</b>
               <b>-69734.93587808395400000000</b>
               <b>86972.23146792390600000000</b>
               <b>0.00000000000000000000</b>
               <b>0.00000000000000000000</b>
               <b>0.00000000000000000000</b>
               <b>-17379.85039305049200000000</b>
               <b>84413.32178463836300000000</b>
               <b>-105559.05591957973000000000</b>
               <b>0.00000000000000000000</b>
               <b>0.00000000000000000000</b>
               <b>0.00000000000000000000</b>
               <b>10493.59910751765700000000</b>
               <b>-50866.06952629626200000000</b>
               <b>63772.76051154943000000000</b>
               <b>0.00000000000000000000</b>
               <b>0.00000000000000000000</b>
               <b>0.00000000000000000000</b>
               <b>-2522.39020376746880000000</b>
               <b>12207.33031032733400000000</b>
               <b>-15342.91298173993200000000</b>
               <b>0.00000000000000000000</b>
               <b>0.00000000000000000000</b>
               <b>0.00000000000000000000</b>
            </flat_rating>
            <temp_rating>
               <c>61914.58859794119100000000</c>
               <c>-350429.80082676292000000000</c>
               <c>481159.58842582686000000000</c>
               <c>0.00000000000000000000</c>
               <c>0.00000000000000000000</c>
               <c>-231424.22783394027000000000</c>
               <c>1309591.04594872680000000000</c>
               <c>-1799309.38808985500000000000</c>
               <c>0.00000000000000000000</c>
               <c>0.00000000000000000000</c>
               <c>323453.09523380577000000000</c>
               <c>-1831115.15759498510000000000</c>
               <c>2517468.20594347450000000000</c>
               <c>0.00000000000000000000</c>
               <c>0.00000000000000000000</c>
               <c>-200830.39511109324000000000</c>
               <c>1137383.71732844810000000000</c>
               <c>-1564694.27914752670000000000</c>
               <c>0.00000000000000000000</c>
               <c>0.00000000000000000000</c>
               <c>46738.19433037905400000000</c>
               <c>-264802.66415829153000000000</c>
               <c>364514.55507140612000000000</c>
               <c>0.00000000000000000000</c>
               <c>0.00000000000000000000</c>
               <c>709.94460095308841000000</c>
               <c>-2974.39595939518720000000</c>
               <c>4093.45836466648780000000</c>
               <c>0.00000000000000000000</c>
               <c>0.00000000000000000000</c>
               <c>-1248.64770616213810000000</c>
               <c>5236.98304126697080000000</c>
               <c>-7223.28302036562580000000</c>
               <c>0.00000000000000000000</c>
               <c>0.00000000000000000000</c>
               <c>971.88821581149989000000</c>
               <c>-4084.58905358912990000000</c>
               <c>5645.90949358457330000000</c>
               <c>0.00000000000000000000</c>
               <c>0.00000000000000000000</c>
               <c>-282.48095740924254000000</c>
               <c>1190.48633760243620000000</c>
               <c>-1648.93564920910030000000</c>
               <c>0.00000000000000000000</c>
               <c>0.00000000000000000000</c>
            </temp_rating>
         </MTKF>
         <LIDL>
            <CT>
               <ti>0.01380888736730910400</ti>
               <ti>-0.02058096974455078300</ti>
               <ti>0.09368344835940484200</ti>
               <ti>-0.05760722202092909100</ti>
               <ti>-0.03350349874085541800</ti>
               <ti>0.12063214386484460000</ti>
               <ti>-0.39766244337611290000</ti>
               <ti>0.23541947818287376000</ti>
               <ti>0.02029222015644544300</ti>
               <ti>-0.11293057051185675000</ti>
               <ti>0.28418819068574530000</ti>
               <ti>-0.15767147598806536000</ti>
            </CT>
            <CF>
               <fi>0.01728059127916787800</fi>
               <fi>0.02457651127574503700</fi>
               <fi>0.00128192661760550960</fi>
               <fi>-0.02004307447869772100</fi>
               <fi>0.01190389246789554400</fi>
               <fi>0.03774209326462514600</fi>
               <fi>0.00850848110987768680</fi>
               <fi>0.03708953506296072000</fi>
               <fi>-0.07753771659306547800</fi>
            </CF>
         </LIDL>
         <throttle>
            <low>0.56220025892485292000</low>
            <high>1.33889709742894290000</high>
         </throttle>
      </TFM>
   </PFM>
   <OPM>
      <LGO>
         <Transition>
            <from>0</from>
            <to>1</to>
            <time>18.3</time>
         </Transition>
         <Transition>
            <from>1</from>
            <to>0</to>
            <time>18.3</time>
         </Transition>
      </LGO>
      <HLO>
         <Transition>
            <from>0</from>
            <to>1</to>
            <time>8</time>
         </Transition>
         <Transition>
            <from>1</from>
            <to>2</to>
            <time>21.45</time>
         </Transition>
         <Transition>
            <from>2</from>
            <to>3</to>
            <time>7.25</time>
         </Transition>
         <Transition>
            <from>3</from>
            <to>4</to>
            <time>2.73</time>
         </Transition>
         <Transition>
            <from>4</from>
            <to>5</to>
            <time>5.4</time>
         </Transition>
         <Transition>
            <from>5</from>
            <to>6</to>
            <time>6.3</time>
         </Transition>
         <Transition>
            <from>6</from>
            <to>5</to>
            <time>6.3</time>
         </Transition>
         <Transition>
            <from>5</from>
            <to>4</to>
            <time>5.4</time>
         </Transition>
         <Transition>
            <from>4</from>
            <to>3</to>
            <time>2.73</time>
         </Transition>
         <Transition>
            <from>3</from>
            <to>2</to>
            <time>7.25</time>
         </Transition>
         <Transition>
            <from>2</from>
            <to>1</to>
            <time>21.45</time>
         </Transition>
         <Transition>
            <from>1</from>
            <to>0</to>
            <time>7</time>
         </Transition>
      </HLO>
   </OPM>
   <ALM>
      <GLM>
         <hmo>43100</hmo>
         <mfa>20000</mfa>
      </GLM>
      <KLM>
         <mmo>0.86</mmo>
         <vmo>360</vmo>
         <mle>0.82</mle>
         <vle>270</vle>
         <mlo>0.82</mlo>
         <vloe>270</vloe>
         <vlor>270</vlor>
      </KLM>
      <ELM>
         <Tmin_f>
            <point>
               <Hp>-1000.0</Hp>
               <DeltaT>-71.00000000000000000000</DeltaT>
            </point>
            <point>
               <Hp>0.0</Hp>
               <DeltaT>-69.00000000000000000000</DeltaT>
            </point>
            <point>
               <Hp>25000.0</Hp>
               <DeltaT>-36.50000000000000000000</DeltaT>
            </point>
            <point>
               <Hp>35000.0</Hp>
               <DeltaT>-19.50000000000000000000</DeltaT>
            </point>
            <point>
               <Hp>36089.0</Hp>
               <DeltaT>-17.50000000000000000000</DeltaT>
            </point>
            <point>
               <Hp>43100.0</Hp>
               <DeltaT>-17.50000000000000000000</DeltaT>
            </point>
         </Tmin_f>
         <Tmax_f>
            <point>
               <Hp>-1000.0</Hp>
               <DeltaT>37.39999999999999900000</DeltaT>
            </point>
            <point>
               <Hp>0.0</Hp>
               <DeltaT>39.39999999999999900000</DeltaT>
            </point>
            <point>
               <Hp>10000.0</Hp>
               <DeltaT>39.39999999999999900000</DeltaT>
            </point>
            <point>
               <Hp>10001.0</Hp>
               <DeltaT>33.89999999999999900000</DeltaT>
            </point>
            <point>
               <Hp>36089.0</Hp>
               <DeltaT>33.89999999999999900000</DeltaT>
            </point>
            <point>
               <Hp>43100.0</Hp>
               <DeltaT>20.00000000000000000000</DeltaT>
            </point>
         </Tmax_f>
         <Tmin_g>
            <point>
               <Hp>-1000.0</Hp>
               <DeltaT>-71.00000000000000000000</DeltaT>
            </point>
            <point>
               <Hp>0.0</Hp>
               <DeltaT>-69.00000000000000000000</DeltaT>
            </point>
            <point>
               <Hp>8500.0</Hp>
               <DeltaT>-52.10000000000000100000</DeltaT>
            </point>
         </Tmin_g>
         <Tmax_g>
            <point>
               <Hp>-1000.0</Hp>
               <DeltaT>37.39999999999999900000</DeltaT>
            </point>
            <point>
               <Hp>0.0</Hp>
               <DeltaT>39.39999999999999900000</DeltaT>
            </point>
            <point>
               <Hp>8500.0</Hp>
               <DeltaT>39.39999999999999900000</DeltaT>
            </point>
         </Tmax_g>
      </ELM>
      <DLM>
         <MTW>143789</MTW>
         <MTOW>142882</MTOW>
         <MLW>123377</MLW>
         <MZFW>113398</MZFW>
         <OEW>80127</OEW>
         <MPL>33271</MPL>
         <MFL>63217</MFL>
         <n1>2.5</n1>
         <n3>-1</n3>
         <nf1>2</nf1>
         <nf3>0</nf3>
      </DLM>
   </ALM>
   <Ground>
      <Dimensions>
         <span>47.57</span>
         <length>48.51</length>
      </Dimensions>
      <Runway>
         <TOL>1850</TOL>
         <LDL>1450</LDL>
      </Runway>
   </Ground>
   <ARPM>
      <AeroConfSchedule>
         <AeroPhase>
            <name>TO</name>
            <HLid>3</HLid>
            <LG>UP</LG>
         </AeroPhase>
         <AeroPhase>
            <name>IC</name>
            <HLid>2</HLid>
            <LG>UP</LG>
         </AeroPhase>
         <AeroPhase>
            <name>CR</name>
            <HLid>0</HLid>
            <LG>UP</LG>
         </AeroPhase>
         <AeroPhase>
            <name>AP</name>
            <HLid>4</HLid>
            <LG>UP</LG>
         </AeroPhase>
         <AeroPhase>
            <name>LD</name>
            <HLid>6</HLid>
            <LG>DN</LG>
         </AeroPhase>
      </AeroConfSchedule>
      <SpeedScheduleList>
         <SpeedSchedule>
            <CompanyName>Default</CompanyName>
            <SpeedPhase>
               <name>Climb</name>
               <CAS1>320</CAS1>
               <CAS2>320</CAS2>
               <M>0.80</M>
            </SpeedPhase>
            <SpeedPhase>
               <name>Cruise</name>
               <CAS1>310</CAS1>
               <CAS2>310</CAS2>
               <M>0.80</M>
            </SpeedPhase>
            <SpeedPhase>
               <name>Descent</name>
               <CAS1>310</CAS1>
               <CAS2>310</CAS2>
               <M>0.84</M>
            </SpeedPhase>
         </SpeedSchedule>
      </SpeedScheduleList>
   </ARPM>
</bada40:ACM>