<?xml version="1.0" encoding="utf-8"?>
<bada40:ACM xmlns:bada40="http://www.eurocontrol.int/eec/public/standard_page/bada40">
   <model>737-900ER</model>
   <type>JET</type>
   <engine>CFM56-7B26/27</engine>
   <description>extended range, winglets</description>
   <ICAO>
      <designator>B739</designator>
      <WTC>M</WTC>
   </ICAO>
   <AFCM>
      <S>124.58297664000001000000</S>
      <Configuration HLid="0">
         <HLPosition>0000</HLPosition>
         <name>flaps  0</name>
         <vfe>340</vfe>
         <LGUP>
            <DPM_clean>
               <M_max>0.82000</M_max>
               <scalar>9.835e-007</scalar>
               <CD_clean>
                  <d>-600140.98030901642000000000</d>
                  <d>1747604.77021655630000000000</d>
                  <d>-1821612.19163299650000000000</d>
                  <d>832383.52889407799000000000</d>
                  <d>-140372.60506564271000000000</d>
                  <d>160951.64334349602000000000</d>
                  <d>-185501.91795482009000000000</d>
                  <d>91001.42094409150000000000</d>
                  <d>-18712.38397026516800000000</d>
                  <d>1352.65199193083460000000</d>
                  <d>-358.83316561997515000000</d>
                  <d>97059.98854297860800000000</d>
                  <d>-177582.40499788837000000000</d>
                  <d>108279.44416045083000000000</d>
                  <d>-21973.75932454591700000000</d>
               </CD_clean>
            </DPM_clean>
            <BLM_clean>
               <Mmin>0.20000</Mmin>
               <Mmax>0.82000</Mmax>
               <CL_Mach0>1.09902122116106620000</CL_Mach0>
               <CL_clean>
                  <bf>0.79753479796443971000</bf>
                  <bf>6.61103001642072300000</bf>
                  <bf>-27.01321641471084700000</bf>
                  <bf>39.73456227122118600000</bf>
                  <bf>-20.50587515276433600000</bf>
               </CL_clean>
            </BLM_clean>
         </LGUP>
         <LGDN>
            <DPM_nonclean>
               <CD_nonclean>
                  <d>0.05689604761904760300</d>
                  <d>-0.02562595238095236000</d>
                  <d>0.05317857142857140800</d>
               </CD_nonclean>
            </DPM_nonclean>
            <BLM>
               <CL_max>1.09902122116106620000</CL_max>
            </BLM>
         </LGDN>
      </Configuration>
      <Configuration HLid="1">
         <HLPosition>0001</HLPosition>
         <name>flaps  1</name>
         <vfe>250</vfe>
         <LGUP>
            <DPM_nonclean>
               <CD_nonclean>
                  <d>0.04777971885363751400</d>
                  <d>-0.04241922904313399200</d>
                  <d>0.05952095234560631600</d>
               </CD_nonclean>
            </DPM_nonclean>
            <BLM>
               <CL_max>1.68945275505778650000</CL_max>
            </BLM>
         </LGUP>
         <LGDN>
            <DPM_nonclean>
               <CD_nonclean>
                  <d>0.07821943406593404000</d>
                  <d>-0.04823472365869418300</d>
                  <d>0.05937306076276659100</d>
               </CD_nonclean>
            </DPM_nonclean>
            <BLM>
               <CL_max>1.68945275505778650000</CL_max>
            </BLM>
         </LGDN>
      </Configuration>
      <Configuration HLid="2">
         <HLPosition>0005</HLPosition>
         <name>flaps  5</name>
         <vfe>250</vfe>
         <LGUP>
            <DPM_nonclean>
               <CD_nonclean>
                  <d>0.05739675300126018100</d>
                  <d>-0.04696184806880240200</d>
                  <d>0.05902365634188944100</d>
               </CD_nonclean>
            </DPM_nonclean>
            <BLM>
               <CL_max>1.78023272188073150000</CL_max>
            </BLM>
         </LGUP>
         <LGDN>
            <DPM_nonclean>
               <CD_nonclean>
                  <d>0.08430362500000004900</d>
                  <d>-0.04902394607843143400</d>
                  <d>0.05783946078431373400</d>
               </CD_nonclean>
            </DPM_nonclean>
            <BLM>
               <CL_max>1.78023272188073150000</CL_max>
            </BLM>
         </LGDN>
      </Configuration>
      <Configuration HLid="3">
         <HLPosition>0010</HLPosition>
         <name>flaps 10</name>
         <vfe>205</vfe>
         <LGUP>
            <DPM_nonclean>
               <CD_nonclean>
                  <d>0.07622150020502174700</d>
                  <d>-0.06143434316100127700</d>
                  <d>0.06323854887348476200</d>
               </CD_nonclean>
            </DPM_nonclean>
            <BLM>
               <CL_max>1.95381550428635430000</CL_max>
            </BLM>
         </LGUP>
         <LGDN>
            <DPM_nonclean>
               <CD_nonclean>
                  <d>0.10133129566894633000</d>
                  <d>-0.06225892908627519300</d>
                  <d>0.06203549290170801100</d>
               </CD_nonclean>
            </DPM_nonclean>
            <BLM>
               <CL_max>1.95381550428635430000</CL_max>
            </BLM>
         </LGDN>
      </Configuration>
      <Configuration HLid="4">
         <HLPosition>0015</HLPosition>
         <name>flaps 15</name>
         <vfe>200</vfe>
         <LGUP>
            <DPM_nonclean>
               <CD_nonclean>
                  <d>0.07896312934556119800</d>
                  <d>-0.05344342428791620100</d>
                  <d>0.05790800626209564200</d>
               </CD_nonclean>
            </DPM_nonclean>
            <BLM>
               <CL_max>1.96941476776873970000</CL_max>
            </BLM>
         </LGUP>
         <LGDN>
            <DPM_nonclean>
               <CD_nonclean>
                  <d>0.10421863790364756000</d>
                  <d>-0.05509880509781749100</d>
                  <d>0.05789642394391263800</d>
               </CD_nonclean>
            </DPM_nonclean>
            <BLM>
               <CL_max>1.98520159654720560000</CL_max>
            </BLM>
         </LGDN>
      </Configuration>
      <Configuration HLid="5">
         <HLPosition>0025</HLPosition>
         <name>flaps 25</name>
         <vfe>195</vfe>
         <LGUP>
            <DPM_nonclean>
               <CD_nonclean>
                  <d>0.09639165770704694000</d>
                  <d>-0.06110418669146725600</d>
                  <d>0.05869779120319557100</d>
               </CD_nonclean>
            </DPM_nonclean>
            <BLM>
               <CL_max>2.08403486603398140000</CL_max>
            </BLM>
         </LGUP>
         <LGDN>
            <DPM_nonclean>
               <CD_nonclean>
                  <d>0.12180611344537826000</d>
                  <d>-0.06494511204481813500</d>
                  <d>0.05909733893557433300</d>
               </CD_nonclean>
            </DPM_nonclean>
            <BLM>
               <CL_max>2.08403486603398140000</CL_max>
            </BLM>
         </LGDN>
      </Configuration>
      <Configuration HLid="6">
         <HLPosition>0030</HLPosition>
         <name>flaps 30</name>
         <vfe>180</vfe>
         <LGDN>
            <DPM_nonclean>
               <CD_nonclean>
                  <d>0.13599754725972321000</d>
                  <d>-0.05267655183755346600</d>
                  <d>0.05305057366944834800</d>
               </CD_nonclean>
            </DPM_nonclean>
            <BLM>
               <CL_max>2.20896045477398270000</CL_max>
            </BLM>
         </LGDN>
      </Configuration>
      <Configuration HLid="7">
         <HLPosition>0040</HLPosition>
         <name>flaps 40</name>
         <vfe>170</vfe>
         <LGDN>
            <DPM_nonclean>
               <CD_nonclean>
                  <d>0.14382661247803122000</d>
                  <d>-0.02427390267331757200</d>
                  <d>0.04257420122477029200</d>
               </CD_nonclean>
            </DPM_nonclean>
            <BLM>
               <CL_max>2.28545561318495770000</CL_max>
            </BLM>
         </LGDN>
      </Configuration>
   </AFCM>
   <PFM>
      <MREF>85139</MREF>
      <LHV>43217000</LHV>
      <rho>810</rho>
      <n_eng>2</n_eng>
      <TFA>12</TFA>
      <TFM>
         <CT>
            <a>0.00000000000000000000</a>
            <a>-0.10000000000341425000</a>
            <a>0.00000000000000000000</a>
            <a>0.00000000000000000000</a>
            <a>0.00000000000000000000</a>
            <a>0.00000000000000000000</a>
            <a>0.30000000000366434000</a>
            <a>0.00000000000000000000</a>
            <a>0.00000000000000000000</a>
            <a>0.00000000000000000000</a>
            <a>0.00000000000000000000</a>
            <a>0.00000000000000000000</a>
            <a>0.00000000000000000000</a>
            <a>0.00000000000000000000</a>
            <a>0.00000000000000000000</a>
            <a>0.00000000000000000000</a>
            <a>0.00000000000000000000</a>
            <a>0.00000000000000000000</a>
            <a>0.00000000000000000000</a>
            <a>0.00000000000000000000</a>
            <a>0.00000000000000000000</a>
            <a>0.00000000000000000000</a>
            <a>0.00000000000000000000</a>
            <a>0.00000000000000000000</a>
            <a>0.00000000000000000000</a>
            <a>0.00000000000000000000</a>
            <a>0.00000000000000000000</a>
            <a>0.00000000000000000000</a>
            <a>0.00000000000000000000</a>
            <a>0.00000000000000000000</a>
            <a>0.00000000000000000000</a>
            <a>0.00000000000000000000</a>
            <a>0.00000000000000000000</a>
            <a>0.00000000000000000000</a>
            <a>0.00000000000000000000</a>
            <a>0.00000000000000000000</a>
         </CT>
         <CF>
            <f>0.00451461266874592180</f>
            <f>2.43011009042598140000</f>
            <f>-23.29419545535060000000</f>
            <f>140.81204678021331000000</f>
            <f>-263.99982667146543000000</f>
            <f>0.07634415800456399700</f>
            <f>-1.54567591276071690000</f>
            <f>53.35299263507289400000</f>
            <f>-324.10447544551505000000</f>
            <f>636.74500929166925000000</f>
            <f>0.00000000000000000000</f>
            <f>0.00000000000000000000</f>
            <f>0.00000000000000000000</f>
            <f>0.00000000000000000000</f>
            <f>0.00000000000000000000</f>
            <f>0.00000000000000000000</f>
            <f>0.00000000000000000000</f>
            <f>0.00000000000000000000</f>
            <f>0.00000000000000000000</f>
            <f>0.00000000000000000000</f>
            <f>0.00000000000000000000</f>
            <f>0.00000000000000000000</f>
            <f>0.00000000000000000000</f>
            <f>0.00000000000000000000</f>
            <f>0.00000000000000000000</f>
         </CF>
         <MCRZ>
            <kink>10</kink>
            <flat_rating>
               <b>1.55866179447721410000</b>
               <b>-2.96793347680944870000</b>
               <b>1.78326754320196290000</b>
               <b>0.00000000000000000000</b>
               <b>0.00000000000000000000</b>
               <b>0.00000000000000000000</b>
               <b>-13.05697236656110000000</b>
               <b>39.86992964072486200000</b>
               <b>-14.32174589107625100000</b>
               <b>0.00000000000000000000</b>
               <b>0.00000000000000000000</b>
               <b>0.00000000000000000000</b>
               <b>63.71929221015643900000</b>
               <b>-164.41758368556546000000</b>
               <b>37.46688468893547300000</b>
               <b>0.00000000000000000000</b>
               <b>0.00000000000000000000</b>
               <b>0.00000000000000000000</b>
               <b>-130.37703385928938000000</b>
               <b>297.99636495867111000000</b>
               <b>-37.24467664631908500000</b>
               <b>0.00000000000000000000</b>
               <b>0.00000000000000000000</b>
               <b>0.00000000000000000000</b>
               <b>121.14308549122612000000</b>
               <b>-257.00273249529175000000</b>
               <b>15.11012857803913100000</b>
               <b>0.00000000000000000000</b>
               <b>0.00000000000000000000</b>
               <b>0.00000000000000000000</b>
               <b>-42.52577102314899800000</b>
               <b>86.78985793802576200000</b>
               <b>-2.74090098813863660000</b>
               <b>0.00000000000000000000</b>
               <b>0.00000000000000000000</b>
               <b>0.00000000000000000000</b>
            </flat_rating>
            <temp_rating>
               <c>-328.08905870010295000000</c>
               <c>1026.16694153550790000000</c>
               <c>-984.72015741956591000000</c>
               <c>0.00000000000000000000</c>
               <c>0.00000000000000000000</c>
               <c>1333.46008446853720000000</c>
               <c>-4213.10369854230520000000</c>
               <c>4062.88323356954470000000</c>
               <c>0.00000000000000000000</c>
               <c>0.00000000000000000000</c>
               <c>-2030.13356580638970000000</c>
               <c>6495.94959431691400000000</c>
               <c>-6280.22496491481620000000</c>
               <c>0.00000000000000000000</c>
               <c>0.00000000000000000000</c>
               <c>1366.24712070904520000000</c>
               <c>-4434.41492473499970000000</c>
               <c>4297.65617921746620000000</c>
               <c>0.00000000000000000000</c>
               <c>0.00000000000000000000</c>
               <c>-343.55369508272554000000</c>
               <c>1131.41405674063940000000</c>
               <c>-1099.17447150528460000000</c>
               <c>0.00000000000000000000</c>
               <c>0.00000000000000000000</c>
               <c>18.03061163020928200000</c>
               <c>-44.44601299238041700000</c>
               <c>31.84347418689445100000</c>
               <c>0.00000000000000000000</c>
               <c>0.00000000000000000000</c>
               <c>-44.20625362450302700000</c>
               <c>118.24960033142666000000</c>
               <c>-90.10387785242478700000</c>
               <c>0.00000000000000000000</c>
               <c>0.00000000000000000000</c>
               <c>48.36405689704706400000</c>
               <c>-138.22484975701781000000</c>
               <c>110.60012323336957000000</c>
               <c>0.00000000000000000000</c>
               <c>0.00000000000000000000</c>
               <c>-19.57781895132595900000</c>
               <c>58.87788872227893900000</c>
               <c>-48.85276597931294200000</c>
               <c>0.00000000000000000000</c>
               <c>0.00000000000000000000</c>
            </temp_rating>
         </MCRZ>
         <MCMB>
            <kink>10</kink>
            <flat_rating>
               <b>0.38624352853351934000</b>
               <b>0.81731205616820801000</b>
               <b>-0.60250564665076967000</b>
               <b>0.00000000000000000000</b>
               <b>0.00000000000000000000</b>
               <b>0.00000000000000000000</b>
               <b>0.49721324320718036000</b>
               <b>0.28185788753968477000</b>
               <b>8.41439455161977000000</b>
               <b>0.00000000000000000000</b>
               <b>0.00000000000000000000</b>
               <b>0.00000000000000000000</b>
               <b>11.26437129290119000000</b>
               <b>-24.05725754463945900000</b>
               <b>-28.96742083982509900000</b>
               <b>0.00000000000000000000</b>
               <b>0.00000000000000000000</b>
               <b>0.00000000000000000000</b>
               <b>-38.60964007715661200000</b>
               <b>76.85446675766682700000</b>
               <b>39.77870824980653500000</b>
               <b>0.00000000000000000000</b>
               <b>0.00000000000000000000</b>
               <b>0.00000000000000000000</b>
               <b>46.88396466505430000000</b>
               <b>-97.86655784018904600000</b>
               <b>-15.59410986429607400000</b>
               <b>0.00000000000000000000</b>
               <b>0.00000000000000000000</b>
               <b>0.00000000000000000000</b>
               <b>-19.86733772675401600000</b>
               <b>44.29582025366183000000</b>
               <b>-3.11285372725797680000</b>
               <b>0.00000000000000000000</b>
               <b>0.00000000000000000000</b>
               <b>0.00000000000000000000</b>
            </flat_rating>
            <temp_rating>
               <c>339.30637680084760000000</c>
               <c>-1258.41744698800490000000</c>
               <c>1161.58593027596380000000</c>
               <c>0.00000000000000000000</c>
               <c>0.00000000000000000000</c>
               <c>-1378.86197048510550000000</c>
               <c>5092.40732936045240000000</c>
               <c>-4696.44356768016130000000</c>
               <c>0.00000000000000000000</c>
               <c>0.00000000000000000000</c>
               <c>2091.14238014862490000000</c>
               <c>-7679.66548597403200000000</c>
               <c>7090.11329351553920000000</c>
               <c>0.00000000000000000000</c>
               <c>0.00000000000000000000</c>
               <c>-1408.31672083356170000000</c>
               <c>5138.15255848280590000000</c>
               <c>-4749.47571536975470000000</c>
               <c>0.00000000000000000000</c>
               <c>0.00000000000000000000</c>
               <c>354.87466033826109000000</c>
               <c>-1286.60560488666280000000</c>
               <c>1190.76884666232310000000</c>
               <c>0.00000000000000000000</c>
               <c>0.00000000000000000000</c>
               <c>17.82040519743766900000</c>
               <c>-45.40512676371211900000</c>
               <c>32.27712475704370800000</c>
               <c>0.00000000000000000000</c>
               <c>0.00000000000000000000</c>
               <c>-44.40773607907571800000</c>
               <c>121.37381848772411000000</c>
               <c>-90.10226446697709000000</c>
               <c>0.00000000000000000000</c>
               <c>0.00000000000000000000</c>
               <c>49.00044153720929800000</c>
               <c>-141.24578715017969000000</c>
               <c>108.63538272668256000000</c>
               <c>0.00000000000000000000</c>
               <c>0.00000000000000000000</c>
               <c>-19.91938613429271900000</c>
               <c>59.75010128669051600000</c>
               <c>-47.23855716026061900000</c>
               <c>0.00000000000000000000</c>
               <c>0.00000000000000000000</c>
            </temp_rating>
         </MCMB>
         <MTKF>
            <kink>10</kink>
            <flat_rating>
               <b>19.49285211730538600000</b>
               <b>-72.83780975053176100000</b>
               <b>73.88717183584663000000</b>
               <b>0.00000000000000000000</b>
               <b>0.00000000000000000000</b>
               <b>0.00000000000000000000</b>
               <b>-153.37400641837846000000</b>
               <b>620.70465074103220000000</b>
               <b>-645.31613197461934000000</b>
               <b>0.00000000000000000000</b>
               <b>0.00000000000000000000</b>
               <b>0.00000000000000000000</b>
               <b>508.11437635033093000000</b>
               <b>-2109.83961520142980000000</b>
               <b>2241.69969109681550000000</b>
               <b>0.00000000000000000000</b>
               <b>0.00000000000000000000</b>
               <b>0.00000000000000000000</b>
               <b>-828.19767072511070000000</b>
               <b>3516.54310512434220000000</b>
               <b>-3805.73316540529690000000</b>
               <b>0.00000000000000000000</b>
               <b>0.00000000000000000000</b>
               <b>0.00000000000000000000</b>
               <b>660.46682906844865000000</b>
               <b>-2862.33069165945970000000</b>
               <b>3145.61707889579250000000</b>
               <b>0.00000000000000000000</b>
               <b>0.00000000000000000000</b>
               <b>0.00000000000000000000</b>
               <b>-205.76193782308562000000</b>
               <b>908.40502805678796000000</b>
               <b>-1011.34970587985140000000</b>
               <b>0.00000000000000000000</b>
               <b>0.00000000000000000000</b>
               <b>0.00000000000000000000</b>
            </flat_rating>
            <temp_rating>
               <c>-245.94435774828153000000</c>
               <c>617.10672805183390000000</c>
               <c>-380.47293006811452000000</c>
               <c>0.00000000000000000000</c>
               <c>0.00000000000000000000</c>
               <c>1112.04016499762520000000</c>
               <c>-2907.31053492804090000000</c>
               <c>1893.45557116086890000000</c>
               <c>0.00000000000000000000</c>
               <c>0.00000000000000000000</c>
               <c>-1805.41551236280290000000</c>
               <c>4848.44426072617630000000</c>
               <c>-3243.23990544040630000000</c>
               <c>0.00000000000000000000</c>
               <c>0.00000000000000000000</c>
               <c>1295.48885934320010000000</c>
               <c>-3566.52931109954670000000</c>
               <c>2439.48251000122040000000</c>
               <c>0.00000000000000000000</c>
               <c>0.00000000000000000000</c>
               <c>-346.36227455463603000000</c>
               <c>974.36343544842146000000</c>
               <c>-679.05342308127547000000</c>
               <c>0.00000000000000000000</c>
               <c>0.00000000000000000000</c>
               <c>-57.83636544498419600000</c>
               <c>217.39354942798940000000</c>
               <c>-194.76713327503586000000</c>
               <c>0.00000000000000000000</c>
               <c>0.00000000000000000000</c>
               <c>140.73860099449891000000</c>
               <c>-529.12989101406220000000</c>
               <c>480.83024339197897000000</c>
               <c>0.00000000000000000000</c>
               <c>0.00000000000000000000</c>
               <c>-146.09108925213269000000</c>
               <c>549.14034864705445000000</c>
               <c>-502.13062609354427000000</c>
               <c>0.00000000000000000000</c>
               <c>0.00000000000000000000</c>
               <c>54.10631848122228900000</c>
               <c>-202.73819853498378000000</c>
               <c>185.12654558663510000000</c>
               <c>0.00000000000000000000</c>
               <c>0.00000000000000000000</c>
            </temp_rating>
         </MTKF>
         <LIDL>
            <CT>
               <ti>-0.03711359874057371800</ti>
               <ti>0.25556795214063638000</ti>
               <ti>-0.45405683326819152000</ti>
               <ti>0.23751098691597078000</ti>
               <ti>0.14172030048406709000</ti>
               <ti>-0.92798094131856457000</ti>
               <ti>1.70633467671358230000</ti>
               <ti>-0.89109437594137186000</ti>
               <ti>-0.11636416413213256000</ti>
               <ti>0.73026457490612828000</ti>
               <ti>-1.40173995654214560000</ti>
               <ti>0.71033085658417805000</ti>
            </CT>
            <CF>
               <fi>-0.01284110579341969300</fi>
               <fi>0.08763715578494965500</fi>
               <fi>-0.04487625065878991800</fi>
               <fi>0.06648537518710062600</fi>
               <fi>-0.15941034050345540000</fi>
               <fi>0.11329357216613706000</fi>
               <fi>-0.04255445225241803700</fi>
               <fi>0.07337953577818891200</fi>
               <fi>-0.05024283146035178600</fi>
            </CF>
         </LIDL>
         <throttle>
            <low>0.52701218671459538000</low>
            <high>1.15477288287479010000</high>
         </throttle>
      </TFM>
   </PFM>
   <OPM>
      <LGO>
         <Transition>
            <from>0</from>
            <to>1</to>
            <time>20</time>
         </Transition>
         <Transition>
            <from>1</from>
            <to>0</to>
            <time>11</time>
         </Transition>
      </LGO>
      <HLO>
         <Transition>
            <from>0</from>
            <to>1</to>
            <time>16</time>
         </Transition>
         <Transition>
            <from>1</from>
            <to>2</to>
            <time>7.6</time>
         </Transition>
         <Transition>
            <from>2</from>
            <to>3</to>
            <time>4.5</time>
         </Transition>
         <Transition>
            <from>3</from>
            <to>4</to>
            <time>4.5</time>
         </Transition>
         <Transition>
            <from>4</from>
            <to>5</to>
            <time>3.4</time>
         </Transition>
         <Transition>
            <from>5</from>
            <to>6</to>
            <time>4.2</time>
         </Transition>
         <Transition>
            <from>6</from>
            <to>7</to>
            <time>3.8</time>
         </Transition>
         <Transition>
            <from>7</from>
            <to>6</to>
            <time>3.8</time>
         </Transition>
         <Transition>
            <from>6</from>
            <to>5</to>
            <time>4.2</time>
         </Transition>
         <Transition>
            <from>5</from>
            <to>4</to>
            <time>3.4</time>
         </Transition>
         <Transition>
            <from>4</from>
            <to>3</to>
            <time>2.5</time>
         </Transition>
         <Transition>
            <from>3</from>
            <to>2</to>
            <time>8</time>
         </Transition>
         <Transition>
            <from>2</from>
            <to>1</to>
            <time>7.1</time>
         </Transition>
         <Transition>
            <from>1</from>
            <to>0</to>
            <time>14</time>
         </Transition>
      </HLO>
   </OPM>
   <ALM>
      <GLM>
         <hmo>41000</hmo>
         <mfa>20000</mfa>
      </GLM>
      <KLM>
         <mmo>0.82</mmo>
         <vmo>340</vmo>
         <mle>0.82</mle>
         <vle>320</vle>
         <mlo>0.82</mlo>
         <vloe>270</vloe>
         <vlor>235</vlor>
      </KLM>
      <ELM>
         <Tmin_f>
            <point>
               <Hp>-2000.0</Hp>
               <DeltaT>-72.95999999999999400000</DeltaT>
            </point>
            <point>
               <Hp>0.0</Hp>
               <DeltaT>-69.00000000000000000000</DeltaT>
            </point>
            <point>
               <Hp>1.0</Hp>
               <DeltaT>-77.00000000000000000000</DeltaT>
            </point>
            <point>
               <Hp>36089.0</Hp>
               <DeltaT>-16.50000000000000000000</DeltaT>
            </point>
            <point>
               <Hp>41000.0</Hp>
               <DeltaT>-16.50000000000000000000</DeltaT>
            </point>
         </Tmin_f>
         <Tmax_f>
            <point>
               <Hp>-2000.0</Hp>
               <DeltaT>35.03999999999999900000</DeltaT>
            </point>
            <point>
               <Hp>0.0</Hp>
               <DeltaT>39.39999999999999900000</DeltaT>
            </point>
            <point>
               <Hp>13500.0</Hp>
               <DeltaT>39.39999999999999900000</DeltaT>
            </point>
            <point>
               <Hp>13501.0</Hp>
               <DeltaT>34.00000000000000000000</DeltaT>
            </point>
            <point>
               <Hp>36089.0</Hp>
               <DeltaT>34.00000000000000000000</DeltaT>
            </point>
            <point>
               <Hp>41000.0</Hp>
               <DeltaT>24.50000000000000000000</DeltaT>
            </point>
         </Tmax_f>
         <Tmin_g>
            <point>
               <Hp>-2000.0</Hp>
               <DeltaT>-72.95999999999999400000</DeltaT>
            </point>
            <point>
               <Hp>8500.0</Hp>
               <DeltaT>-52.20000000000000300000</DeltaT>
            </point>
         </Tmin_g>
         <Tmax_g>
            <point>
               <Hp>-2000.0</Hp>
               <DeltaT>35.03999999999999900000</DeltaT>
            </point>
            <point>
               <Hp>0.0</Hp>
               <DeltaT>39.39999999999999900000</DeltaT>
            </point>
            <point>
               <Hp>8500.0</Hp>
               <DeltaT>39.39999999999999900000</DeltaT>
            </point>
         </Tmax_g>
      </ELM>
      <DLM>
         <MTW>85366</MTW>
         <MTOW>85139</MTOW>
         <MLW>71350</MLW>
         <MZFW>67721</MZFW>
         <OEW>44676</OEW>
         <MPL>23045</MPL>
         <MFL>29666</MFL>
         <n1>2.5</n1>
         <n3>-1</n3>
         <nf1>2</nf1>
         <nf3>0</nf3>
      </DLM>
   </ALM>
   <Ground>
      <Dimensions>
         <span>35.79</span>
         <length>42.11</length>
      </Dimensions>
      <Runway>
         <TOL>2550</TOL>
         <LDL>1600</LDL>
      </Runway>
   </Ground>
   <ARPM>
      <AeroConfSchedule>
         <AeroPhase>
            <name>TO</name>
            <HLid>2</HLid>
            <LG>UP</LG>
         </AeroPhase>
         <AeroPhase>
            <name>IC</name>
            <HLid>1</HLid>
            <LG>UP</LG>
         </AeroPhase>
         <AeroPhase>
            <name>CR</name>
            <HLid>0</HLid>
            <LG>UP</LG>
         </AeroPhase>
         <AeroPhase>
            <name>AP</name>
            <HLid>4</HLid>
            <LG>UP</LG>
         </AeroPhase>
         <AeroPhase>
            <name>LD</name>
            <HLid>6</HLid>
            <LG>DN</LG>
         </AeroPhase>
      </AeroConfSchedule>
      <SpeedScheduleList>
         <SpeedSchedule>
            <CompanyName>Default</CompanyName>
            <SpeedPhase>
               <name>Climb</name>
               <CAS1>300</CAS1>
               <CAS2>300</CAS2>
               <M>0.79</M>
            </SpeedPhase>
            <SpeedPhase>
               <name>Cruise</name>
               <CAS1>280</CAS1>
               <CAS2>280</CAS2>
               <M>0.78</M>
            </SpeedPhase>
            <SpeedPhase>
               <name>Descent</name>
               <CAS1>300</CAS1>
               <CAS2>300</CAS2>
               <M>0.79</M>
            </SpeedPhase>
         </SpeedSchedule>
      </SpeedScheduleList>
   </ARPM>
</bada40:ACM>