<?xml version="1.0" encoding="utf-8"?>
<bada40:ACM xmlns:bada40="http://www.eurocontrol.int/eec/public/standard_page/bada40">
   <model>A300B4-203</model>
   <type>JET</type>
   <engine>CF6-50C2R</engine>
   <description/>
   <ICAO>
      <designator>A30B</designator>
      <WTC>H</WTC>
   </ICAO>
   <AFCM>
      <S>260</S>
      <Configuration HLid="0">
         <HLPosition>0000</HLPosition>
         <name>CLEAN</name>
         <vfe>345</vfe>
         <LGUP>
            <DPM_clean>
               <M_max>0.82</M_max>
               <scalar>9.835e-007</scalar>
               <CD_clean>
                  <d>563131.34010886343000000000</d>
                  <d>-1588175.76599682890000000000</d>
                  <d>1723907.18939261880000000000</d>
                  <d>-827268.48012114130000000000</d>
                  <d>148173.78845100914000000000</d>
                  <d>-15590.42993046952100000000</d>
                  <d>104014.74569752321000000000</d>
                  <d>-55711.24713649255100000000</d>
                  <d>12384.80447534569200000000</d>
                  <d>-971.00496149476851000000</d>
                  <d>4813.22390787181300000000</d>
                  <d>-105385.82952823497000000000</d>
                  <d>218734.62549207706000000000</d>
                  <d>-148224.13933219016000000000</d>
                  <d>32992.73968585985900000000</d>
               </CD_clean>
            </DPM_clean>
            <BLM_clean>
               <Mmin>0.3</Mmin>
               <Mmax>0.82</Mmax>
               <CL_Mach0>1.3099</CL_Mach0>
               <CL_clean>
                  <bf>2.24607145025031630000</bf>
                  <bf>-5.14760248448019460000</bf>
                  <bf>5.64323047205022200000</bf>
                  <bf>-2.17512080490505610000</bf>
                  <bf>0</bf>
               </CL_clean>
            </BLM_clean>
         </LGUP>
      </Configuration>
      <Configuration HLid="1">
         <HLPosition>1600</HLPosition>
         <name>S16F00</name>
         <vfe>250</vfe>
         <LGUP>
            <DPM_nonclean>
               <CD_nonclean>
                  <d>0.023808</d>
                  <d>-0.006282</d>
                  <d>0.054658</d>
               </CD_nonclean>
            </DPM_nonclean>
            <BLM>
               <CL_max>2.0102</CL_max>
            </BLM>
         </LGUP>
      </Configuration>
      <Configuration HLid="2">
         <HLPosition>1608</HLPosition>
         <name>S16F08</name>
         <vfe>215</vfe>
         <LGUP>
            <DPM_nonclean>
               <CD_nonclean>
                  <d>0.017454</d>
                  <d>0.032652</d>
                  <d>0.031438</d>
               </CD_nonclean>
            </DPM_nonclean>
            <BLM>
               <CL_max>2.4546</CL_max>
            </BLM>
         </LGUP>
      </Configuration>
      <Configuration HLid="3">
         <HLPosition>1615</HLPosition>
         <name>S16F15</name>
         <vfe>205</vfe>
         <LGUP>
            <DPM_nonclean>
               <CD_nonclean>
                  <d>0.011507</d>
                  <d>0.057405</d>
                  <d>0.021667</d>
               </CD_nonclean>
            </DPM_nonclean>
            <BLM>
               <CL_max>2.7268</CL_max>
            </BLM>
         </LGUP>
         <LGDN>
            <DPM_nonclean>
               <CD_nonclean>
                  <d>0.038544</d>
                  <d>0.04257</d>
                  <d>0.027618</d>
               </CD_nonclean>
            </DPM_nonclean>
            <BLM>
               <CL_max>2.6824</CL_max>
            </BLM>
         </LGDN>
      </Configuration>
      <Configuration HLid="4">
         <HLPosition>2525</HLPosition>
         <name>S25F25</name>
         <vfe>180</vfe>
         <LGUP>
            <DPM_nonclean>
               <CD_nonclean>
                  <d>0.047833</d>
                  <d>0.050251</d>
                  <d>0.01908</d>
               </CD_nonclean>
            </DPM_nonclean>
            <BLM>
               <CL_max>2.8721</CL_max>
            </BLM>
         </LGUP>
         <LGDN>
            <DPM_nonclean>
               <CD_nonclean>
                  <d>0.067833</d>
                  <d>0.050251</d>
                  <d>0.01908</d>
               </CD_nonclean>
            </DPM_nonclean>
            <BLM>
               <CL_max>2.8721</CL_max>
            </BLM>
         </LGDN>
      </Configuration>
   </AFCM>
   <PFM>
      <MREF>165000</MREF>
      <LHV>43217000</LHV>
      <rho>810</rho>
      <n_eng>2</n_eng>
      <TFA>25</TFA>
      <TFM>
         <CT>
            <a>0</a>
            <a>-0.10000000000052051000</a>
            <a>0</a>
            <a>0</a>
            <a>0</a>
            <a>0</a>
            <a>0.30000000000043642000</a>
            <a>0</a>
            <a>0</a>
            <a>0</a>
            <a>0</a>
            <a>0</a>
            <a>0</a>
            <a>0</a>
            <a>0</a>
            <a>0</a>
            <a>0</a>
            <a>0</a>
            <a>0</a>
            <a>0</a>
            <a>0</a>
            <a>0</a>
            <a>0</a>
            <a>0</a>
            <a>0</a>
            <a>0</a>
            <a>0</a>
            <a>0</a>
            <a>0</a>
            <a>0</a>
            <a>0</a>
            <a>0</a>
            <a>0</a>
            <a>0</a>
            <a>0</a>
            <a>0</a>
         </CT>
         <CF>
            <f>0.02672950798975024300</f>
            <f>0.99744755403257179000</f>
            <f>0.98379898443954505000</f>
            <f>-31.01234485518173800000</f>
            <f>154.71005978488057000000</f>
            <f>0.06414280230716762300</f>
            <f>-0.46419765366208277000</f>
            <f>30.35553925330709600000</f>
            <f>-136.28523229794106000000</f>
            <f>148.10676392802279000000</f>
            <f>0</f>
            <f>0</f>
            <f>0</f>
            <f>0</f>
            <f>0</f>
            <f>0</f>
            <f>0</f>
            <f>0</f>
            <f>0</f>
            <f>0</f>
            <f>0</f>
            <f>0</f>
            <f>0</f>
            <f>0</f>
            <f>0</f>
         </CF>
         <MCRZ>
            <kink>10</kink>
            <flat_rating>
               <b>-1.14475572136359680000</b>
               <b>3.08830783778222620000</b>
               <b>-1.35185932988209130000</b>
               <b>0</b>
               <b>0</b>
               <b>0</b>
               <b>11.05333079940048300000</b>
               <b>-16.30119986977215200000</b>
               <b>14.02103376156732900000</b>
               <b>0</b>
               <b>0</b>
               <b>0</b>
               <b>-26.24821514901212500000</b>
               <b>52.16718469819703300000</b>
               <b>-66.00813108308837200000</b>
               <b>0</b>
               <b>0</b>
               <b>0</b>
               <b>35.20236944397252900000</b>
               <b>-104.69195369280062000000</b>
               <b>136.74707331129636000000</b>
               <b>0</b>
               <b>0</b>
               <b>0</b>
               <b>-26.23098157077683400000</b>
               <b>99.25595377570574800000</b>
               <b>-120.13732241599337000000</b>
               <b>0</b>
               <b>0</b>
               <b>0</b>
               <b>8.03640546836081530000</b>
               <b>-33.70386848768926300000</b>
               <b>36.86055916497505100000</b>
               <b>0</b>
               <b>0</b>
               <b>0</b>
            </flat_rating>
            <temp_rating>
               <c>-755.54375593025713000000</c>
               <c>-784.06745872366650000000</c>
               <c>1965.47385358820130000000</c>
               <c>0</c>
               <c>0</c>
               <c>2739.34897788477290000000</c>
               <c>4023.90608171927080000000</c>
               <c>-8609.10946510203210000000</c>
               <c>0</c>
               <c>0</c>
               <c>-3680.74625346258110000000</c>
               <c>-7309.96657208684610000000</c>
               <c>13978.23676826808000000000</c>
               <c>0</c>
               <c>0</c>
               <c>2174.04696092482120000000</c>
               <c>5672.48826971491870000000</c>
               <c>-9979.86887155672960000000</c>
               <c>0</c>
               <c>0</c>
               <c>-475.76379610830418000000</c>
               <c>-1604.25965028186120000000</c>
               <c>2646.87351857475140000000</c>
               <c>0</c>
               <c>0</c>
               <c>-2.03883728510152200000</c>
               <c>4.09926817000682140000</c>
               <c>-2.01019660862733130000</c>
               <c>0</c>
               <c>0</c>
               <c>2.12974586943800630000</c>
               <c>-1.38226958969917480000</c>
               <c>-0.59851820542273182000</c>
               <c>0</c>
               <c>0</c>
               <c>-0.11137495438262768000</c>
               <c>-4.50960977851090220000</c>
               <c>3.82741230700085880000</c>
               <c>0</c>
               <c>0</c>
               <c>-0.53844351929348011000</c>
               <c>3.23665375174025720000</c>
               <c>-2.09789497834546430000</c>
               <c>0</c>
               <c>0</c>
            </temp_rating>
         </MCRZ>
         <MCMB>
            <kink>10</kink>
            <flat_rating>
               <b>0.40576486884324980000</b>
               <b>-0.50020073123101849000</b>
               <b>0.41279700254760626000</b>
               <b>0</b>
               <b>0</b>
               <b>0</b>
               <b>2.00053375202428720000</b>
               <b>2.91691543948265910000</b>
               <b>10.05624889636264300000</b>
               <b>0</b>
               <b>0</b>
               <b>0</b>
               <b>-9.03221145630343080000</b>
               <b>29.88399207118761300000</b>
               <b>-97.66801648945194400000</b>
               <b>0</b>
               <b>0</b>
               <b>0</b>
               <b>28.62856624812377500000</b>
               <b>-147.01498782248757000000</b>
               <b>281.90134860621055000000</b>
               <b>0</b>
               <b>0</b>
               <b>0</b>
               <b>-38.48512743623658800000</b>
               <b>205.36845507279958000000</b>
               <b>-326.51081356366893000000</b>
               <b>0</b>
               <b>0</b>
               <b>0</b>
               <b>17.41058022343053900000</b>
               <b>-91.82344094419062200000</b>
               <b>133.09951662807100000000</b>
               <b>0</b>
               <b>0</b>
               <b>0</b>
            </flat_rating>
            <temp_rating>
               <c>-177.56485075158224000000</c>
               <c>-901.80075988927535000000</c>
               <c>1307.91058994767790000000</c>
               <c>0</c>
               <c>0</c>
               <c>587.96612415064715000000</c>
               <c>3912.43114718494460000000</c>
               <c>-5464.04623585373250000000</c>
               <c>0</c>
               <c>0</c>
               <c>-696.05474811155159000000</c>
               <c>-6290.83853642733900000000</c>
               <c>8514.09889632184600000000</c>
               <c>0</c>
               <c>0</c>
               <c>345.16606303896708000000</c>
               <c>4445.73642429494700000000</c>
               <c>-5861.63536336908960000000</c>
               <c>0</c>
               <c>0</c>
               <c>-58.33842874981968400000</c>
               <c>-1166.73480448122090000000</c>
               <c>1504.74569087456600000000</c>
               <c>0</c>
               <c>0</c>
               <c>-1.25414503064192510000</c>
               <c>1.88941560508496240000</c>
               <c>-0.02440157952393745900</c>
               <c>0</c>
               <c>0</c>
               <c>1.65559778369240780000</c>
               <c>-0.56928617384178637000</c>
               <c>-2.37772129727592670000</c>
               <c>0</c>
               <c>0</c>
               <c>-0.79980869952952194000</c>
               <c>-1.75876233532777130000</c>
               <c>3.63012735509025130000</c>
               <c>0</c>
               <c>0</c>
               <c>0.05427999177243839100</c>
               <c>1.28036512895793390000</c>
               <c>-1.68824798008244280000</c>
               <c>0</c>
               <c>0</c>
            </temp_rating>
         </MCMB>
         <LIDL>
            <CT>
               <ti>0.00958211561015623850</ti>
               <ti>0.03947840179386000900</ti>
               <ti>-0.07957682829219166200</ti>
               <ti>0.05860502494538288900</ti>
               <ti>-0.02252626401585425300</ti>
               <ti>-0.16655433746057466000</ti>
               <ti>0.38451590094750393000</ti>
               <ti>-0.25198343445425120000</ti>
               <ti>0.00840846599629264950</ti>
               <ti>0.14643230825860645000</ti>
               <ti>-0.41007990367274683000</ti>
               <ti>0.25216858317640867000</ti>
            </CT>
            <CF>
               <fi>0.00258638754442580900</fi>
               <fi>0.05805173564096808400</fi>
               <fi>-0.00112775889525179000</fi>
               <fi>-0.00905376302823697640</fi>
               <fi>-0.04954798289479052400</fi>
               <fi>0.02569702290340425400</fi>
               <fi>0.00710947901768983060</fi>
               <fi>0.07724345628395307100</fi>
               <fi>-0.02761009978270208300</fi>
            </CF>
         </LIDL>
         <throttle>
            <low>0.4426380634</low>
            <high>1.144488561</high>
         </throttle>
      </TFM>
   </PFM>
   <OPM>
      <LGO>
         <Transition>
            <from>0</from>
            <to>1</to>
            <time>20</time>
         </Transition>
         <Transition>
            <from>1</from>
            <to>0</to>
            <time>20</time>
         </Transition>
      </LGO>
      <HLO>
         <Transition>
            <from>0</from>
            <to>1</to>
            <time>7</time>
         </Transition>
         <Transition>
            <from>1</from>
            <to>2</to>
            <time>21</time>
         </Transition>
         <Transition>
            <from>2</from>
            <to>3</to>
            <time>23</time>
         </Transition>
         <Transition>
            <from>3</from>
            <to>4</to>
            <time>6</time>
         </Transition>
         <Transition>
            <from>4</from>
            <to>3</to>
            <time>6</time>
         </Transition>
         <Transition>
            <from>3</from>
            <to>2</to>
            <time>23</time>
         </Transition>
         <Transition>
            <from>2</from>
            <to>1</to>
            <time>21</time>
         </Transition>
         <Transition>
            <from>1</from>
            <to>0</to>
            <time>7</time>
         </Transition>
      </HLO>
   </OPM>
   <ALM>
      <GLM>
         <hmo>40000</hmo>
         <mfa>20000</mfa>
      </GLM>
      <KLM>
         <mmo>0.82</mmo>
         <vmo>345</vmo>
         <mle>0.59</mle>
         <vle>270</vle>
         <mlo>0.59</mlo>
         <vloe>270</vloe>
         <vlor>240</vlor>
      </KLM>
      <ELM>
         <Tmin_f>
            <point>
               <Hp>-1000</Hp>
               <DeltaT>-57</DeltaT>
            </point>
            <point>
               <Hp>36089</Hp>
               <DeltaT>-10.6</DeltaT>
            </point>
            <point>
               <Hp>40000</Hp>
               <DeltaT>-13.5</DeltaT>
            </point>
         </Tmin_f>
         <Tmax_f>
            <point>
               <Hp>-1000</Hp>
               <DeltaT>38</DeltaT>
            </point>
            <point>
               <Hp>0</Hp>
               <DeltaT>40</DeltaT>
            </point>
            <point>
               <Hp>14000</Hp>
               <DeltaT>40.7</DeltaT>
            </point>
            <point>
               <Hp>14001</Hp>
               <DeltaT>34.7</DeltaT>
            </point>
            <point>
               <Hp>36089</Hp>
               <DeltaT>34.3</DeltaT>
            </point>
            <point>
               <Hp>40000</Hp>
               <DeltaT>26.5</DeltaT>
            </point>
         </Tmax_f>
         <Tmin_g>
            <point>
               <Hp>-1000</Hp>
               <DeltaT>-57</DeltaT>
            </point>
            <point>
               <Hp>14000</Hp>
               <DeltaT>-38.3</DeltaT>
            </point>
         </Tmin_g>
         <Tmax_g>
            <point>
               <Hp>-1000</Hp>
               <DeltaT>38</DeltaT>
            </point>
            <point>
               <Hp>0</Hp>
               <DeltaT>40</DeltaT>
            </point>
            <point>
               <Hp>14000</Hp>
               <DeltaT>40.7</DeltaT>
            </point>
         </Tmax_g>
      </ELM>
      <DLM>
         <MTW>165900</MTW>
         <MTOW>165000</MTOW>
         <MLW>134000</MLW>
         <MZFW>124000</MZFW>
         <OEW>87000</OEW>
         <MPL>37000</MPL>
         <MFL>49000</MFL>
         <n1>2.5</n1>
         <n3>-1</n3>
         <nf1>2</nf1>
         <nf3>0</nf3>
      </DLM>
   </ALM>
   <Ground>
      <Dimensions>
         <span>44.83</span>
         <length>53.61</length>
      </Dimensions>
      <Runway>
         <TOL>2370</TOL>
         <LDL>1540</LDL>
      </Runway>
   </Ground>
   <ARPM>
      <AeroConfSchedule>
         <AeroPhase>
            <name>TO</name>
            <HLid>2</HLid>
            <LG>UP</LG>
         </AeroPhase>
         <AeroPhase>
            <name>IC</name>
            <HLid>1</HLid>
            <LG>UP</LG>
         </AeroPhase>
         <AeroPhase>
            <name>CR</name>
            <HLid>0</HLid>
            <LG>UP</LG>
         </AeroPhase>
         <AeroPhase>
            <name>AP</name>
            <HLid>2</HLid>
            <LG>UP</LG>
         </AeroPhase>
         <AeroPhase>
            <name>LD</name>
            <HLid>4</HLid>
            <LG>DN</LG>
         </AeroPhase>
      </AeroConfSchedule>
      <SpeedScheduleList>
         <SpeedSchedule>
            <CompanyName>Default</CompanyName>
            <SpeedPhase>
               <name>Climb</name>
               <CAS1>300</CAS1>
               <CAS2>300</CAS2>
               <M>0.78</M>
            </SpeedPhase>
            <SpeedPhase>
               <name>Cruise</name>
               <CAS1>250</CAS1>
               <CAS2>300</CAS2>
               <M>0.78</M>
            </SpeedPhase>
            <SpeedPhase>
               <name>Descent</name>
               <CAS1>300</CAS1>
               <CAS2>300</CAS2>
               <M>0.79</M>
            </SpeedPhase>
         </SpeedSchedule>
      </SpeedScheduleList>
   </ARPM>
</bada40:ACM>