<?xml version="1.0" encoding="utf-8"?>
<bada40:ACM xmlns:bada40="http://www.eurocontrol.int/eec/public/standard_page/bada40">
   <model>A310-204</model>
   <type>JET</type>
   <engine>CF6-80C2A2</engine>
   <description/>
   <ICAO>
      <designator>A310</designator>
      <WTC>H</WTC>
   </ICAO>
   <AFCM>
      <S>219</S>
      <Configuration HLid="0">
         <HLPosition>0000</HLPosition>
         <name>CLEAN</name>
         <vfe>360</vfe>
         <LGUP>
            <DPM_clean>
               <M_max>0.84</M_max>
               <scalar>9.835e-007</scalar>
               <CD_clean>
                  <d>370779.39942699869000000000</d>
                  <d>-933279.98467411054000000000</d>
                  <d>913797.71172543580000000000</d>
                  <d>-395707.56444403692000000000</d>
                  <d>64705.58321748007400000000</d>
                  <d>-34130.76496122511200000000</d>
                  <d>98771.21333112884900000000</d>
                  <d>-42974.89463421230200000000</d>
                  <d>7291.08274490479020000000</d>
                  <d>-436.64110389333899000000</d>
                  <d>5362.63815055497710000000</d>
                  <d>-4996.24314853368920000000</d>
                  <d>10556.02880047161300000000</d>
                  <d>-7044.18955780852500000000</d>
                  <d>1529.56984393007180000000</d>
               </CD_clean>
            </DPM_clean>
            <BLM_clean>
               <Mmin>0.3</Mmin>
               <Mmax>0.84</Mmax>
               <CL_Mach0>1.4674</CL_Mach0>
               <CL_clean>
                  <bf>0.01976091605132337300</bf>
                  <bf>16.00931009087532800000</bf>
                  <bf>-60.81239454835252900000</bf>
                  <bf>87.08488399687217900000</bf>
                  <bf>-43.35708050435476900000</bf>
               </CL_clean>
            </BLM_clean>
         </LGUP>
      </Configuration>
      <Configuration HLid="1">
         <HLPosition>1500</HLPosition>
         <name>S15F00</name>
         <vfe>245</vfe>
         <LGUP>
            <DPM_nonclean>
               <CD_nonclean>
                  <d>0.024529</d>
                  <d>0.012396</d>
                  <d>0.037843</d>
               </CD_nonclean>
            </DPM_nonclean>
            <BLM>
               <CL_max>2.1983</CL_max>
            </BLM>
         </LGUP>
      </Configuration>
      <Configuration HLid="2">
         <HLPosition>1515</HLPosition>
         <name>S15F15</name>
         <vfe>210</vfe>
         <LGUP>
            <DPM_nonclean>
               <CD_nonclean>
                  <d>0.027748</d>
                  <d>0.019865</d>
                  <d>0.033252</d>
               </CD_nonclean>
            </DPM_nonclean>
            <BLM>
               <CL_max>2.5197</CL_max>
            </BLM>
         </LGUP>
      </Configuration>
      <Configuration HLid="3">
         <HLPosition>2020</HLPosition>
         <name>S20F20</name>
         <vfe>195</vfe>
         <LGUP>
            <DPM_nonclean>
               <CD_nonclean>
                  <d>0.056628</d>
                  <d>-0.015376</d>
                  <d>0.045298</d>
               </CD_nonclean>
            </DPM_nonclean>
            <BLM>
               <CL_max>2.7002</CL_max>
            </BLM>
         </LGUP>
         <LGDN>
            <DPM_nonclean>
               <CD_nonclean>
                  <d>0.082871</d>
                  <d>-0.013284</d>
                  <d>0.042389</d>
               </CD_nonclean>
            </DPM_nonclean>
            <BLM>
               <CL_max>2.6285</CL_max>
            </BLM>
         </LGDN>
      </Configuration>
      <Configuration HLid="4">
         <HLPosition>3040</HLPosition>
         <name>S30F40</name>
         <vfe>180</vfe>
         <LGUP>
            <DPM_nonclean>
               <CD_nonclean>
                  <d>0.10781</d>
                  <d>-0.0094174</d>
                  <d>0.038326</d>
               </CD_nonclean>
            </DPM_nonclean>
            <BLM>
               <CL_max>3.1675</CL_max>
            </BLM>
         </LGUP>
         <LGDN>
            <DPM_nonclean>
               <CD_nonclean>
                  <d>0.13438</d>
                  <d>-0.02474</d>
                  <d>0.043066</d>
               </CD_nonclean>
            </DPM_nonclean>
            <BLM>
               <CL_max>3.0125</CL_max>
            </BLM>
         </LGDN>
      </Configuration>
   </AFCM>
   <PFM>
      <MREF>150000</MREF>
      <LHV>43217000</LHV>
      <rho>810</rho>
      <n_eng>2</n_eng>
      <TFA>20</TFA>
      <TFM>
         <CT>
            <a>0</a>
            <a>-0.10000000000203824000</a>
            <a>0</a>
            <a>0</a>
            <a>0</a>
            <a>0</a>
            <a>0.30000000000052474000</a>
            <a>0</a>
            <a>0</a>
            <a>0</a>
            <a>0</a>
            <a>0</a>
            <a>0</a>
            <a>0</a>
            <a>0</a>
            <a>0</a>
            <a>0</a>
            <a>0</a>
            <a>0</a>
            <a>0</a>
            <a>0</a>
            <a>0</a>
            <a>0</a>
            <a>0</a>
            <a>0</a>
            <a>0</a>
            <a>0</a>
            <a>0</a>
            <a>0</a>
            <a>0</a>
            <a>0</a>
            <a>0</a>
            <a>0</a>
            <a>0</a>
            <a>0</a>
            <a>0</a>
         </CT>
         <CF>
            <f>-0.00343690861863530030</f>
            <f>1.21936861944105020000</f>
            <f>-2.25640584251460070000</f>
            <f>6.42646904396483980000</f>
            <f>6.23807606630842490000</f>
            <f>0.11075194777391686000</f>
            <f>0.69799857754206773000</f>
            <f>7.95784953517936520000</f>
            <f>-35.97345732023026700000</f>
            <f>48.79808615641930200000</f>
            <f>0</f>
            <f>0</f>
            <f>0</f>
            <f>0</f>
            <f>0</f>
            <f>0</f>
            <f>0</f>
            <f>0</f>
            <f>0</f>
            <f>0</f>
            <f>0</f>
            <f>0</f>
            <f>0</f>
            <f>0</f>
            <f>0</f>
         </CF>
         <MCRZ>
            <kink>10</kink>
            <flat_rating>
               <b>-4.85007747327990210000</b>
               <b>11.52548857432374200000</b>
               <b>-7.54046819725884810000</b>
               <b>0</b>
               <b>0</b>
               <b>0</b>
               <b>40.24157823530760000000</b>
               <b>-65.82407111576738100000</b>
               <b>50.77380307361186600000</b>
               <b>0</b>
               <b>0</b>
               <b>0</b>
               <b>-108.24404507543980000000</b>
               <b>157.25524123586504000000</b>
               <b>-162.01216154965456000000</b>
               <b>0</b>
               <b>0</b>
               <b>0</b>
               <b>152.55919533140394000000</b>
               <b>-229.99142354750174000000</b>
               <b>304.93557372740156000000</b>
               <b>0</b>
               <b>0</b>
               <b>0</b>
               <b>-114.22258339544889000000</b>
               <b>199.07397663412672000000</b>
               <b>-297.35849027312054000000</b>
               <b>0</b>
               <b>0</b>
               <b>0</b>
               <b>35.38027111508362300000</b>
               <b>-72.77130269563545500000</b>
               <b>111.85417698326587000000</b>
               <b>0</b>
               <b>0</b>
               <b>0</b>
            </flat_rating>
            <temp_rating>
               <c>-186.09486287441811000000</c>
               <c>149.65218881163710000000</c>
               <c>-83.00826854327671400000</c>
               <c>0</c>
               <c>0</c>
               <c>778.19377403472322000000</c>
               <c>-848.68493924453492000000</c>
               <c>625.18223305501431000000</c>
               <c>0</c>
               <c>0</c>
               <c>-1180.21774639303610000000</c>
               <c>1575.92247689308760000000</c>
               <c>-1327.75961424447700000000</c>
               <c>0</c>
               <c>0</c>
               <c>793.78668658141908000000</c>
               <c>-1247.93573636311910000000</c>
               <c>1132.85265359081400000000</c>
               <c>0</c>
               <c>0</c>
               <c>-200.18541387906751000000</c>
               <c>359.92959955235159000000</c>
               <c>-342.12850051494036000000</c>
               <c>0</c>
               <c>0</c>
               <c>-25.71541855747875600000</c>
               <c>56.48935784566062800000</c>
               <c>-16.71052088446019500000</c>
               <c>0</c>
               <c>0</c>
               <c>54.39423999882366400000</c>
               <c>-105.99078889380877000000</c>
               <c>8.57311226778832140000</c>
               <c>0</c>
               <c>0</c>
               <c>-48.81772642348443000000</c>
               <c>77.55970179853189000000</c>
               <c>27.29388903821860500000</c>
               <c>0</c>
               <c>0</c>
               <c>15.36314568882418500000</c>
               <c>-16.51135017832533000000</c>
               <c>-24.75632207759286300000</c>
               <c>0</c>
               <c>0</c>
            </temp_rating>
         </MCRZ>
         <MCMB>
            <kink>10</kink>
            <flat_rating>
               <b>-2.84163958109408420000</b>
               <b>6.63303506094727610000</b>
               <b>-3.13800456736487070000</b>
               <b>0</b>
               <b>0</b>
               <b>0</b>
               <b>25.41966350200480600000</b>
               <b>-30.16859542416883900000</b>
               <b>14.43173635671830900000</b>
               <b>0</b>
               <b>0</b>
               <b>0</b>
               <b>-64.52186126567752900000</b>
               <b>46.55756672685494400000</b>
               <b>-28.60824963369412500000</b>
               <b>0</b>
               <b>0</b>
               <b>0</b>
               <b>85.60035356442598700000</b>
               <b>-34.97548354611409100000</b>
               <b>40.67462463359372300000</b>
               <b>0</b>
               <b>0</b>
               <b>0</b>
               <b>-59.93695001079467500000</b>
               <b>13.12182285993049100000</b>
               <b>-33.34406091165755000000</b>
               <b>0</b>
               <b>0</b>
               <b>0</b>
               <b>17.10301307289446600000</b>
               <b>-1.33016684951390500000</b>
               <b>9.91892568823176820000</b>
               <b>0</b>
               <b>0</b>
               <b>0</b>
            </flat_rating>
            <temp_rating>
               <c>-343.20297774166397000000</c>
               <c>571.35856025677970000000</c>
               <c>-262.06378973646071000000</c>
               <c>0</c>
               <c>0</c>
               <c>1392.82398539924790000000</c>
               <c>-2514.35275752875210000000</c>
               <c>1326.02765546541720000000</c>
               <c>0</c>
               <c>0</c>
               <c>-2082.46395168134810000000</c>
               <c>4037.44280797217700000000</c>
               <c>-2347.99801257503940000000</c>
               <c>0</c>
               <c>0</c>
               <c>1381.52320775877550000000</c>
               <c>-2859.32228814332940000000</c>
               <c>1790.41741012019410000000</c>
               <c>0</c>
               <c>0</c>
               <c>-343.55950275838393000000</c>
               <c>754.30813277711184000000</c>
               <c>-500.53539161827911000000</c>
               <c>0</c>
               <c>0</c>
               <c>-24.56491055518316500000</c>
               <c>59.75935537381049300000</c>
               <c>-28.33478613131901400000</c>
               <c>0</c>
               <c>0</c>
               <c>55.69119727878203500000</c>
               <c>-131.12482054361786000000</c>
               <c>54.64546004959731100000</c>
               <c>0</c>
               <c>0</c>
               <c>-54.14216907753135600000</c>
               <c>120.79705988915764000000</c>
               <c>-38.62700393731069700000</c>
               <c>0</c>
               <c>0</c>
               <c>18.76495652129136000000</c>
               <c>-38.91274330746756500000</c>
               <c>6.56902333768666580000</c>
               <c>0</c>
               <c>0</c>
            </temp_rating>
         </MCMB>
         <LIDL>
            <CT>
               <ti>0.02531338485237581400</ti>
               <ti>-0.06016359432550933600</ti>
               <ti>0.07551129387448579600</ti>
               <ti>-0.03375036459782111700</ti>
               <ti>-0.03379658380280702700</ti>
               <ti>0.05755984237918632100</ti>
               <ti>-0.11185482621671734000</ti>
               <ti>0.07824540479462473200</ti>
               <ti>0.02870259952334887300</ti>
               <ti>-0.11753542714993880000</ti>
               <ti>0.21221822713685623000</ti>
               <ti>-0.17709320843413337000</ti>
            </CT>
            <CF>
               <fi>0.01259341192103366800</fi>
               <fi>-0.00658061123068632080</fi>
               <fi>0.03111418572565368200</fi>
               <fi>-0.03401184199751235800</fi>
               <fi>0.19953391936970902000</fi>
               <fi>-0.20999635549822335000</fi>
               <fi>0.06038753659587273900</fi>
               <fi>-0.25620663835996466000</fi>
               <fi>0.26438043003773426000</fi>
            </CF>
         </LIDL>
         <throttle>
            <low>0.5502724577</low>
            <high>1.3290999</high>
         </throttle>
      </TFM>
   </PFM>
   <OPM>
      <LGO>
         <Transition>
            <from>0</from>
            <to>1</to>
            <time>20</time>
         </Transition>
         <Transition>
            <from>1</from>
            <to>0</to>
            <time>20</time>
         </Transition>
      </LGO>
      <HLO>
         <Transition>
            <from>0</from>
            <to>1</to>
            <time>9</time>
         </Transition>
         <Transition>
            <from>1</from>
            <to>2</to>
            <time>14.5</time>
         </Transition>
         <Transition>
            <from>2</from>
            <to>3</to>
            <time>2</time>
         </Transition>
         <Transition>
            <from>3</from>
            <to>4</to>
            <time>9.5</time>
         </Transition>
         <Transition>
            <from>4</from>
            <to>3</to>
            <time>9.5</time>
         </Transition>
         <Transition>
            <from>3</from>
            <to>2</to>
            <time>2</time>
         </Transition>
         <Transition>
            <from>2</from>
            <to>1</to>
            <time>15</time>
         </Transition>
         <Transition>
            <from>1</from>
            <to>0</to>
            <time>8</time>
         </Transition>
      </HLO>
   </OPM>
   <ALM>
      <GLM>
         <hmo>41100</hmo>
         <mfa>20000</mfa>
      </GLM>
      <KLM>
         <mmo>0.84</mmo>
         <vmo>360</vmo>
         <mle>0.65</mle>
         <vle>270</vle>
         <mlo>0.59</mlo>
         <vloe>270</vloe>
         <vlor>270</vlor>
      </KLM>
      <ELM>
         <Tmin_f>
            <point>
               <Hp>-1000</Hp>
               <DeltaT>-57</DeltaT>
            </point>
            <point>
               <Hp>36089</Hp>
               <DeltaT>-10.8</DeltaT>
            </point>
            <point>
               <Hp>41100</Hp>
               <DeltaT>-14.5</DeltaT>
            </point>
         </Tmin_f>
         <Tmax_f>
            <point>
               <Hp>-1000</Hp>
               <DeltaT>38</DeltaT>
            </point>
            <point>
               <Hp>0</Hp>
               <DeltaT>40</DeltaT>
            </point>
            <point>
               <Hp>10000</Hp>
               <DeltaT>41.8</DeltaT>
            </point>
            <point>
               <Hp>10001</Hp>
               <DeltaT>34.8</DeltaT>
            </point>
            <point>
               <Hp>36089</Hp>
               <DeltaT>34.5</DeltaT>
            </point>
            <point>
               <Hp>41100</Hp>
               <DeltaT>24.5</DeltaT>
            </point>
         </Tmax_f>
         <Tmin_g>
            <point>
               <Hp>-1000</Hp>
               <DeltaT>-57</DeltaT>
            </point>
            <point>
               <Hp>8500</Hp>
               <DeltaT>-45.2</DeltaT>
            </point>
         </Tmin_g>
         <Tmax_g>
            <point>
               <Hp>-1000</Hp>
               <DeltaT>38</DeltaT>
            </point>
            <point>
               <Hp>0</Hp>
               <DeltaT>40</DeltaT>
            </point>
            <point>
               <Hp>8500</Hp>
               <DeltaT>41.5</DeltaT>
            </point>
         </Tmax_g>
      </ELM>
      <DLM>
         <MTW>150900</MTW>
         <MTOW>150000</MTOW>
         <MLW>122000</MLW>
         <MZFW>112000</MZFW>
         <OEW>78000</OEW>
         <MPL>34000</MPL>
         <MFL>43175</MFL>
         <n1>2.5</n1>
         <n3>-1</n3>
         <nf1>2</nf1>
         <nf3>0</nf3>
      </DLM>
   </ALM>
   <Ground>
      <Dimensions>
         <span>43.90</span>
         <length>46.66</length>
      </Dimensions>
      <Runway>
         <TOL>2290</TOL>
         <LDL>1490</LDL>
      </Runway>
   </Ground>
   <ARPM>
      <AeroConfSchedule>
         <AeroPhase>
            <name>TO</name>
            <HLid>2</HLid>
            <LG>UP</LG>
         </AeroPhase>
         <AeroPhase>
            <name>IC</name>
            <HLid>1</HLid>
            <LG>UP</LG>
         </AeroPhase>
         <AeroPhase>
            <name>CR</name>
            <HLid>0</HLid>
            <LG>UP</LG>
         </AeroPhase>
         <AeroPhase>
            <name>AP</name>
            <HLid>2</HLid>
            <LG>UP</LG>
         </AeroPhase>
         <AeroPhase>
            <name>LD</name>
            <HLid>4</HLid>
            <LG>DN</LG>
         </AeroPhase>
      </AeroConfSchedule>
      <SpeedScheduleList>
         <SpeedSchedule>
            <CompanyName>Default</CompanyName>
            <SpeedPhase>
               <name>Climb</name>
               <CAS1>310</CAS1>
               <CAS2>310</CAS2>
               <M>0.80</M>
            </SpeedPhase>
            <SpeedPhase>
               <name>Cruise</name>
               <CAS1>250</CAS1>
               <CAS2>310</CAS2>
               <M>0.80</M>
            </SpeedPhase>
            <SpeedPhase>
               <name>Descent</name>
               <CAS1>300</CAS1>
               <CAS2>300</CAS2>
               <M>0.80</M>
            </SpeedPhase>
         </SpeedSchedule>
      </SpeedScheduleList>
   </ARPM>
</bada40:ACM>