<?xml version="1.0" encoding="utf-8"?>
<bada40:ACM xmlns:bada40="http://www.eurocontrol.int/eec/public/standard_page/bada40">
   <model>A350-941</model>
   <type>JET</type>
   <engine>RR TRENT XWB-84</engine>
   <description/>
   <ICAO>
      <designator>A359</designator>
      <WTC>H</WTC>
   </ICAO>
   <AFCM>
      <S>443</S>
      <Configuration HLid="0">
         <HLPosition>0000</HLPosition>
         <name>CLEAN</name>
         <vfe>340</vfe>
         <LGUP>
            <DPM_clean>
               <M_max>0.89</M_max>
               <scalar>9.835e-007</scalar>
               <CD_clean>
                  <d>172608.81144911976000000000</d>
                  <d>-390682.87907396979000000000</d>
                  <d>356638.41102246719000000000</d>
                  <d>-142632.49388912471000000000</d>
                  <d>21344.49825825627700000000</d>
                  <d>56002.88788222322200000000</d>
                  <d>-15842.82448624942800000000</d>
                  <d>4706.42045985329240000000</d>
                  <d>-638.88666019972550000000</d>
                  <d>31.43066166271724500000</d>
                  <d>-1514.01507220043660000000</d>
                  <d>21345.50431291988600000000</d>
                  <d>-32208.86593526292200000000</d>
                  <d>16164.55780800155100000000</d>
                  <d>-2696.43866256731370000000</d>
               </CD_clean>
            </DPM_clean>
            <BLM_clean>
               <Mmin>0.3</Mmin>
               <Mmax>0.89</Mmax>
               <CL_Mach0>1.3564</CL_Mach0>
               <CL_clean>
                  <bf>-0.35939031793367171000</bf>
                  <bf>16.55004843096996600000</bf>
                  <bf>-54.80144017419312500000</bf>
                  <bf>69.47104200210391400000</bf>
                  <bf>-30.68602426234861400000</bf>
               </CL_clean>
            </BLM_clean>
         </LGUP>
      </Configuration>
      <Configuration HLid="1">
         <HLPosition>1800</HLPosition>
         <name>CONF 1</name>
         <vfe>255</vfe>
         <LGUP>
            <DPM_nonclean>
               <CD_nonclean>
                  <d>0.031501</d>
                  <d>-0.029864</d>
                  <d>0.052489</d>
               </CD_nonclean>
            </DPM_nonclean>
            <BLM>
               <CL_max>1.8031</CL_max>
            </BLM>
         </LGUP>
      </Configuration>
      <Configuration HLid="2">
         <HLPosition>1816</HLPosition>
         <name>CONF 1+F</name>
         <vfe>220</vfe>
         <LGUP>
            <DPM_nonclean>
               <CD_nonclean>
                  <d>0.044315</d>
                  <d>-0.036254</d>
                  <d>0.053858</d>
               </CD_nonclean>
            </DPM_nonclean>
            <BLM>
               <CL_max>2.0447</CL_max>
            </BLM>
         </LGUP>
      </Configuration>
      <Configuration HLid="3">
         <HLPosition>1820</HLPosition>
         <name>CONF 2</name>
         <vfe>212</vfe>
         <LGUP>
            <DPM_nonclean>
               <CD_nonclean>
                  <d>0.049444</d>
                  <d>-0.038992</d>
                  <d>0.055684</d>
               </CD_nonclean>
            </DPM_nonclean>
            <BLM>
               <CL_max>2.096</CL_max>
            </BLM>
         </LGUP>
      </Configuration>
      <Configuration HLid="4">
         <HLPosition>1826</HLPosition>
         <name>CONF 3</name>
         <vfe>195</vfe>
         <LGUP>
            <DPM_nonclean>
               <CD_nonclean>
                  <d>0.057508</d>
                  <d>-0.043557</d>
                  <d>0.057509</d>
               </CD_nonclean>
            </DPM_nonclean>
            <BLM>
               <CL_max>2.1725</CL_max>
            </BLM>
         </LGUP>
      </Configuration>
      <Configuration HLid="5">
         <HLPosition>2426</HLPosition>
         <name>CONF 3+S</name>
         <vfe>195</vfe>
         <LGUP>
            <DPM_nonclean>
               <CD_nonclean>
                  <d>0.091844</d>
                  <d>-0.075506</d>
                  <d>0.062073</d>
               </CD_nonclean>
            </DPM_nonclean>
            <BLM>
               <CL_max>2.1579</CL_max>
            </BLM>
         </LGUP>
         <LGDN>
            <DPM_nonclean>
               <CD_nonclean>
                  <d>0.11384</d>
                  <d>-0.075506</d>
                  <d>0.062073</d>
               </CD_nonclean>
            </DPM_nonclean>
            <BLM>
               <CL_max>2.1264</CL_max>
            </BLM>
         </LGDN>
      </Configuration>
      <Configuration HLid="6">
         <HLPosition>2437</HLPosition>
         <name>FULL</name>
         <vfe>186</vfe>
         <LGUP>
            <DPM_nonclean>
               <CD_nonclean>
                  <d>0.12877</d>
                  <d>-0.093763</d>
                  <d>0.066181</d>
               </CD_nonclean>
            </DPM_nonclean>
            <BLM>
               <CL_max>2.2777</CL_max>
            </BLM>
         </LGUP>
         <LGDN>
            <DPM_nonclean>
               <CD_nonclean>
                  <d>0.15077</d>
                  <d>-0.093763</d>
                  <d>0.066181</d>
               </CD_nonclean>
            </DPM_nonclean>
            <BLM>
               <CL_max>2.2469</CL_max>
            </BLM>
         </LGDN>
      </Configuration>
   </AFCM>
   <PFM>
      <MREF>275000</MREF>
      <LHV>43217000</LHV>
      <rho>810</rho>
      <n_eng>2</n_eng>
      <TFM>
         <CT>
            <a>0</a>
            <a>-0.10000000004691725000</a>
            <a>0</a>
            <a>0</a>
            <a>0</a>
            <a>0</a>
            <a>0.30000000004995564000</a>
            <a>0</a>
            <a>0</a>
            <a>0</a>
            <a>0</a>
            <a>0</a>
            <a>0</a>
            <a>0</a>
            <a>0</a>
            <a>0</a>
            <a>0</a>
            <a>0</a>
            <a>0</a>
            <a>0</a>
            <a>0</a>
            <a>0</a>
            <a>0</a>
            <a>0</a>
            <a>0</a>
            <a>0</a>
            <a>0</a>
            <a>0</a>
            <a>0</a>
            <a>0</a>
            <a>0</a>
            <a>0</a>
            <a>0</a>
            <a>0</a>
            <a>0</a>
            <a>0</a>
         </CT>
         <CF>
            <f>-0.00878342117114082680</f>
            <f>1.82347759808987190000</f>
            <f>-14.14476497020961800000</f>
            <f>60.23867127294011000000</f>
            <f>-54.66904669522031000000</f>
            <f>0.07940629427747035500</f>
            <f>-1.23150218905605420000</f>
            <f>33.20844058750893200000</f>
            <f>-154.51790051772176000000</f>
            <f>215.90272380180167000000</f>
            <f>0</f>
            <f>0</f>
            <f>0</f>
            <f>0</f>
            <f>0</f>
            <f>0</f>
            <f>0</f>
            <f>0</f>
            <f>0</f>
            <f>0</f>
            <f>0</f>
            <f>0</f>
            <f>0</f>
            <f>0</f>
            <f>0</f>
         </CF>
         <MCRZ>
            <kink>10</kink>
            <flat_rating>
               <b>0.33655513604650450000</b>
               <b>-3.77207910527813440000</b>
               <b>5.55671374560077600000</b>
               <b>0</b>
               <b>0</b>
               <b>0</b>
               <b>5.90836011451085330000</b>
               <b>31.06756458096601700000</b>
               <b>-45.89235272560718900000</b>
               <b>0</b>
               <b>0</b>
               <b>0</b>
               <b>-22.37422921019796700000</b>
               <b>-107.75168115113851000000</b>
               <b>168.03732799171405000000</b>
               <b>0</b>
               <b>0</b>
               <b>0</b>
               <b>33.75277168348907300000</b>
               <b>212.28937802543877000000</b>
               <b>-339.62119010471395000000</b>
               <b>0</b>
               <b>0</b>
               <b>0</b>
               <b>-19.59339732090549500000</b>
               <b>-223.17175488696304000000</b>
               <b>350.99778845680316000000</b>
               <b>0</b>
               <b>0</b>
               <b>0</b>
               <b>2.44043559695644950000</b>
               <b>92.45918165796587100000</b>
               <b>-140.68353620843160000000</b>
               <b>0</b>
               <b>0</b>
               <b>0</b>
            </flat_rating>
            <temp_rating>
               <c>889.70340708800745000000</c>
               <c>-3901.56582603203650000000</c>
               <c>3969.73218846152440000000</c>
               <c>0</c>
               <c>0</c>
               <c>-3495.47836188129670000000</c>
               <c>15411.19316205513300000000</c>
               <c>-15703.16781802117500000000</c>
               <c>0</c>
               <c>0</c>
               <c>5166.54833237470760000000</c>
               <c>-22854.23481103310000000000</c>
               <c>23312.03124241622900000000</c>
               <c>0</c>
               <c>0</c>
               <c>-3390.42088031416320000000</c>
               <c>15030.41984314759400000000</c>
               <c>-15349.10953811116500000000</c>
               <c>0</c>
               <c>0</c>
               <c>832.95692826380025000000</c>
               <c>-3698.78013976038120000000</c>
               <c>3781.77445218674800000000</c>
               <c>0</c>
               <c>0</c>
               <c>-20.51623988779088800000</c>
               <c>86.75525523347927500000</c>
               <c>-69.80833364132671200000</c>
               <c>0</c>
               <c>0</c>
               <c>53.14924738492550200000</c>
               <c>-208.10448007855300000000</c>
               <c>164.42502272754936000000</c>
               <c>0</c>
               <c>0</c>
               <c>-56.89968177769139100000</c>
               <c>214.70642237796153000000</c>
               <c>-169.63631411350616000000</c>
               <c>0</c>
               <c>0</c>
               <c>21.81992396381252100000</c>
               <c>-80.92139402806407100000</c>
               <c>64.43137780917561500000</c>
               <c>0</c>
               <c>0</c>
            </temp_rating>
         </MCRZ>
         <MCMB>
            <kink>10</kink>
            <flat_rating>
               <b>0.67959316749041232000</b>
               <b>-2.28697785416951450000</b>
               <b>3.17979866407107890000</b>
               <b>0</b>
               <b>0</b>
               <b>0</b>
               <b>4.15635884729657870000</b>
               <b>10.71603360879946500000</b>
               <b>-16.89663389633494400000</b>
               <b>0</b>
               <b>0</b>
               <b>0</b>
               <b>-18.87255237666453300000</b>
               <b>-20.82076965943649700000</b>
               <b>49.59529872490328000000</b>
               <b>0</b>
               <b>0</b>
               <b>0</b>
               <b>31.90914188183752000000</b>
               <b>43.41364460147769200000</b>
               <b>-115.37527486691918000000</b>
               <b>0</b>
               <b>0</b>
               <b>0</b>
               <b>-21.53742406540310100000</b>
               <b>-67.90116064238652900000</b>
               <b>148.59864792229035000000</b>
               <b>0</b>
               <b>0</b>
               <b>0</b>
               <b>4.19420566723337980000</b>
               <b>37.77404629434840900000</b>
               <b>-70.48243452500544500000</b>
               <b>0</b>
               <b>0</b>
               <b>0</b>
            </flat_rating>
            <temp_rating>
               <c>627.31662415122003000000</c>
               <c>-2624.87092405365000000000</c>
               <c>2551.32934302450890000000</c>
               <c>0</c>
               <c>0</c>
               <c>-2489.96908000565920000000</c>
               <c>10456.74700292760800000000</c>
               <c>-10174.83970223700300000000</c>
               <c>0</c>
               <c>0</c>
               <c>3717.11452132055090000000</c>
               <c>-15631.13593472284800000000</c>
               <c>15226.79725083142900000000</c>
               <c>0</c>
               <c>0</c>
               <c>-2463.13099747525260000000</c>
               <c>10357.82621664748900000000</c>
               <c>-10102.36956257630100000000</c>
               <c>0</c>
               <c>0</c>
               <c>610.77300695647466000000</c>
               <c>-2567.01947584972960000000</c>
               <c>2506.96987559046560000000</c>
               <c>0</c>
               <c>0</c>
               <c>-11.26313633158593700000</c>
               <c>53.73927262565532500000</c>
               <c>-45.21314081177798300000</c>
               <c>0</c>
               <c>0</c>
               <c>29.64773680722825900000</c>
               <c>-125.67863992128454000000</c>
               <c>103.71553104123078000000</c>
               <c>0</c>
               <c>0</c>
               <c>-32.02278261797082600000</c>
               <c>128.67210135973767000000</c>
               <c>-107.10596004492892000000</c>
               <c>0</c>
               <c>0</c>
               <c>12.39964798453499000000</c>
               <c>-48.76455210576484900000</c>
               <c>41.39037525367302100000</c>
               <c>0</c>
               <c>0</c>
            </temp_rating>
         </MCMB>
         <LIDL>
            <CT>
               <ti>0.01316902586569760500</ti>
               <ti>0.08357112231439675600</ti>
               <ti>-0.06595132168892607600</ti>
               <ti>-0.07006994202886981900</ti>
               <ti>-0.05348882482916455400</ti>
               <ti>0.00217425163051285660</ti>
               <ti>-0.62745649830809136000</ti>
               <ti>0.95201701118411108000</ti>
               <ti>0.06819158559001722900</ti>
               <ti>-0.33839640541391702000</ti>
               <ti>1.49252175818741950000</ti>
               <ti>-1.63519212821464470000</ti>
            </CT>
            <CF>
               <fi>0.02388240104169728900</fi>
               <fi>0.00604550444074332830</fi>
               <fi>0.00807732613296800220</fi>
               <fi>-0.02119162075674188200</fi>
               <fi>-0.03774788735516730600</fi>
               <fi>-0.00661933354211802220</fi>
               <fi>-0.01720511863056638600</fi>
               <fi>0.18603311564100064000</fi>
               <fi>-0.13249026492444996000</fi>
            </CF>
         </LIDL>
         <throttle>
            <low>0.5042149043</low>
            <high>1.195765077</high>
         </throttle>
      </TFM>
   </PFM>
   <OPM>
      <LGO>
         <Transition>
            <from>0</from>
            <to>1</to>
            <time>20</time>
         </Transition>
         <Transition>
            <from>1</from>
            <to>0</to>
            <time>20</time>
         </Transition>
      </LGO>
      <HLO>
         <Transition>
            <from>0</from>
            <to>1</to>
            <time>13.5</time>
         </Transition>
         <Transition>
            <from>1</from>
            <to>2</to>
            <time>11</time>
         </Transition>
         <Transition>
            <from>2</from>
            <to>3</to>
            <time>2.8</time>
         </Transition>
         <Transition>
            <from>3</from>
            <to>4</to>
            <time>4.1</time>
         </Transition>
         <Transition>
            <from>4</from>
            <to>5</to>
            <time>0.5</time>
         </Transition>
         <Transition>
            <from>5</from>
            <to>6</to>
            <time>10.2</time>
         </Transition>
         <Transition>
            <from>6</from>
            <to>5</to>
            <time>10.2</time>
         </Transition>
         <Transition>
            <from>5</from>
            <to>4</to>
            <time>0.5</time>
         </Transition>
         <Transition>
            <from>4</from>
            <to>3</to>
            <time>4.1</time>
         </Transition>
         <Transition>
            <from>3</from>
            <to>2</to>
            <time>2.8</time>
         </Transition>
         <Transition>
            <from>2</from>
            <to>1</to>
            <time>11</time>
         </Transition>
         <Transition>
            <from>1</from>
            <to>0</to>
            <time>13.5</time>
         </Transition>
      </HLO>
   </OPM>
   <ALM>
      <GLM>
         <hmo>43100</hmo>
         <mfa>20000</mfa>
      </GLM>
      <KLM>
         <mmo>0.89</mmo>
         <vmo>340</vmo>
         <mle>0.55</mle>
         <vle>250</vle>
         <mlo>0.55</mlo>
         <vloe>250</vloe>
         <vlor>250</vlor>
      </KLM>
      <ELM>
         <Tmin_f>
            <point>
               <Hp>-2000</Hp>
               <DeltaT>-73</DeltaT>
            </point>
            <point>
               <Hp>25000</Hp>
               <DeltaT>-40.5</DeltaT>
            </point>
            <point>
               <Hp>32500</Hp>
               <DeltaT>-30.6</DeltaT>
            </point>
            <point>
               <Hp>36089</Hp>
               <DeltaT>-23.5</DeltaT>
            </point>
            <point>
               <Hp>43100</Hp>
               <DeltaT>-23.5</DeltaT>
            </point>
         </Tmin_f>
         <Tmax_f>
            <point>
               <Hp>-2000</Hp>
               <DeltaT>36</DeltaT>
            </point>
            <point>
               <Hp>0</Hp>
               <DeltaT>40</DeltaT>
            </point>
            <point>
               <Hp>16600</Hp>
               <DeltaT>40</DeltaT>
            </point>
            <point>
               <Hp>16601</Hp>
               <DeltaT>35</DeltaT>
            </point>
            <point>
               <Hp>36089</Hp>
               <DeltaT>35</DeltaT>
            </point>
            <point>
               <Hp>43100</Hp>
               <DeltaT>20.5</DeltaT>
            </point>
         </Tmax_f>
         <Tmin_g>
            <point>
               <Hp>-2000</Hp>
               <DeltaT>-73</DeltaT>
            </point>
            <point>
               <Hp>6000</Hp>
               <DeltaT>-57.1</DeltaT>
            </point>
            <point>
               <Hp>12500</Hp>
               <DeltaT>-27.7</DeltaT>
            </point>
         </Tmin_g>
         <Tmax_g>
            <point>
               <Hp>-2000</Hp>
               <DeltaT>36</DeltaT>
            </point>
            <point>
               <Hp>0</Hp>
               <DeltaT>40</DeltaT>
            </point>
            <point>
               <Hp>12500</Hp>
               <DeltaT>40</DeltaT>
            </point>
         </Tmax_g>
      </ELM>
      <DLM>
         <MTW>275900</MTW>
         <MTOW>275000</MTOW>
         <MLW>207000</MLW>
         <MZFW>195700</MZFW>
         <OEW>146596</OEW>
         <MPL>49104</MPL>
         <MFL>112494</MFL>
         <n1>2.5</n1>
         <n3>-1</n3>
         <nf1>2</nf1>
         <nf3>0</nf3>
      </DLM>
   </ALM>
   <Ground>
      <Dimensions>
         <span>64.75</span>
         <length>66.80</length>
      </Dimensions>
      <Runway>
         <TOL>2750</TOL>
         <LDL>1970</LDL>
      </Runway>
   </Ground>
   <ARPM>
      <AeroConfSchedule>
         <AeroPhase>
            <name>TO</name>
            <HLid>3</HLid>
            <LG>UP</LG>
         </AeroPhase>
         <AeroPhase>
            <name>IC</name>
            <HLid>2</HLid>
            <LG>UP</LG>
         </AeroPhase>
         <AeroPhase>
            <name>CR</name>
            <HLid>0</HLid>
            <LG>UP</LG>
         </AeroPhase>
         <AeroPhase>
            <name>AP</name>
            <HLid>3</HLid>
            <LG>UP</LG>
         </AeroPhase>
         <AeroPhase>
            <name>LD</name>
            <HLid>6</HLid>
            <LG>DN</LG>
         </AeroPhase>
      </AeroConfSchedule>
      <SpeedScheduleList>
         <SpeedSchedule>
            <CompanyName>Default</CompanyName>
            <SpeedPhase>
               <name>Climb</name>
               <CAS1>320</CAS1>
               <CAS2>320</CAS2>
               <M>0.845</M>
            </SpeedPhase>
            <SpeedPhase>
               <name>Cruise</name>
               <CAS1>320</CAS1>
               <CAS2>320</CAS2>
               <M>0.845</M>
            </SpeedPhase>
            <SpeedPhase>
               <name>Descent</name>
               <CAS1>300</CAS1>
               <CAS2>300</CAS2>
               <M>0.845</M>
            </SpeedPhase>
         </SpeedSchedule>
      </SpeedScheduleList>
   </ARPM>
</bada40:ACM>