<?xml version="1.0" encoding="utf-8"?>
<bada40:ACM xmlns:bada40="http://www.eurocontrol.int/eec/public/standard_page/bada40">
   <model>MD-87</model>
   <type>JET</type>
   <engine>JT8D-217A</engine>
   <description/>
   <ICAO>
      <designator>MD87</designator>
      <WTC>M</WTC>
   </ICAO>
   <AFCM>
      <S>112.31977536000001000000</S>
      <Configuration HLid="0">
         <HLPosition>0000</HLPosition>
         <name>flaps  0</name>
         <vfe>280</vfe>
         <LGUP>
            <DPM_clean>
               <M_max>0.82000</M_max>
               <scalar>9.835e-007</scalar>
               <CD_clean>
                  <d>185411.29325872011000000000</d>
                  <d>-520524.73014982551000000000</d>
                  <d>610842.57781662827000000000</d>
                  <d>-316023.39921463042000000000</d>
                  <d>61098.82676231606500000000</d>
                  <d>66394.31221439101500000000</d>
                  <d>-41863.91047703169200000000</d>
                  <d>26693.94461101559100000000</d>
                  <d>-6986.79233590644070000000</d>
                  <d>652.24096241573955000000</d>
                  <d>-7913.45242085108570000000</d>
                  <d>69369.78155931769300000000</d>
                  <d>-125580.63660875818000000000</d>
                  <d>75416.72041563688300000000</d>
                  <d>-14988.05898037291400000000</d>
               </CD_clean>
            </DPM_clean>
            <BLM_clean>
               <Mmin>0.36000</Mmin>
               <Mmax>0.82000</Mmax>
               <CL_Mach0>1.18783122984078940000</CL_Mach0>
               <CL_clean>
                  <bf>-2.86739810276989000000</bf>
                  <bf>37.27314926776963900000</bf>
                  <bf>-119.24114067357425000000</bf>
                  <bf>156.66190656169829000000</bf>
                  <bf>-73.94487244829954900000</bf>
               </CL_clean>
            </BLM_clean>
         </LGUP>
         <LGDN>
            <DPM_nonclean>
               <CD_nonclean>
                  <d>0.03683000000000000200</d>
                  <d>-0.00000000000000004163</d>
                  <d>0.04662000000000005000</d>
               </CD_nonclean>
            </DPM_nonclean>
            <BLM>
               <CL_max>1.14553798120399560000</CL_max>
            </BLM>
         </LGDN>
      </Configuration>
      <Configuration HLid="1">
         <HLPosition>0005</HLPosition>
         <name>flaps  5</name>
         <vfe>280</vfe>
         <LGUP>
            <DPM_nonclean>
               <CD_nonclean>
                  <d>0.02970000000000000100</d>
                  <d>-0.00000000000000001602</d>
                  <d>0.04164000000000001700</d>
               </CD_nonclean>
            </DPM_nonclean>
            <BLM>
               <CL_max>2.07777762472675230000</CL_max>
            </BLM>
         </LGUP>
         <LGDN>
            <DPM_nonclean>
               <CD_nonclean>
                  <d>0.04610000000000000900</d>
                  <d>-0.00000000000000002054</d>
                  <d>0.04164000000000002400</d>
               </CD_nonclean>
            </DPM_nonclean>
            <BLM>
               <CL_max>1.94994560289293410000</CL_max>
            </BLM>
         </LGDN>
      </Configuration>
      <Configuration HLid="2">
         <HLPosition>0011</HLPosition>
         <name>flaps 11</name>
         <vfe>280</vfe>
         <LGUP>
            <DPM_nonclean>
               <CD_nonclean>
                  <d>0.03268999999999999700</d>
                  <d>-0.00000000000000001602</d>
                  <d>0.04216000000000001700</d>
               </CD_nonclean>
            </DPM_nonclean>
            <BLM>
               <CL_max>2.23720934562055260000</CL_max>
            </BLM>
         </LGUP>
         <LGDN>
            <DPM_nonclean>
               <CD_nonclean>
                  <d>0.04768999999999999600</d>
                  <d>0.00000000000000004807</d>
                  <d>0.04215999999999997500</d>
               </CD_nonclean>
            </DPM_nonclean>
            <BLM>
               <CL_max>2.07777762472675230000</CL_max>
            </BLM>
         </LGDN>
      </Configuration>
      <Configuration HLid="3">
         <HLPosition>0013</HLPosition>
         <name>flaps 13</name>
         <vfe>280</vfe>
         <LGUP>
            <DPM_nonclean>
               <CD_nonclean>
                  <d>0.03243000000000000000</d>
                  <d>-0.00000000000000001602</d>
                  <d>0.04342000000000000700</d>
               </CD_nonclean>
            </DPM_nonclean>
            <BLM>
               <CL_max>2.27512747300453990000</CL_max>
            </BLM>
         </LGUP>
         <LGDN>
            <DPM_nonclean>
               <CD_nonclean>
                  <d>0.04692999999999999900</d>
                  <d>-0.00000000000000003205</d>
                  <d>0.04342000000000002800</d>
               </CD_nonclean>
            </DPM_nonclean>
            <BLM>
               <CL_max>2.11169996416144110000</CL_max>
            </BLM>
         </LGDN>
      </Configuration>
      <Configuration HLid="4">
         <HLPosition>0015</HLPosition>
         <name>flaps 15</name>
         <vfe>240</vfe>
         <LGUP>
            <DPM_nonclean>
               <CD_nonclean>
                  <d>0.04510000000000000100</d>
                  <d>-0.00000000000000003103</d>
                  <d>0.03878125000000001700</d>
               </CD_nonclean>
            </DPM_nonclean>
            <BLM>
               <CL_max>2.31401783668980650000</CL_max>
            </BLM>
         </LGUP>
         <LGDN>
            <DPM_nonclean>
               <CD_nonclean>
                  <d>0.05910000000000000000</d>
                  <d>-0.00000000000000006206</d>
                  <d>0.03878125000000003800</d>
               </CD_nonclean>
            </DPM_nonclean>
            <BLM>
               <CL_max>2.14645987354191180000</CL_max>
            </BLM>
         </LGDN>
      </Configuration>
      <Configuration HLid="5">
         <HLPosition>0020</HLPosition>
         <name>flaps 20</name>
         <vfe>240</vfe>
         <LGUP>
            <DPM_nonclean>
               <CD_nonclean>
                  <d>0.04950999999999999800</d>
                  <d>-0.00557379187089238930</d>
                  <d>0.04559396937893778200</d>
               </CD_nonclean>
            </DPM_nonclean>
            <BLM>
               <CL_max>2.43686495358961390000</CL_max>
            </BLM>
         </LGUP>
         <LGDN>
            <DPM_nonclean>
               <CD_nonclean>
                  <d>0.06221000000000000100</d>
                  <d>-0.00557379187089238930</d>
                  <d>0.04559396937893778200</d>
               </CD_nonclean>
            </DPM_nonclean>
            <BLM>
               <CL_max>2.27512747300453990000</CL_max>
            </BLM>
         </LGDN>
      </Configuration>
      <Configuration HLid="6">
         <HLPosition>0024</HLPosition>
         <name>flaps 24</name>
         <vfe>220</vfe>
         <LGUP>
            <DPM_nonclean>
               <CD_nonclean>
                  <d>0.05605000000000000300</d>
                  <d>-0.00001204591507133204</d>
                  <d>0.04019786738387244600</d>
               </CD_nonclean>
            </DPM_nonclean>
            <BLM>
               <CL_max>2.54686772622755920000</CL_max>
            </BLM>
         </LGUP>
         <LGDN>
            <DPM_nonclean>
               <CD_nonclean>
                  <d>0.06775000000000000500</d>
                  <d>-0.00001204591507130237</d>
                  <d>0.04019786738387242500</d>
               </CD_nonclean>
            </DPM_nonclean>
            <BLM>
               <CL_max>2.35391396104533660000</CL_max>
            </BLM>
         </LGDN>
      </Configuration>
      <Configuration HLid="7">
         <HLPosition>0028</HLPosition>
         <name>flaps 28</name>
         <vfe>200</vfe>
         <LGUP>
            <DPM_nonclean>
               <CD_nonclean>
                  <d>0.07896999999999997100</d>
                  <d>0.00000000000000002629</d>
                  <d>0.03599999999999999000</d>
               </CD_nonclean>
            </DPM_nonclean>
            <BLM>
               <CL_max>2.59296394430632130000</CL_max>
            </BLM>
         </LGUP>
         <LGDN>
            <DPM_nonclean>
               <CD_nonclean>
                  <d>0.08976999999999997500</d>
                  <d>-0.00000000000000001457</d>
                  <d>0.03600000000000001100</d>
               </CD_nonclean>
            </DPM_nonclean>
            <BLM>
               <CL_max>2.39485082796785640000</CL_max>
            </BLM>
         </LGDN>
      </Configuration>
      <Configuration HLid="8">
         <HLPosition>0040</HLPosition>
         <name>flaps 40</name>
         <vfe>195</vfe>
         <LGUP>
            <DPM_nonclean>
               <CD_nonclean>
                  <d>0.11364993190000469000</d>
                  <d>-0.00000791243301720311</d>
                  <d>0.03558401060438157200</d>
               </CD_nonclean>
            </DPM_nonclean>
            <BLM>
               <CL_max>2.73901824055198610000</CL_max>
            </BLM>
         </LGUP>
         <LGDN>
            <DPM_nonclean>
               <CD_nonclean>
                  <d>0.12149993190000473000</d>
                  <d>-0.00000791243301726443</d>
                  <d>0.03558401060438160700</d>
               </CD_nonclean>
            </DPM_nonclean>
            <BLM>
               <CL_max>2.54686772622755920000</CL_max>
            </BLM>
         </LGDN>
      </Configuration>
   </AFCM>
   <PFM>
      <MREF>67812</MREF>
      <LHV>43217000</LHV>
      <rho>810</rho>
      <n_eng>2</n_eng>
      <TFA>17.11</TFA>
      <TFM>
         <CT>
            <a>0.00000000000000000000</a>
            <a>-0.09999999999346803600</a>
            <a>0.00000000000000000000</a>
            <a>0.00000000000000000000</a>
            <a>0.00000000000000000000</a>
            <a>0.00000000000000000000</a>
            <a>0.29999999999743110000</a>
            <a>0.00000000000000000000</a>
            <a>0.00000000000000000000</a>
            <a>0.00000000000000000000</a>
            <a>0.00000000000000000000</a>
            <a>0.00000000000000000000</a>
            <a>0.00000000000000000000</a>
            <a>0.00000000000000000000</a>
            <a>0.00000000000000000000</a>
            <a>0.00000000000000000000</a>
            <a>0.00000000000000000000</a>
            <a>0.00000000000000000000</a>
            <a>0.00000000000000000000</a>
            <a>0.00000000000000000000</a>
            <a>0.00000000000000000000</a>
            <a>0.00000000000000000000</a>
            <a>0.00000000000000000000</a>
            <a>0.00000000000000000000</a>
            <a>0.00000000000000000000</a>
            <a>0.00000000000000000000</a>
            <a>0.00000000000000000000</a>
            <a>0.00000000000000000000</a>
            <a>0.00000000000000000000</a>
            <a>0.00000000000000000000</a>
            <a>0.00000000000000000000</a>
            <a>0.00000000000000000000</a>
            <a>0.00000000000000000000</a>
            <a>0.00000000000000000000</a>
            <a>0.00000000000000000000</a>
            <a>0.00000000000000000000</a>
         </CT>
         <CF>
            <f>-0.00310927269826615080</f>
            <f>1.71794541599374950000</f>
            <f>7.64864090332328410000</f>
            <f>-81.21112180350671400000</f>
            <f>222.84990848444684000000</f>
            <f>0.14126240838014487000</f>
            <f>0.17027093948695063000</f>
            <f>0.75717417346327565000</f>
            <f>47.85977653083591600000</f>
            <f>-180.79305242190196000000</f>
            <f>0.00000000000000000000</f>
            <f>0.00000000000000000000</f>
            <f>0.00000000000000000000</f>
            <f>0.00000000000000000000</f>
            <f>0.00000000000000000000</f>
            <f>0.00000000000000000000</f>
            <f>0.00000000000000000000</f>
            <f>0.00000000000000000000</f>
            <f>0.00000000000000000000</f>
            <f>0.00000000000000000000</f>
            <f>0.00000000000000000000</f>
            <f>0.00000000000000000000</f>
            <f>0.00000000000000000000</f>
            <f>0.00000000000000000000</f>
            <f>0.00000000000000000000</f>
         </CF>
         <MCRZ>
            <kink>-15</kink>
            <flat_rating>
               <b>3.21257150498306570000</b>
               <b>-3.82982243935381070000</b>
               <b>1.58134937140396570000</b>
               <b>0.00000000000000000000</b>
               <b>0.00000000000000000000</b>
               <b>0.00000000000000000000</b>
               <b>-18.75916772376513800000</b>
               <b>24.51388627855051900000</b>
               <b>-2.72007587579220060000</b>
               <b>0.00000000000000000000</b>
               <b>0.00000000000000000000</b>
               <b>0.00000000000000000000</b>
               <b>60.87902594618499600000</b>
               <b>-73.26791127682946600000</b>
               <b>15.60065297422867300000</b>
               <b>0.00000000000000000000</b>
               <b>0.00000000000000000000</b>
               <b>0.00000000000000000000</b>
               <b>-99.83672383821529200000</b>
               <b>138.92377229581516000000</b>
               <b>-84.05373943091336700000</b>
               <b>0.00000000000000000000</b>
               <b>0.00000000000000000000</b>
               <b>0.00000000000000000000</b>
               <b>83.11989519933968000000</b>
               <b>-151.08438886654687000000</b>
               <b>143.32735301208453000000</b>
               <b>0.00000000000000000000</b>
               <b>0.00000000000000000000</b>
               <b>0.00000000000000000000</b>
               <b>-27.98734736631271900000</b>
               <b>65.57588856245367000000</b>
               <b>-74.64743870640670300000</b>
               <b>0.00000000000000000000</b>
               <b>0.00000000000000000000</b>
               <b>0.00000000000000000000</b>
            </flat_rating>
            <temp_rating>
               <c>-108.55019404481027000000</c>
               <c>870.74979289088321000000</c>
               <c>-1153.80561552353080000000</c>
               <c>0.00000000000000000000</c>
               <c>0.00000000000000000000</c>
               <c>517.10554142280284000000</c>
               <c>-3877.30330385238490000000</c>
               <c>5034.10896545378000000000</c>
               <c>0.00000000000000000000</c>
               <c>0.00000000000000000000</c>
               <c>-897.78871577643940000000</c>
               <c>6428.37733279692290000000</c>
               <c>-8196.13884363134280000000</c>
               <c>0.00000000000000000000</c>
               <c>0.00000000000000000000</c>
               <c>681.32007785540361000000</c>
               <c>-4696.21814987240210000000</c>
               <c>5893.49407591467570000000</c>
               <c>0.00000000000000000000</c>
               <c>0.00000000000000000000</c>
               <c>-191.69015880167680000000</c>
               <c>1276.70134615845200000000</c>
               <c>-1580.01646203346740000000</c>
               <c>0.00000000000000000000</c>
               <c>0.00000000000000000000</c>
               <c>3.14774080143000430000</c>
               <c>-22.46643972874336000000</c>
               <c>27.40013953026938900000</c>
               <c>0.00000000000000000000</c>
               <c>0.00000000000000000000</c>
               <c>-10.68988128040123800000</c>
               <c>70.98254776446340500000</c>
               <c>-87.67486204434430900000</c>
               <c>0.00000000000000000000</c>
               <c>0.00000000000000000000</c>
               <c>14.69893478343270100000</c>
               <c>-92.52927318589536300000</c>
               <c>115.08491467827804000000</c>
               <c>0.00000000000000000000</c>
               <c>0.00000000000000000000</c>
               <c>-6.96083582560131210000</c>
               <c>42.25794157000017700000</c>
               <c>-52.75843342379607000000</c>
               <c>0.00000000000000000000</c>
               <c>0.00000000000000000000</c>
            </temp_rating>
         </MCRZ>
         <MCMB>
            <kink>-15</kink>
            <flat_rating>
               <b>0.72514897549366941000</b>
               <b>1.71365738291867030000</b>
               <b>-0.18409478113970193000</b>
               <b>0.00000000000000000000</b>
               <b>0.00000000000000000000</b>
               <b>0.00000000000000000000</b>
               <b>7.10495015246454460000</b>
               <b>-31.90053011533392500000</b>
               <b>14.83271427784810300000</b>
               <b>0.00000000000000000000</b>
               <b>0.00000000000000000000</b>
               <b>0.00000000000000000000</b>
               <b>-39.12352856596384500000</b>
               <b>143.06570708316366000000</b>
               <b>-56.22166747854008400000</b>
               <b>0.00000000000000000000</b>
               <b>0.00000000000000000000</b>
               <b>0.00000000000000000000</b>
               <b>84.43365714142311200000</b>
               <b>-268.38495888314941000000</b>
               <b>79.58238283015715800000</b>
               <b>0.00000000000000000000</b>
               <b>0.00000000000000000000</b>
               <b>0.00000000000000000000</b>
               <b>-80.37653701023337800000</b>
               <b>228.49852360741724000000</b>
               <b>-46.93401716810334500000</b>
               <b>0.00000000000000000000</b>
               <b>0.00000000000000000000</b>
               <b>0.00000000000000000000</b>
               <b>28.23415087681164300000</b>
               <b>-73.56239916939662700000</b>
               <b>9.57840252809708130000</b>
               <b>0.00000000000000000000</b>
               <b>0.00000000000000000000</b>
               <b>0.00000000000000000000</b>
            </flat_rating>
            <temp_rating>
               <c>-882.52803727022820000000</c>
               <c>2477.92028695161430000000</c>
               <c>-1901.78280477819110000000</c>
               <c>0.00000000000000000000</c>
               <c>0.00000000000000000000</c>
               <c>3655.03450752206530000000</c>
               <c>-10216.76176196512100000000</c>
               <c>7839.65561179613540000000</c>
               <c>0.00000000000000000000</c>
               <c>0.00000000000000000000</c>
               <c>-5648.22019493434070000000</c>
               <c>15741.85029042723000000000</c>
               <c>-12082.59379370670500000000</c>
               <c>0.00000000000000000000</c>
               <c>0.00000000000000000000</c>
               <c>3865.94503651623840000000</c>
               <c>-10746.91993467361100000000</c>
               <c>8257.10436716819090000000</c>
               <c>0.00000000000000000000</c>
               <c>0.00000000000000000000</c>
               <c>-989.50358327215679000000</c>
               <c>2744.53191349105960000000</c>
               <c>-2112.65311029362100000000</c>
               <c>0.00000000000000000000</c>
               <c>0.00000000000000000000</c>
               <c>0.33153042844184061000</c>
               <c>-4.34234160097872920000</c>
               <c>6.25779134620550700000</c>
               <c>0.00000000000000000000</c>
               <c>0.00000000000000000000</c>
               <c>-1.31164744761574270000</c>
               <c>13.45836926151175000000</c>
               <c>-19.72010411509076600000</c>
               <c>0.00000000000000000000</c>
               <c>0.00000000000000000000</c>
               <c>2.22477746442787130000</c>
               <c>-18.75379914393218800000</c>
               <c>25.97436196294754000000</c>
               <c>0.00000000000000000000</c>
               <c>0.00000000000000000000</c>
               <c>-1.12875764978444400000</c>
               <c>8.45487321297866320000</c>
               <c>-11.10567597682093000000</c>
               <c>0.00000000000000000000</c>
               <c>0.00000000000000000000</c>
            </temp_rating>
         </MCMB>
         <MTKF>
            <kink>-15</kink>
            <flat_rating>
               <b>18.14710879148711700000</b>
               <b>-82.69882946693456900000</b>
               <b>100.12749608501213000000</b>
               <b>0.00000000000000000000</b>
               <b>0.00000000000000000000</b>
               <b>0.00000000000000000000</b>
               <b>-138.75933649829756000000</b>
               <b>694.98223714231187000000</b>
               <b>-860.71111365524484000000</b>
               <b>0.00000000000000000000</b>
               <b>0.00000000000000000000</b>
               <b>0.00000000000000000000</b>
               <b>453.59749123502183000000</b>
               <b>-2333.12780425084020000000</b>
               <b>2935.72448279515580000000</b>
               <b>0.00000000000000000000</b>
               <b>0.00000000000000000000</b>
               <b>0.00000000000000000000</b>
               <b>-740.93803778258621000000</b>
               <b>3869.36504675005840000000</b>
               <b>-4912.88226640518310000000</b>
               <b>0.00000000000000000000</b>
               <b>0.00000000000000000000</b>
               <b>0.00000000000000000000</b>
               <b>597.28635096092671000000</b>
               <b>-3145.31014495340740000000</b>
               <b>4012.80882085347460000000</b>
               <b>0.00000000000000000000</b>
               <b>0.00000000000000000000</b>
               <b>0.00000000000000000000</b>
               <b>-188.72520166142465000000</b>
               <b>997.96021140760456000000</b>
               <b>-1276.58324254899430000000</b>
               <b>0.00000000000000000000</b>
               <b>0.00000000000000000000</b>
               <b>0.00000000000000000000</b>
            </flat_rating>
            <temp_rating>
               <c>-790.52015567010039000000</c>
               <c>3441.88924628044700000000</c>
               <c>-3769.85627739583150000000</c>
               <c>0.00000000000000000000</c>
               <c>0.00000000000000000000</c>
               <c>3236.94843508793750000000</c>
               <c>-14132.00607521918200000000</c>
               <c>15571.89241831444100000000</c>
               <c>0.00000000000000000000</c>
               <c>0.00000000000000000000</c>
               <c>-4884.41304104751820000000</c>
               <c>21383.06181637295200000000</c>
               <c>-23702.64746874808000000000</c>
               <c>0.00000000000000000000</c>
               <c>0.00000000000000000000</c>
               <c>3282.12637496128630000000</c>
               <c>-14394.39520175773900000000</c>
               <c>16040.92120202381700000000</c>
               <c>0.00000000000000000000</c>
               <c>0.00000000000000000000</c>
               <c>-828.78288206561786000000</c>
               <c>3637.54771383747810000000</c>
               <c>-4072.50303936022870000000</c>
               <c>0.00000000000000000000</c>
               <c>0.00000000000000000000</c>
               <c>-93.50865974017199300000</c>
               <c>423.56457676222965000000</c>
               <c>-454.56062898730869000000</c>
               <c>0.00000000000000000000</c>
               <c>0.00000000000000000000</c>
               <c>224.15061095353659000000</c>
               <c>-1029.81555476145330000000</c>
               <c>1115.94378572319490000000</c>
               <c>0.00000000000000000000</c>
               <c>0.00000000000000000000</c>
               <c>-233.47936812559558000000</c>
               <c>1080.75873115395550000000</c>
               <c>-1178.33385765300090000000</c>
               <c>0.00000000000000000000</c>
               <c>0.00000000000000000000</c>
               <c>88.82289258630822800000</c>
               <c>-413.02325656296188000000</c>
               <c>452.02441579268600000000</c>
               <c>0.00000000000000000000</c>
               <c>0.00000000000000000000</c>
            </temp_rating>
         </MTKF>
         <LIDL>
            <CT>
               <ti>-0.02369429235106334000</ti>
               <ti>0.13554225715587312000</ti>
               <ti>-0.18040672264571372000</ti>
               <ti>0.06501916968267165700</ti>
               <ti>0.07535563764227090600</ti>
               <ti>-0.29439463643191521000</ti>
               <ti>0.27073382425278381000</ti>
               <ti>-0.00170613133773024270</ti>
               <ti>-0.04502731674394119100</ti>
               <ti>0.12178239036803011000</ti>
               <ti>-0.07826003974664186300</ti>
               <ti>-0.10270672136530842000</ti>
            </CT>
            <CF>
               <fi>0.03035678087634444800</fi>
               <fi>-0.00034269434295982167</fi>
               <fi>0.00450350138213057030</fi>
               <fi>-0.00451095962734557840</fi>
               <fi>-0.09579641366124817800</fi>
               <fi>0.15779463357533199000</fi>
               <fi>-0.01982819947635962000</fi>
               <fi>0.25225043126318203000</fi>
               <fi>-0.27894363415551215000</fi>
            </CF>
         </LIDL>
         <throttle>
            <low>0.48871258278881102000</low>
            <high>1.46328500723777520000</high>
         </throttle>
      </TFM>
   </PFM>
   <OPM>
      <LGO>
         <Transition>
            <from>0</from>
            <to>1</to>
            <time>12</time>
         </Transition>
         <Transition>
            <from>1</from>
            <to>0</to>
            <time>8.9</time>
         </Transition>
      </LGO>
      <HLO>
         <Transition>
            <from>0</from>
            <to>1</to>
            <time>1.5</time>
         </Transition>
         <Transition>
            <from>1</from>
            <to>2</to>
            <time>2.1</time>
         </Transition>
         <Transition>
            <from>2</from>
            <to>3</to>
            <time>0.8</time>
         </Transition>
         <Transition>
            <from>3</from>
            <to>4</to>
            <time>0.8</time>
         </Transition>
         <Transition>
            <from>4</from>
            <to>5</to>
            <time>2.2</time>
         </Transition>
         <Transition>
            <from>5</from>
            <to>6</to>
            <time>2</time>
         </Transition>
         <Transition>
            <from>6</from>
            <to>7</to>
            <time>2</time>
         </Transition>
         <Transition>
            <from>7</from>
            <to>8</to>
            <time>6.6</time>
         </Transition>
         <Transition>
            <from>8</from>
            <to>7</to>
            <time>6.1</time>
         </Transition>
         <Transition>
            <from>7</from>
            <to>6</to>
            <time>2.1</time>
         </Transition>
         <Transition>
            <from>6</from>
            <to>5</to>
            <time>2.2</time>
         </Transition>
         <Transition>
            <from>5</from>
            <to>4</to>
            <time>2.9</time>
         </Transition>
         <Transition>
            <from>4</from>
            <to>3</to>
            <time>1.4</time>
         </Transition>
         <Transition>
            <from>3</from>
            <to>2</to>
            <time>2</time>
         </Transition>
         <Transition>
            <from>2</from>
            <to>1</to>
            <time>3.6</time>
         </Transition>
         <Transition>
            <from>1</from>
            <to>0</to>
            <time>3.5</time>
         </Transition>
      </HLO>
   </OPM>
   <ALM>
      <GLM>
         <hmo>37000</hmo>
         <mfa>20000</mfa>
      </GLM>
      <KLM>
         <mmo>0.82</mmo>
         <vmo>340</vmo>
         <mle>0.7</mle>
         <vle>300</vle>
         <mlo>0.7</mlo>
         <vloe>300</vloe>
         <vlor>250</vlor>
      </KLM>
      <ELM>
         <Tmin_f>
            <point>
               <Hp>-2000.0</Hp>
               <DeltaT>-69.00000000000000000000</DeltaT>
            </point>
            <point>
               <Hp>8500.0</Hp>
               <DeltaT>-69.00000000000000000000</DeltaT>
            </point>
            <point>
               <Hp>8501.0</Hp>
               <DeltaT>-74.00000000000000000000</DeltaT>
            </point>
            <point>
               <Hp>36089.0</Hp>
               <DeltaT>-20.00000000000000000000</DeltaT>
            </point>
            <point>
               <Hp>37000.0</Hp>
               <DeltaT>-20.00000000000000000000</DeltaT>
            </point>
         </Tmin_f>
         <Tmax_f>
            <point>
               <Hp>-2000.0</Hp>
               <DeltaT>35.00000000000000000000</DeltaT>
            </point>
            <point>
               <Hp>2500.0</Hp>
               <DeltaT>35.00000000000000000000</DeltaT>
            </point>
            <point>
               <Hp>2501.0</Hp>
               <DeltaT>40.00000000000000000000</DeltaT>
            </point>
            <point>
               <Hp>8500.0</Hp>
               <DeltaT>40.00000000000000000000</DeltaT>
            </point>
            <point>
               <Hp>8501.0</Hp>
               <DeltaT>35.00000000000000000000</DeltaT>
            </point>
            <point>
               <Hp>37000.0</Hp>
               <DeltaT>35.00000000000000000000</DeltaT>
            </point>
         </Tmax_f>
         <Tmin_g>
            <point>
               <Hp>-2000.0</Hp>
               <DeltaT>-69.00000000000000000000</DeltaT>
            </point>
            <point>
               <Hp>8500.0</Hp>
               <DeltaT>-69.00000000000000000000</DeltaT>
            </point>
         </Tmin_g>
         <Tmax_g>
            <point>
               <Hp>-2000.0</Hp>
               <DeltaT>35.00000000000000000000</DeltaT>
            </point>
            <point>
               <Hp>2500.0</Hp>
               <DeltaT>35.00000000000000000000</DeltaT>
            </point>
            <point>
               <Hp>2501.0</Hp>
               <DeltaT>40.00000000000000000000</DeltaT>
            </point>
            <point>
               <Hp>8500.0</Hp>
               <DeltaT>40.00000000000000000000</DeltaT>
            </point>
         </Tmax_g>
      </ELM>
      <DLM>
         <MTW>68266</MTW>
         <MTOW>67812</MTOW>
         <MLW>58967</MLW>
         <MZFW>50802</MZFW>
         <OEW>33965</OEW>
         <MPL>16837</MPL>
         <MFL>26422</MFL>
         <n1>2.5</n1>
         <n3>-1</n3>
         <nf1>2</nf1>
         <nf3>0</nf3>
      </DLM>
   </ALM>
   <Ground>
      <Dimensions>
         <span>32.85</span>
         <length>39.75</length>
      </Dimensions>
      <Runway>
         <TOL>2250</TOL>
         <LDL>1450</LDL>
      </Runway>
   </Ground>
   <ARPM>
      <AeroConfSchedule>
         <AeroPhase>
            <name>TO</name>
            <HLid>2</HLid>
            <LG>UP</LG>
         </AeroPhase>
         <AeroPhase>
            <name>IC</name>
            <HLid>0</HLid>
            <LG>UP</LG>
         </AeroPhase>
         <AeroPhase>
            <name>CR</name>
            <HLid>0</HLid>
            <LG>UP</LG>
         </AeroPhase>
         <AeroPhase>
            <name>AP</name>
            <HLid>6</HLid>
            <LG>UP</LG>
         </AeroPhase>
         <AeroPhase>
            <name>LD</name>
            <HLid>8</HLid>
            <LG>DN</LG>
         </AeroPhase>
      </AeroConfSchedule>
      <SpeedScheduleList>
         <SpeedSchedule>
            <CompanyName>Default</CompanyName>
            <SpeedPhase>
               <name>Climb</name>
               <CAS1>250</CAS1>
               <CAS2>310</CAS2>
               <M>0.76</M>
            </SpeedPhase>
            <SpeedPhase>
               <name>Cruise</name>
               <CAS1>250</CAS1>
               <CAS2>290</CAS2>
               <M>0.76</M>
            </SpeedPhase>
            <SpeedPhase>
               <name>Descent</name>
               <CAS1>250</CAS1>
               <CAS2>290</CAS2>
               <M>0.76</M>
            </SpeedPhase>
         </SpeedSchedule>
      </SpeedScheduleList>
   </ARPM>
</bada40:ACM>