<?xml version="1.0" encoding="utf-8"?>
<bada40:ACM xmlns:bada40="http://www.eurocontrol.int/eec/public/standard_page/bada40">
   <model>A330-203</model>
   <type>JET</type>
   <engine>CF6-80E1A3</engine>
   <description/>
   <ICAO>
      <designator>A332</designator>
      <WTC>H</WTC>
   </ICAO>
   <AFCM>
      <S>361.6</S>
      <Configuration HLid="0">
         <HLPosition>0000</HLPosition>
         <name>CLEAN</name>
         <vfe>330</vfe>
         <LGUP>
            <DPM_clean>
               <M_max>0.86</M_max>
               <scalar>9.835e-007</scalar>
               <CD_clean>
                  <d>-93355.00478602966200000000</d>
                  <d>245438.46779377136000000000</d>
                  <d>-195298.16201967883000000000</d>
                  <d>60332.38475016589700000000</d>
                  <d>-4838.70492791476680000000</d>
                  <d>45926.48383511015700000000</d>
                  <d>-17848.27578427373700000000</d>
                  <d>8308.11884182688850000000</d>
                  <d>-1403.62530306826920000000</d>
                  <d>70.42312656329562500000</d>
                  <d>-621.91632025536649000000</d>
                  <d>23775.55397069899500000000</d>
                  <d>-40969.81907264365100000000</d>
                  <d>23373.15190536464100000000</d>
                  <d>-4409.26632996237910000000</d>
               </CD_clean>
            </DPM_clean>
            <BLM_clean>
               <Mmin>0.3</Mmin>
               <Mmax>0.86</Mmax>
               <CL_Mach0>1.4503</CL_Mach0>
               <CL_clean>
                  <bf>3.28567619481365370000</bf>
                  <bf>-9.53157170845926590000</bf>
                  <bf>10.75403197070899700000</bf>
                  <bf>1.17071834727763880000</bf>
                  <bf>-5.62556791218311330000</bf>
               </CL_clean>
            </BLM_clean>
         </LGUP>
      </Configuration>
      <Configuration HLid="1">
         <HLPosition>1600</HLPosition>
         <name>CONF 1</name>
         <vfe>240</vfe>
         <LGUP>
            <DPM_nonclean>
               <CD_nonclean>
                  <d>0.033744</d>
                  <d>-0.034892</d>
                  <d>0.058924</d>
               </CD_nonclean>
            </DPM_nonclean>
            <BLM>
               <CL_max>1.8258</CL_max>
            </BLM>
         </LGUP>
      </Configuration>
      <Configuration HLid="2">
         <HLPosition>1608</HLPosition>
         <name>CONF 1+F</name>
         <vfe>215</vfe>
         <LGUP>
            <DPM_nonclean>
               <CD_nonclean>
                  <d>0.050893</d>
                  <d>-0.057272</d>
                  <d>0.064516</d>
               </CD_nonclean>
            </DPM_nonclean>
            <BLM>
               <CL_max>2.1063</CL_max>
            </BLM>
         </LGUP>
      </Configuration>
      <Configuration HLid="3">
         <HLPosition>2014</HLPosition>
         <name>CONF 2</name>
         <vfe>196</vfe>
         <LGUP>
            <DPM_nonclean>
               <CD_nonclean>
                  <d>0.079312</d>
                  <d>-0.089082</d>
                  <d>0.07335</d>
               </CD_nonclean>
            </DPM_nonclean>
            <BLM>
               <CL_max>2.3583</CL_max>
            </BLM>
         </LGUP>
      </Configuration>
      <Configuration HLid="4">
         <HLPosition>2322</HLPosition>
         <name>CONF 3</name>
         <vfe>186</vfe>
         <LGUP>
            <DPM_nonclean>
               <CD_nonclean>
                  <d>0.088324</d>
                  <d>-0.08169</d>
                  <d>0.065661</d>
               </CD_nonclean>
            </DPM_nonclean>
            <BLM>
               <CL_max>2.5291</CL_max>
            </BLM>
         </LGUP>
         <LGDN>
            <DPM_nonclean>
               <CD_nonclean>
                  <d>0.11659</d>
                  <d>-0.094063</d>
                  <d>0.07106</d>
               </CD_nonclean>
            </DPM_nonclean>
            <BLM>
               <CL_max>2.4785</CL_max>
            </BLM>
         </LGDN>
      </Configuration>
      <Configuration HLid="5">
         <HLPosition>2332</HLPosition>
         <name>FULL</name>
         <vfe>180</vfe>
         <LGUP>
            <DPM_nonclean>
               <CD_nonclean>
                  <d>0.13466</d>
                  <d>-0.12318</d>
                  <d>0.07989</d>
               </CD_nonclean>
            </DPM_nonclean>
            <BLM>
               <CL_max>2.6623</CL_max>
            </BLM>
         </LGUP>
         <LGDN>
            <DPM_nonclean>
               <CD_nonclean>
                  <d>0.15336</d>
                  <d>-0.11529</d>
                  <d>0.07437</d>
               </CD_nonclean>
            </DPM_nonclean>
            <BLM>
               <CL_max>2.5926</CL_max>
            </BLM>
         </LGDN>
      </Configuration>
   </AFCM>
   <PFM>
      <MREF>233000</MREF>
      <LHV>43217000</LHV>
      <rho>810</rho>
      <n_eng>2</n_eng>
      <TFA>25</TFA>
      <TFM>
         <CT>
            <a>0</a>
            <a>-0.10000000001043960000</a>
            <a>0</a>
            <a>0</a>
            <a>0</a>
            <a>0</a>
            <a>0.30000000000317423000</a>
            <a>0</a>
            <a>0</a>
            <a>0</a>
            <a>0</a>
            <a>0</a>
            <a>0</a>
            <a>0</a>
            <a>0</a>
            <a>0</a>
            <a>0</a>
            <a>0</a>
            <a>0</a>
            <a>0</a>
            <a>0</a>
            <a>0</a>
            <a>0</a>
            <a>0</a>
            <a>0</a>
            <a>0</a>
            <a>0</a>
            <a>0</a>
            <a>0</a>
            <a>0</a>
            <a>0</a>
            <a>0</a>
            <a>0</a>
            <a>0</a>
            <a>0</a>
            <a>0</a>
         </CT>
         <CF>
            <f>0.00464725507595836140</f>
            <f>0.98989143616959197000</f>
            <f>0.82481364105119004000</f>
            <f>-10.13631437789849700000</f>
            <f>57.07030102319317400000</f>
            <f>0.06765046587788110800</f>
            <f>0.68684340826893109000</f>
            <f>10.52571696694504200000</f>
            <f>-58.38365564385927800000</f>
            <f>92.81681648916873000000</f>
            <f>0</f>
            <f>0</f>
            <f>0</f>
            <f>0</f>
            <f>0</f>
            <f>0</f>
            <f>0</f>
            <f>0</f>
            <f>0</f>
            <f>0</f>
            <f>0</f>
            <f>0</f>
            <f>0</f>
            <f>0</f>
            <f>0</f>
         </CF>
         <MCRZ>
            <kink>10</kink>
            <flat_rating>
               <b>-3.44297238459628780000</b>
               <b>10.37733825373043900000</b>
               <b>-7.17344949173644690000</b>
               <b>0</b>
               <b>0</b>
               <b>0</b>
               <b>27.98973076600072900000</b>
               <b>-69.28455461816700700000</b>
               <b>55.92933093839225500000</b>
               <b>0</b>
               <b>0</b>
               <b>0</b>
               <b>-67.92440901684990700000</b>
               <b>178.10517411800680000000</b>
               <b>-172.29613236118357000000</b>
               <b>0</b>
               <b>0</b>
               <b>0</b>
               <b>75.81399695618009100000</b>
               <b>-230.71537410331084000000</b>
               <b>272.89664130015660000000</b>
               <b>0</b>
               <b>0</b>
               <b>0</b>
               <b>-42.51683288752644800000</b>
               <b>166.59345393042653000000</b>
               <b>-232.48227661229762000000</b>
               <b>0</b>
               <b>0</b>
               <b>0</b>
               <b>10.21483634505330200000</b>
               <b>-53.26074235577935700000</b>
               <b>81.04020221058270600000</b>
               <b>0</b>
               <b>0</b>
               <b>0</b>
            </flat_rating>
            <temp_rating>
               <c>-531.95712690978212000000</c>
               <c>1425.90819711212410000000</c>
               <c>-1256.03462667576170000000</c>
               <c>0</c>
               <c>0</c>
               <c>2153.45611095094910000000</c>
               <c>-5802.29594928905590000000</c>
               <c>5108.56647069049900000000</c>
               <c>0</c>
               <c>0</c>
               <c>-3251.66544004395150000000</c>
               <c>8818.24300836518520000000</c>
               <c>-7748.91002861285780000000</c>
               <c>0</c>
               <c>0</c>
               <c>2170.81478889742170000000</c>
               <c>-5922.66577613920710000000</c>
               <c>5188.12403743909360000000</c>
               <c>0</c>
               <c>0</c>
               <c>-540.96979124774714000000</c>
               <c>1483.33595684768120000000</c>
               <c>-1293.89999117381010000000</c>
               <c>0</c>
               <c>0</c>
               <c>8.33886343830861780000</c>
               <c>-25.17582153776914600000</c>
               <c>22.09235086843619900000</c>
               <c>0</c>
               <c>0</c>
               <c>-21.46372757025492500000</c>
               <c>64.20355558575205600000</c>
               <c>-51.37025356736736400000</c>
               <c>0</c>
               <c>0</c>
               <c>19.83667774502223200000</c>
               <c>-54.88559831215273000000</c>
               <c>37.57582638163650300000</c>
               <c>0</c>
               <c>0</c>
               <c>-6.28268684996969820000</c>
               <c>15.46928152933150400000</c>
               <c>-8.25436919490159580000</c>
               <c>0</c>
               <c>0</c>
            </temp_rating>
         </MCRZ>
         <MCMB>
            <kink>10</kink>
            <flat_rating>
               <b>-0.67710797942673584000</b>
               <b>3.35470575432642180000</b>
               <b>-2.11029322894885580000</b>
               <b>0</b>
               <b>0</b>
               <b>0</b>
               <b>5.88392623649749420000</b>
               <b>-12.47129393951576200000</b>
               <b>13.65504529756256200000</b>
               <b>0</b>
               <b>0</b>
               <b>0</b>
               <b>0.92996083856621437000</b>
               <b>0.28010231435199462000</b>
               <b>-32.84648521923158900000</b>
               <b>0</b>
               <b>0</b>
               <b>0</b>
               <b>-26.22232915781562200000</b>
               <b>36.58293497812093200000</b>
               <b>52.97892125553352100000</b>
               <b>0</b>
               <b>0</b>
               <b>0</b>
               <b>30.25263626706044600000</b>
               <b>-27.16853283883020600000</b>
               <b>-66.46707088319817600000</b>
               <b>0</b>
               <b>0</b>
               <b>0</b>
               <b>-9.98862424445756500000</b>
               <b>1.48481360400961960000</b>
               <b>32.41711265013619700000</b>
               <b>0</b>
               <b>0</b>
               <b>0</b>
            </flat_rating>
            <temp_rating>
               <c>-500.19981916428651000000</c>
               <c>1277.95903917567350000000</c>
               <c>-919.60014194203336000000</c>
               <c>0</c>
               <c>0</c>
               <c>1978.84100455009910000000</c>
               <c>-5062.79079578401890000000</c>
               <c>3642.47060110644680000000</c>
               <c>0</c>
               <c>0</c>
               <c>-2922.36205905268660000000</c>
               <c>7496.51217195831670000000</c>
               <c>-5378.60741404472360000000</c>
               <c>0</c>
               <c>0</c>
               <c>1910.56264074542450000000</c>
               <c>-4910.91070625402240000000</c>
               <c>3505.84906610859390000000</c>
               <c>0</c>
               <c>0</c>
               <c>-466.80238306424417000000</c>
               <c>1200.59611690412250000000</c>
               <c>-850.81053799319750000000</c>
               <c>0</c>
               <c>0</c>
               <c>6.08862116264614000000</c>
               <c>-15.09900901394351900000</c>
               <c>9.68245662771049710000</c>
               <c>0</c>
               <c>0</c>
               <c>-14.14477051342093000000</c>
               <c>31.06602445345747300000</c>
               <c>-11.09359412537031800000</c>
               <c>0</c>
               <c>0</c>
               <c>10.17410401469101100000</c>
               <c>-10.77994015417825200000</c>
               <c>-15.41036009842424900000</c>
               <c>0</c>
               <c>0</c>
               <c>-1.94645843998499450000</c>
               <c>-4.43780708060622420000</c>
               <c>15.45063045310159000000</c>
               <c>0</c>
               <c>0</c>
            </temp_rating>
         </MCMB>
         <LIDL>
            <CT>
               <ti>0.03619698803568696000</ti>
               <ti>-0.13732545929295592000</ti>
               <ti>0.12585010415246273000</ti>
               <ti>-0.00575954584459786870</ti>
               <ti>-0.08089526740938937600</ti>
               <ti>0.34487549578056448000</ti>
               <ti>-0.19840941666012396000</ti>
               <ti>-0.17457273375048135000</ti>
               <ti>0.05613204478653652200</ti>
               <ti>-0.26478791358719972000</ti>
               <ti>-0.01393557622837924800</ti>
               <ti>0.32310864356372410000</ti>
            </CT>
            <CF>
               <fi>0.01235949313612569300</fi>
               <fi>0.00429299024078053010</fi>
               <fi>0.00440359081086206740</fi>
               <fi>-0.00756113642151501250</fi>
               <fi>0.03344273052141654600</fi>
               <fi>-0.02352143564835659400</fi>
               <fi>0.00843842532954577550</fi>
               <fi>-0.03736463945591789200</fi>
               <fi>0.02368979211916480800</fi>
            </CF>
         </LIDL>
         <throttle>
            <low>0.4049442553</low>
            <high>1.072309159</high>
         </throttle>
      </TFM>
   </PFM>
   <OPM>
      <LGO>
         <Transition>
            <from>0</from>
            <to>1</to>
            <time>20</time>
         </Transition>
         <Transition>
            <from>1</from>
            <to>0</to>
            <time>20</time>
         </Transition>
      </LGO>
      <HLO>
         <Transition>
            <from>0</from>
            <to>1</to>
            <time>9.2</time>
         </Transition>
         <Transition>
            <from>1</from>
            <to>2</to>
            <time>13.1</time>
         </Transition>
         <Transition>
            <from>2</from>
            <to>3</to>
            <time>1.9</time>
         </Transition>
         <Transition>
            <from>3</from>
            <to>4</to>
            <time>2</time>
         </Transition>
         <Transition>
            <from>4</from>
            <to>5</to>
            <time>2.6</time>
         </Transition>
         <Transition>
            <from>5</from>
            <to>4</to>
            <time>2.3</time>
         </Transition>
         <Transition>
            <from>4</from>
            <to>3</to>
            <time>1.9</time>
         </Transition>
         <Transition>
            <from>3</from>
            <to>2</to>
            <time>1.9</time>
         </Transition>
         <Transition>
            <from>2</from>
            <to>1</to>
            <time>4</time>
         </Transition>
         <Transition>
            <from>1</from>
            <to>0</to>
            <time>9.2</time>
         </Transition>
      </HLO>
   </OPM>
   <ALM>
      <GLM>
         <hmo>41500</hmo>
         <mfa>20000</mfa>
      </GLM>
      <KLM>
         <mmo>0.86</mmo>
         <vmo>330</vmo>
         <mle>0.55</mle>
         <vle>250</vle>
         <mlo>0.55</mlo>
         <vloe>250</vloe>
         <vlor>250</vlor>
      </KLM>
      <ELM>
         <Tmin_f>
            <point>
               <Hp>-2000</Hp>
               <DeltaT>-81</DeltaT>
            </point>
            <point>
               <Hp>0</Hp>
               <DeltaT>-77</DeltaT>
            </point>
            <point>
               <Hp>32500</Hp>
               <DeltaT>-30.6</DeltaT>
            </point>
            <point>
               <Hp>36089</Hp>
               <DeltaT>-23.5</DeltaT>
            </point>
            <point>
               <Hp>41500</Hp>
               <DeltaT>-23.5</DeltaT>
            </point>
         </Tmin_f>
         <Tmax_f>
            <point>
               <Hp>-2000</Hp>
               <DeltaT>36</DeltaT>
            </point>
            <point>
               <Hp>0</Hp>
               <DeltaT>40</DeltaT>
            </point>
            <point>
               <Hp>16600</Hp>
               <DeltaT>40</DeltaT>
            </point>
            <point>
               <Hp>16601</Hp>
               <DeltaT>35</DeltaT>
            </point>
            <point>
               <Hp>36089</Hp>
               <DeltaT>34.5</DeltaT>
            </point>
            <point>
               <Hp>41100</Hp>
               <DeltaT>24.5</DeltaT>
            </point>
            <point>
               <Hp>41500</Hp>
               <DeltaT>23.7</DeltaT>
            </point>
         </Tmax_f>
         <Tmin_g>
            <point>
               <Hp>-2000</Hp>
               <DeltaT>-73</DeltaT>
            </point>
            <point>
               <Hp>6000</Hp>
               <DeltaT>-57.1</DeltaT>
            </point>
            <point>
               <Hp>14600</Hp>
               <DeltaT>-18.1</DeltaT>
            </point>
         </Tmin_g>
         <Tmax_g>
            <point>
               <Hp>-2000</Hp>
               <DeltaT>36</DeltaT>
            </point>
            <point>
               <Hp>0</Hp>
               <DeltaT>40</DeltaT>
            </point>
            <point>
               <Hp>14600</Hp>
               <DeltaT>40</DeltaT>
            </point>
         </Tmax_g>
      </ELM>
      <DLM>
         <MTW>233900</MTW>
         <MTOW>233000</MTOW>
         <MLW>182000</MLW>
         <MZFW>170000</MZFW>
         <OEW>123900</OEW>
         <MPL>46100</MPL>
         <MFL>109200</MFL>
         <n1>2.5</n1>
         <n3>-1</n3>
         <nf1>2</nf1>
         <nf3>0</nf3>
      </DLM>
   </ALM>
   <Ground>
      <Dimensions>
         <span>60.304</span>
         <length>58.372</length>
      </Dimensions>
      <Runway>
         <TOL>2710</TOL>
         <LDL>1660</LDL>
      </Runway>
   </Ground>
   <ARPM>
      <AeroConfSchedule>
         <AeroPhase>
            <name>TO</name>
            <HLid>3</HLid>
            <LG>UP</LG>
         </AeroPhase>
         <AeroPhase>
            <name>IC</name>
            <HLid>2</HLid>
            <LG>UP</LG>
         </AeroPhase>
         <AeroPhase>
            <name>CR</name>
            <HLid>0</HLid>
            <LG>UP</LG>
         </AeroPhase>
         <AeroPhase>
            <name>AP</name>
            <HLid>3</HLid>
            <LG>UP</LG>
         </AeroPhase>
         <AeroPhase>
            <name>LD</name>
            <HLid>5</HLid>
            <LG>DN</LG>
         </AeroPhase>
      </AeroConfSchedule>
      <SpeedScheduleList>
         <SpeedSchedule>
            <CompanyName>Default</CompanyName>
            <SpeedPhase>
               <name>Climb</name>
               <CAS1>310</CAS1>
               <CAS2>310</CAS2>
               <M>0.82</M>
            </SpeedPhase>
            <SpeedPhase>
               <name>Cruise</name>
               <CAS1>250</CAS1>
               <CAS2>330</CAS2>
               <M>0.82</M>
            </SpeedPhase>
            <SpeedPhase>
               <name>Descent</name>
               <CAS1>300</CAS1>
               <CAS2>300</CAS2>
               <M>0.82</M>
            </SpeedPhase>
         </SpeedSchedule>
      </SpeedScheduleList>
   </ARPM>
</bada40:ACM>