<?xml version="1.0" encoding="utf-8"?>
<bada40:ACM xmlns:bada40="http://www.eurocontrol.int/eec/public/standard_page/bada40">
   <model>787-8</model>
   <type>JET</type>
   <engine>GENX-1B67</engine>
   <description/>
   <ICAO>
      <designator>B788</designator>
      <WTC>H</WTC>
   </ICAO>
   <AFCM>
      <S>360.46379520000005000000</S>
      <Configuration HLid="0">
         <HLPosition>0000</HLPosition>
         <name>flaps  0</name>
         <vfe>350</vfe>
         <LGUP>
            <DPM_clean>
               <M_max>0.90000</M_max>
               <scalar>9.835e-007</scalar>
               <CD_clean>
                  <d>97393.98135793549600000000</d>
                  <d>-221156.07546381894000000000</d>
                  <d>216129.20129843100000000000</d>
                  <d>-92133.16689595306500000000</d>
                  <d>14602.57910802517100000000</d>
                  <d>24525.21445764194500000000</d>
                  <d>14643.79888441377300000000</d>
                  <d>-4877.43789763733370000000</d>
                  <d>534.97540784136618000000</d>
                  <d>-17.40438071935201600000</d>
                  <d>5471.56809851663460000000</d>
                  <d>1205.85910657997060000000</d>
                  <d>-1614.18013192178320000000</d>
                  <d>735.07467175090790000000</d>
                  <d>-113.06911739948272000000</d>
               </CD_clean>
            </DPM_clean>
            <BLM_clean>
               <Mmin>0.20000</Mmin>
               <Mmax>0.90000</Mmax>
               <CL_Mach0>0.94854403110464103000</CL_Mach0>
               <CL_clean>
                  <bf>0.72791157056869626000</bf>
                  <bf>7.00747687772456640000</bf>
                  <bf>-29.49624469350723300000</bf>
                  <bf>42.75276010637230000000</bf>
                  <bf>-20.76739815148994900000</bf>
               </CL_clean>
            </BLM_clean>
         </LGUP>
         <LGDN>
            <DPM_nonclean>
               <CD_nonclean>
                  <d>0.04788042103183008000</d>
                  <d>-0.02546116228573343200</d>
                  <d>0.06062843242279676600</d>
               </CD_nonclean>
            </DPM_nonclean>
            <BLM>
               <CL_max>0.94854403110464103000</CL_max>
            </BLM>
         </LGDN>
      </Configuration>
      <Configuration HLid="1">
         <HLPosition>0001</HLPosition>
         <name>flaps 1</name>
         <vfe>250</vfe>
         <LGUP>
            <DPM_nonclean>
               <CD_nonclean>
                  <d>0.02605157499526176300</d>
                  <d>-0.03211593630543762400</d>
                  <d>0.06689642131153419900</d>
               </CD_nonclean>
            </DPM_nonclean>
            <BLM>
               <CL_max>1.40598580088065560000</CL_max>
            </BLM>
         </LGUP>
         <LGDN>
            <DPM_nonclean>
               <CD_nonclean>
                  <d>0.05601186329273338100</d>
                  <d>-0.04058572413023656800</d>
                  <d>0.06861476385980888600</d>
               </CD_nonclean>
            </DPM_nonclean>
            <BLM>
               <CL_max>1.40598580088065560000</CL_max>
            </BLM>
         </LGDN>
      </Configuration>
      <Configuration HLid="2">
         <HLPosition>0005</HLPosition>
         <name>flaps 5</name>
         <vfe>230</vfe>
         <LGUP>
            <DPM_nonclean>
               <CD_nonclean>
                  <d>0.04488879932131505800</d>
                  <d>-0.05758105099155935000</d>
                  <d>0.07406030963467799500</d>
               </CD_nonclean>
            </DPM_nonclean>
            <BLM>
               <CL_max>1.74998353003314810000</CL_max>
            </BLM>
         </LGUP>
         <LGDN>
            <DPM_nonclean>
               <CD_nonclean>
                  <d>0.07347626017321279300</d>
                  <d>-0.07171347353772188100</d>
                  <d>0.08006333800309689600</d>
               </CD_nonclean>
            </DPM_nonclean>
            <BLM>
               <CL_max>1.74998353003314810000</CL_max>
            </BLM>
         </LGDN>
      </Configuration>
      <Configuration HLid="3">
         <HLPosition>0015</HLPosition>
         <name>flaps 15</name>
         <vfe>215</vfe>
         <LGUP>
            <DPM_nonclean>
               <CD_nonclean>
                  <d>0.05294438564831985300</d>
                  <d>-0.06252410615765191500</d>
                  <d>0.07360088447726263700</d>
               </CD_nonclean>
            </DPM_nonclean>
            <BLM>
               <CL_max>1.82365905191389510000</CL_max>
            </BLM>
         </LGUP>
         <LGDN>
            <DPM_nonclean>
               <CD_nonclean>
                  <d>0.07975238494109364300</d>
                  <d>-0.07400854532520501100</d>
                  <d>0.07783550619825539700</d>
               </CD_nonclean>
            </DPM_nonclean>
            <BLM>
               <CL_max>1.82365905191389510000</CL_max>
            </BLM>
         </LGDN>
      </Configuration>
      <Configuration HLid="4">
         <HLPosition>0020</HLPosition>
         <name>flaps 20</name>
         <vfe>210</vfe>
         <LGUP>
            <DPM_nonclean>
               <CD_nonclean>
                  <d>0.07758775574326298700</d>
                  <d>-0.06993833382897941800</d>
                  <d>0.07028243344890103300</d>
               </CD_nonclean>
            </DPM_nonclean>
            <BLM>
               <CL_max>1.93857717206202620000</CL_max>
            </BLM>
         </LGUP>
         <LGDN>
            <DPM_nonclean>
               <CD_nonclean>
                  <d>0.10305487107168168000</d>
                  <d>-0.08332627855880109200</d>
                  <d>0.07525525753173956100</d>
               </CD_nonclean>
            </DPM_nonclean>
            <BLM>
               <CL_max>1.95097411679769330000</CL_max>
            </BLM>
         </LGDN>
      </Configuration>
      <Configuration HLid="5">
         <HLPosition>0025</HLPosition>
         <name>flaps 25</name>
         <vfe>180</vfe>
         <LGDN>
            <DPM_nonclean>
               <CD_nonclean>
                  <d>0.10817758114087490000</d>
                  <d>-0.08402658190210825200</d>
                  <d>0.07570440075868849200</d>
               </CD_nonclean>
            </DPM_nonclean>
            <BLM>
               <CL_max>2.05121525586516910000</CL_max>
            </BLM>
         </LGDN>
      </Configuration>
      <Configuration HLid="6">
         <HLPosition>0030</HLPosition>
         <name>flaps 30</name>
         <vfe>170</vfe>
         <LGDN>
            <DPM_nonclean>
               <CD_nonclean>
                  <d>0.15567605448418143000</d>
                  <d>-0.10675609375673220000</d>
                  <d>0.07427216715950990500</d>
               </CD_nonclean>
            </DPM_nonclean>
            <BLM>
               <CL_max>2.06132389890405450000</CL_max>
            </BLM>
         </LGDN>
      </Configuration>
   </AFCM>
   <PFM>
      <MREF>227930</MREF>
      <LHV>43217000</LHV>
      <rho>810</rho>
      <n_eng>2</n_eng>
      <TFA>20.41</TFA>
      <TFM>
         <CT>
            <a>0.00000000000000000000</a>
            <a>-0.10000000006345254000</a>
            <a>0.00000000000000000000</a>
            <a>0.00000000000000000000</a>
            <a>0.00000000000000000000</a>
            <a>0.00000000000000000000</a>
            <a>0.30000000005639682000</a>
            <a>0.00000000000000000000</a>
            <a>0.00000000000000000000</a>
            <a>0.00000000000000000000</a>
            <a>0.00000000000000000000</a>
            <a>0.00000000000000000000</a>
            <a>0.00000000000000000000</a>
            <a>0.00000000000000000000</a>
            <a>0.00000000000000000000</a>
            <a>0.00000000000000000000</a>
            <a>0.00000000000000000000</a>
            <a>0.00000000000000000000</a>
            <a>0.00000000000000000000</a>
            <a>0.00000000000000000000</a>
            <a>0.00000000000000000000</a>
            <a>0.00000000000000000000</a>
            <a>0.00000000000000000000</a>
            <a>0.00000000000000000000</a>
            <a>0.00000000000000000000</a>
            <a>0.00000000000000000000</a>
            <a>0.00000000000000000000</a>
            <a>0.00000000000000000000</a>
            <a>0.00000000000000000000</a>
            <a>0.00000000000000000000</a>
            <a>0.00000000000000000000</a>
            <a>0.00000000000000000000</a>
            <a>0.00000000000000000000</a>
            <a>0.00000000000000000000</a>
            <a>0.00000000000000000000</a>
            <a>0.00000000000000000000</a>
         </CT>
         <CF>
            <f>-0.01070196534395809400</f>
            <f>1.75743093976949670000</f>
            <f>-14.93951510893279400000</f>
            <f>86.03700638576640400000</f>
            <f>-148.74459795417286000000</f>
            <f>0.09125880564127682200</f>
            <f>-0.48314022541367219000</f>
            <f>28.39433379028384500000</f>
            <f>-162.54611961503420000000</f>
            <f>296.85684791750100000000</f>
            <f>0.00000000000000000000</f>
            <f>0.00000000000000000000</f>
            <f>0.00000000000000000000</f>
            <f>0.00000000000000000000</f>
            <f>0.00000000000000000000</f>
            <f>0.00000000000000000000</f>
            <f>0.00000000000000000000</f>
            <f>0.00000000000000000000</f>
            <f>0.00000000000000000000</f>
            <f>0.00000000000000000000</f>
            <f>0.00000000000000000000</f>
            <f>0.00000000000000000000</f>
            <f>0.00000000000000000000</f>
            <f>0.00000000000000000000</f>
            <f>0.00000000000000000000</f>
         </CF>
         <MCRZ>
            <kink>10</kink>
            <flat_rating>
               <b>-1.42764606631356420000</b>
               <b>8.00874404640679140000</b>
               <b>-7.12472174732461380000</b>
               <b>0.00000000000000000000</b>
               <b>0.00000000000000000000</b>
               <b>0.00000000000000000000</b>
               <b>21.42854522710134900000</b>
               <b>-84.99076908378904700000</b>
               <b>86.12759709333363400000</b>
               <b>0.00000000000000000000</b>
               <b>0.00000000000000000000</b>
               <b>0.00000000000000000000</b>
               <b>-80.51001609065627900000</b>
               <b>359.66045809517362000000</b>
               <b>-387.18598237264678000000</b>
               <b>0.00000000000000000000</b>
               <b>0.00000000000000000000</b>
               <b>0.00000000000000000000</b>
               <b>152.55081891641751000000</b>
               <b>-740.78263867378666000000</b>
               <b>823.29718282619547000000</b>
               <b>0.00000000000000000000</b>
               <b>0.00000000000000000000</b>
               <b>0.00000000000000000000</b>
               <b>-144.04254035316745000000</b>
               <b>729.71973593806865000000</b>
               <b>-826.28666688935675000000</b>
               <b>0.00000000000000000000</b>
               <b>0.00000000000000000000</b>
               <b>0.00000000000000000000</b>
               <b>53.05491330437078500000</b>
               <b>-273.68726276667326000000</b>
               <b>313.66781777664750000000</b>
               <b>0.00000000000000000000</b>
               <b>0.00000000000000000000</b>
               <b>0.00000000000000000000</b>
            </flat_rating>
            <temp_rating>
               <c>-362.30491219062930000000</c>
               <c>1017.74840782923100000000</c>
               <c>-920.36817122026821000000</c>
               <c>0.00000000000000000000</c>
               <c>0.00000000000000000000</c>
               <c>1467.58084384342560000000</c>
               <c>-4189.04913811962430000000</c>
               <c>3808.69725014846380000000</c>
               <c>0.00000000000000000000</c>
               <c>0.00000000000000000000</c>
               <c>-2218.30434233930920000000</c>
               <c>6456.23213325157490000000</c>
               <c>-5895.13373719845370000000</c>
               <c>0.00000000000000000000</c>
               <c>0.00000000000000000000</c>
               <c>1485.49085911171530000000</c>
               <c>-4410.30336527379860000000</c>
               <c>4042.75501527265310000000</c>
               <c>0.00000000000000000000</c>
               <c>0.00000000000000000000</c>
               <c>-372.34891954323638000000</c>
               <c>1127.12978519731430000000</c>
               <c>-1037.02404975343920000000</c>
               <c>0.00000000000000000000</c>
               <c>0.00000000000000000000</c>
               <c>6.75537978846236960000</c>
               <c>-22.03387799711826400000</c>
               <c>15.86468656282705500000</c>
               <c>0.00000000000000000000</c>
               <c>0.00000000000000000000</c>
               <c>-20.67571837848961600000</c>
               <c>68.24537188463692400000</c>
               <c>-43.58601049106621200000</c>
               <c>0.00000000000000000000</c>
               <c>0.00000000000000000000</c>
               <c>24.32257869885842900000</c>
               <c>-80.18054629230786600000</c>
               <c>45.17545506784656300000</c>
               <c>0.00000000000000000000</c>
               <c>0.00000000000000000000</c>
               <c>-9.83533404669836560000</c>
               <c>32.18364810056625200000</c>
               <c>-15.78017365149712100000</c>
               <c>0.00000000000000000000</c>
               <c>0.00000000000000000000</c>
            </temp_rating>
         </MCRZ>
         <MCMB>
            <kink>10</kink>
            <flat_rating>
               <b>-1.49230962202972160000</b>
               <b>8.51410037702112450000</b>
               <b>-7.60817204493410950000</b>
               <b>0.00000000000000000000</b>
               <b>0.00000000000000000000</b>
               <b>0.00000000000000000000</b>
               <b>22.51782079076946600000</b>
               <b>-90.32448213132133200000</b>
               <b>91.87116934200500400000</b>
               <b>0.00000000000000000000</b>
               <b>0.00000000000000000000</b>
               <b>0.00000000000000000000</b>
               <b>-84.35247625409591900000</b>
               <b>382.17053961507651000000</b>
               <b>-413.55585327323956000000</b>
               <b>0.00000000000000000000</b>
               <b>0.00000000000000000000</b>
               <b>0.00000000000000000000</b>
               <b>160.15112789152934000000</b>
               <b>-789.21173508780703000000</b>
               <b>881.73848947486476000000</b>
               <b>0.00000000000000000000</b>
               <b>0.00000000000000000000</b>
               <b>0.00000000000000000000</b>
               <b>-151.98902903317111000000</b>
               <b>780.22124150492459000000</b>
               <b>-887.46903873770862000000</b>
               <b>0.00000000000000000000</b>
               <b>0.00000000000000000000</b>
               <b>0.00000000000000000000</b>
               <b>56.30060797364638600000</b>
               <b>-293.61986836702488000000</b>
               <b>337.69110463598975000000</b>
               <b>0.00000000000000000000</b>
               <b>0.00000000000000000000</b>
               <b>0.00000000000000000000</b>
            </flat_rating>
            <temp_rating>
               <c>-407.47707660372839000000</c>
               <c>1152.91424316718830000000</c>
               <c>-1045.32090708763230000000</c>
               <c>0.00000000000000000000</c>
               <c>0.00000000000000000000</c>
               <c>1656.99164974458090000000</c>
               <c>-4765.77789364896310000000</c>
               <c>4343.34987417096820000000</c>
               <c>0.00000000000000000000</c>
               <c>0.00000000000000000000</c>
               <c>-2514.26278278255540000000</c>
               <c>7373.72967264965610000000</c>
               <c>-6747.60683012968910000000</c>
               <c>0.00000000000000000000</c>
               <c>0.00000000000000000000</c>
               <c>1689.75798303638290000000</c>
               <c>-5054.22897622724390000000</c>
               <c>4642.28376113359990000000</c>
               <c>0.00000000000000000000</c>
               <c>0.00000000000000000000</c>
               <c>-424.95050807496426000000</c>
               <c>1295.48058171098160000000</c>
               <c>-1194.06692617026530000000</c>
               <c>0.00000000000000000000</c>
               <c>0.00000000000000000000</c>
               <c>7.79856603808193770000</c>
               <c>-25.74228056260972900000</c>
               <c>18.74407369046672000000</c>
               <c>0.00000000000000000000</c>
               <c>0.00000000000000000000</c>
               <c>-23.70323129386932600000</c>
               <c>79.00307852281166300000</c>
               <c>-51.60178124867651000000</c>
               <c>0.00000000000000000000</c>
               <c>0.00000000000000000000</c>
               <c>27.78628021342504100000</c>
               <c>-92.47978799526431700000</c>
               <c>53.97437204782865900000</c>
               <c>0.00000000000000000000</c>
               <c>0.00000000000000000000</c>
               <c>-11.22309701488509500000</c>
               <c>37.11795104825689200000</c>
               <c>-19.19459929016508700000</c>
               <c>0.00000000000000000000</c>
               <c>0.00000000000000000000</c>
            </temp_rating>
         </MCMB>
         <MTKF>
            <kink>10</kink>
            <flat_rating>
               <b>178.41015470443830000000</b>
               <b>-812.74122752989103000000</b>
               <b>902.46333323593331000000</b>
               <b>0.00000000000000000000</b>
               <b>0.00000000000000000000</b>
               <b>0.00000000000000000000</b>
               <b>-1298.50926886157280000000</b>
               <b>5990.46321973929300000000</b>
               <b>-6697.02262761524340000000</b>
               <b>0.00000000000000000000</b>
               <b>0.00000000000000000000</b>
               <b>0.00000000000000000000</b>
               <b>3721.57977978324790000000</b>
               <b>-17303.48956867561400000000</b>
               <b>19489.73611931706900000000</b>
               <b>0.00000000000000000000</b>
               <b>0.00000000000000000000</b>
               <b>0.00000000000000000000</b>
               <b>-5227.28328847659400000000</b>
               <b>24495.23236815266900000000</b>
               <b>-27804.50992166401600000000</b>
               <b>0.00000000000000000000</b>
               <b>0.00000000000000000000</b>
               <b>0.00000000000000000000</b>
               <b>3602.98612850420480000000</b>
               <b>-17013.16337294046800000000</b>
               <b>19456.57442357069200000000</b>
               <b>0.00000000000000000000</b>
               <b>0.00000000000000000000</b>
               <b>0.00000000000000000000</b>
               <b>-976.63004481152905000000</b>
               <b>4645.21792297701450000000</b>
               <b>-5349.75886848490790000000</b>
               <b>0.00000000000000000000</b>
               <b>0.00000000000000000000</b>
               <b>0.00000000000000000000</b>
            </flat_rating>
            <temp_rating>
               <c>6788.84445620034150000000</c>
               <c>-29465.43613300770100000000</c>
               <c>31629.62804315893300000000</c>
               <c>0.00000000000000000000</c>
               <c>0.00000000000000000000</c>
               <c>-26079.44482860764400000000</c>
               <c>113305.82970900937000000000</c>
               <c>-121706.60173569024000000000</c>
               <c>0.00000000000000000000</c>
               <c>0.00000000000000000000</c>
               <c>37639.15399836483300000000</c>
               <c>-163686.39586399723000000000</c>
               <c>175911.05765044215000000000</c>
               <c>0.00000000000000000000</c>
               <c>0.00000000000000000000</c>
               <c>-24120.22103497858900000000</c>
               <c>104997.13626896264000000000</c>
               <c>-112906.54607791932000000000</c>
               <c>0.00000000000000000000</c>
               <c>0.00000000000000000000</c>
               <c>5790.91224858298480000000</c>
               <c>-25234.35005690289500000000</c>
               <c>27153.85121152791500000000</c>
               <c>0.00000000000000000000</c>
               <c>0.00000000000000000000</c>
               <c>-124.95935756988163000000</c>
               <c>551.30801143415351000000</c>
               <c>-538.31453129716590000000</c>
               <c>0.00000000000000000000</c>
               <c>0.00000000000000000000</c>
               <c>301.73492535110427000000</c>
               <c>-1318.53100708080730000000</c>
               <c>1296.35862472399730000000</c>
               <c>0.00000000000000000000</c>
               <c>0.00000000000000000000</c>
               <c>-308.22616869335860000000</c>
               <c>1344.44861453605680000000</c>
               <c>-1335.17926340873030000000</c>
               <c>0.00000000000000000000</c>
               <c>0.00000000000000000000</c>
               <c>112.86798395836264000000</c>
               <c>-492.86132806004701000000</c>
               <c>494.12484628348648000000</c>
               <c>0.00000000000000000000</c>
               <c>0.00000000000000000000</c>
            </temp_rating>
         </MTKF>
         <LIDL>
            <CT>
               <ti>0.00952584976901858960</ti>
               <ti>0.09038166800855154700</ti>
               <ti>-0.18014018942716437000</ti>
               <ti>0.08555154022101187100</ti>
               <ti>0.09832418940034085000</ti>
               <ti>-0.63990023009505193000</ti>
               <ti>0.85873866086461059000</ti>
               <ti>-0.30809685030648232000</ti>
               <ti>-0.09736632130181333000</ti>
               <ti>0.43834034863097171000</ti>
               <ti>-0.52562551390231527000</ti>
               <ti>0.13321274246924233000</ti>
            </CT>
            <CF>
               <fi>0.02601454351432510400</fi>
               <fi>-0.00104650365788002590</fi>
               <fi>-0.00568116024547244550</fi>
               <fi>0.03623672580234668600</fi>
               <fi>-0.16663787309298647000</fi>
               <fi>0.13960717547495763000</fi>
               <fi>-0.03315369233509014200</fi>
               <fi>0.07501114518829715700</fi>
               <fi>-0.02774533792372741900</fi>
            </CF>
         </LIDL>
         <throttle>
            <low>0.55235945664754094000</low>
            <high>1.19220097439236830000</high>
         </throttle>
      </TFM>
   </PFM>
   <OPM>
      <LGO>
         <Transition>
            <from>0</from>
            <to>1</to>
            <time>20</time>
         </Transition>
         <Transition>
            <from>1</from>
            <to>0</to>
            <time>20</time>
         </Transition>
      </LGO>
      <HLO>
         <Transition>
            <from>0</from>
            <to>1</to>
            <time>13.9</time>
         </Transition>
         <Transition>
            <from>1</from>
            <to>2</to>
            <time>15.4</time>
         </Transition>
         <Transition>
            <from>2</from>
            <to>3</to>
            <time>8.2</time>
         </Transition>
         <Transition>
            <from>3</from>
            <to>4</to>
            <time>6.3</time>
         </Transition>
         <Transition>
            <from>4</from>
            <to>5</to>
            <time>7.2</time>
         </Transition>
         <Transition>
            <from>5</from>
            <to>6</to>
            <time>6.6</time>
         </Transition>
         <Transition>
            <from>6</from>
            <to>5</to>
            <time>6.6</time>
         </Transition>
         <Transition>
            <from>5</from>
            <to>4</to>
            <time>7.2</time>
         </Transition>
         <Transition>
            <from>4</from>
            <to>3</to>
            <time>6.3</time>
         </Transition>
         <Transition>
            <from>3</from>
            <to>2</to>
            <time>8.2</time>
         </Transition>
         <Transition>
            <from>2</from>
            <to>1</to>
            <time>15.4</time>
         </Transition>
         <Transition>
            <from>1</from>
            <to>0</to>
            <time>13.9</time>
         </Transition>
      </HLO>
   </OPM>
   <ALM>
      <GLM>
         <hmo>43100</hmo>
         <mfa>20000</mfa>
      </GLM>
      <KLM>
         <mmo>0.9</mmo>
         <vmo>350</vmo>
         <mle>0.82</mle>
         <vle>270</vle>
         <mlo>0.82</mlo>
         <vloe>270</vloe>
         <vlor>270</vlor>
      </KLM>
      <ELM>
         <Tmin_f>
            <point>
               <Hp>-2000.0</Hp>
               <DeltaT>-81.00000000000000000000</DeltaT>
            </point>
            <point>
               <Hp>0.0</Hp>
               <DeltaT>-77.00000000000000000000</DeltaT>
            </point>
            <point>
               <Hp>32808.0</Hp>
               <DeltaT>-30.00000000000000000000</DeltaT>
            </point>
            <point>
               <Hp>36089.0</Hp>
               <DeltaT>-23.50000000000000000000</DeltaT>
            </point>
            <point>
               <Hp>43100.0</Hp>
               <DeltaT>-23.50000000000000000000</DeltaT>
            </point>
         </Tmin_f>
         <Tmax_f>
            <point>
               <Hp>-2000.0</Hp>
               <DeltaT>35.03999999999999900000</DeltaT>
            </point>
            <point>
               <Hp>0.0</Hp>
               <DeltaT>39.39999999999999900000</DeltaT>
            </point>
            <point>
               <Hp>10000.0</Hp>
               <DeltaT>39.39999999999999900000</DeltaT>
            </point>
            <point>
               <Hp>10001.0</Hp>
               <DeltaT>34.00000000000000000000</DeltaT>
            </point>
            <point>
               <Hp>36089.0</Hp>
               <DeltaT>34.00000000000000000000</DeltaT>
            </point>
            <point>
               <Hp>43100.0</Hp>
               <DeltaT>20.00000000000000000000</DeltaT>
            </point>
         </Tmax_f>
         <Tmin_g>
            <point>
               <Hp>-2000.0</Hp>
               <DeltaT>-73.00000000000000000000</DeltaT>
            </point>
            <point>
               <Hp>6500.0</Hp>
               <DeltaT>-56.00000000000000000000</DeltaT>
            </point>
            <point>
               <Hp>8500.0</Hp>
               <DeltaT>-43.00000000000000000000</DeltaT>
            </point>
         </Tmin_g>
         <Tmax_g>
            <point>
               <Hp>-2000.0</Hp>
               <DeltaT>35.03999999999999900000</DeltaT>
            </point>
            <point>
               <Hp>0.0</Hp>
               <DeltaT>39.39999999999999900000</DeltaT>
            </point>
            <point>
               <Hp>8500.0</Hp>
               <DeltaT>39.39999999999999900000</DeltaT>
            </point>
         </Tmax_g>
      </ELM>
      <DLM>
         <MTW>228384</MTW>
         <MTOW>227930</MTOW>
         <MLW>172365</MLW>
         <MZFW>161025</MZFW>
         <OEW>111493</OEW>
         <MPL>43091</MPL>
         <MFL>126903</MFL>
         <n1>2.5</n1>
         <n3>-1</n3>
         <nf1>2</nf1>
         <nf3>0</nf3>
      </DLM>
   </ALM>
   <Ground>
      <Dimensions>
         <span>60.12</span>
         <length>56.72</length>
      </Dimensions>
      <Runway>
         <TOL>2820</TOL>
         <LDL>1520</LDL>
      </Runway>
   </Ground>
   <ARPM>
      <AeroConfSchedule>
         <AeroPhase>
            <name>TO</name>
            <HLid>2</HLid>
            <LG>UP</LG>
         </AeroPhase>
         <AeroPhase>
            <name>IC</name>
            <HLid>1</HLid>
            <LG>UP</LG>
         </AeroPhase>
         <AeroPhase>
            <name>CR</name>
            <HLid>0</HLid>
            <LG>UP</LG>
         </AeroPhase>
         <AeroPhase>
            <name>AP</name>
            <HLid>3</HLid>
            <LG>UP</LG>
         </AeroPhase>
         <AeroPhase>
            <name>LD</name>
            <HLid>6</HLid>
            <LG>DN</LG>
         </AeroPhase>
      </AeroConfSchedule>
      <SpeedScheduleList>
         <SpeedSchedule>
            <CompanyName>Default</CompanyName>
            <SpeedPhase>
               <name>Climb</name>
               <CAS1>310</CAS1>
               <CAS2>310</CAS2>
               <M>0.84</M>
            </SpeedPhase>
            <SpeedPhase>
               <name>Cruise</name>
               <CAS1>310</CAS1>
               <CAS2>310</CAS2>
               <M>0.84</M>
            </SpeedPhase>
            <SpeedPhase>
               <name>Descent</name>
               <CAS1>310</CAS1>
               <CAS2>310</CAS2>
               <M>0.84</M>
            </SpeedPhase>
         </SpeedSchedule>
      </SpeedScheduleList>
   </ARPM>
</bada40:ACM>