<?xml version="1.0" encoding="utf-8"?>
<bada40:ACM xmlns:bada40="http://www.eurocontrol.int/eec/public/standard_page/bada40">
   <model>A330-301</model>
   <type>JET</type>
   <engine>CF6-80E1A2</engine>
   <description/>
   <ICAO>
      <designator>A333</designator>
      <WTC>H</WTC>
   </ICAO>
   <AFCM>
      <S>361.6</S>
      <Configuration HLid="0">
         <HLPosition>0000</HLPosition>
         <name>CLEAN</name>
         <vfe>330</vfe>
         <LGUP>
            <DPM_clean>
               <M_max>0.86</M_max>
               <scalar>9.835e-007</scalar>
               <CD_clean>
                  <d>-90477.15789308674000000000</d>
                  <d>253913.21766612961000000000</d>
                  <d>-220666.63049226950000000000</d>
                  <d>79225.59906260890400000000</d>
                  <d>-9182.85599566305060000000</d>
                  <d>49947.07168780361800000000</d>
                  <d>-17354.36270359216700000000</d>
                  <d>7214.75445059602770000000</d>
                  <d>-1213.33173852425530000000</d>
                  <d>62.25744551563795400000</d>
                  <d>-241.67791267511740000000</d>
                  <d>16692.81021232653400000000</d>
                  <d>-28397.82160770689000000000</d>
                  <d>16012.91086242792500000000</d>
                  <d>-2985.89678703165280000000</d>
               </CD_clean>
            </DPM_clean>
            <BLM_clean>
               <Mmin>0.3</Mmin>
               <Mmax>0.86</Mmax>
               <CL_Mach0>1.4347</CL_Mach0>
               <CL_clean>
                  <bf>3.14510490315329290000</bf>
                  <bf>-8.59473522924189480000</bf>
                  <bf>8.38992073980113060000</bf>
                  <bf>3.75486554457391320000</bf>
                  <bf>-6.65724825236070930000</bf>
               </CL_clean>
            </BLM_clean>
         </LGUP>
      </Configuration>
      <Configuration HLid="1">
         <HLPosition>1600</HLPosition>
         <name>CONF 1</name>
         <vfe>240</vfe>
         <LGUP>
            <DPM_nonclean>
               <CD_nonclean>
                  <d>0.040191</d>
                  <d>-0.046592</d>
                  <d>0.066029</d>
               </CD_nonclean>
            </DPM_nonclean>
            <BLM>
               <CL_max>1.8261</CL_max>
            </BLM>
         </LGUP>
      </Configuration>
      <Configuration HLid="2">
         <HLPosition>1608</HLPosition>
         <name>CONF 1+F</name>
         <vfe>215</vfe>
         <LGUP>
            <DPM_nonclean>
               <CD_nonclean>
                  <d>0.060222</d>
                  <d>-0.074175</d>
                  <d>0.073527</d>
               </CD_nonclean>
            </DPM_nonclean>
            <BLM>
               <CL_max>2.0813</CL_max>
            </BLM>
         </LGUP>
      </Configuration>
      <Configuration HLid="3">
         <HLPosition>2014</HLPosition>
         <name>CONF 2</name>
         <vfe>196</vfe>
         <LGUP>
            <DPM_nonclean>
               <CD_nonclean>
                  <d>0.10787</d>
                  <d>-0.12705</d>
                  <d>0.087676</d>
               </CD_nonclean>
            </DPM_nonclean>
            <BLM>
               <CL_max>2.3336</CL_max>
            </BLM>
         </LGUP>
      </Configuration>
      <Configuration HLid="4">
         <HLPosition>2322</HLPosition>
         <name>CONF 3</name>
         <vfe>186</vfe>
         <LGUP>
            <DPM_nonclean>
               <CD_nonclean>
                  <d>0.11415</d>
                  <d>-0.11251</d>
                  <d>0.077219</d>
               </CD_nonclean>
            </DPM_nonclean>
            <BLM>
               <CL_max>2.5029</CL_max>
            </BLM>
         </LGUP>
         <LGDN>
            <DPM_nonclean>
               <CD_nonclean>
                  <d>0.14321</d>
                  <d>-0.12703</d>
                  <d>0.083759</d>
               </CD_nonclean>
            </DPM_nonclean>
            <BLM>
               <CL_max>2.4704</CL_max>
            </BLM>
         </LGDN>
      </Configuration>
      <Configuration HLid="5">
         <HLPosition>2332</HLPosition>
         <name>FULL</name>
         <vfe>180</vfe>
         <LGUP>
            <DPM_nonclean>
               <CD_nonclean>
                  <d>0.14603</d>
                  <d>-0.15332</d>
                  <d>0.095381</d>
               </CD_nonclean>
            </DPM_nonclean>
            <BLM>
               <CL_max>2.6448</CL_max>
            </BLM>
         </LGUP>
         <LGDN>
            <DPM_nonclean>
               <CD_nonclean>
                  <d>0.165</d>
                  <d>-0.14464</d>
                  <d>0.089291</d>
               </CD_nonclean>
            </DPM_nonclean>
            <BLM>
               <CL_max>2.6145</CL_max>
            </BLM>
         </LGDN>
      </Configuration>
   </AFCM>
   <PFM>
      <MREF>212000</MREF>
      <LHV>43217000</LHV>
      <rho>810</rho>
      <n_eng>2</n_eng>
      <TFA>25</TFA>
      <TFM>
         <CT>
            <a>0</a>
            <a>-0.09999999999165512500</a>
            <a>0</a>
            <a>0</a>
            <a>0</a>
            <a>0</a>
            <a>0.29999999999436072000</a>
            <a>0</a>
            <a>0</a>
            <a>0</a>
            <a>0</a>
            <a>0</a>
            <a>0</a>
            <a>0</a>
            <a>0</a>
            <a>0</a>
            <a>0</a>
            <a>0</a>
            <a>0</a>
            <a>0</a>
            <a>0</a>
            <a>0</a>
            <a>0</a>
            <a>0</a>
            <a>0</a>
            <a>0</a>
            <a>0</a>
            <a>0</a>
            <a>0</a>
            <a>0</a>
            <a>0</a>
            <a>0</a>
            <a>0</a>
            <a>0</a>
            <a>0</a>
            <a>0</a>
         </CT>
         <CF>
            <f>0.00383257222675749970</f>
            <f>0.95419704551475004000</f>
            <f>2.82929505196614930000</f>
            <f>-28.68674085235623400000</f>
            <f>96.78141282215445100000</f>
            <f>0.07573452965399381200</f>
            <f>0.69038841127156714000</f>
            <f>7.83804707761970400000</f>
            <f>-27.67511124257274000000</f>
            <f>9.80418423527537720000</f>
            <f>0</f>
            <f>0</f>
            <f>0</f>
            <f>0</f>
            <f>0</f>
            <f>0</f>
            <f>0</f>
            <f>0</f>
            <f>0</f>
            <f>0</f>
            <f>0</f>
            <f>0</f>
            <f>0</f>
            <f>0</f>
            <f>0</f>
         </CF>
         <MCRZ>
            <kink>10</kink>
            <flat_rating>
               <b>-7.40145054913183830000</b>
               <b>20.49435548784971300000</b>
               <b>-13.52109511920089000000</b>
               <b>0</b>
               <b>0</b>
               <b>0</b>
               <b>61.70171877580405400000</b>
               <b>-152.16069164771224000000</b>
               <b>106.59403265126305000000</b>
               <b>0</b>
               <b>0</b>
               <b>0</b>
               <b>-175.64617501786799000000</b>
               <b>434.88438236995870000000</b>
               <b>-322.19826349633075000000</b>
               <b>0</b>
               <b>0</b>
               <b>0</b>
               <b>239.25673740287547000000</b>
               <b>-602.17043303580897000000</b>
               <b>471.25576060728906000000</b>
               <b>0</b>
               <b>0</b>
               <b>0</b>
               <b>-160.11474917110525000000</b>
               <b>414.09858277506834000000</b>
               <b>-343.24130956566341000000</b>
               <b>0</b>
               <b>0</b>
               <b>0</b>
               <b>42.37996849187760500000</b>
               <b>-113.36132580152439000000</b>
               <b>99.11812065485837300000</b>
               <b>0</b>
               <b>0</b>
               <b>0</b>
            </flat_rating>
            <temp_rating>
               <c>456.83695692673660000000</c>
               <c>-1773.44811215710820000000</c>
               <c>1265.73407499341870000000</c>
               <c>0</c>
               <c>0</c>
               <c>-1746.61043139954220000000</c>
               <c>6834.79280194178500000000</c>
               <c>-4860.27297656865630000000</c>
               <c>0</c>
               <c>0</c>
               <c>2506.58099851245830000000</c>
               <c>-9862.91810421166880000000</c>
               <c>6999.09400812202880000000</c>
               <c>0</c>
               <c>0</c>
               <c>-1602.39634697682910000000</c>
               <c>6333.10707537117830000000</c>
               <c>-4494.94140030182280000000</c>
               <c>0</c>
               <c>0</c>
               <c>384.88885923378979000000</c>
               <c>-1527.44566184018710000000</c>
               <c>1086.78319302938920000000</c>
               <c>0</c>
               <c>0</c>
               <c>12.21070340838797100000</c>
               <c>-39.55814621844906800000</c>
               <c>35.34198309597729100000</c>
               <c>0</c>
               <c>0</c>
               <c>-33.31385604345979300000</c>
               <c>108.37842729697775000000</c>
               <c>-91.60111347216908900000</c>
               <c>0</c>
               <c>0</c>
               <c>34.65470025386316200000</c>
               <c>-109.87130444274193000000</c>
               <c>86.80525506857527800000</c>
               <c>0</c>
               <c>0</c>
               <c>-12.66555875262933600000</c>
               <c>38.77929225775678600000</c>
               <c>-28.51796533995041100000</c>
               <c>0</c>
               <c>0</c>
            </temp_rating>
         </MCRZ>
         <MCMB>
            <kink>10</kink>
            <flat_rating>
               <b>-3.26775002629498350000</b>
               <b>9.91289839021807500000</b>
               <b>-6.04955236931363240000</b>
               <b>0</b>
               <b>0</b>
               <b>0</b>
               <b>29.15031703493721000000</b>
               <b>-68.50810813423356600000</b>
               <b>46.07498211862025500000</b>
               <b>0</b>
               <b>0</b>
               <b>0</b>
               <b>-75.35948274367478900000</b>
               <b>177.21149983099298000000</b>
               <b>-127.72145799081424000000</b>
               <b>0</b>
               <b>0</b>
               <b>0</b>
               <b>90.98428794036328800000</b>
               <b>-218.22904741190004000000</b>
               <b>169.64880003354187000000</b>
               <b>0</b>
               <b>0</b>
               <b>0</b>
               <b>-53.99393837444424100000</b>
               <b>136.54707927742231000000</b>
               <b>-117.58702512407122000000</b>
               <b>0</b>
               <b>0</b>
               <b>0</b>
               <b>12.71283775825801700000</b>
               <b>-34.91188888832618200000</b>
               <b>33.38231684814336100000</b>
               <b>0</b>
               <b>0</b>
               <b>0</b>
            </flat_rating>
            <temp_rating>
               <c>24.84607616964104100000</c>
               <c>-426.65572331042097000000</c>
               <c>403.88682926095981000000</c>
               <c>0</c>
               <c>0</c>
               <c>-83.54047104427145600000</c>
               <c>1628.62400711185680000000</c>
               <c>-1543.18169470723340000000</c>
               <c>0</c>
               <c>0</c>
               <c>111.95436639683049000000</c>
               <c>-2338.02499635039160000000</c>
               <c>2227.35695570297550000000</c>
               <c>0</c>
               <c>0</c>
               <c>-70.82601419622365300000</c>
               <c>1503.61854563462930000000</c>
               <c>-1444.76663018000910000000</c>
               <c>0</c>
               <c>0</c>
               <c>17.68548389063656900000</c>
               <c>-366.01367988851160000000</c>
               <c>355.67270812350739000000</c>
               <c>0</c>
               <c>0</c>
               <c>6.91490353824599160000</c>
               <c>-19.66755514815995900000</c>
               <c>14.56466914103569900000</c>
               <c>0</c>
               <c>0</c>
               <c>-18.41127986357781100000</c>
               <c>49.62927186823810600000</c>
               <c>-28.37122584065772200000</c>
               <c>0</c>
               <c>0</c>
               <c>16.87436561535368500000</c>
               <c>-37.18406721750119500000</c>
               <c>7.14881983589003140000</c>
               <c>0</c>
               <c>0</c>
               <c>-5.17142326215478750000</c>
               <c>7.33606613370713220000</c>
               <c>6.31833759856728870000</c>
               <c>0</c>
               <c>0</c>
            </temp_rating>
         </MCMB>
         <LIDL>
            <CT>
               <ti>0.03823080464986604300</ti>
               <ti>-0.14288708338107814000</ti>
               <ti>0.12465753433405688000</ti>
               <ti>0.00180597412573607230</ti>
               <ti>-0.08502211767965409100</ti>
               <ti>0.36738571133789433000</ti>
               <ti>-0.20694278787323742000</ti>
               <ti>-0.20146276535211366000</ti>
               <ti>0.05981807188943058500</ti>
               <ti>-0.29160521779245063000</ti>
               <ti>-0.00712618572769401630</ti>
               <ti>0.35946699434902379000</ti>
            </CT>
            <CF>
               <fi>0.01435576586910277200</fi>
               <fi>0.00099235203940949103</fi>
               <fi>0.00794096029364838200</fi>
               <fi>-0.01230941979219874400</fi>
               <fi>0.05379233666677935000</fi>
               <fi>-0.03914269179113821800</fi>
               <fi>0.01315483901527288700</fi>
               <fi>-0.05692207470394473200</fi>
               <fi>0.03777256876453954200</fi>
            </CF>
         </LIDL>
         <throttle>
            <low>0.4410085127</low>
            <high>1.153071316</high>
         </throttle>
      </TFM>
   </PFM>
   <OPM>
      <LGO>
         <Transition>
            <from>0</from>
            <to>1</to>
            <time>20</time>
         </Transition>
         <Transition>
            <from>1</from>
            <to>0</to>
            <time>20</time>
         </Transition>
      </LGO>
      <HLO>
         <Transition>
            <from>0</from>
            <to>1</to>
            <time>9.2</time>
         </Transition>
         <Transition>
            <from>1</from>
            <to>2</to>
            <time>13.1</time>
         </Transition>
         <Transition>
            <from>2</from>
            <to>3</to>
            <time>1.9</time>
         </Transition>
         <Transition>
            <from>3</from>
            <to>4</to>
            <time>2</time>
         </Transition>
         <Transition>
            <from>4</from>
            <to>5</to>
            <time>2.6</time>
         </Transition>
         <Transition>
            <from>5</from>
            <to>4</to>
            <time>2.3</time>
         </Transition>
         <Transition>
            <from>4</from>
            <to>3</to>
            <time>1.9</time>
         </Transition>
         <Transition>
            <from>3</from>
            <to>2</to>
            <time>1.9</time>
         </Transition>
         <Transition>
            <from>2</from>
            <to>1</to>
            <time>4</time>
         </Transition>
         <Transition>
            <from>1</from>
            <to>0</to>
            <time>9.2</time>
         </Transition>
      </HLO>
   </OPM>
   <ALM>
      <GLM>
         <hmo>41500</hmo>
         <mfa>20000</mfa>
      </GLM>
      <KLM>
         <mmo>0.86</mmo>
         <vmo>330</vmo>
         <mle>0.55</mle>
         <vle>250</vle>
         <mlo>0.55</mlo>
         <vloe>250</vloe>
         <vlor>250</vlor>
      </KLM>
      <ELM>
         <Tmin_f>
            <point>
               <Hp>-2000</Hp>
               <DeltaT>-81</DeltaT>
            </point>
            <point>
               <Hp>0</Hp>
               <DeltaT>-77</DeltaT>
            </point>
            <point>
               <Hp>32500</Hp>
               <DeltaT>-30.6</DeltaT>
            </point>
            <point>
               <Hp>36089</Hp>
               <DeltaT>-23.5</DeltaT>
            </point>
            <point>
               <Hp>41500</Hp>
               <DeltaT>-23.5</DeltaT>
            </point>
         </Tmin_f>
         <Tmax_f>
            <point>
               <Hp>-2000</Hp>
               <DeltaT>36</DeltaT>
            </point>
            <point>
               <Hp>0</Hp>
               <DeltaT>40</DeltaT>
            </point>
            <point>
               <Hp>16600</Hp>
               <DeltaT>40</DeltaT>
            </point>
            <point>
               <Hp>16601</Hp>
               <DeltaT>35</DeltaT>
            </point>
            <point>
               <Hp>36089</Hp>
               <DeltaT>34.5</DeltaT>
            </point>
            <point>
               <Hp>41100</Hp>
               <DeltaT>24.5</DeltaT>
            </point>
            <point>
               <Hp>41500</Hp>
               <DeltaT>23.7</DeltaT>
            </point>
         </Tmax_f>
         <Tmin_g>
            <point>
               <Hp>-2000</Hp>
               <DeltaT>-73</DeltaT>
            </point>
            <point>
               <Hp>6000</Hp>
               <DeltaT>-57.1</DeltaT>
            </point>
            <point>
               <Hp>14600</Hp>
               <DeltaT>-18.1</DeltaT>
            </point>
         </Tmin_g>
         <Tmax_g>
            <point>
               <Hp>-2000</Hp>
               <DeltaT>36</DeltaT>
            </point>
            <point>
               <Hp>0</Hp>
               <DeltaT>40</DeltaT>
            </point>
            <point>
               <Hp>14600</Hp>
               <DeltaT>40</DeltaT>
            </point>
         </Tmax_g>
      </ELM>
      <DLM>
         <MTW>212900</MTW>
         <MTOW>212000</MTOW>
         <MLW>174000</MLW>
         <MZFW>164000</MZFW>
         <OEW>126000</OEW>
         <MPL>38000</MPL>
         <MFL>77060</MFL>
         <n1>2.5</n1>
         <n3>-1</n3>
         <nf1>2</nf1>
         <nf3>0</nf3>
      </DLM>
   </ALM>
   <Ground>
      <Dimensions>
         <span>60.304</span>
         <length>63.689</length>
      </Dimensions>
      <Runway>
         <TOL>2270</TOL>
         <LDL>1660</LDL>
      </Runway>
   </Ground>
   <ARPM>
      <AeroConfSchedule>
         <AeroPhase>
            <name>TO</name>
            <HLid>3</HLid>
            <LG>UP</LG>
         </AeroPhase>
         <AeroPhase>
            <name>IC</name>
            <HLid>2</HLid>
            <LG>UP</LG>
         </AeroPhase>
         <AeroPhase>
            <name>CR</name>
            <HLid>0</HLid>
            <LG>UP</LG>
         </AeroPhase>
         <AeroPhase>
            <name>AP</name>
            <HLid>3</HLid>
            <LG>UP</LG>
         </AeroPhase>
         <AeroPhase>
            <name>LD</name>
            <HLid>5</HLid>
            <LG>DN</LG>
         </AeroPhase>
      </AeroConfSchedule>
      <SpeedScheduleList>
         <SpeedSchedule>
            <CompanyName>Default</CompanyName>
            <SpeedPhase>
               <name>Climb</name>
               <CAS1>310</CAS1>
               <CAS2>310</CAS2>
               <M>0.82</M>
            </SpeedPhase>
            <SpeedPhase>
               <name>Cruise</name>
               <CAS1>250</CAS1>
               <CAS2>330</CAS2>
               <M>0.82</M>
            </SpeedPhase>
            <SpeedPhase>
               <name>Descent</name>
               <CAS1>300</CAS1>
               <CAS2>300</CAS2>
               <M>0.82</M>
            </SpeedPhase>
         </SpeedSchedule>
      </SpeedScheduleList>
   </ARPM>
</bada40:ACM>