<?xml version="1.0" encoding="utf-8"?>
<bada40:ACM xmlns:bada40="http://www.eurocontrol.int/eec/public/standard_page/bada40">
   <model>A380-841</model>
   <type>JET</type>
   <engine>RR TRENT 900</engine>
   <description/>
   <ICAO>
      <designator>A388</designator>
      <WTC>J</WTC>
   </ICAO>
   <AFCM>
      <S>845</S>
      <Configuration HLid="0">
         <HLPosition>0000</HLPosition>
         <name>CLEAN</name>
         <vfe>340</vfe>
         <LGUP>
            <DPM_clean>
               <M_max>0.89</M_max>
               <scalar>9.835e-007</scalar>
               <CD_clean>
                  <d>35095.16055376835700000000</d>
                  <d>-71865.02569897039200000000</d>
                  <d>81257.72296259058900000000</d>
                  <d>-40087.56330661174400000000</d>
                  <d>7523.96281413018370000000</d>
                  <d>41448.52804180199000000000</d>
                  <d>9984.25236609158670000000</d>
                  <d>-4089.88670918301750000000</d>
                  <d>530.47957637095567000000</d>
                  <d>-23.29678019825660600000</d>
                  <d>1968.76319187510280000000</d>
                  <d>2491.46015548942840000000</d>
                  <d>-3241.59449391900760000000</d>
                  <d>1391.74895680385770000000</d>
                  <d>-195.73108918958712000000</d>
               </CD_clean>
            </DPM_clean>
            <BLM_clean>
               <Mmin>0.3</Mmin>
               <Mmax>0.89</Mmax>
               <CL_Mach0>1.2946</CL_Mach0>
               <CL_clean>
                  <bf>0.30686001184469530000</bf>
                  <bf>9.66865913227513650000</bf>
                  <bf>-32.26611490986797300000</bf>
                  <bf>40.24297117928587400000</bf>
                  <bf>-17.51609224160843000000</bf>
               </CL_clean>
            </BLM_clean>
         </LGUP>
      </Configuration>
      <Configuration HLid="1">
         <HLPosition>2000</HLPosition>
         <name>CONF 1</name>
         <vfe>263</vfe>
         <LGUP>
            <DPM_nonclean>
               <CD_nonclean>
                  <d>0.033946</d>
                  <d>-0.054552</d>
                  <d>0.087896</d>
               </CD_nonclean>
            </DPM_nonclean>
            <BLM>
               <CL_max>1.7372</CL_max>
            </BLM>
         </LGUP>
      </Configuration>
      <Configuration HLid="2">
         <HLPosition>2008</HLPosition>
         <name>CONF 1+F</name>
         <vfe>222</vfe>
         <LGUP>
            <DPM_nonclean>
               <CD_nonclean>
                  <d>0.042303</d>
                  <d>-0.066004</d>
                  <d>0.087949</d>
               </CD_nonclean>
            </DPM_nonclean>
            <BLM>
               <CL_max>1.9308</CL_max>
            </BLM>
         </LGUP>
      </Configuration>
      <Configuration HLid="3">
         <HLPosition>2017</HLPosition>
         <name>CONF 2</name>
         <vfe>220</vfe>
         <LGUP>
            <DPM_nonclean>
               <CD_nonclean>
                  <d>0.053828</d>
                  <d>-0.069463</d>
                  <d>0.084426</d>
               </CD_nonclean>
            </DPM_nonclean>
            <BLM>
               <CL_max>2.0854</CL_max>
            </BLM>
         </LGUP>
      </Configuration>
      <Configuration HLid="4">
         <HLPosition>2322</HLPosition>
         <name>CONF 3</name>
         <vfe>196</vfe>
         <LGUP>
            <DPM_nonclean>
               <CD_nonclean>
                  <d>0.070633</d>
                  <d>-0.073183</d>
                  <d>0.080933</d>
               </CD_nonclean>
            </DPM_nonclean>
            <BLM>
               <CL_max>2.2386</CL_max>
            </BLM>
         </LGUP>
         <LGDN>
            <DPM_nonclean>
               <CD_nonclean>
                  <d>0.093014</d>
                  <d>-0.077249</d>
                  <d>0.080401</d>
               </CD_nonclean>
            </DPM_nonclean>
            <BLM>
               <CL_max>2.2182</CL_max>
            </BLM>
         </LGDN>
      </Configuration>
      <Configuration HLid="5">
         <HLPosition>2332</HLPosition>
         <name>FULL</name>
         <vfe>182</vfe>
         <LGUP>
            <DPM_nonclean>
               <CD_nonclean>
                  <d>0.09193</d>
                  <d>-0.087166</d>
                  <d>0.083124</d>
               </CD_nonclean>
            </DPM_nonclean>
            <BLM>
               <CL_max>2.3515</CL_max>
            </BLM>
         </LGUP>
         <LGDN>
            <DPM_nonclean>
               <CD_nonclean>
                  <d>0.11268</d>
                  <d>-0.092106</d>
                  <d>0.08392</d>
               </CD_nonclean>
            </DPM_nonclean>
            <BLM>
               <CL_max>2.3418</CL_max>
            </BLM>
         </LGDN>
      </Configuration>
   </AFCM>
   <PFM>
      <MREF>569000</MREF>
      <LHV>43217000</LHV>
      <rho>810</rho>
      <n_eng>4</n_eng>
      <TFA>43.4</TFA>
      <TFM>
         <CT>
            <a>0</a>
            <a>-0.10000000002227186000</a>
            <a>0</a>
            <a>0</a>
            <a>0</a>
            <a>0</a>
            <a>0.30000000000890731000</a>
            <a>0</a>
            <a>0</a>
            <a>0</a>
            <a>0</a>
            <a>0</a>
            <a>0</a>
            <a>0</a>
            <a>0</a>
            <a>0</a>
            <a>0</a>
            <a>0</a>
            <a>0</a>
            <a>0</a>
            <a>0</a>
            <a>0</a>
            <a>0</a>
            <a>0</a>
            <a>0</a>
            <a>0</a>
            <a>0</a>
            <a>0</a>
            <a>0</a>
            <a>0</a>
            <a>0</a>
            <a>0</a>
            <a>0</a>
            <a>0</a>
            <a>0</a>
            <a>0</a>
         </CT>
         <CF>
            <f>0.00491659743648180810</f>
            <f>1.07403899518363400000</f>
            <f>-2.54277647005787480000</f>
            <f>2.51357327644917650000</f>
            <f>42.75776691496715600000</f>
            <f>0.06567221069631290500</f>
            <f>0.06146246332813975300</f>
            <f>19.96615020591229200000</f>
            <f>-111.06312560826416000000</f>
            <f>192.89411386730833000000</f>
            <f>0</f>
            <f>0</f>
            <f>0</f>
            <f>0</f>
            <f>0</f>
            <f>0</f>
            <f>0</f>
            <f>0</f>
            <f>0</f>
            <f>0</f>
            <f>0</f>
            <f>0</f>
            <f>0</f>
            <f>0</f>
            <f>0</f>
         </CF>
         <MCRZ>
            <kink>10</kink>
            <flat_rating>
               <b>-3.24489526818176710000</b>
               <b>8.44087136590339430000</b>
               <b>-4.81886789112005330000</b>
               <b>0</b>
               <b>0</b>
               <b>0</b>
               <b>29.84160328951624700000</b>
               <b>-65.01568716177106900000</b>
               <b>44.94117693858549200000</b>
               <b>0</b>
               <b>0</b>
               <b>0</b>
               <b>-96.11307588701917800000</b>
               <b>235.30685788643174000000</b>
               <b>-186.12799220119115000000</b>
               <b>0</b>
               <b>0</b>
               <b>0</b>
               <b>160.11752220974182000000</b>
               <b>-440.01489748088107000000</b>
               <b>372.68441793370079000000</b>
               <b>0</b>
               <b>0</b>
               <b>0</b>
               <b>-133.27209269806980000000</b>
               <b>398.94124929106715000000</b>
               <b>-349.40379198428934000000</b>
               <b>0</b>
               <b>0</b>
               <b>0</b>
               <b>43.27162899859151700000</b>
               <b>-137.34870621280348000000</b>
               <b>122.03937089319861000000</b>
               <b>0</b>
               <b>0</b>
               <b>0</b>
            </flat_rating>
            <temp_rating>
               <c>1112.15135083479210000000</c>
               <c>-3895.99100936594500000000</c>
               <c>3440.58042544340740000000</c>
               <c>0</c>
               <c>0</c>
               <c>-4443.52088583399200000000</c>
               <c>15627.21501223922900000000</c>
               <c>-13827.85654523532300000000</c>
               <c>0</c>
               <c>0</c>
               <c>6633.55525654809660000000</c>
               <c>-23426.71730290653400000000</c>
               <c>20788.74361835822500000000</c>
               <c>0</c>
               <c>0</c>
               <c>-4390.79730001391640000000</c>
               <c>15561.85515903405000000000</c>
               <c>-13849.31447691068400000000</c>
               <c>0</c>
               <c>0</c>
               <c>1086.71104496842740000000</c>
               <c>-3864.57252795134260000000</c>
               <c>3449.05481811801790000000</c>
               <c>0</c>
               <c>0</c>
               <c>10.64877487064945400000</c>
               <c>0.95258142069830365000</c>
               <c>-13.11924886411463100000</c>
               <c>0</c>
               <c>0</c>
               <c>-14.61535496509015700000</c>
               <c>-26.70129709507300900000</c>
               <c>46.77038201677760300000</c>
               <c>0</c>
               <c>0</c>
               <c>6.98083953249943610000</c>
               <c>46.64874665404212100000</c>
               <c>-60.46315109427848700000</c>
               <c>0</c>
               <c>0</c>
               <c>-0.35209999060453873000</c>
               <c>-22.83830034388330400000</c>
               <c>25.85613689932152300000</c>
               <c>0</c>
               <c>0</c>
            </temp_rating>
         </MCRZ>
         <MCMB>
            <kink>10</kink>
            <flat_rating>
               <b>-1.55471300193440860000</b>
               <b>4.27629910551745420000</b>
               <b>-2.26396370686167940000</b>
               <b>0</b>
               <b>0</b>
               <b>0</b>
               <b>15.08824444299598400000</b>
               <b>-27.25248975637815700000</b>
               <b>22.60264760970463300000</b>
               <b>0</b>
               <b>0</b>
               <b>0</b>
               <b>-46.35752673071542800000</b>
               <b>107.08994633267395000000</b>
               <b>-113.76044013960612000000</b>
               <b>0</b>
               <b>0</b>
               <b>0</b>
               <b>81.01046014742385600000</b>
               <b>-237.36315358226071000000</b>
               <b>267.61936374301041000000</b>
               <b>0</b>
               <b>0</b>
               <b>0</b>
               <b>-73.50500330824918600000</b>
               <b>248.76922119882889000000</b>
               <b>-281.76785302551991000000</b>
               <b>0</b>
               <b>0</b>
               <b>0</b>
               <b>25.97758567141947900000</b>
               <b>-95.37457121479131700000</b>
               <b>107.12359946630811000000</b>
               <b>0</b>
               <b>0</b>
               <b>0</b>
            </flat_rating>
            <temp_rating>
               <c>984.27668628261927000000</c>
               <c>-3359.40180633812950000000</c>
               <c>2921.10371982953670000000</c>
               <c>0</c>
               <c>0</c>
               <c>-3891.85830674836960000000</c>
               <c>13320.21932475935100000000</c>
               <c>-11599.21777794439900000000</c>
               <c>0</c>
               <c>0</c>
               <c>5751.49138984392540000000</c>
               <c>-19740.94415163369200000000</c>
               <c>17229.95099134273900000000</c>
               <c>0</c>
               <c>0</c>
               <c>-3769.48655144290070000000</c>
               <c>12967.66909986456600000000</c>
               <c>-11343.91555777179000000000</c>
               <c>0</c>
               <c>0</c>
               <c>923.87364447555865000000</c>
               <c>-3185.12694283614790000000</c>
               <c>2792.35091423009090000000</c>
               <c>0</c>
               <c>0</c>
               <c>9.84890036543527540000</c>
               <c>-3.43842397667219530000</c>
               <c>-6.17238482080413680000</c>
               <c>0</c>
               <c>0</c>
               <c>-13.21913898771903800000</c>
               <c>-14.17075297260417200000</c>
               <c>26.93352056757803600000</c>
               <c>0</c>
               <c>0</c>
               <c>6.27290646442389120000</c>
               <c>30.27560714562867300000</c>
               <c>-35.32462098539568300000</c>
               <c>0</c>
               <c>0</c>
               <c>-0.43212824831491820000</c>
               <c>-15.09219479854452600000</c>
               <c>14.35693959456667000000</c>
               <c>0</c>
               <c>0</c>
            </temp_rating>
         </MCMB>
         <LIDL>
            <CT>
               <ti>0.03804769865670418900</ti>
               <ti>-0.12843442760673032000</ti>
               <ti>0.10551567061627257000</ti>
               <ti>-0.00686678975608591940</ti>
               <ti>-0.06405826335631136000</ti>
               <ti>0.06552350214630055200</ti>
               <ti>0.33426895228853720000</ti>
               <ti>-0.35766142757925434000</ti>
               <ti>0.03048526220414627500</ti>
               <ti>0.06101282841696464800</ti>
               <ti>-0.55971706906479102000</ti>
               <ti>0.44850010978054861000</ti>
            </CT>
            <CF>
               <fi>-0.00323289896363760210</fi>
               <fi>0.03968998164292984000</fi>
               <fi>-0.00129398495549895470</fi>
               <fi>-0.00449112100138417560</fi>
               <fi>0.05210258803240935100</fi>
               <fi>-0.11516297424992329000</fi>
               <fi>0.03408416047940182600</fi>
               <fi>-0.16095059476224707000</fi>
               <fi>0.23614720876848044000</fi>
            </CF>
         </LIDL>
         <throttle>
            <low>0.4754959425</low>
            <high>1.107454818</high>
         </throttle>
      </TFM>
   </PFM>
   <OPM>
      <LGO>
         <Transition>
            <from>0</from>
            <to>1</to>
            <time>20</time>
         </Transition>
         <Transition>
            <from>1</from>
            <to>0</to>
            <time>20</time>
         </Transition>
      </LGO>
      <HLO>
         <Transition>
            <from>0</from>
            <to>1</to>
            <time>34.2</time>
         </Transition>
         <Transition>
            <from>1</from>
            <to>2</to>
            <time>20</time>
         </Transition>
         <Transition>
            <from>2</from>
            <to>3</to>
            <time>9.6</time>
         </Transition>
         <Transition>
            <from>3</from>
            <to>4</to>
            <time>5</time>
         </Transition>
         <Transition>
            <from>4</from>
            <to>5</to>
            <time>4.5</time>
         </Transition>
         <Transition>
            <from>5</from>
            <to>4</to>
            <time>4.6</time>
         </Transition>
         <Transition>
            <from>4</from>
            <to>3</to>
            <time>4.8</time>
         </Transition>
         <Transition>
            <from>3</from>
            <to>2</to>
            <time>5</time>
         </Transition>
         <Transition>
            <from>2</from>
            <to>1</to>
            <time>14.3</time>
         </Transition>
         <Transition>
            <from>1</from>
            <to>0</to>
            <time>20</time>
         </Transition>
      </HLO>
   </OPM>
   <ALM>
      <GLM>
         <hmo>43100</hmo>
         <mfa>20000</mfa>
      </GLM>
      <KLM>
         <mmo>0.89</mmo>
         <vmo>340</vmo>
         <mle>0.55</mle>
         <vle>250</vle>
         <mlo>0.55</mlo>
         <vloe>250</vloe>
         <vlor>250</vlor>
      </KLM>
      <ELM>
         <Tmin_f>
            <point>
               <Hp>-2000</Hp>
               <DeltaT>-73</DeltaT>
            </point>
            <point>
               <Hp>25000</Hp>
               <DeltaT>-36.5</DeltaT>
            </point>
            <point>
               <Hp>32500</Hp>
               <DeltaT>-30.6</DeltaT>
            </point>
            <point>
               <Hp>36089</Hp>
               <DeltaT>-23.5</DeltaT>
            </point>
            <point>
               <Hp>43100</Hp>
               <DeltaT>-23.5</DeltaT>
            </point>
         </Tmin_f>
         <Tmax_f>
            <point>
               <Hp>-2000</Hp>
               <DeltaT>36</DeltaT>
            </point>
            <point>
               <Hp>0</Hp>
               <DeltaT>40</DeltaT>
            </point>
            <point>
               <Hp>16600</Hp>
               <DeltaT>40</DeltaT>
            </point>
            <point>
               <Hp>16601</Hp>
               <DeltaT>35</DeltaT>
            </point>
            <point>
               <Hp>36089</Hp>
               <DeltaT>35</DeltaT>
            </point>
            <point>
               <Hp>43100</Hp>
               <DeltaT>21.1</DeltaT>
            </point>
         </Tmax_f>
         <Tmin_g>
            <point>
               <Hp>-2000</Hp>
               <DeltaT>-73</DeltaT>
            </point>
            <point>
               <Hp>6000</Hp>
               <DeltaT>-57.1</DeltaT>
            </point>
            <point>
               <Hp>10000</Hp>
               <DeltaT>-37.5</DeltaT>
            </point>
         </Tmin_g>
         <Tmax_g>
            <point>
               <Hp>-2000</Hp>
               <DeltaT>36</DeltaT>
            </point>
            <point>
               <Hp>0</Hp>
               <DeltaT>40</DeltaT>
            </point>
            <point>
               <Hp>10000</Hp>
               <DeltaT>40</DeltaT>
            </point>
         </Tmax_g>
      </ELM>
      <DLM>
         <MTW>571000</MTW>
         <MTOW>569000</MTOW>
         <MLW>391000</MLW>
         <MZFW>366000</MZFW>
         <OEW>282500</OEW>
         <MPL>83500</MPL>
         <MFL>254781</MFL>
         <n1>2.5</n1>
         <n3>-1</n3>
         <nf1>2</nf1>
         <nf3>0</nf3>
      </DLM>
   </ALM>
   <Ground>
      <Dimensions>
         <span>79.750</span>
         <length>72.727</length>
      </Dimensions>
      <Runway>
         <TOL>2990</TOL>
         <LDL>2100</LDL>
      </Runway>
   </Ground>
   <ARPM>
      <AeroConfSchedule>
         <AeroPhase>
            <name>TO</name>
            <HLid>3</HLid>
            <LG>UP</LG>
         </AeroPhase>
         <AeroPhase>
            <name>IC</name>
            <HLid>2</HLid>
            <LG>UP</LG>
         </AeroPhase>
         <AeroPhase>
            <name>CR</name>
            <HLid>0</HLid>
            <LG>UP</LG>
         </AeroPhase>
         <AeroPhase>
            <name>AP</name>
            <HLid>3</HLid>
            <LG>UP</LG>
         </AeroPhase>
         <AeroPhase>
            <name>LD</name>
            <HLid>5</HLid>
            <LG>DN</LG>
         </AeroPhase>
      </AeroConfSchedule>
      <SpeedScheduleList>
         <SpeedSchedule>
            <CompanyName>Default</CompanyName>
            <SpeedPhase>
               <name>Climb</name>
               <CAS1>320</CAS1>
               <CAS2>320</CAS2>
               <M>0.85</M>
            </SpeedPhase>
            <SpeedPhase>
               <name>Cruise</name>
               <CAS1>250</CAS1>
               <CAS2>320</CAS2>
               <M>0.85</M>
            </SpeedPhase>
            <SpeedPhase>
               <name>Descent</name>
               <CAS1>300</CAS1>
               <CAS2>300</CAS2>
               <M>0.85</M>
            </SpeedPhase>
         </SpeedSchedule>
      </SpeedScheduleList>
   </ARPM>
</bada40:ACM>