<?xml version="1.0" encoding="utf-8"?>
<bada40:ACM xmlns:bada40="http://www.eurocontrol.int/eec/public/standard_page/bada40">
   <model>A310-322</model>
   <type>JET</type>
   <engine>JT9D-7R4E1 (AI500)</engine>
   <description/>
   <ICAO>
      <designator>A310</designator>
      <WTC>H</WTC>
   </ICAO>
   <AFCM>
      <S>219</S>
      <Configuration HLid="0">
         <HLPosition>0000</HLPosition>
         <name>CLEAN</name>
         <vfe>360</vfe>
         <LGUP>
            <DPM_clean>
               <M_max>0.84</M_max>
               <scalar>9.835e-007</scalar>
               <CD_clean>
                  <d>356863.85550180776000000000</d>
                  <d>-923753.82254490606000000000</d>
                  <d>935861.72870478872000000000</d>
                  <d>-421084.77800670551000000000</d>
                  <d>71722.42832759271600000000</d>
                  <d>-16558.92880066589400000000</d>
                  <d>76621.64011209171400000000</d>
                  <d>-34092.05374939111100000000</d>
                  <d>5864.39700664658180000000</d>
                  <d>-353.71352815770979000000</d>
                  <d>2172.41690961614810000000</d>
                  <d>2326.99960442375230000000</d>
                  <d>210.53742884096889000000</d>
                  <d>-2389.07143770438920000000</d>
                  <d>877.34297552569501000000</d>
               </CD_clean>
            </DPM_clean>
            <BLM_clean>
               <Mmin>0.3</Mmin>
               <Mmax>0.84</Mmax>
               <CL_Mach0>1.5093</CL_Mach0>
               <CL_clean>
                  <bf>-0.15742942934289922000</bf>
                  <bf>18.13949771461121000000</bf>
                  <bf>-67.96974985272467500000</bf>
                  <bf>96.81440678289502000000</bf>
                  <bf>-48.03550002300684700000</bf>
               </CL_clean>
            </BLM_clean>
         </LGUP>
      </Configuration>
      <Configuration HLid="1">
         <HLPosition>1500</HLPosition>
         <name>S15F00</name>
         <vfe>245</vfe>
         <LGUP>
            <DPM_nonclean>
               <CD_nonclean>
                  <d>0.0053049</d>
                  <d>0.038441</d>
                  <d>0.029574</d>
               </CD_nonclean>
            </DPM_nonclean>
            <BLM>
               <CL_max>2.1983</CL_max>
            </BLM>
         </LGUP>
      </Configuration>
      <Configuration HLid="2">
         <HLPosition>1515</HLPosition>
         <name>S15F15</name>
         <vfe>210</vfe>
         <LGUP>
            <DPM_nonclean>
               <CD_nonclean>
                  <d>0.02683</d>
                  <d>0.0092344</d>
                  <d>0.04046</d>
               </CD_nonclean>
            </DPM_nonclean>
            <BLM>
               <CL_max>2.5197</CL_max>
            </BLM>
         </LGUP>
      </Configuration>
      <Configuration HLid="3">
         <HLPosition>2020</HLPosition>
         <name>S20F20</name>
         <vfe>195</vfe>
         <LGUP>
            <DPM_nonclean>
               <CD_nonclean>
                  <d>0.052429</d>
                  <d>-0.0098122</d>
                  <d>0.042866</d>
               </CD_nonclean>
            </DPM_nonclean>
            <BLM>
               <CL_max>2.7002</CL_max>
            </BLM>
         </LGUP>
         <LGDN>
            <DPM_nonclean>
               <CD_nonclean>
                  <d>0.078644</d>
                  <d>-0.0075305</d>
                  <d>0.039964</d>
               </CD_nonclean>
            </DPM_nonclean>
            <BLM>
               <CL_max>2.6285</CL_max>
            </BLM>
         </LGDN>
      </Configuration>
      <Configuration HLid="4">
         <HLPosition>3040</HLPosition>
         <name>S30F40</name>
         <vfe>180</vfe>
         <LGUP>
            <DPM_nonclean>
               <CD_nonclean>
                  <d>0.11084</d>
                  <d>-0.019091</d>
                  <d>0.040144</d>
               </CD_nonclean>
            </DPM_nonclean>
            <BLM>
               <CL_max>3.1675</CL_max>
            </BLM>
         </LGUP>
         <LGDN>
            <DPM_nonclean>
               <CD_nonclean>
                  <d>0.13732</d>
                  <d>-0.034553</d>
                  <d>0.045017</d>
               </CD_nonclean>
            </DPM_nonclean>
            <BLM>
               <CL_max>3.0125</CL_max>
            </BLM>
         </LGDN>
      </Configuration>
   </AFCM>
   <PFM>
      <MREF>150000</MREF>
      <LHV>43217000</LHV>
      <rho>810</rho>
      <n_eng>2</n_eng>
      <TFA>20</TFA>
      <TFM>
         <CT>
            <a>0</a>
            <a>-0.10000000000061601000</a>
            <a>0</a>
            <a>0</a>
            <a>0</a>
            <a>0</a>
            <a>0.30000000000041910000</a>
            <a>0</a>
            <a>0</a>
            <a>0</a>
            <a>0</a>
            <a>0</a>
            <a>0</a>
            <a>0</a>
            <a>0</a>
            <a>0</a>
            <a>0</a>
            <a>0</a>
            <a>0</a>
            <a>0</a>
            <a>0</a>
            <a>0</a>
            <a>0</a>
            <a>0</a>
            <a>0</a>
            <a>0</a>
            <a>0</a>
            <a>0</a>
            <a>0</a>
            <a>0</a>
            <a>0</a>
            <a>0</a>
            <a>0</a>
            <a>0</a>
            <a>0</a>
            <a>0</a>
         </CT>
         <CF>
            <f>0.01798413379877423700</f>
            <f>0.74643295118416830000</f>
            <f>6.90313052585429880000</f>
            <f>-49.64416660171694700000</f>
            <f>121.07034702842790000000</f>
            <f>0.06970580489197042400</f>
            <f>1.67312970865308230000</f>
            <f>-8.01618745817260250000</f>
            <f>62.56123409288658600000</f>
            <f>-149.79080027022667000000</f>
            <f>0</f>
            <f>0</f>
            <f>0</f>
            <f>0</f>
            <f>0</f>
            <f>0</f>
            <f>0</f>
            <f>0</f>
            <f>0</f>
            <f>0</f>
            <f>0</f>
            <f>0</f>
            <f>0</f>
            <f>0</f>
            <f>0</f>
         </CF>
         <MCRZ>
            <kink>10</kink>
            <flat_rating>
               <b>-0.01407840510017945700</b>
               <b>2.40251038676770130000</b>
               <b>-1.87638036500020910000</b>
               <b>0</b>
               <b>0</b>
               <b>0</b>
               <b>5.70202168395934890000</b>
               <b>-15.29255655250457700000</b>
               <b>22.17166695331134800000</b>
               <b>0</b>
               <b>0</b>
               <b>0</b>
               <b>-14.32555367877379700000</b>
               <b>55.38188060158908100000</b>
               <b>-109.25927104498626000000</b>
               <b>0</b>
               <b>0</b>
               <b>0</b>
               <b>27.55372052158487900000</b>
               <b>-152.61283779497802000000</b>
               <b>281.82342095844928000000</b>
               <b>0</b>
               <b>0</b>
               <b>0</b>
               <b>-35.15065180824368700000</b>
               <b>208.08879815359097000000</b>
               <b>-338.98634155068231000000</b>
               <b>0</b>
               <b>0</b>
               <b>0</b>
               <b>17.10593224687226800000</b>
               <b>-98.85181916437808500000</b>
               <b>147.13913086714376000000</b>
               <b>0</b>
               <b>0</b>
               <b>0</b>
            </flat_rating>
            <temp_rating>
               <c>-136.51573192562813000000</c>
               <c>501.45571406092745000000</c>
               <c>-526.05127922468034000000</c>
               <c>0</c>
               <c>0</c>
               <c>571.12743699904695000000</c>
               <c>-2124.67132962960070000000</c>
               <c>2238.35314006702130000000</c>
               <c>0</c>
               <c>0</c>
               <c>-878.74065614805784000000</c>
               <c>3338.98685391575050000000</c>
               <c>-3527.80188014769920000000</c>
               <c>0</c>
               <c>0</c>
               <c>596.22024491014895000000</c>
               <c>-2315.93497765607250000000</c>
               <c>2451.88038795825740000000</c>
               <c>0</c>
               <c>0</c>
               <c>-151.10217725173842000000</c>
               <c>598.83425388679200000000</c>
               <c>-634.80523890570441000000</c>
               <c>0</c>
               <c>0</c>
               <c>-0.96325809780926031000</c>
               <c>5.95836230054432030000</c>
               <c>-6.22902968402236650000</c>
               <c>0</c>
               <c>0</c>
               <c>3.92942041677481320000</c>
               <c>-22.14883488066778100000</c>
               <c>24.70293918278593600000</c>
               <c>0</c>
               <c>0</c>
               <c>-7.09378974648680320000</c>
               <c>37.04117954329800000000</c>
               <c>-41.51549318100976600000</c>
               <c>0</c>
               <c>0</c>
               <c>3.86264805207932540000</c>
               <c>-19.32777985079512100000</c>
               <c>21.52778153978890400000</c>
               <c>0</c>
               <c>0</c>
            </temp_rating>
         </MCRZ>
         <MCMB>
            <kink>10</kink>
            <flat_rating>
               <b>1.83985932707836810000</b>
               <b>-6.29569434155285370000</b>
               <b>5.76034424563969070000</b>
               <b>0</b>
               <b>0</b>
               <b>0</b>
               <b>-10.72668265922120800000</b>
               <b>60.79124684859673500000</b>
               <b>-43.68616844165603700000</b>
               <b>0</b>
               <b>0</b>
               <b>0</b>
               <b>41.45631778891012700000</b>
               <b>-198.84725698460122000000</b>
               <b>111.40733918202370000000</b>
               <b>0</b>
               <b>0</b>
               <b>0</b>
               <b>-62.96402004682006000000</b>
               <b>259.66932200389351000000</b>
               <b>-79.95051134316190700000</b>
               <b>0</b>
               <b>0</b>
               <b>0</b>
               <b>36.76184679674161500000</b>
               <b>-120.38211262778320000000</b>
               <b>-46.80551497123711600000</b>
               <b>0</b>
               <b>0</b>
               <b>0</b>
               <b>-5.31146104677828920000</b>
               <b>3.75901897861148670000</b>
               <b>54.67858057980530600000</b>
               <b>0</b>
               <b>0</b>
               <b>0</b>
            </flat_rating>
            <temp_rating>
               <c>460.15072622924981000000</c>
               <c>-1147.73821271994320000000</c>
               <c>417.68442045898132000000</c>
               <c>0</c>
               <c>0</c>
               <c>-1775.64360058484890000000</c>
               <c>4359.57756147485270000000</c>
               <c>-1490.54112155919820000000</c>
               <c>0</c>
               <c>0</c>
               <c>2578.28860022276510000000</c>
               <c>-6215.54290881997170000000</c>
               <c>1997.82293419439430000000</c>
               <c>0</c>
               <c>0</c>
               <c>-1665.00504658408140000000</c>
               <c>3940.53159783870020000000</c>
               <c>-1190.08571754933360000000</c>
               <c>0</c>
               <c>0</c>
               <c>403.03354155885978000000</c>
               <c>-937.25835410135130000000</c>
               <c>265.92208153972598000000</c>
               <c>0</c>
               <c>0</c>
               <c>-0.08431923640293419200</c>
               <c>2.38047243676102390000</c>
               <c>-2.58318374391106120000</c>
               <c>0</c>
               <c>0</c>
               <c>3.08407743336594820000</c>
               <c>-17.15580525709171100000</c>
               <c>17.51962931389414300000</c>
               <c>0</c>
               <c>0</c>
               <c>-6.57851478214885970000</c>
               <c>32.11019459191582800000</c>
               <c>-32.83300780285675600000</c>
               <c>0</c>
               <c>0</c>
               <c>3.72119017841072530000</c>
               <c>-17.41064741415660700000</c>
               <c>17.85260052164919000000</c>
               <c>0</c>
               <c>0</c>
            </temp_rating>
         </MCMB>
         <LIDL>
            <CT>
               <ti>0.02399949246688911100</ti>
               <ti>-0.12155028057787869000</ti>
               <ti>0.24364504174669269000</ti>
               <ti>-0.13234077986528522000</ti>
               <ti>-0.03690358437792460400</ti>
               <ti>0.24369028818520178000</ti>
               <ti>-0.60160078345086909000</ti>
               <ti>0.36282580087119587000</ti>
               <ti>0.02328239778278814700</ti>
               <ti>-0.20208314845863196000</ti>
               <ti>0.48059715512426499000</ti>
               <ti>-0.31134283403325597000</ti>
            </CT>
            <CF>
               <fi>-0.01366879541820124200</fi>
               <fi>0.09889359125286394100</fi>
               <fi>-0.04420689562556649000</fi>
               <fi>0.06329660631557829100</fi>
               <fi>-0.20512932456621608000</fi>
               <fi>0.14953608125580589000</fi>
               <fi>-0.02744820362456088300</fi>
               <fi>0.06983534572704749900</fi>
               <fi>-0.04088901913985356500</fi>
            </CF>
         </LIDL>
         <throttle>
            <low>0.5657457089</low>
            <high>1.287497687</high>
         </throttle>
      </TFM>
   </PFM>
   <OPM>
      <LGO>
         <Transition>
            <from>0</from>
            <to>1</to>
            <time>20</time>
         </Transition>
         <Transition>
            <from>1</from>
            <to>0</to>
            <time>20</time>
         </Transition>
      </LGO>
      <HLO>
         <Transition>
            <from>0</from>
            <to>1</to>
            <time>9</time>
         </Transition>
         <Transition>
            <from>1</from>
            <to>2</to>
            <time>14.5</time>
         </Transition>
         <Transition>
            <from>2</from>
            <to>3</to>
            <time>2</time>
         </Transition>
         <Transition>
            <from>3</from>
            <to>4</to>
            <time>9.5</time>
         </Transition>
         <Transition>
            <from>4</from>
            <to>3</to>
            <time>9.5</time>
         </Transition>
         <Transition>
            <from>3</from>
            <to>2</to>
            <time>2</time>
         </Transition>
         <Transition>
            <from>2</from>
            <to>1</to>
            <time>15</time>
         </Transition>
         <Transition>
            <from>1</from>
            <to>0</to>
            <time>8</time>
         </Transition>
      </HLO>
   </OPM>
   <ALM>
      <GLM>
         <hmo>41100</hmo>
         <mfa>20000</mfa>
      </GLM>
      <KLM>
         <mmo>0.84</mmo>
         <vmo>360</vmo>
         <mle>0.65</mle>
         <vle>270</vle>
         <mlo>0.59</mlo>
         <vloe>270</vloe>
         <vlor>270</vlor>
      </KLM>
      <ELM>
         <Tmin_f>
            <point>
               <Hp>-1000</Hp>
               <DeltaT>-57</DeltaT>
            </point>
            <point>
               <Hp>36089</Hp>
               <DeltaT>-10.8</DeltaT>
            </point>
            <point>
               <Hp>41100</Hp>
               <DeltaT>-14.5</DeltaT>
            </point>
         </Tmin_f>
         <Tmax_f>
            <point>
               <Hp>-1000</Hp>
               <DeltaT>38</DeltaT>
            </point>
            <point>
               <Hp>0</Hp>
               <DeltaT>40</DeltaT>
            </point>
            <point>
               <Hp>10000</Hp>
               <DeltaT>41.8</DeltaT>
            </point>
            <point>
               <Hp>10001</Hp>
               <DeltaT>34.8</DeltaT>
            </point>
            <point>
               <Hp>36089</Hp>
               <DeltaT>34.5</DeltaT>
            </point>
            <point>
               <Hp>41100</Hp>
               <DeltaT>24.5</DeltaT>
            </point>
         </Tmax_f>
         <Tmin_g>
            <point>
               <Hp>-1000</Hp>
               <DeltaT>-57</DeltaT>
            </point>
            <point>
               <Hp>8500</Hp>
               <DeltaT>-45.2</DeltaT>
            </point>
         </Tmin_g>
         <Tmax_g>
            <point>
               <Hp>-1000</Hp>
               <DeltaT>38</DeltaT>
            </point>
            <point>
               <Hp>0</Hp>
               <DeltaT>40</DeltaT>
            </point>
            <point>
               <Hp>8500</Hp>
               <DeltaT>41.5</DeltaT>
            </point>
         </Tmax_g>
      </ELM>
      <DLM>
         <MTW>150900</MTW>
         <MTOW>150000</MTOW>
         <MLW>124000</MLW>
         <MZFW>114000</MZFW>
         <OEW>70000</OEW>
         <MPL>44000</MPL>
         <MFL>47963</MFL>
         <n1>2.5</n1>
         <n3>-1</n3>
         <nf1>2</nf1>
         <nf3>0</nf3>
      </DLM>
   </ALM>
   <Ground>
      <Dimensions>
         <span>43.90</span>
         <length>46.66</length>
      </Dimensions>
      <Runway>
         <TOL>2290</TOL>
         <LDL>1490</LDL>
      </Runway>
   </Ground>
   <ARPM>
      <AeroConfSchedule>
         <AeroPhase>
            <name>TO</name>
            <HLid>2</HLid>
            <LG>UP</LG>
         </AeroPhase>
         <AeroPhase>
            <name>IC</name>
            <HLid>1</HLid>
            <LG>UP</LG>
         </AeroPhase>
         <AeroPhase>
            <name>CR</name>
            <HLid>0</HLid>
            <LG>UP</LG>
         </AeroPhase>
         <AeroPhase>
            <name>AP</name>
            <HLid>2</HLid>
            <LG>UP</LG>
         </AeroPhase>
         <AeroPhase>
            <name>LD</name>
            <HLid>4</HLid>
            <LG>DN</LG>
         </AeroPhase>
      </AeroConfSchedule>
      <SpeedScheduleList>
         <SpeedSchedule>
            <CompanyName>Default</CompanyName>
            <SpeedPhase>
               <name>Climb</name>
               <CAS1>310</CAS1>
               <CAS2>310</CAS2>
               <M>0.80</M>
            </SpeedPhase>
            <SpeedPhase>
               <name>Cruise</name>
               <CAS1>250</CAS1>
               <CAS2>310</CAS2>
               <M>0.80</M>
            </SpeedPhase>
            <SpeedPhase>
               <name>Descent</name>
               <CAS1>300</CAS1>
               <CAS2>300</CAS2>
               <M>0.80</M>
            </SpeedPhase>
         </SpeedSchedule>
      </SpeedScheduleList>
   </ARPM>
</bada40:ACM>