<?xml version="1.0" encoding="utf-8"?>
<bada40:ACM xmlns:bada40="http://www.eurocontrol.int/eec/public/standard_page/bada40">
   <model>EMB-500</model>
   <type>JET</type>
   <engine>PW617F-E</engine>
   <description>Phenom 100</description>
   <ICAO>
      <designator>E50P</designator>
      <WTC>L</WTC>
   </ICAO>
   <AFCM>
      <S>18.76</S>
      <Configuration HLid="0">
         <HLPosition>0000</HLPosition>
         <name>flaps 0</name>
         <vfe>275</vfe>
         <LGUP>
            <DPM_clean>
               <M_max>0.7</M_max>
               <scalar>9.835e-007</scalar>
               <CD_clean>
                  <d>22299.84012845559100000000</d>
                  <d>0</d>
                  <d>0</d>
                  <d>0</d>
                  <d>0</d>
                  <d>46536.73559891996400000000</d>
                  <d>0</d>
                  <d>0</d>
                  <d>0</d>
                  <d>0</d>
                  <d>0</d>
                  <d>0</d>
                  <d>0</d>
                  <d>0</d>
                  <d>0</d>
               </CD_clean>
            </DPM_clean>
            <BLM_clean>
               <Mmin>0.33</Mmin>
               <Mmax>0.692</Mmax>
               <CL_Mach0>1.5183</CL_Mach0>
               <CL_clean>
                  <bf>3.59989018331879280000</bf>
                  <bf>-15.52101640250453800000</bf>
                  <bf>33.37711966003946200000</bf>
                  <bf>-24.66189568227730400000</bf>
                  <bf>0</bf>
               </CL_clean>
            </BLM_clean>
         </LGUP>
      </Configuration>
      <Configuration HLid="1">
         <HLPosition>0010</HLPosition>
         <name>flaps 1</name>
         <vfe>200</vfe>
         <LGUP>
            <DPM_nonclean>
               <CD_nonclean>
                  <d>0.055806</d>
                  <d>-0.021783</d>
                  <d>0.039935</d>
               </CD_nonclean>
            </DPM_nonclean>
            <BLM>
               <CL_max>1.8874</CL_max>
            </BLM>
         </LGUP>
      </Configuration>
      <Configuration HLid="2">
         <HLPosition>0026</HLPosition>
         <name>flaps 2</name>
         <vfe>160</vfe>
         <LGUP>
            <DPM_nonclean>
               <CD_nonclean>
                  <d>0.078347</d>
                  <d>-0.029044</d>
                  <d>0.045744</d>
               </CD_nonclean>
            </DPM_nonclean>
            <BLM>
               <CL_max>2.289</CL_max>
            </BLM>
         </LGUP>
         <LGDN>
            <DPM_nonclean>
               <CD_nonclean>
                  <d>0.098347</d>
                  <d>-0.029044</d>
                  <d>0.045744</d>
               </CD_nonclean>
            </DPM_nonclean>
            <BLM>
               <CL_max>2.1774</CL_max>
            </BLM>
         </LGDN>
      </Configuration>
      <Configuration HLid="3">
         <HLPosition>0036</HLPosition>
         <name>flaps FULL</name>
         <vfe>145</vfe>
         <LGDN>
            <DPM_nonclean>
               <CD_nonclean>
                  <d>0.13561</d>
                  <d>-0.043566</d>
                  <d>0.049374</d>
               </CD_nonclean>
            </DPM_nonclean>
            <BLM>
               <CL_max>2.4095</CL_max>
            </BLM>
         </LGDN>
      </Configuration>
   </AFCM>
   <PFM>
      <MREF>4800</MREF>
      <LHV>43217000</LHV>
      <rho>810</rho>
      <n_eng>2</n_eng>
      <TFM>
         <CT>
            <a>0.07393477850909611900</a>
            <a>-0.02620625122948556900</a>
            <a>-0.54709913883856576000</a>
            <a>0</a>
            <a>0</a>
            <a>0</a>
            <a>0.30874049318015356000</a>
            <a>-0.51417699728534871000</a>
            <a>1.07927277553121680000</a>
            <a>0</a>
            <a>0</a>
            <a>0</a>
            <a>0</a>
            <a>0</a>
            <a>0</a>
            <a>0</a>
            <a>0</a>
            <a>0</a>
            <a>0</a>
            <a>0</a>
            <a>0</a>
            <a>0</a>
            <a>0</a>
            <a>0</a>
            <a>0</a>
            <a>0</a>
            <a>0</a>
            <a>0</a>
            <a>0</a>
            <a>0</a>
            <a>0</a>
            <a>0</a>
            <a>0</a>
            <a>0</a>
            <a>0</a>
            <a>0</a>
         </CT>
         <CF>
            <f>0.12777260845863356000</f>
            <f>0.44666793939819432000</f>
            <f>11.62755014895273000000</f>
            <f>-37.66223701996161600000</f>
            <f>34.33619898844137500000</f>
            <f>-0.33169119586907664000</f>
            <f>7.90869056795613810000</f>
            <f>-75.16982652108954700000</f>
            <f>278.63564214081174000000</f>
            <f>-306.89337045098239000000</f>
            <f>1.27720120780998840000</f>
            <f>-1.43741359546124370000</f>
            <f>0</f>
            <f>0</f>
            <f>0</f>
            <f>0</f>
            <f>0</f>
            <f>0</f>
            <f>0</f>
            <f>0</f>
            <f>0</f>
            <f>0</f>
            <f>0</f>
            <f>0</f>
            <f>0</f>
         </CF>
         <MCMB>
            <kink>5</kink>
            <flat_rating>
               <b>-0.48248879852364035000</b>
               <b>2.69856214900489010000</b>
               <b>0</b>
               <b>0</b>
               <b>0</b>
               <b>0</b>
               <b>26.90284215136057700000</b>
               <b>-40.11055177422339600000</b>
               <b>0</b>
               <b>0</b>
               <b>0</b>
               <b>0</b>
               <b>-87.43533951752928600000</b>
               <b>124.33254066942570000000</b>
               <b>0</b>
               <b>0</b>
               <b>0</b>
               <b>0</b>
               <b>105.83359029717629000000</b>
               <b>-146.02532475430053000000</b>
               <b>0</b>
               <b>0</b>
               <b>0</b>
               <b>0</b>
               <b>-47.34609084366170600000</b>
               <b>61.83324129766212000000</b>
               <b>0</b>
               <b>0</b>
               <b>0</b>
               <b>0</b>
               <b>3.19460914226506180000</b>
               <b>-2.59594399168183320000</b>
               <b>0</b>
               <b>0</b>
               <b>0</b>
               <b>0</b>
            </flat_rating>
            <temp_rating>
               <c>16.37673462226014500000</c>
               <c>-14.96052698788522100000</c>
               <c>0</c>
               <c>0</c>
               <c>0</c>
               <c>-26.17601646993559300000</c>
               <c>25.48361330630437700000</c>
               <c>0</c>
               <c>0</c>
               <c>0</c>
               <c>10.87469142659250400000</c>
               <c>-11.81613037640605900000</c>
               <c>0</c>
               <c>0</c>
               <c>0</c>
               <c>0</c>
               <c>0</c>
               <c>0</c>
               <c>0</c>
               <c>0</c>
               <c>0</c>
               <c>0</c>
               <c>0</c>
               <c>0</c>
               <c>0</c>
               <c>-0.86445542788070695000</c>
               <c>4.15659448826994370000</c>
               <c>0</c>
               <c>0</c>
               <c>0</c>
               <c>0.65251601787002378000</c>
               <c>-2.64887848223081160000</c>
               <c>0</c>
               <c>0</c>
               <c>0</c>
               <c>0</c>
               <c>0</c>
               <c>0</c>
               <c>0</c>
               <c>0</c>
               <c>0</c>
               <c>0</c>
               <c>0</c>
               <c>0</c>
               <c>0</c>
            </temp_rating>
         </MCMB>
         <LIDL>
            <CT>
               <ti>-0.19516472835567972000</ti>
               <ti>1.10121827146425090000</ti>
               <ti>-1.32711990440500790000</ti>
               <ti>0.44210710289824723000</ti>
               <ti>0.79749641813876149000</ti>
               <ti>-3.25789190764326260000</ti>
               <ti>2.19445551448714580000</ti>
               <ti>0.23667149814269728000</ti>
               <ti>-0.56552933097174007000</ti>
               <ti>1.21373154861698440000</ti>
               <ti>1.90448725326723680000</ti>
               <ti>-2.72565933767004780000</ti>
            </CT>
            <CF>
               <fi>0.11361112815391505000</fi>
               <fi>-0.08452079502582390800</fi>
               <fi>0.13384499236945444000</fi>
               <fi>-0.14142785665103394000</fi>
               <fi>0.66497247623115219000</fi>
               <fi>-0.79129403993823599000</fi>
               <fi>0.25115123719120297000</fi>
               <fi>-0.85244420834283885000</fi>
               <fi>0.94727841148605008000</fi>
            </CF>
         </LIDL>
         <throttle>
            <low>0.5690409715</low>
            <high>1.509214134</high>
         </throttle>
      </TFM>
   </PFM>
   <OPM>
      <LGO>
         <Transition>
            <from>0</from>
            <to>1</to>
            <time>15</time>
         </Transition>
         <Transition>
            <from>1</from>
            <to>0</to>
            <time>10</time>
         </Transition>
      </LGO>
      <HLO>
         <Transition>
            <from>0</from>
            <to>1</to>
            <time>3</time>
         </Transition>
         <Transition>
            <from>1</from>
            <to>2</to>
            <time>4</time>
         </Transition>
         <Transition>
            <from>2</from>
            <to>3</to>
            <time>7</time>
         </Transition>
         <Transition>
            <from>3</from>
            <to>2</to>
            <time>7</time>
         </Transition>
         <Transition>
            <from>2</from>
            <to>1</to>
            <time>4</time>
         </Transition>
         <Transition>
            <from>1</from>
            <to>0</to>
            <time>3</time>
         </Transition>
      </HLO>
   </OPM>
   <ALM>
      <GLM>
         <hmo>41000</hmo>
         <mfa>15000</mfa>
      </GLM>
      <KLM>
         <mmo>0.7</mmo>
         <vmo>275</vmo>
         <vle>275</vle>
         <vloe>180</vloe>
         <vlor>180</vlor>
      </KLM>
      <ELM>
         <Tmin_f>
            <point>
               <Hp>-1000</Hp>
               <DeltaT>-71</DeltaT>
            </point>
            <point>
               <Hp>25000</Hp>
               <DeltaT>-19.5</DeltaT>
            </point>
            <point>
               <Hp>36089</Hp>
               <DeltaT>-3.5</DeltaT>
            </point>
            <point>
               <Hp>41000</Hp>
               <DeltaT>-3.5</DeltaT>
            </point>
         </Tmin_f>
         <Tmax_f>
            <point>
               <Hp>-1000</Hp>
               <DeltaT>35</DeltaT>
            </point>
            <point>
               <Hp>41000</Hp>
               <DeltaT>35</DeltaT>
            </point>
         </Tmax_f>
         <Tmin_g>
            <point>
               <Hp>-1000</Hp>
               <DeltaT>-57</DeltaT>
            </point>
            <point>
               <Hp>10000</Hp>
               <DeltaT>-35.2</DeltaT>
            </point>
         </Tmin_g>
         <Tmax_g>
            <point>
               <Hp>-1000</Hp>
               <DeltaT>35</DeltaT>
            </point>
            <point>
               <Hp>10000</Hp>
               <DeltaT>35</DeltaT>
            </point>
         </Tmax_g>
      </ELM>
      <DLM>
         <MTW>4820</MTW>
         <MTOW>4800</MTOW>
         <MLW>4480</MLW>
         <MZFW>4030</MZFW>
         <OEW>3310</OEW>
         <MPL>720</MPL>
         <MFL>1272.8</MFL>
         <n1>3.27</n1>
         <n3>-1</n3>
         <nf1>2</nf1>
         <nf3>0</nf3>
      </DLM>
   </ALM>
   <Ground>
      <Dimensions>
         <span>12.30</span>
         <length>12.82</length>
      </Dimensions>
      <Runway>
         <TOL>953</TOL>
         <LDL>830</LDL>
      </Runway>
   </Ground>
   <ARPM>
      <AeroConfSchedule>
         <AeroPhase>
            <name>TO</name>
            <HLid>1</HLid>
            <LG>UP</LG>
         </AeroPhase>
         <AeroPhase>
            <name>IC</name>
            <HLid>0</HLid>
            <LG>UP</LG>
         </AeroPhase>
         <AeroPhase>
            <name>CR</name>
            <HLid>0</HLid>
            <LG>UP</LG>
         </AeroPhase>
         <AeroPhase>
            <name>AP</name>
            <HLid>2</HLid>
            <LG>UP</LG>
         </AeroPhase>
         <AeroPhase>
            <name>LD</name>
            <HLid>3</HLid>
            <LG>DN</LG>
         </AeroPhase>
      </AeroConfSchedule>
      <SpeedScheduleList>
         <SpeedSchedule>
            <CompanyName>Default</CompanyName>
            <SpeedPhase>
               <name>Climb</name>
               <CAS1>200</CAS1>
               <CAS2>200</CAS2>
               <M>0.55</M>
            </SpeedPhase>
            <SpeedPhase>
               <name>Cruise</name>
               <CAS1>250</CAS1>
               <CAS2>260</CAS2>
               <M>0.60</M>
            </SpeedPhase>
            <SpeedPhase>
               <name>Descent</name>
               <CAS1>250</CAS1>
               <CAS2>250</CAS2>
               <M>0.68</M>
            </SpeedPhase>
         </SpeedSchedule>
      </SpeedScheduleList>
   </ARPM>
</bada40:ACM>