<?xml version="1.0" encoding="utf-8"?>
<bada40:ACM xmlns:bada40="http://www.eurocontrol.int/eec/public/standard_page/bada40">
   <model>Dummy-TWIN-plus</model>
   <type>JET</type>
   <engine>CFM56-XXX</engine>
   <description/>
   <ICAO>
      <designator>DUM2</designator>
      <WTC>M</WTC>
   </ICAO>
   <AFCM>
      <S>118.2</S>
      <Configuration HLid="0">
         <HLPosition>0000</HLPosition>
         <name>flaps 0</name>
         <vfe>340</vfe>
         <LGUP>
            <DPM_clean>
               <M_max>0.81</M_max>
               <scalar>1e-006</scalar>
               <CD_clean>
                  <d>607957.77085943369000000000</d>
                  <d>-1822113.30779789430000000000</d>
                  <d>2101604.36337269520000000000</d>
                  <d>-1071450.12780254990000000000</d>
                  <d>203996.57502479400000000000</d>
                  <d>7858.28163199606750000000</d>
                  <d>52778.46169265481100000000</d>
                  <d>-34954.09627175646200000000</d>
                  <d>9632.88898262346630000000</d>
                  <d>-925.96216074222468000000</d>
                  <d>481.42065032334847000000</d>
                  <d>4095.55403318629350000000</d>
                  <d>-1824.28845158999460000000</d>
                  <d>-2643.61064121735760000000</d>
                  <d>1365.12656718073120000000</d>
               </CD_clean>
            </DPM_clean>
            <BLM_clean>
               <Mmin>0.314</Mmin>
               <Mmax>0.82</Mmax>
               <CL_Mach0>1.4363</CL_Mach0>
               <CL_clean>
                  <bf>0.64734425549339292000</bf>
                  <bf>12.05263986426068200000</bf>
                  <bf>-53.38407067650780400000</bf>
                  <bf>82.93686008499547300000</bf>
                  <bf>-43.43267897547836000000</bf>
               </CL_clean>
            </BLM_clean>
         </LGUP>
      </Configuration>
      <Configuration HLid="1">
         <HLPosition>0015</HLPosition>
         <name>flaps 15</name>
         <vfe>230</vfe>
         <LGUP>
            <DPM_nonclean>
               <CD_nonclean>
                  <d>0.023559</d>
                  <d>-0.012174</d>
                  <d>0.057331</d>
               </CD_nonclean>
            </DPM_nonclean>
            <BLM>
               <CL_max>2.1324</CL_max>
            </BLM>
         </LGUP>
      </Configuration>
      <Configuration HLid="2">
         <HLPosition>0018</HLPosition>
         <name>flaps 18</name>
         <vfe>215</vfe>
         <LGUP>
            <DPM_nonclean>
               <CD_nonclean>
                  <d>0.062096</d>
                  <d>-0.059759</d>
                  <d>0.069141</d>
               </CD_nonclean>
            </DPM_nonclean>
            <BLM>
               <CL_max>2.4957</CL_max>
            </BLM>
         </LGUP>
      </Configuration>
      <Configuration HLid="3">
         <HLPosition>0021</HLPosition>
         <name>flaps 21</name>
         <vfe>200</vfe>
         <LGUP>
            <DPM_nonclean>
               <CD_nonclean>
                  <d>0.066199</d>
                  <d>-0.051749</d>
                  <d>0.062858</d>
               </CD_nonclean>
            </DPM_nonclean>
            <BLM>
               <CL_max>2.7919</CL_max>
            </BLM>
         </LGUP>
      </Configuration>
      <Configuration HLid="4">
         <HLPosition>0024</HLPosition>
         <name>flaps 24</name>
         <vfe>185</vfe>
         <LGUP>
            <DPM_nonclean>
               <CD_nonclean>
                  <d>0.088985</d>
                  <d>-0.070279</d>
                  <d>0.071119</d>
               </CD_nonclean>
            </DPM_nonclean>
            <BLM>
               <CL_max>2.8464</CL_max>
            </BLM>
         </LGUP>
         <LGDN>
            <DPM_nonclean>
               <CD_nonclean>
                  <d>0.11167</d>
                  <d>-0.064767</d>
                  <d>0.070087</d>
               </CD_nonclean>
            </DPM_nonclean>
            <BLM>
               <CL_max>2.6876</CL_max>
            </BLM>
         </LGDN>
      </Configuration>
      <Configuration HLid="5">
         <HLPosition>0030</HLPosition>
         <name>flaps 30</name>
         <vfe>177</vfe>
         <LGUP>
            <DPM_nonclean>
               <CD_nonclean>
                  <d>0.13803</d>
                  <d>-0.084484</d>
                  <d>0.074678</d>
               </CD_nonclean>
            </DPM_nonclean>
            <BLM>
               <CL_max>3.1443</CL_max>
            </BLM>
         </LGUP>
         <LGDN>
            <DPM_nonclean>
               <CD_nonclean>
                  <d>0.1651</d>
                  <d>-0.096208</d>
                  <d>0.081688</d>
               </CD_nonclean>
            </DPM_nonclean>
            <BLM>
               <CL_max>3.0811</CL_max>
            </BLM>
         </LGDN>
      </Configuration>
   </AFCM>
   <PFM>
      <MREF>65000</MREF>
      <LHV>43217000</LHV>
      <rho>810</rho>
      <n_eng>2</n_eng>
      <TFA>12</TFA>
      <TFM>
         <CT>
            <a>0</a>
            <a>0.50034710354819711000</a>
            <a>0</a>
            <a>0</a>
            <a>0</a>
            <a>0</a>
            <a>0.02936334094562367100</a>
            <a>0</a>
            <a>0</a>
            <a>0</a>
            <a>0</a>
            <a>0</a>
            <a>0</a>
            <a>0</a>
            <a>0</a>
            <a>0</a>
            <a>0</a>
            <a>0</a>
            <a>0</a>
            <a>0</a>
            <a>0</a>
            <a>0</a>
            <a>0</a>
            <a>0</a>
            <a>0</a>
            <a>0</a>
            <a>0</a>
            <a>0</a>
            <a>0</a>
            <a>0</a>
            <a>0</a>
            <a>0</a>
            <a>0</a>
            <a>0</a>
            <a>0</a>
            <a>0</a>
         </CT>
         <CF>
            <f>0.00625797923305274930</f>
            <f>1.51203769220013910000</f>
            <f>-4.99875810807118980000</f>
            <f>20.75522939289607300000</f>
            <f>-23.04337476758546900000</f>
            <f>0.13851264614959896000</f>
            <f>1.03338053464152440000</f>
            <f>5.88152820161637810000</f>
            <f>-39.57315738879948000000</f>
            <f>71.02391465273663600000</f>
            <f>0</f>
            <f>0</f>
            <f>0</f>
            <f>0</f>
            <f>0</f>
            <f>0</f>
            <f>0</f>
            <f>0</f>
            <f>0</f>
            <f>0</f>
            <f>0</f>
            <f>0</f>
            <f>0</f>
            <f>0</f>
            <f>0</f>
         </CF>
         <MCRZ>
            <kink>10</kink>
            <flat_rating>
               <b>-26.88433167483607300000</b>
               <b>77.78637317031042600000</b>
               <b>-60.81406451654690000000</b>
               <b>0</b>
               <b>0</b>
               <b>0</b>
               <b>246.98927065051049000000</b>
               <b>-619.05156988697865000000</b>
               <b>447.80835720217095000000</b>
               <b>0</b>
               <b>0</b>
               <b>0</b>
               <b>-687.32393131731783000000</b>
               <b>1887.24871799733730000000</b>
               <b>-1699.51851335159360000000</b>
               <b>0</b>
               <b>0</b>
               <b>0</b>
               <b>1066.33390330991100000000</b>
               <b>-3477.30363848018530000000</b>
               <b>3650.52530945055650000000</b>
               <b>0</b>
               <b>0</b>
               <b>0</b>
               <b>-899.11149474342426000000</b>
               <b>3396.71398814821620000000</b>
               <b>-3858.80989123178050000000</b>
               <b>0</b>
               <b>0</b>
               <b>0</b>
               <b>309.64200302237691000000</b>
               <b>-1294.96525143113470000000</b>
               <b>1530.91979478456570000000</b>
               <b>0</b>
               <b>0</b>
               <b>0</b>
            </flat_rating>
            <temp_rating>
               <c>-109.27668278999802000000</c>
               <c>-7320.10375964002290000000</c>
               <c>10400.18171209227700000000</c>
               <c>0</c>
               <c>0</c>
               <c>394.56986527272784000000</c>
               <c>29180.94046710462100000000</c>
               <c>-41630.90337120737200000000</c>
               <c>0</c>
               <c>0</c>
               <c>-477.54225035492465000000</c>
               <c>-43554.55450095114100000000</c>
               <c>62404.85594778366800000000</c>
               <c>0</c>
               <c>0</c>
               <c>224.92550071147249000000</c>
               <c>28857.34272131364900000000</c>
               <c>-41541.31124833987300000000</c>
               <c>0</c>
               <c>0</c>
               <c>-37.34878495799782200000</c>
               <c>-7153.54383252323080000000</c>
               <c>10353.73680801724900000000</c>
               <c>0</c>
               <c>0</c>
               <c>69.73983576758090000000</c>
               <c>-148.17867100611312000000</c>
               <c>58.50654128371257900000</c>
               <c>0</c>
               <c>0</c>
               <c>-128.43714664915490000000</c>
               <c>213.13106236980963000000</c>
               <c>13.62265364715709200000</c>
               <c>0</c>
               <c>0</c>
               <c>109.86259776053318000000</c>
               <c>-113.63080148402607000000</c>
               <c>-144.38297708403633000000</c>
               <c>0</c>
               <c>0</c>
               <c>-37.47558964861913500000</c>
               <c>17.18421984886119300000</c>
               <c>91.21661958456026300000</c>
               <c>0</c>
               <c>0</c>
            </temp_rating>
         </MCRZ>
         <MCMB>
            <kink>10</kink>
            <flat_rating>
               <b>-16.21291523582053900000</b>
               <b>46.06314950985825600000</b>
               <b>-35.89963918408386000000</b>
               <b>0</b>
               <b>0</b>
               <b>0</b>
               <b>167.91981731756837000000</b>
               <b>-360.96049567855869000000</b>
               <b>249.43628061813607000000</b>
               <b>0</b>
               <b>0</b>
               <b>0</b>
               <b>-445.30391049877420000000</b>
               <b>1098.79234509047050000000</b>
               <b>-1106.15085553593050000000</b>
               <b>0</b>
               <b>0</b>
               <b>0</b>
               <b>714.24992382584321000000</b>
               <b>-2341.72814747320310000000</b>
               <b>2832.42779413284280000000</b>
               <b>0</b>
               <b>0</b>
               <b>0</b>
               <b>-651.13775393025514000000</b>
               <b>2616.49724372172250000000</b>
               <b>-3339.90628221153250000000</b>
               <b>0</b>
               <b>0</b>
               <b>0</b>
               <b>241.93527924043707000000</b>
               <b>-1090.91504063617370000000</b>
               <b>1412.72699066022370000000</b>
               <b>0</b>
               <b>0</b>
               <b>0</b>
            </flat_rating>
            <temp_rating>
               <c>8244.24232211405070000000</c>
               <c>-32575.39086539358300000000</c>
               <c>29904.31527108184700000000</c>
               <c>0</c>
               <c>0</c>
               <c>-32668.54370815961700000000</c>
               <c>128927.16014047168000000000</c>
               <c>-118540.47330463512000000000</c>
               <c>0</c>
               <c>0</c>
               <c>48507.11876005246400000000</c>
               <c>-190998.70308841456000000000</c>
               <c>175898.02679497938000000000</c>
               <c>0</c>
               <c>0</c>
               <c>-31990.45333098891200000000</c>
               <c>125602.14713820610000000000</c>
               <c>-115870.26912587709000000000</c>
               <c>0</c>
               <c>0</c>
               <c>7899.41103884931820000000</c>
               <c>-30931.86902314729000000000</c>
               <c>28585.17386286858900000000</c>
               <c>0</c>
               <c>0</c>
               <c>95.84789861635189800000</c>
               <c>-224.00966958264155000000</c>
               <c>118.07424807665890000000</c>
               <c>0</c>
               <c>0</c>
               <c>-179.06913767205810000000</c>
               <c>361.37040598655472000000</c>
               <c>-111.69706610885724000000</c>
               <c>0</c>
               <c>0</c>
               <c>154.56124703994047000000</c>
               <c>-250.92172976238433000000</c>
               <c>-14.54362991108480700000</c>
               <c>0</c>
               <c>0</c>
               <c>-52.76639132473338400000</c>
               <c>68.14714599510233500000</c>
               <c>37.02030984410585300000</c>
               <c>0</c>
               <c>0</c>
            </temp_rating>
         </MCMB>
         <MTKF>
            <kink>15</kink>
            <flat_rating>
               <b>-3978.27934428223940000000</b>
               <b>27163.69039282405400000000</b>
               <b>-38531.87813847070400000000</b>
               <b>0</b>
               <b>0</b>
               <b>0</b>
               <b>23765.47803962714900000000</b>
               <b>-161698.20008897438000000000</b>
               <b>229695.48533501528000000000</b>
               <b>0</b>
               <b>0</b>
               <b>0</b>
               <b>-56495.28658398498400000000</b>
               <b>383750.11327549757000000000</b>
               <b>-546217.91254085104000000000</b>
               <b>0</b>
               <b>0</b>
               <b>0</b>
               <b>67161.06300646573100000000</b>
               <b>-454930.39047934697000000000</b>
               <b>648515.86157350033000000000</b>
               <b>0</b>
               <b>0</b>
               <b>0</b>
               <b>-39971.63201646929500000000</b>
               <b>269621.08144943562000000000</b>
               <b>-384740.62777950440000000000</b>
               <b>0</b>
               <b>0</b>
               <b>0</b>
               <b>9525.66856226437450000000</b>
               <b>-63908.88907423152000000000</b>
               <b>91247.91530825766700000000</b>
               <b>0</b>
               <b>0</b>
               <b>0</b>
            </flat_rating>
            <temp_rating>
               <c>420330.02237064694000000000</c>
               <c>-1911935.22509068040000000000</c>
               <c>2116195.06710129790000000000</c>
               <c>0</c>
               <c>0</c>
               <c>-1591080.08825562550000000000</c>
               <c>7243207.51834738810000000000</c>
               <c>-8023639.99255276750000000000</c>
               <c>0</c>
               <c>0</c>
               <c>2255088.06638308520000000000</c>
               <c>-10271292.24005231400000000000</c>
               <c>11386655.64854645700000000000</c>
               <c>0</c>
               <c>0</c>
               <c>-1419252.88380027930000000000</c>
               <c>6467069.65446835660000000000</c>
               <c>-7174296.19729435910000000000</c>
               <c>0</c>
               <c>0</c>
               <c>334665.19214931689000000000</c>
               <c>-1525519.87678046150000000000</c>
               <c>1693421.06538543970000000000</c>
               <c>0</c>
               <c>0</c>
               <c>1083.29409642869720000000</c>
               <c>-6566.60822905998520000000</c>
               <c>6777.88897612671100000000</c>
               <c>0</c>
               <c>0</c>
               <c>-1608.99012321361970000000</c>
               <c>10065.10974715201700000000</c>
               <c>-9829.80260069432730000000</c>
               <c>0</c>
               <c>0</c>
               <c>980.55240724772523000000</c>
               <c>-6435.54501629102110000000</c>
               <c>5697.38493538483090000000</c>
               <c>0</c>
               <c>0</c>
               <c>-207.28811257632253000000</c>
               <c>1461.17185281559980000000</c>
               <c>-1082.70421555174970000000</c>
               <c>0</c>
               <c>0</c>
            </temp_rating>
         </MTKF>
         <LIDL>
            <CT>
               <ti>0.06668265584916699400</ti>
               <ti>-0.21129058958504962000</ti>
               <ti>0.19578060502187855000</ti>
               <ti>-0.02738464930861217100</ti>
               <ti>-0.18073234533321267000</ti>
               <ti>0.52457646780949096000</ti>
               <ti>-0.34078013962500908000</ti>
               <ti>-0.12022828470516794000</ti>
               <ti>0.13225089220320721000</ti>
               <ti>-0.37105877394106102000</ti>
               <ti>0.01948463431626581300</ti>
               <ti>0.27958604293857814000</ti>
            </CT>
            <CF>
               <fi>-0.00515750511150740890</fi>
               <fi>0.06115353728859527400</fi>
               <fi>0.00324427666890417890</fi>
               <fi>0.07089428242003478800</fi>
               <fi>-0.16155994555720468000</fi>
               <fi>0.00470436139824651800</fi>
               <fi>-0.06219854590482028900</fi>
               <fi>0.14881205308094361000</fi>
               <fi>-0.02122329239174334400</fi>
            </CF>
         </LIDL>
         <throttle>
            <low>-6.500101249</low>
            <high>5.872399631</high>
         </throttle>
      </TFM>
   </PFM>
   <OPM>
      <LGO>
         <Transition>
            <from>0</from>
            <to>1</to>
            <time>20</time>
         </Transition>
         <Transition>
            <from>1</from>
            <to>0</to>
            <time>20</time>
         </Transition>
      </LGO>
      <HLO>
         <Transition>
            <from>0</from>
            <to>1</to>
            <time>12</time>
         </Transition>
         <Transition>
            <from>1</from>
            <to>2</to>
            <time>6.5</time>
         </Transition>
         <Transition>
            <from>2</from>
            <to>3</to>
            <time>3.9</time>
         </Transition>
         <Transition>
            <from>3</from>
            <to>4</to>
            <time>2.5</time>
         </Transition>
         <Transition>
            <from>4</from>
            <to>5</to>
            <time>5.9</time>
         </Transition>
         <Transition>
            <from>5</from>
            <to>4</to>
            <time>5.4</time>
         </Transition>
         <Transition>
            <from>4</from>
            <to>3</to>
            <time>2.4</time>
         </Transition>
         <Transition>
            <from>3</from>
            <to>2</to>
            <time>3.9</time>
         </Transition>
         <Transition>
            <from>2</from>
            <to>1</to>
            <time>6.6</time>
         </Transition>
         <Transition>
            <from>1</from>
            <to>0</to>
            <time>12.1</time>
         </Transition>
      </HLO>
   </OPM>
   <ALM>
      <GLM>
         <hmo>37000</hmo>
         <mfa>20000</mfa>
      </GLM>
      <KLM>
         <mmo>0.81</mmo>
         <vmo>340</vmo>
         <mle>0.67</mle>
         <vle>280</vle>
         <vloe>250</vloe>
         <vlor>220</vlor>
      </KLM>
      <ELM>
         <Tmin_f>
            <point>
               <Hp>-1000</Hp>
               <DeltaT>-55</DeltaT>
            </point>
            <point>
               <Hp>36089</Hp>
               <DeltaT>-11.1</DeltaT>
            </point>
            <point>
               <Hp>37000</Hp>
               <DeltaT>-13.5</DeltaT>
            </point>
         </Tmin_f>
         <Tmax_f>
            <point>
               <Hp>-1000</Hp>
               <DeltaT>35</DeltaT>
            </point>
            <point>
               <Hp>36089</Hp>
               <DeltaT>34.5</DeltaT>
            </point>
            <point>
               <Hp>37000</Hp>
               <DeltaT>28.5</DeltaT>
            </point>
         </Tmax_f>
         <Tmin_g>
            <point>
               <Hp>-1000</Hp>
               <DeltaT>-55</DeltaT>
            </point>
            <point>
               <Hp>8000</Hp>
               <DeltaT>-44.2</DeltaT>
            </point>
         </Tmin_g>
         <Tmax_g>
            <point>
               <Hp>-1000</Hp>
               <DeltaT>35</DeltaT>
            </point>
            <point>
               <Hp>8000</Hp>
               <DeltaT>34.8</DeltaT>
            </point>
         </Tmax_g>
      </ELM>
      <DLM>
         <MTW>65500</MTW>
         <MTOW>65000</MTOW>
         <MLW>57000</MLW>
         <MZFW>54000</MZFW>
         <OEW>40000</OEW>
         <MPL>14000</MPL>
         <MFL>15000</MFL>
         <n1>2.5</n1>
         <n3>-1</n3>
         <nf1>2</nf1>
         <nf3>0</nf3>
      </DLM>
   </ALM>
   <Ground>
      <Dimensions>
         <span>33.4</span>
         <length>32.5</length>
      </Dimensions>
      <Runway>
         <TOL>1500</TOL>
         <LDL>1400</LDL>
      </Runway>
   </Ground>
   <ARPM>
      <AeroConfSchedule>
         <AeroPhase>
            <name>TO</name>
            <HLid>2</HLid>
            <LG>UP</LG>
         </AeroPhase>
         <AeroPhase>
            <name>IC</name>
            <HLid>1</HLid>
            <LG>UP</LG>
         </AeroPhase>
         <AeroPhase>
            <name>CR</name>
            <HLid>0</HLid>
            <LG>UP</LG>
         </AeroPhase>
         <AeroPhase>
            <name>AP</name>
            <HLid>3</HLid>
            <LG>UP</LG>
         </AeroPhase>
         <AeroPhase>
            <name>LD</name>
            <HLid>5</HLid>
            <LG>DN</LG>
         </AeroPhase>
      </AeroConfSchedule>
      <SpeedScheduleList>
         <SpeedSchedule>
            <CompanyName>Default</CompanyName>
            <SpeedPhase>
               <name>Climb</name>
               <CAS1>310</CAS1>
               <CAS2>310</CAS2>
               <M>0.78</M>
            </SpeedPhase>
            <SpeedPhase>
               <name>Cruise</name>
               <CAS1>250</CAS1>
               <CAS2>310</CAS2>
               <M>0.78</M>
            </SpeedPhase>
            <SpeedPhase>
               <name>Descent</name>
               <CAS1>300</CAS1>
               <CAS2>300</CAS2>
               <M>0.79</M>
            </SpeedPhase>
         </SpeedSchedule>
      </SpeedScheduleList>
   </ARPM>
</bada40:ACM>