<?xml version="1.0" encoding="utf-8"?>
<bada40:ACM xmlns:bada40="http://www.eurocontrol.int/eec/public/standard_page/bada40">
   <model>F70-620</model>
   <type>JET</type>
   <engine>Tay 620-15</engine>
   <description/>
   <ICAO>
      <designator>F70</designator>
      <WTC>M</WTC>
   </ICAO>
   <AFCM>
      <S>93.5</S>
      <Configuration HLid="0">
         <HLPosition>0000</HLPosition>
         <name>flaps 0</name>
         <vfe>320</vfe>
         <LGUP>
            <DPM_clean>
               <M_max>0.79951</M_max>
               <scalar>9.835e-007</scalar>
               <CD_clean>
                  <d>25231.25908028930600000000</d>
                  <d>-14464.23674297374200000000</d>
                  <d>8225.66187740504390000000</d>
                  <d>0</d>
                  <d>0</d>
                  <d>50913.69561266260300000000</d>
                  <d>-7918.78665099899630000000</d>
                  <d>1395.88863500765680000000</d>
                  <d>0</d>
                  <d>0</d>
                  <d>0</d>
                  <d>0</d>
                  <d>0</d>
                  <d>0</d>
                  <d>0</d>
               </CD_clean>
            </DPM_clean>
            <BLM>
               <CL_max>1.6602</CL_max>
            </BLM>
         </LGUP>
         <LGDN>
            <DPM_nonclean>
               <CD_nonclean>
                  <d>0.039022</d>
                  <d>6.618e-015</d>
                  <d>0.042413</d>
               </CD_nonclean>
            </DPM_nonclean>
            <BLM>
               <CL_max>1.6602</CL_max>
            </BLM>
         </LGDN>
      </Configuration>
      <Configuration HLid="1">
         <HLPosition>0008</HLPosition>
         <name>flaps 8</name>
         <vfe>255</vfe>
         <LGUP>
            <DPM_nonclean>
               <CD_nonclean>
                  <d>0.024305</d>
                  <d>-7.7595e-015</d>
                  <d>0.042413</d>
               </CD_nonclean>
            </DPM_nonclean>
            <BLM>
               <CL_max>1.82</CL_max>
            </BLM>
         </LGUP>
         <LGDN>
            <DPM_nonclean>
               <CD_nonclean>
                  <d>0.039022</d>
                  <d>6.618e-015</d>
                  <d>0.042413</d>
               </CD_nonclean>
            </DPM_nonclean>
            <BLM>
               <CL_max>1.82</CL_max>
            </BLM>
         </LGDN>
      </Configuration>
      <Configuration HLid="2">
         <HLPosition>0015</HLPosition>
         <name>flaps 15</name>
         <vfe>220</vfe>
         <LGUP>
            <DPM_nonclean>
               <CD_nonclean>
                  <d>0.038635</d>
                  <d>-4.1938e-014</d>
                  <d>0.042413</d>
               </CD_nonclean>
            </DPM_nonclean>
            <BLM>
               <CL_max>1.9487</CL_max>
            </BLM>
         </LGUP>
         <LGDN>
            <DPM_nonclean>
               <CD_nonclean>
                  <d>0.054852</d>
                  <d>-5.7097e-013</d>
                  <d>0.042413</d>
               </CD_nonclean>
            </DPM_nonclean>
            <BLM>
               <CL_max>1.9487</CL_max>
            </BLM>
         </LGDN>
      </Configuration>
      <Configuration HLid="3">
         <HLPosition>0025</HLPosition>
         <name>flaps 25</name>
         <vfe>220</vfe>
         <LGUP>
            <DPM_nonclean>
               <CD_nonclean>
                  <d>0.053973</d>
                  <d>1.6419e-013</d>
                  <d>0.042413</d>
               </CD_nonclean>
            </DPM_nonclean>
            <BLM>
               <CL_max>2.0916</CL_max>
            </BLM>
         </LGUP>
         <LGDN>
            <DPM_nonclean>
               <CD_nonclean>
                  <d>0.066775</d>
                  <d>8.7563e-016</d>
                  <d>0.042413</d>
               </CD_nonclean>
            </DPM_nonclean>
            <BLM>
               <CL_max>2.0916</CL_max>
            </BLM>
         </LGDN>
      </Configuration>
      <Configuration HLid="4">
         <HLPosition>0042</HLPosition>
         <name>flaps 42</name>
         <vfe>180</vfe>
         <LGUP>
            <DPM_nonclean>
               <CD_nonclean>
                  <d>0.075085</d>
                  <d>2.6309e-014</d>
                  <d>0.042413</d>
               </CD_nonclean>
            </DPM_nonclean>
            <BLM>
               <CL_max>2.3596</CL_max>
            </BLM>
         </LGUP>
         <LGDN>
            <DPM_nonclean>
               <CD_nonclean>
                  <d>0.061689</d>
                  <d>1.8687e-013</d>
                  <d>0.042413</d>
               </CD_nonclean>
            </DPM_nonclean>
            <BLM>
               <CL_max>2.3596</CL_max>
            </BLM>
         </LGDN>
      </Configuration>
   </AFCM>
   <PFM>
      <MREF>41730</MREF>
      <LHV>43217000</LHV>
      <rho>810</rho>
      <n_eng>2</n_eng>
      <TFM>
         <CT>
            <a>0</a>
            <a>-0.10000000000022187000</a>
            <a>0</a>
            <a>0</a>
            <a>0</a>
            <a>0</a>
            <a>0.30000000000013061000</a>
            <a>0</a>
            <a>0</a>
            <a>0</a>
            <a>0</a>
            <a>0</a>
            <a>0</a>
            <a>0</a>
            <a>0</a>
            <a>0</a>
            <a>0</a>
            <a>0</a>
            <a>0</a>
            <a>0</a>
            <a>0</a>
            <a>0</a>
            <a>0</a>
            <a>0</a>
            <a>0</a>
            <a>0</a>
            <a>0</a>
            <a>0</a>
            <a>0</a>
            <a>0</a>
            <a>0</a>
            <a>0</a>
            <a>0</a>
            <a>0</a>
            <a>0</a>
            <a>0</a>
         </CT>
         <CF>
            <f>0.00280425372209430760</f>
            <f>1.99932253428989860000</f>
            <f>-9.23645863802552650000</f>
            <f>44.58511287610585300000</f>
            <f>-45.21700703108062000000</f>
            <f>0.14701656406265723000</f>
            <f>0.65392454925018761000</f>
            <f>6.61213700365710990000</f>
            <f>-31.72214441617060000000</f>
            <f>30.34137792410123100000</f>
            <f>0</f>
            <f>0</f>
            <f>0</f>
            <f>0</f>
            <f>0</f>
            <f>0</f>
            <f>0</f>
            <f>0</f>
            <f>0</f>
            <f>0</f>
            <f>0</f>
            <f>0</f>
            <f>0</f>
            <f>0</f>
            <f>0</f>
         </CF>
         <MCRZ>
            <kink>2</kink>
            <flat_rating>
               <b>1.05543536194300790000</b>
               <b>0.56858238719246401000</b>
               <b>0</b>
               <b>0</b>
               <b>0</b>
               <b>0</b>
               <b>-1.45656443153782790000</b>
               <b>0</b>
               <b>0</b>
               <b>0</b>
               <b>0</b>
               <b>0</b>
               <b>0.74948448427904701000</b>
               <b>0</b>
               <b>0</b>
               <b>0</b>
               <b>0</b>
               <b>0</b>
               <b>0</b>
               <b>0</b>
               <b>0</b>
               <b>0</b>
               <b>0</b>
               <b>0</b>
               <b>0</b>
               <b>0</b>
               <b>0</b>
               <b>0</b>
               <b>0</b>
               <b>0</b>
               <b>0</b>
               <b>0</b>
               <b>0</b>
               <b>0</b>
               <b>0</b>
               <b>0</b>
            </flat_rating>
            <temp_rating>
               <c>4.57001899332436600000</c>
               <c>1.21569481050300540000</c>
               <c>0</c>
               <c>0</c>
               <c>0</c>
               <c>-7.41122831573207110000</c>
               <c>0</c>
               <c>0</c>
               <c>0</c>
               <c>0</c>
               <c>2.96191656435612140000</c>
               <c>0</c>
               <c>0</c>
               <c>0</c>
               <c>0</c>
               <c>0</c>
               <c>0</c>
               <c>0</c>
               <c>0</c>
               <c>0</c>
               <c>0</c>
               <c>0</c>
               <c>0</c>
               <c>0</c>
               <c>0</c>
               <c>-0.46494927307047673000</c>
               <c>0</c>
               <c>0</c>
               <c>0</c>
               <c>0</c>
               <c>0.38920148573733071000</c>
               <c>0</c>
               <c>0</c>
               <c>0</c>
               <c>0</c>
               <c>0</c>
               <c>0</c>
               <c>0</c>
               <c>0</c>
               <c>0</c>
               <c>0</c>
               <c>0</c>
               <c>0</c>
               <c>0</c>
               <c>0</c>
            </temp_rating>
         </MCRZ>
         <MCMB>
            <kink>2</kink>
            <flat_rating>
               <b>0.49585667514758069000</b>
               <b>1.80269316272259710000</b>
               <b>1.08826840201653050000</b>
               <b>0</b>
               <b>0</b>
               <b>0</b>
               <b>10.24666994436540400000</b>
               <b>-28.02154467159669700000</b>
               <b>0</b>
               <b>0</b>
               <b>0</b>
               <b>0</b>
               <b>-40.12401337276015300000</b>
               <b>104.90991424481511000000</b>
               <b>0</b>
               <b>0</b>
               <b>0</b>
               <b>0</b>
               <b>71.29498546377063000000</b>
               <b>-192.79211662114804000000</b>
               <b>0</b>
               <b>0</b>
               <b>0</b>
               <b>0</b>
               <b>-62.29068881025268200000</b>
               <b>173.34928391431481000000</b>
               <b>0</b>
               <b>0</b>
               <b>0</b>
               <b>0</b>
               <b>21.28078290100271600000</b>
               <b>-60.15993332105646400000</b>
               <b>0</b>
               <b>0</b>
               <b>0</b>
               <b>0</b>
            </flat_rating>
            <temp_rating>
               <c>-357.96830937872539000000</c>
               <c>428.81400047332016000000</c>
               <c>1.21919293977546310000</c>
               <c>0</c>
               <c>0</c>
               <c>1447.69317021385520000000</c>
               <c>-1721.04264684197230000000</c>
               <c>0</c>
               <c>0</c>
               <c>0</c>
               <c>-2184.71078566499950000000</c>
               <c>2590.63998631093410000000</c>
               <c>0</c>
               <c>0</c>
               <c>0</c>
               <c>1459.22370057255630000000</c>
               <c>-1729.25808904202470000000</c>
               <c>0</c>
               <c>0</c>
               <c>0</c>
               <c>-364.42239188758833000000</c>
               <c>431.69358739241170000000</c>
               <c>0</c>
               <c>0</c>
               <c>0</c>
               <c>7.47227025776674570000</c>
               <c>-11.53484695410716300000</c>
               <c>0</c>
               <c>0</c>
               <c>0</c>
               <c>-17.24664885653258400000</c>
               <c>26.87318871826471400000</c>
               <c>0</c>
               <c>0</c>
               <c>0</c>
               <c>16.45269537151446200000</c>
               <c>-25.63396187229265500000</c>
               <c>0</c>
               <c>0</c>
               <c>0</c>
               <c>-5.68214062682077350000</c>
               <c>8.92252736824934270000</c>
               <c>0</c>
               <c>0</c>
               <c>0</c>
            </temp_rating>
         </MCMB>
         <LIDL>
            <CT>
               <ti>0.08409624926463045400</ti>
               <ti>-0.47020976261262232000</ti>
               <ti>0.82125995792445283000</ti>
               <ti>-0.34498164350171429000</ti>
               <ti>-0.34341272760944147000</ti>
               <ti>2.10225461245509090000</ti>
               <ti>-3.39722534890651010000</ti>
               <ti>1.06879072477213750000</ti>
               <ti>0.28457534040795257000</ti>
               <ti>-1.58110161215564200000</ti>
               <ti>1.68030343173128370000</ti>
               <ti>0.51086341237564514000</ti>
            </CT>
            <CF>
               <fi>0.16733272300870813000</fi>
               <fi>-0.35897931219784895000</fi>
               <fi>0.23854033617953022000</fi>
               <fi>-0.41015598778427409000</fi>
               <fi>1.21155053837383320000</fi>
               <fi>-0.74552625416047502000</fi>
               <fi>0.32447320897034027000</fi>
               <fi>-1.03964005930551460000</fi>
               <fi>0.62224710302616504000</fi>
            </CF>
         </LIDL>
         <throttle>
            <low>0.6154208837</low>
            <high>1.296271602</high>
         </throttle>
      </TFM>
   </PFM>
   <OPM>
      <LGO>
         <Transition>
            <from>0</from>
            <to>1</to>
            <time>20</time>
         </Transition>
         <Transition>
            <from>1</from>
            <to>0</to>
            <time>9</time>
         </Transition>
      </LGO>
      <HLO>
         <Transition>
            <from>0</from>
            <to>1</to>
            <time>6</time>
         </Transition>
         <Transition>
            <from>1</from>
            <to>2</to>
            <time>3</time>
         </Transition>
         <Transition>
            <from>2</from>
            <to>3</to>
            <time>3</time>
         </Transition>
         <Transition>
            <from>3</from>
            <to>4</to>
            <time>3.5</time>
         </Transition>
         <Transition>
            <from>4</from>
            <to>3</to>
            <time>3.5</time>
         </Transition>
         <Transition>
            <from>3</from>
            <to>2</to>
            <time>3</time>
         </Transition>
         <Transition>
            <from>2</from>
            <to>1</to>
            <time>3</time>
         </Transition>
         <Transition>
            <from>1</from>
            <to>0</to>
            <time>6</time>
         </Transition>
      </HLO>
   </OPM>
   <ALM>
      <GLM>
         <hmo>35000</hmo>
         <mfa>20000</mfa>
      </GLM>
      <KLM>
         <mmo>0.77</mmo>
         <vmo>320</vmo>
         <vle>200</vle>
         <vloe>200</vloe>
         <vlor>200</vlor>
      </KLM>
      <ELM>
         <Tmin_f>
            <point>
               <Hp>0</Hp>
               <DeltaT>-69</DeltaT>
            </point>
            <point>
               <Hp>35000</Hp>
               <DeltaT>-15.7</DeltaT>
            </point>
         </Tmin_f>
         <Tmax_f>
            <point>
               <Hp>0</Hp>
               <DeltaT>30</DeltaT>
            </point>
            <point>
               <Hp>2524</Hp>
               <DeltaT>35</DeltaT>
            </point>
            <point>
               <Hp>35000</Hp>
               <DeltaT>35</DeltaT>
            </point>
         </Tmax_f>
         <Tmin_g>
            <point>
               <Hp>0</Hp>
               <DeltaT>-69</DeltaT>
            </point>
            <point>
               <Hp>8000</Hp>
               <DeltaT>-56.9</DeltaT>
            </point>
         </Tmin_g>
         <Tmax_g>
            <point>
               <Hp>0</Hp>
               <DeltaT>30</DeltaT>
            </point>
            <point>
               <Hp>2524</Hp>
               <DeltaT>35</DeltaT>
            </point>
            <point>
               <Hp>8000</Hp>
               <DeltaT>35</DeltaT>
            </point>
         </Tmax_g>
      </ELM>
      <DLM>
         <MTW>41960</MTW>
         <MTOW>41730</MTOW>
         <MLW>36740</MLW>
         <MZFW>33565</MZFW>
         <OEW>22784</OEW>
         <MPL>10781</MPL>
         <MFL>10731</MFL>
         <n1>2.5</n1>
         <n3>-1</n3>
         <nf1>2</nf1>
         <nf3>0</nf3>
      </DLM>
   </ALM>
   <Ground>
      <Dimensions>
         <span>28.08</span>
         <length>30.91</length>
      </Dimensions>
      <Runway>
         <TOL>1395</TOL>
         <LDL>1255</LDL>
      </Runway>
   </Ground>
   <ARPM>
      <AeroConfSchedule>
         <AeroPhase>
            <name>TO</name>
            <HLid>1</HLid>
            <LG>UP</LG>
         </AeroPhase>
         <AeroPhase>
            <name>IC</name>
            <HLid>0</HLid>
            <LG>UP</LG>
         </AeroPhase>
         <AeroPhase>
            <name>CR</name>
            <HLid>0</HLid>
            <LG>UP</LG>
         </AeroPhase>
         <AeroPhase>
            <name>AP</name>
            <HLid>2</HLid>
            <LG>UP</LG>
         </AeroPhase>
         <AeroPhase>
            <name>LD</name>
            <HLid>3</HLid>
            <LG>DN</LG>
         </AeroPhase>
      </AeroConfSchedule>
      <SpeedScheduleList>
         <SpeedSchedule>
            <CompanyName>Default</CompanyName>
            <SpeedPhase>
               <name>Climb</name>
               <CAS1>250</CAS1>
               <CAS2>280</CAS2>
               <M>0.70</M>
            </SpeedPhase>
            <SpeedPhase>
               <name>Cruise</name>
               <CAS1>250</CAS1>
               <CAS2>280</CAS2>
               <M>0.70</M>
            </SpeedPhase>
            <SpeedPhase>
               <name>Descent</name>
               <CAS1>250</CAS1>
               <CAS2>280</CAS2>
               <M>0.70</M>
            </SpeedPhase>
         </SpeedSchedule>
      </SpeedScheduleList>
   </ARPM>
</bada40:ACM>