<?xml version="1.0" encoding="utf-8"?>
<bada40:ACM xmlns:bada40="http://www.eurocontrol.int/eec/public/standard_page/bada40">
   <model>EMB-175AR</model>
   <type>JET</type>
   <engine>CF34-8E5A1</engine>
   <description>ERJ 170-200 IGW</description>
   <ICAO>
      <designator>E170</designator>
      <WTC>M</WTC>
   </ICAO>
   <AFCM>
      <S>72.72</S>
      <Configuration HLid="0">
         <HLPosition>0000</HLPosition>
         <name>flaps 0</name>
         <vfe>320</vfe>
         <LGUP>
            <DPM_clean>
               <M_max>0.82</M_max>
               <scalar>9.835e-007</scalar>
               <CD_clean>
                  <d>-210511.05163192510000000000</d>
                  <d>624268.25635114720000000000</d>
                  <d>-625035.52099063341000000000</d>
                  <d>281386.55972452834000000000</d>
                  <d>-47900.60938787885200000000</d>
                  <d>72804.48195217110300000000</d>
                  <d>-65115.81029245797300000000</d>
                  <d>42222.14556976281900000000</d>
                  <d>-10936.38197831204500000000</d>
                  <d>998.95970080556185000000</d>
                  <d>-680.36050801700424000000</d>
                  <d>12163.02619243806100000000</d>
                  <d>-23096.28892457775500000000</d>
                  <d>13935.65566804375200000000</d>
                  <d>-2601.22271221620580000000</d>
               </CD_clean>
            </DPM_clean>
            <BLM_clean>
               <Mmin>0.42</Mmin>
               <Mmax>0.82</Mmax>
               <CL_Mach0>1.232</CL_Mach0>
               <CL_clean>
                  <bf>-2.94522114007602060000</bf>
                  <bf>29.69824494920841200000</bf>
                  <bf>-81.85586107652154900000</bf>
                  <bf>98.92815076152692200000</bf>
                  <bf>-45.09394430799047600000</bf>
               </CL_clean>
            </BLM_clean>
         </LGUP>
      </Configuration>
      <Configuration HLid="1">
         <HLPosition>1510</HLPosition>
         <name>flaps 2</name>
         <vfe>215</vfe>
         <LGUP>
            <DPM_nonclean>
               <CD_nonclean>
                  <d>0.050233</d>
                  <d>-0.010729</d>
                  <d>0.032069</d>
               </CD_nonclean>
            </DPM_nonclean>
            <BLM>
               <CL_max>1.9784</CL_max>
            </BLM>
         </LGUP>
      </Configuration>
      <Configuration HLid="2">
         <HLPosition>2520</HLPosition>
         <name>flaps 4</name>
         <vfe>180</vfe>
         <LGUP>
            <DPM_nonclean>
               <CD_nonclean>
                  <d>0.071627</d>
                  <d>-0.017142</d>
                  <d>0.032069</d>
               </CD_nonclean>
            </DPM_nonclean>
            <BLM>
               <CL_max>2.6097</CL_max>
            </BLM>
         </LGUP>
      </Configuration>
      <Configuration HLid="3">
         <HLPosition>2535</HLPosition>
         <name>flaps full</name>
         <vfe>165</vfe>
         <LGDN>
            <DPM_nonclean>
               <CD_nonclean>
                  <d>0.12366</d>
                  <d>-0.023556</d>
                  <d>0.032069</d>
               </CD_nonclean>
            </DPM_nonclean>
            <BLM>
               <CL_max>2.689</CL_max>
            </BLM>
         </LGDN>
      </Configuration>
   </AFCM>
   <PFM>
      <MREF>38790</MREF>
      <LHV>43217000</LHV>
      <rho>810</rho>
      <n_eng>2</n_eng>
      <TFA>8</TFA>
      <TFM>
         <CT>
            <a>0</a>
            <a>-0.10000000003521213000</a>
            <a>0</a>
            <a>0</a>
            <a>0</a>
            <a>0</a>
            <a>0.30000000001081745000</a>
            <a>0</a>
            <a>0</a>
            <a>0</a>
            <a>0</a>
            <a>0</a>
            <a>0</a>
            <a>0</a>
            <a>0</a>
            <a>0</a>
            <a>0</a>
            <a>0</a>
            <a>0</a>
            <a>0</a>
            <a>0</a>
            <a>0</a>
            <a>0</a>
            <a>0</a>
            <a>0</a>
            <a>0</a>
            <a>0</a>
            <a>0</a>
            <a>0</a>
            <a>0</a>
            <a>0</a>
            <a>0</a>
            <a>0</a>
            <a>0</a>
            <a>0</a>
            <a>0</a>
         </CT>
         <CF>
            <f>0.02714581369241231300</f>
            <f>0.35660146167529294000</f>
            <f>20.55359999957010300000</f>
            <f>-133.40997204765785000000</f>
            <f>262.86428628113543000000</f>
            <f>0.07455421731287809100</f>
            <f>1.92447814029043520000</f>
            <f>-23.15248805116486600000</f>
            <f>166.02266714675375000000</f>
            <f>-334.13858007429019000000</f>
            <f>0</f>
            <f>0</f>
            <f>0</f>
            <f>0</f>
            <f>0</f>
            <f>0</f>
            <f>0</f>
            <f>0</f>
            <f>0</f>
            <f>0</f>
            <f>0</f>
            <f>0</f>
            <f>0</f>
            <f>0</f>
            <f>0</f>
         </CF>
         <MCMB>
            <kink>10</kink>
            <flat_rating>
               <b>-2.01122186634851550000</b>
               <b>7.40828426074548220000</b>
               <b>-4.36806406288864930000</b>
               <b>0</b>
               <b>0</b>
               <b>0</b>
               <b>17.66078214145516500000</b>
               <b>-39.26025130970501900000</b>
               <b>27.99030812843318500000</b>
               <b>0</b>
               <b>0</b>
               <b>0</b>
               <b>-40.29186493467246100000</b>
               <b>91.31817962298862300000</b>
               <b>-87.93345615044616200000</b>
               <b>0</b>
               <b>0</b>
               <b>0</b>
               <b>51.49955388027167700000</b>
               <b>-152.37650234657258000000</b>
               <b>197.37863209223153000000</b>
               <b>0</b>
               <b>0</b>
               <b>0</b>
               <b>-42.50516426641630100000</b>
               <b>174.68485897771413000000</b>
               <b>-252.91238336984188000000</b>
               <b>0</b>
               <b>0</b>
               <b>0</b>
               <b>16.46999520775306900000</b>
               <b>-81.25964962297644000000</b>
               <b>118.41850642804806000000</b>
               <b>0</b>
               <b>0</b>
               <b>0</b>
            </flat_rating>
            <temp_rating>
               <c>-457.41173716129680000000</c>
               <c>1206.24716072666960000000</c>
               <c>-642.90190754674131000000</c>
               <c>0</c>
               <c>0</c>
               <c>1875.53999326621150000000</c>
               <c>-5051.34911911275500000000</c>
               <c>2778.42555355719060000000</c>
               <c>0</c>
               <c>0</c>
               <c>-2871.97833868669980000000</c>
               <c>7910.27445705131870000000</c>
               <c>-4466.69136583353610000000</c>
               <c>0</c>
               <c>0</c>
               <c>1946.10059855872030000000</c>
               <c>-5479.38452311541000000000</c>
               <c>3166.48435724143880000000</c>
               <c>0</c>
               <c>0</c>
               <c>-493.23401785897175000000</c>
               <c>1417.93652690900850000000</c>
               <c>-836.75672501224540000000</c>
               <c>0</c>
               <c>0</c>
               <c>7.89469686420291960000</c>
               <c>-11.70922359413194000000</c>
               <c>1.16142646437899890000</c>
               <c>0</c>
               <c>0</c>
               <c>-9.17829637124773790000</c>
               <c>-7.66802174636938180000</c>
               <c>33.88367353086456300000</c>
               <c>0</c>
               <c>0</c>
               <c>0.39228031311685235000</c>
               <c>44.93287574678498000000</c>
               <c>-75.24112684762805300000</c>
               <c>0</c>
               <c>0</c>
               <c>2.91163833378364020000</c>
               <c>-29.53429028041688300000</c>
               <c>41.71530372275470500000</c>
               <c>0</c>
               <c>0</c>
            </temp_rating>
         </MCMB>
         <LIDL>
            <CT>
               <ti>0.05255183795602375700</ti>
               <ti>-0.24144241270896130000</ti>
               <ti>0.49301613744682526000</ti>
               <ti>-0.34260047870731053000</ti>
               <ti>-0.12887909638853454000</ti>
               <ti>0.80430676741235840000</ti>
               <ti>-2.02683541478948740000</ti>
               <ti>1.61354849247089540000</ti>
               <ti>0.12238116719899418000</ti>
               <ti>-0.95377653689046449000</ti>
               <ti>2.54761730015552070000</ti>
               <ti>-2.12818199679701970000</ti>
            </CT>
            <CF>
               <fi>0.00288389714957963590</fi>
               <fi>0.03459460878574204700</fi>
               <fi>0.02158659888572597400</fi>
               <fi>0.02668890918195257500</fi>
               <fi>0.07527376957593270900</fi>
               <fi>-0.14130003753716533000</fi>
               <fi>0.00620144870696181030</fi>
               <fi>-0.20141741027834620000</fi>
               <fi>0.25848073617196193000</fi>
            </CF>
         </LIDL>
         <throttle>
            <low>0.6801857365</low>
            <high>1.370089176</high>
         </throttle>
      </TFM>
   </PFM>
   <OPM>
      <LGO>
         <Transition>
            <from>0</from>
            <to>1</to>
            <time>20</time>
         </Transition>
         <Transition>
            <from>1</from>
            <to>0</to>
            <time>10</time>
         </Transition>
      </LGO>
      <HLO>
         <Transition>
            <from>0</from>
            <to>1</to>
            <time>6</time>
         </Transition>
         <Transition>
            <from>1</from>
            <to>2</to>
            <time>6</time>
         </Transition>
         <Transition>
            <from>2</from>
            <to>3</to>
            <time>6</time>
         </Transition>
         <Transition>
            <from>3</from>
            <to>2</to>
            <time>6</time>
         </Transition>
         <Transition>
            <from>2</from>
            <to>1</to>
            <time>6</time>
         </Transition>
         <Transition>
            <from>1</from>
            <to>0</to>
            <time>6</time>
         </Transition>
      </HLO>
   </OPM>
   <ALM>
      <GLM>
         <hmo>41000</hmo>
         <mfa>20000</mfa>
      </GLM>
      <KLM>
         <mmo>0.82</mmo>
         <vmo>320</vmo>
         <vle>250</vle>
         <vloe>250</vloe>
         <vlor>250</vlor>
      </KLM>
      <ELM>
         <Tmin_f>
            <point>
               <Hp>-1000</Hp>
               <DeltaT>-71</DeltaT>
            </point>
            <point>
               <Hp>25000</Hp>
               <DeltaT>-19.5</DeltaT>
            </point>
            <point>
               <Hp>36089</Hp>
               <DeltaT>-8.5</DeltaT>
            </point>
            <point>
               <Hp>41000</Hp>
               <DeltaT>-8.5</DeltaT>
            </point>
         </Tmin_f>
         <Tmax_f>
            <point>
               <Hp>-1000</Hp>
               <DeltaT>35</DeltaT>
            </point>
            <point>
               <Hp>41000</Hp>
               <DeltaT>35</DeltaT>
            </point>
         </Tmax_f>
         <Tmin_g>
            <point>
               <Hp>-1000</Hp>
               <DeltaT>-57</DeltaT>
            </point>
            <point>
               <Hp>8000</Hp>
               <DeltaT>-39.2</DeltaT>
            </point>
         </Tmin_g>
         <Tmax_g>
            <point>
               <Hp>-1000</Hp>
               <DeltaT>35</DeltaT>
            </point>
            <point>
               <Hp>8000</Hp>
               <DeltaT>35</DeltaT>
            </point>
         </Tmax_g>
      </ELM>
      <DLM>
         <MTW>40530</MTW>
         <MTOW>40370</MTOW>
         <MLW>34100</MLW>
         <MZFW>32000</MZFW>
         <OEW>21890</OEW>
         <MPL>10110</MPL>
         <MFL>9428</MFL>
         <n1>2.5</n1>
         <n3>-1</n3>
         <nf1>2</nf1>
         <nf3>0</nf3>
      </DLM>
   </ALM>
   <Ground>
      <Dimensions>
         <span>26.00</span>
         <length>31.68</length>
      </Dimensions>
      <Runway>
         <TOL>2244</TOL>
         <LDL>1261</LDL>
      </Runway>
   </Ground>
   <ARPM>
      <AeroConfSchedule>
         <AeroPhase>
            <name>TO</name>
            <HLid>1</HLid>
            <LG>UP</LG>
         </AeroPhase>
         <AeroPhase>
            <name>IC</name>
            <HLid>1</HLid>
            <LG>UP</LG>
         </AeroPhase>
         <AeroPhase>
            <name>CR</name>
            <HLid>0</HLid>
            <LG>UP</LG>
         </AeroPhase>
         <AeroPhase>
            <name>AP</name>
            <HLid>2</HLid>
            <LG>UP</LG>
         </AeroPhase>
         <AeroPhase>
            <name>LD</name>
            <HLid>3</HLid>
            <LG>DN</LG>
         </AeroPhase>
      </AeroConfSchedule>
      <SpeedScheduleList>
         <SpeedSchedule>
            <CompanyName>Default</CompanyName>
            <SpeedPhase>
               <name>Climb</name>
               <CAS1>240</CAS1>
               <CAS2>290</CAS2>
               <M>0.70</M>
            </SpeedPhase>
            <SpeedPhase>
               <name>Cruise</name>
               <CAS1>240</CAS1>
               <CAS2>290</CAS2>
               <M>0.74</M>
            </SpeedPhase>
            <SpeedPhase>
               <name>Descent</name>
               <CAS1>250</CAS1>
               <CAS2>310</CAS2>
               <M>0.77</M>
            </SpeedPhase>
         </SpeedSchedule>
      </SpeedScheduleList>
   </ARPM>
</bada40:ACM>