<?xml version="1.0" encoding="utf-8"?>
<bada40:ACM xmlns:bada40="http://www.eurocontrol.int/eec/public/standard_page/bada40">
   <model>A340-642</model>
   <type>JET</type>
   <engine>RR TRENT 556</engine>
   <description/>
   <ICAO>
      <designator>A346</designator>
      <WTC>H</WTC>
   </ICAO>
   <AFCM>
      <S>437</S>
      <Configuration HLid="0">
         <HLPosition>0000</HLPosition>
         <name>CLEAN</name>
         <vfe>330</vfe>
         <LGUP>
            <DPM_clean>
               <M_max>0.86</M_max>
               <scalar>9.835e-007</scalar>
               <CD_clean>
                  <d>89316.19208313270100000000</d>
                  <d>-142816.40500298704000000000</d>
                  <d>96742.54253570546300000000</d>
                  <d>-28639.42760857856000000000</d>
                  <d>3817.50995075168110000000</d>
                  <d>4674.44951115642650000000</d>
                  <d>41593.15467509353800000000</d>
                  <d>-16291.96482752162600000000</d>
                  <d>2383.48424929211610000000</d>
                  <d>-117.77186456148226000000</d>
                  <d>7209.87520099684660000000</d>
                  <d>-2751.57689949921810000000</d>
                  <d>5503.74989645470760000000</d>
                  <d>-3520.99141785933990000000</d>
                  <d>730.75335329940606000000</d>
               </CD_clean>
            </DPM_clean>
            <BLM_clean>
               <Mmin>0.33</Mmin>
               <Mmax>0.86</Mmax>
               <CL_Mach0>1.3797</CL_Mach0>
               <CL_clean>
                  <bf>0.70830108839133188000</bf>
                  <bf>6.68796723651891250000</bf>
                  <bf>-25.74313571592857400000</bf>
                  <bf>35.92152901648029900000</bf>
                  <bf>-17.23405327181220100000</bf>
               </CL_clean>
            </BLM_clean>
         </LGUP>
      </Configuration>
      <Configuration HLid="1">
         <HLPosition>2000</HLPosition>
         <name>CONF 1</name>
         <vfe>280</vfe>
         <LGUP>
            <DPM_nonclean>
               <CD_nonclean>
                  <d>0.025519</d>
                  <d>-0.026967</d>
                  <d>0.065735</d>
               </CD_nonclean>
            </DPM_nonclean>
            <BLM>
               <CL_max>1.9882</CL_max>
            </BLM>
         </LGUP>
      </Configuration>
      <Configuration HLid="2">
         <HLPosition>2017</HLPosition>
         <name>CONF 1+F</name>
         <vfe>233</vfe>
         <LGUP>
            <DPM_nonclean>
               <CD_nonclean>
                  <d>0.06438</d>
                  <d>-0.078787</d>
                  <d>0.080392</d>
               </CD_nonclean>
            </DPM_nonclean>
            <BLM>
               <CL_max>2.2814</CL_max>
            </BLM>
         </LGUP>
      </Configuration>
      <Configuration HLid="3">
         <HLPosition>2322</HLPosition>
         <name>CONF 2</name>
         <vfe>216</vfe>
         <LGUP>
            <DPM_nonclean>
               <CD_nonclean>
                  <d>0.062006</d>
                  <d>-0.052282</d>
                  <d>0.064332</d>
               </CD_nonclean>
            </DPM_nonclean>
            <BLM>
               <CL_max>2.3944</CL_max>
            </BLM>
         </LGUP>
      </Configuration>
      <Configuration HLid="4">
         <HLPosition>2329</HLPosition>
         <name>CONF 3</name>
         <vfe>206</vfe>
         <LGUP>
            <DPM_nonclean>
               <CD_nonclean>
                  <d>0.072585</d>
                  <d>-0.065378</d>
                  <d>0.070154</d>
               </CD_nonclean>
            </DPM_nonclean>
            <BLM>
               <CL_max>2.3832</CL_max>
            </BLM>
         </LGUP>
         <LGDN>
            <DPM_nonclean>
               <CD_nonclean>
                  <d>0.089732</d>
                  <d>-0.063207</d>
                  <d>0.070952</d>
               </CD_nonclean>
            </DPM_nonclean>
            <BLM>
               <CL_max>2.3551</CL_max>
            </BLM>
         </LGDN>
      </Configuration>
      <Configuration HLid="5">
         <HLPosition>2334</HLPosition>
         <name>FULL</name>
         <vfe>200</vfe>
         <LGUP>
            <DPM_nonclean>
               <CD_nonclean>
                  <d>0.088936</d>
                  <d>-0.074473</d>
                  <d>0.07095</d>
               </CD_nonclean>
            </DPM_nonclean>
            <BLM>
               <CL_max>2.504</CL_max>
            </BLM>
         </LGUP>
         <LGDN>
            <DPM_nonclean>
               <CD_nonclean>
                  <d>0.10707</d>
                  <d>-0.075389</d>
                  <d>0.073285</d>
               </CD_nonclean>
            </DPM_nonclean>
            <BLM>
               <CL_max>2.504</CL_max>
            </BLM>
         </LGDN>
      </Configuration>
   </AFCM>
   <PFM>
      <MREF>380000</MREF>
      <LHV>43217000</LHV>
      <rho>810</rho>
      <n_eng>4</n_eng>
      <TFA>35</TFA>
      <TFM>
         <CT>
            <a>0</a>
            <a>-0.09999999999984268700</a>
            <a>0</a>
            <a>0</a>
            <a>0</a>
            <a>0</a>
            <a>0.29999999999981136000</a>
            <a>0</a>
            <a>0</a>
            <a>0</a>
            <a>0</a>
            <a>0</a>
            <a>0</a>
            <a>0</a>
            <a>0</a>
            <a>0</a>
            <a>0</a>
            <a>0</a>
            <a>0</a>
            <a>0</a>
            <a>0</a>
            <a>0</a>
            <a>0</a>
            <a>0</a>
            <a>0</a>
            <a>0</a>
            <a>0</a>
            <a>0</a>
            <a>0</a>
            <a>0</a>
            <a>0</a>
            <a>0</a>
            <a>0</a>
            <a>0</a>
            <a>0</a>
            <a>0</a>
         </CT>
         <CF>
            <f>-0.00075480998828615512</f>
            <f>2.11310083792230240000</f>
            <f>-21.17728887261543100000</f>
            <f>115.61235729739626000000</f>
            <f>-165.67662361807649000000</f>
            <f>0.06498922186883049300</f>
            <f>-1.44071180191540790000</f>
            <f>54.68720156719295000000</f>
            <f>-343.98321906205524000000</f>
            <f>665.32149658428932000000</f>
            <f>0</f>
            <f>0</f>
            <f>0</f>
            <f>0</f>
            <f>0</f>
            <f>0</f>
            <f>0</f>
            <f>0</f>
            <f>0</f>
            <f>0</f>
            <f>0</f>
            <f>0</f>
            <f>0</f>
            <f>0</f>
            <f>0</f>
         </CF>
         <MCRZ>
            <kink>10</kink>
            <flat_rating>
               <b>-3.58433821812681950000</b>
               <b>11.52864371880172300000</b>
               <b>-8.83768221808631790000</b>
               <b>0</b>
               <b>0</b>
               <b>0</b>
               <b>33.72193539873796900000</b>
               <b>-93.76087968455922800000</b>
               <b>85.25818540338339300000</b>
               <b>0</b>
               <b>0</b>
               <b>0</b>
               <b>-111.28641916520556000000</b>
               <b>340.93206051961533000000</b>
               <b>-344.94838843037087000000</b>
               <b>0</b>
               <b>0</b>
               <b>0</b>
               <b>188.41441213910443000000</b>
               <b>-634.80886438314974000000</b>
               <b>680.57179064067111000000</b>
               <b>0</b>
               <b>0</b>
               <b>0</b>
               <b>-160.50776479128692000000</b>
               <b>582.15420343417645000000</b>
               <b>-643.69087320521680000000</b>
               <b>0</b>
               <b>0</b>
               <b>0</b>
               <b>54.01930609165748400000</b>
               <b>-206.61208160645410000000</b>
               <b>232.10169517568841000000</b>
               <b>0</b>
               <b>0</b>
               <b>0</b>
            </flat_rating>
            <temp_rating>
               <c>97.97529072068748200000</c>
               <c>-491.14721698118376000000</c>
               <c>491.59783431979059000000</c>
               <c>0</c>
               <c>0</c>
               <c>-327.13373718208169000000</c>
               <c>1724.53749005422330000000</c>
               <c>-1732.54487950766770000000</c>
               <c>0</c>
               <c>0</c>
               <c>394.04149698290274000000</c>
               <c>-2205.31370012561460000000</c>
               <c>2233.57163873563150000000</c>
               <c>0</c>
               <c>0</c>
               <c>-198.61386575381329000000</c>
               <c>1203.72406342138700000000</c>
               <c>-1233.58797174317400000000</c>
               <c>0</c>
               <c>0</c>
               <c>33.29731681998818300000</c>
               <c>-231.61585556225498000000</c>
               <c>241.61873157347037000000</c>
               <c>0</c>
               <c>0</c>
               <c>3.88315815914976880000</c>
               <c>0.44096747878655534000</c>
               <c>0.90542815376734220000</c>
               <c>0</c>
               <c>0</c>
               <c>-6.43063132155189530000</c>
               <c>2.43044621508440000000</c>
               <c>-11.73405180641199900000</c>
               <c>0</c>
               <c>0</c>
               <c>5.28138842573332570000</c>
               <c>-5.96455300729012090000</c>
               <c>19.99863160527078400000</c>
               <c>0</c>
               <c>0</c>
               <c>-1.63922940585855700000</c>
               <c>3.19616017819961630000</c>
               <c>-9.91545892611577530000</c>
               <c>0</c>
               <c>0</c>
            </temp_rating>
         </MCRZ>
         <MCMB>
            <kink>10</kink>
            <flat_rating>
               <b>-3.10749328238159350000</b>
               <b>10.30722167646949600000</b>
               <b>-8.11076440118910470000</b>
               <b>0</b>
               <b>0</b>
               <b>0</b>
               <b>29.19991764009904500000</b>
               <b>-82.78511447805819000000</b>
               <b>79.27262123623398800000</b>
               <b>0</b>
               <b>0</b>
               <b>0</b>
               <b>-96.68693560848326700000</b>
               <b>308.91890233855071000000</b>
               <b>-330.61472234185561000000</b>
               <b>0</b>
               <b>0</b>
               <b>0</b>
               <b>168.54698906441095000000</b>
               <b>-599.14629369952695000000</b>
               <b>672.13325752347339000000</b>
               <b>0</b>
               <b>0</b>
               <b>0</b>
               <b>-148.32199289025206000000</b>
               <b>566.49315164711606000000</b>
               <b>-646.39754954141972000000</b>
               <b>0</b>
               <b>0</b>
               <b>0</b>
               <b>51.22768535128388100000</b>
               <b>-204.73876501070524000000</b>
               <b>234.61339013283344000000</b>
               <b>0</b>
               <b>0</b>
               <b>0</b>
            </flat_rating>
            <temp_rating>
               <c>-70.17795291985905200000</c>
               <c>124.53975056632743000000</c>
               <c>-97.61621217438552400000</c>
               <c>0</c>
               <c>0</c>
               <c>339.91870204699245000000</c>
               <c>-737.86844142935752000000</c>
               <c>646.59467975993891000000</c>
               <c>0</c>
               <c>0</c>
               <c>-598.18775353533067000000</c>
               <c>1488.29354258020910000000</c>
               <c>-1369.93786558680470000000</c>
               <c>0</c>
               <c>0</c>
               <c>457.38399473246005000000</c>
               <c>-1260.02624938249910000000</c>
               <c>1193.90848572216600000000</c>
               <c>0</c>
               <c>0</c>
               <c>-129.43424866971000000000</c>
               <c>385.28454497919807000000</c>
               <c>-372.26465548565710000000</c>
               <c>0</c>
               <c>0</c>
               <c>3.58240350753051920000</c>
               <c>2.41293491551545670000</c>
               <c>-0.78167578156041384000</c>
               <c>0</c>
               <c>0</c>
               <c>-4.12197036465082700000</c>
               <c>-6.56661811148625670000</c>
               <c>-5.51853183027160820000</c>
               <c>0</c>
               <c>0</c>
               <c>2.28314516788410730000</c>
               <c>3.67786694162987530000</c>
               <c>15.18099659062432500000</c>
               <c>0</c>
               <c>0</c>
               <c>-0.45575721227879989000</c>
               <c>-0.04532246010819306800</c>
               <c>-9.00367166800761610000</c>
               <c>0</c>
               <c>0</c>
            </temp_rating>
         </MCMB>
         <LIDL>
            <CT>
               <ti>0.04396770311749708500</ti>
               <ti>-0.25343568718765419000</ti>
               <ti>0.53992274541456708000</ti>
               <ti>-0.32069197934812471000</ti>
               <ti>-0.12802447392182306000</ti>
               <ti>0.85915345675981236000</ti>
               <ti>-1.98466726202770060000</ti>
               <ti>1.22709508746989830000</ti>
               <ti>0.10822679296977729000</ti>
               <ti>-0.82932608159497223000</ti>
               <ti>1.96877563713589020000</ti>
               <ti>-1.25417068612412640000</ti>
            </CT>
            <CF>
               <fi>-0.00967522391453481090</fi>
               <fi>0.05605919529386392500</fi>
               <fi>0.05765809300739332300</fi>
               <fi>0.03620908219412706500</fi>
               <fi>-0.03822244412007672100</fi>
               <fi>-0.37613764019583557000</fi>
               <fi>-0.01997106574410276200</fi>
               <fi>-0.02652250884820138400</fi>
               <fi>0.45892635698763501000</fi>
            </CF>
         </LIDL>
         <throttle>
            <low>0.4879244944</low>
            <high>1.084204878</high>
         </throttle>
      </TFM>
   </PFM>
   <OPM>
      <LGO>
         <Transition>
            <from>0</from>
            <to>1</to>
            <time>20</time>
         </Transition>
         <Transition>
            <from>1</from>
            <to>0</to>
            <time>20</time>
         </Transition>
      </LGO>
      <HLO>
         <Transition>
            <from>0</from>
            <to>1</to>
            <time>11.6</time>
         </Transition>
         <Transition>
            <from>1</from>
            <to>2</to>
            <time>10</time>
         </Transition>
         <Transition>
            <from>2</from>
            <to>3</to>
            <time>7.2</time>
         </Transition>
         <Transition>
            <from>3</from>
            <to>4</to>
            <time>2.1</time>
         </Transition>
         <Transition>
            <from>4</from>
            <to>5</to>
            <time>1.6</time>
         </Transition>
         <Transition>
            <from>5</from>
            <to>4</to>
            <time>1.6</time>
         </Transition>
         <Transition>
            <from>4</from>
            <to>3</to>
            <time>1.4</time>
         </Transition>
         <Transition>
            <from>3</from>
            <to>2</to>
            <time>1.8</time>
         </Transition>
         <Transition>
            <from>2</from>
            <to>1</to>
            <time>4</time>
         </Transition>
         <Transition>
            <from>1</from>
            <to>0</to>
            <time>11.6</time>
         </Transition>
      </HLO>
   </OPM>
   <ALM>
      <GLM>
         <hmo>41500</hmo>
         <mfa>20000</mfa>
      </GLM>
      <KLM>
         <mmo>0.86</mmo>
         <vmo>330</vmo>
         <mle>0.55</mle>
         <vle>250</vle>
         <mlo>0.55</mlo>
         <vloe>250</vloe>
         <vlor>250</vlor>
      </KLM>
      <ELM>
         <Tmin_f>
            <point>
               <Hp>-2000</Hp>
               <DeltaT>-81</DeltaT>
            </point>
            <point>
               <Hp>0</Hp>
               <DeltaT>-77</DeltaT>
            </point>
            <point>
               <Hp>32500</Hp>
               <DeltaT>-30.6</DeltaT>
            </point>
            <point>
               <Hp>36089</Hp>
               <DeltaT>-23.5</DeltaT>
            </point>
            <point>
               <Hp>41500</Hp>
               <DeltaT>-23.5</DeltaT>
            </point>
         </Tmin_f>
         <Tmax_f>
            <point>
               <Hp>-2000</Hp>
               <DeltaT>36</DeltaT>
            </point>
            <point>
               <Hp>0</Hp>
               <DeltaT>40</DeltaT>
            </point>
            <point>
               <Hp>16600</Hp>
               <DeltaT>40</DeltaT>
            </point>
            <point>
               <Hp>16601</Hp>
               <DeltaT>35</DeltaT>
            </point>
            <point>
               <Hp>36089</Hp>
               <DeltaT>35</DeltaT>
            </point>
            <point>
               <Hp>41500</Hp>
               <DeltaT>24.3</DeltaT>
            </point>
         </Tmax_f>
         <Tmin_g>
            <point>
               <Hp>-2000</Hp>
               <DeltaT>-73</DeltaT>
            </point>
            <point>
               <Hp>6000</Hp>
               <DeltaT>-57.1</DeltaT>
            </point>
            <point>
               <Hp>14600</Hp>
               <DeltaT>-18.1</DeltaT>
            </point>
         </Tmin_g>
         <Tmax_g>
            <point>
               <Hp>-2000</Hp>
               <DeltaT>36</DeltaT>
            </point>
            <point>
               <Hp>0</Hp>
               <DeltaT>40</DeltaT>
            </point>
            <point>
               <Hp>14600</Hp>
               <DeltaT>40</DeltaT>
            </point>
         </Tmax_g>
      </ELM>
      <DLM>
         <MTW>381200</MTW>
         <MTOW>380000</MTOW>
         <MLW>265000</MLW>
         <MZFW>251000</MZFW>
         <OEW>187000</OEW>
         <MPL>64000</MPL>
         <MFL>153800</MFL>
         <n1>2.5</n1>
         <n3>-1</n3>
         <nf1>2</nf1>
         <nf3>0</nf3>
      </DLM>
   </ALM>
   <Ground>
      <Dimensions>
         <span>63.449</span>
         <length>75.362</length>
      </Dimensions>
      <Runway>
         <TOL>3140</TOL>
         <LDL>2200</LDL>
      </Runway>
   </Ground>
   <ARPM>
      <AeroConfSchedule>
         <AeroPhase>
            <name>TO</name>
            <HLid>3</HLid>
            <LG>UP</LG>
         </AeroPhase>
         <AeroPhase>
            <name>IC</name>
            <HLid>2</HLid>
            <LG>UP</LG>
         </AeroPhase>
         <AeroPhase>
            <name>CR</name>
            <HLid>0</HLid>
            <LG>UP</LG>
         </AeroPhase>
         <AeroPhase>
            <name>AP</name>
            <HLid>3</HLid>
            <LG>UP</LG>
         </AeroPhase>
         <AeroPhase>
            <name>LD</name>
            <HLid>5</HLid>
            <LG>DN</LG>
         </AeroPhase>
      </AeroConfSchedule>
      <SpeedScheduleList>
         <SpeedSchedule>
            <CompanyName>Default</CompanyName>
            <SpeedPhase>
               <name>Climb</name>
               <CAS1>310</CAS1>
               <CAS2>310</CAS2>
               <M>0.81</M>
            </SpeedPhase>
            <SpeedPhase>
               <name>Cruise</name>
               <CAS1>250</CAS1>
               <CAS2>310</CAS2>
               <M>0.83</M>
            </SpeedPhase>
            <SpeedPhase>
               <name>Descent</name>
               <CAS1>300</CAS1>
               <CAS2>300</CAS2>
               <M>0.84</M>
            </SpeedPhase>
         </SpeedSchedule>
      </SpeedScheduleList>
   </ARPM>
</bada40:ACM>