<?xml version="1.0" encoding="utf-8"?>
<bada40:ACM xmlns:bada40="http://www.eurocontrol.int/eec/public/standard_page/bada40">
   <model>787-9</model>
   <type>JET</type>
   <engine>Trent 1000-AE</engine>
   <description/>
   <ICAO>
      <designator>B789</designator>
      <WTC>H</WTC>
   </ICAO>
   <AFCM>
      <S>360.46379520000005000000</S>
      <Configuration HLid="0">
         <HLPosition>0000</HLPosition>
         <name>flaps  0</name>
         <vfe>360</vfe>
         <LGUP>
            <DPM_clean>
               <M_max>0.90000</M_max>
               <scalar>9.835e-007</scalar>
               <CD_clean>
                  <d>129104.47459100459000000000</d>
                  <d>-295709.15728300996000000000</d>
                  <d>281163.44157104701000000000</d>
                  <d>-116718.30414589633000000000</d>
                  <d>18048.57987222679000000000</d>
                  <d>46614.14179558425500000000</d>
                  <d>-4237.20338004401490000000</d>
                  <d>-1093.96405118101440000000</d>
                  <d>239.76456465091556000000</d>
                  <d>-9.78366941279405290000</d>
                  <d>2391.88138964180420000000</d>
                  <d>4888.65567163771990000000</d>
                  <d>-6881.95534379991390000000</d>
                  <d>3238.58450236533010000000</d>
                  <d>-508.40678010962250000000</d>
               </CD_clean>
            </DPM_clean>
            <BLM_clean>
               <Mmin>0.20000</Mmin>
               <Mmax>0.90000</Mmax>
               <CL_Mach0>0.93084867365650981000</CL_Mach0>
               <CL_clean>
                  <bf>-0.21915853614929617000</bf>
                  <bf>16.99380043297415100000</bf>
                  <bf>-61.69324509109439700000</bf>
                  <bf>83.88401861850560700000</bf>
                  <bf>-39.01834008698976700000</bf>
               </CL_clean>
            </BLM_clean>
         </LGUP>
         <LGDN>
            <DPM_nonclean>
               <CD_nonclean>
                  <d>0.04947894122401913500</d>
                  <d>-0.02303964521947300700</d>
                  <d>0.05856507426476309500</d>
               </CD_nonclean>
            </DPM_nonclean>
            <BLM>
               <CL_max>0.93084867365650981000</CL_max>
            </BLM>
         </LGDN>
      </Configuration>
      <Configuration HLid="1">
         <HLPosition>0001</HLPosition>
         <name>flaps 1</name>
         <vfe>260</vfe>
         <LGUP>
            <DPM_nonclean>
               <CD_nonclean>
                  <d>0.02400874555294322000</d>
                  <d>-0.02342115107163796800</d>
                  <d>0.06023447115753295700</d>
               </CD_nonclean>
            </DPM_nonclean>
            <BLM>
               <CL_max>1.39274416510944450000</CL_max>
            </BLM>
         </LGUP>
         <LGDN>
            <DPM_nonclean>
               <CD_nonclean>
                  <d>0.05619938148396681800</d>
                  <d>-0.03224175481897668300</d>
                  <d>0.06256448267425383800</d>
               </CD_nonclean>
            </DPM_nonclean>
            <BLM>
               <CL_max>1.39274416510944450000</CL_max>
            </BLM>
         </LGDN>
      </Configuration>
      <Configuration HLid="2">
         <HLPosition>0005</HLPosition>
         <name>flaps 5</name>
         <vfe>240</vfe>
         <LGUP>
            <DPM_nonclean>
               <CD_nonclean>
                  <d>0.05014479036818978600</d>
                  <d>-0.06106628141133842900</d>
                  <d>0.07259685141222979600</d>
               </CD_nonclean>
            </DPM_nonclean>
            <BLM>
               <CL_max>1.66584377645263300000</CL_max>
            </BLM>
         </LGUP>
         <LGDN>
            <DPM_nonclean>
               <CD_nonclean>
                  <d>0.08081282292261275600</d>
                  <d>-0.07342296415711838100</d>
                  <d>0.07650481124359361000</d>
               </CD_nonclean>
            </DPM_nonclean>
            <BLM>
               <CL_max>1.66584377645263300000</CL_max>
            </BLM>
         </LGDN>
      </Configuration>
      <Configuration HLid="3">
         <HLPosition>0010</HLPosition>
         <name>flaps 10</name>
         <vfe>230</vfe>
         <LGUP>
            <DPM_nonclean>
               <CD_nonclean>
                  <d>0.05422427812717998300</d>
                  <d>-0.06307031634520288100</d>
                  <d>0.07186884112274813400</d>
               </CD_nonclean>
            </DPM_nonclean>
            <BLM>
               <CL_max>1.70331940455325850000</CL_max>
            </BLM>
         </LGUP>
         <LGDN>
            <DPM_nonclean>
               <CD_nonclean>
                  <d>0.08397528220675318200</d>
                  <d>-0.07428367590971397800</d>
                  <d>0.07493473818408548400</d>
               </CD_nonclean>
            </DPM_nonclean>
            <BLM>
               <CL_max>1.70331940455325850000</CL_max>
            </BLM>
         </LGDN>
      </Configuration>
      <Configuration HLid="4">
         <HLPosition>0015</HLPosition>
         <name>flaps 15</name>
         <vfe>220</vfe>
         <LGUP>
            <DPM_nonclean>
               <CD_nonclean>
                  <d>0.06256827899293111700</d>
                  <d>-0.07052585069233460700</d>
                  <d>0.07366447055241148700</d>
               </CD_nonclean>
            </DPM_nonclean>
            <BLM>
               <CL_max>1.75794703979533180000</CL_max>
            </BLM>
         </LGUP>
         <LGDN>
            <DPM_nonclean>
               <CD_nonclean>
                  <d>0.09048022801490794600</d>
                  <d>-0.07936241006576126600</d>
                  <d>0.07561514616141226700</d>
               </CD_nonclean>
            </DPM_nonclean>
            <BLM>
               <CL_max>1.75794703979533180000</CL_max>
            </BLM>
         </LGDN>
      </Configuration>
      <Configuration HLid="5">
         <HLPosition>0017</HLPosition>
         <name>flaps 17</name>
         <vfe>215</vfe>
         <LGUP>
            <DPM_nonclean>
               <CD_nonclean>
                  <d>0.06590898502609970900</d>
                  <d>-0.06582407143041584000</d>
                  <d>0.06919970625053853400</d>
               </CD_nonclean>
            </DPM_nonclean>
            <BLM>
               <CL_max>1.79859187160458720000</CL_max>
            </BLM>
         </LGUP>
         <LGDN>
            <DPM_nonclean>
               <CD_nonclean>
                  <d>0.09037946798638321600</d>
                  <d>-0.06620908129045582900</d>
                  <d>0.06620308226893008300</d>
               </CD_nonclean>
            </DPM_nonclean>
            <BLM>
               <CL_max>1.79859187160458720000</CL_max>
            </BLM>
         </LGDN>
      </Configuration>
      <Configuration HLid="6">
         <HLPosition>0018</HLPosition>
         <name>flaps 18</name>
         <vfe>215</vfe>
         <LGUP>
            <DPM_nonclean>
               <CD_nonclean>
                  <d>0.07220279153189680700</d>
                  <d>-0.07004046692913922000</d>
                  <d>0.07061288294753134700</d>
               </CD_nonclean>
            </DPM_nonclean>
            <BLM>
               <CL_max>1.84351983642663870000</CL_max>
            </BLM>
         </LGUP>
         <LGDN>
            <DPM_nonclean>
               <CD_nonclean>
                  <d>0.09788590632914716300</d>
                  <d>-0.07779942810544376900</d>
                  <d>0.07228866300085562400</d>
               </CD_nonclean>
            </DPM_nonclean>
            <BLM>
               <CL_max>1.84351983642663870000</CL_max>
            </BLM>
         </LGDN>
      </Configuration>
      <Configuration HLid="7">
         <HLPosition>0020</HLPosition>
         <name>flaps 20</name>
         <vfe>210</vfe>
         <LGUP>
            <DPM_nonclean>
               <CD_nonclean>
                  <d>0.07840806685430529200</d>
                  <d>-0.06849769578452015500</d>
                  <d>0.06820206377324032600</d>
               </CD_nonclean>
            </DPM_nonclean>
            <BLM>
               <CL_max>1.86370684099494930000</CL_max>
            </BLM>
         </LGUP>
         <LGDN>
            <DPM_nonclean>
               <CD_nonclean>
                  <d>0.10209276876419884000</d>
                  <d>-0.07121310078854208000</d>
                  <d>0.06713313744767296400</d>
               </CD_nonclean>
            </DPM_nonclean>
            <BLM>
               <CL_max>1.83496853831353430000</CL_max>
            </BLM>
         </LGDN>
      </Configuration>
      <Configuration HLid="8">
         <HLPosition>0025</HLPosition>
         <name>flaps 25</name>
         <vfe>190</vfe>
         <LGDN>
            <DPM_nonclean>
               <CD_nonclean>
                  <d>0.12339324394261646000</d>
                  <d>-0.09683810541136860000</d>
                  <d>0.07723287344840022700</d>
               </CD_nonclean>
            </DPM_nonclean>
            <BLM>
               <CL_max>1.99209607319162820000</CL_max>
            </BLM>
         </LGDN>
      </Configuration>
      <Configuration HLid="9">
         <HLPosition>0030</HLPosition>
         <name>flaps 30</name>
         <vfe>180</vfe>
         <LGDN>
            <DPM_nonclean>
               <CD_nonclean>
                  <d>0.12188132291633685000</d>
                  <d>-0.06335900226923392400</d>
                  <d>0.06246565878295618600</d>
               </CD_nonclean>
            </DPM_nonclean>
            <BLM>
               <CL_max>2.02461955326818540000</CL_max>
            </BLM>
         </LGDN>
      </Configuration>
   </AFCM>
   <PFM>
      <MREF>250837</MREF>
      <LHV>43217000</LHV>
      <rho>810</rho>
      <n_eng>2</n_eng>
      <TFA>18.9</TFA>
      <TFM>
         <CT>
            <a>0.00000000000000000000</a>
            <a>-0.10000000000263838000</a>
            <a>0.00000000000000000000</a>
            <a>0.00000000000000000000</a>
            <a>0.00000000000000000000</a>
            <a>0.00000000000000000000</a>
            <a>0.29999999997293564000</a>
            <a>0.00000000000000000000</a>
            <a>0.00000000000000000000</a>
            <a>0.00000000000000000000</a>
            <a>0.00000000000000000000</a>
            <a>0.00000000000000000000</a>
            <a>0.00000000000000000000</a>
            <a>0.00000000000000000000</a>
            <a>0.00000000000000000000</a>
            <a>0.00000000000000000000</a>
            <a>0.00000000000000000000</a>
            <a>0.00000000000000000000</a>
            <a>0.00000000000000000000</a>
            <a>0.00000000000000000000</a>
            <a>0.00000000000000000000</a>
            <a>0.00000000000000000000</a>
            <a>0.00000000000000000000</a>
            <a>0.00000000000000000000</a>
            <a>0.00000000000000000000</a>
            <a>0.00000000000000000000</a>
            <a>0.00000000000000000000</a>
            <a>0.00000000000000000000</a>
            <a>0.00000000000000000000</a>
            <a>0.00000000000000000000</a>
            <a>0.00000000000000000000</a>
            <a>0.00000000000000000000</a>
            <a>0.00000000000000000000</a>
            <a>0.00000000000000000000</a>
            <a>0.00000000000000000000</a>
            <a>0.00000000000000000000</a>
         </CT>
         <CF>
            <f>0.00069937499467696688</f>
            <f>1.54805097295006070000</f>
            <f>-17.14561524283141800000</f>
            <f>121.41079750749755000000</f>
            <f>-255.47494894895880000000</f>
            <f>0.06019711131865571700</f>
            <f>-0.58821855934677070000</f>
            <f>40.77196625253588300000</f>
            <f>-285.29309861015832000000</f>
            <f>631.03748189350836000000</f>
            <f>0.00000000000000000000</f>
            <f>0.00000000000000000000</f>
            <f>0.00000000000000000000</f>
            <f>0.00000000000000000000</f>
            <f>0.00000000000000000000</f>
            <f>0.00000000000000000000</f>
            <f>0.00000000000000000000</f>
            <f>0.00000000000000000000</f>
            <f>0.00000000000000000000</f>
            <f>0.00000000000000000000</f>
            <f>0.00000000000000000000</f>
            <f>0.00000000000000000000</f>
            <f>0.00000000000000000000</f>
            <f>0.00000000000000000000</f>
            <f>0.00000000000000000000</f>
         </CF>
         <MCRZ>
            <kink>10</kink>
            <flat_rating>
               <b>2.43817111551458470000</b>
               <b>-5.79705318673230340000</b>
               <b>4.39694021889154560000</b>
               <b>0.00000000000000000000</b>
               <b>0.00000000000000000000</b>
               <b>0.00000000000000000000</b>
               <b>-15.35973598373236900000</b>
               <b>51.10040988760722100000</b>
               <b>-33.90692038516802900000</b>
               <b>0.00000000000000000000</b>
               <b>0.00000000000000000000</b>
               <b>0.00000000000000000000</b>
               <b>51.69437680343571600000</b>
               <b>-165.65300112809302000000</b>
               <b>102.82259167969492000000</b>
               <b>0.00000000000000000000</b>
               <b>0.00000000000000000000</b>
               <b>0.00000000000000000000</b>
               <b>-83.06136519740219600000</b>
               <b>257.89515882113790000000</b>
               <b>-154.37621701437484000000</b>
               <b>0.00000000000000000000</b>
               <b>0.00000000000000000000</b>
               <b>0.00000000000000000000</b>
               <b>64.80873292864394800000</b>
               <b>-198.28377430629757000000</b>
               <b>115.95223091434814000000</b>
               <b>0.00000000000000000000</b>
               <b>0.00000000000000000000</b>
               <b>0.00000000000000000000</b>
               <b>-19.95807659235820000000</b>
               <b>60.91792657192622300000</b>
               <b>-35.11856896299183700000</b>
               <b>0.00000000000000000000</b>
               <b>0.00000000000000000000</b>
               <b>0.00000000000000000000</b>
            </flat_rating>
            <temp_rating>
               <c>-10.59424501603198700000</c>
               <c>-241.41620698445575000000</c>
               <c>414.99734418320224000000</c>
               <c>0.00000000000000000000</c>
               <c>0.00000000000000000000</c>
               <c>93.81734446065476600000</c>
               <c>781.93253658832646000000</c>
               <c>-1503.65536712627360000000</c>
               <c>0.00000000000000000000</c>
               <c>0.00000000000000000000</c>
               <c>-208.98326528670580000000</c>
               <c>-901.66210057724641000000</c>
               <c>2021.49898762287350000000</c>
               <c>0.00000000000000000000</c>
               <c>0.00000000000000000000</c>
               <c>182.13182769490814000000</c>
               <c>417.14391868523950000000</c>
               <c>-1183.30691593493290000000</c>
               <c>0.00000000000000000000</c>
               <c>0.00000000000000000000</c>
               <c>-56.20220849526723600000</c>
               <c>-56.92937898558246700000</c>
               <c>252.18388571017911000000</c>
               <c>0.00000000000000000000</c>
               <c>0.00000000000000000000</c>
               <c>-0.25125376805755362000</c>
               <c>11.80244093957736100000</c>
               <c>-11.86583228423078200000</c>
               <c>0.00000000000000000000</c>
               <c>0.00000000000000000000</c>
               <c>5.15173367514861620000</c>
               <c>-37.20208321763114900000</c>
               <c>34.72605514773824400000</c>
               <c>0.00000000000000000000</c>
               <c>0.00000000000000000000</c>
               <c>-7.84173046638184080000</c>
               <c>44.10986353512375000000</c>
               <c>-41.41424714272689300000</c>
               <c>0.00000000000000000000</c>
               <c>0.00000000000000000000</c>
               <c>3.62813765834558840000</c>
               <c>-18.53965553903093200000</c>
               <c>17.88447347523618100000</c>
               <c>0.00000000000000000000</c>
               <c>0.00000000000000000000</c>
            </temp_rating>
         </MCRZ>
         <MCMB>
            <kink>10</kink>
            <flat_rating>
               <b>1.96583068393517600000</b>
               <b>-4.12018836244595830000</b>
               <b>3.07975211865038110000</b>
               <b>0.00000000000000000000</b>
               <b>0.00000000000000000000</b>
               <b>0.00000000000000000000</b>
               <b>-10.14506470503381400000</b>
               <b>33.91946808831817600000</b>
               <b>-20.00489263930010300000</b>
               <b>0.00000000000000000000</b>
               <b>0.00000000000000000000</b>
               <b>0.00000000000000000000</b>
               <b>32.53630161733371300000</b>
               <b>-100.63913261665473000000</b>
               <b>48.75302861110490200000</b>
               <b>0.00000000000000000000</b>
               <b>0.00000000000000000000</b>
               <b>0.00000000000000000000</b>
               <b>-49.65844928255759800000</b>
               <b>141.57368274912341000000</b>
               <b>-55.77167363418900700000</b>
               <b>0.00000000000000000000</b>
               <b>0.00000000000000000000</b>
               <b>0.00000000000000000000</b>
               <b>36.92202083492403400000</b>
               <b>-99.25192611422710300000</b>
               <b>30.69747610611964500000</b>
               <b>0.00000000000000000000</b>
               <b>0.00000000000000000000</b>
               <b>0.00000000000000000000</b>
               <b>-10.98928092355063200000</b>
               <b>28.57454674524478500000</b>
               <b>-6.89228758827332120000</b>
               <b>0.00000000000000000000</b>
               <b>0.00000000000000000000</b>
               <b>0.00000000000000000000</b>
            </flat_rating>
            <temp_rating>
               <c>-120.38478246920613000000</c>
               <c>133.56383340312235000000</c>
               <c>94.74660813089843700000</c>
               <c>0.00000000000000000000</c>
               <c>0.00000000000000000000</c>
               <c>533.69481849287592000000</c>
               <c>-724.16204357081972000000</c>
               <c>-215.52062783861430000000</c>
               <c>0.00000000000000000000</c>
               <c>0.00000000000000000000</c>
               <c>-867.68329211363618000000</c>
               <c>1360.59451363818830000000</c>
               <c>84.08049915201692700000</c>
               <c>0.00000000000000000000</c>
               <c>0.00000000000000000000</c>
               <c>619.12248930179362000000</c>
               <c>-1088.72842295981130000000</c>
               <c>108.10210691483782000000</c>
               <c>0.00000000000000000000</c>
               <c>0.00000000000000000000</c>
               <c>-164.62800362678496000000</c>
               <c>317.95960895225329000000</c>
               <c>-69.76490499544706800000</c>
               <c>0.00000000000000000000</c>
               <c>0.00000000000000000000</c>
               <c>0.33440180021055949000</c>
               <c>10.58646200736916200000</c>
               <c>-11.25369152793956200000</c>
               <c>0.00000000000000000000</c>
               <c>0.00000000000000000000</c>
               <c>3.85893854742503130000</c>
               <c>-34.66296532303083900000</c>
               <c>33.89119509583000000000</c>
               <c>0.00000000000000000000</c>
               <c>0.00000000000000000000</c>
               <c>-6.64389328422208350000</c>
               <c>42.22875163449273100000</c>
               <c>-41.67410046888123500000</c>
               <c>0.00000000000000000000</c>
               <c>0.00000000000000000000</c>
               <c>3.25379352764011510000</c>
               <c>-18.25169282327570400000</c>
               <c>18.56017530245638300000</c>
               <c>0.00000000000000000000</c>
               <c>0.00000000000000000000</c>
            </temp_rating>
         </MCMB>
         <MTKF>
            <kink>10</kink>
            <flat_rating>
               <b>134.81811909561526000000</b>
               <b>-641.07201611259006000000</b>
               <b>727.59496016107971000000</b>
               <b>0.00000000000000000000</b>
               <b>0.00000000000000000000</b>
               <b>0.00000000000000000000</b>
               <b>-1010.01424510338480000000</b>
               <b>4809.37041230020530000000</b>
               <b>-5457.49552367931390000000</b>
               <b>0.00000000000000000000</b>
               <b>0.00000000000000000000</b>
               <b>0.00000000000000000000</b>
               <b>2968.57771841579420000000</b>
               <b>-14101.14578618581100000000</b>
               <b>16029.20054055149900000000</b>
               <b>0.00000000000000000000</b>
               <b>0.00000000000000000000</b>
               <b>0.00000000000000000000</b>
               <b>-4265.96650038203100000000</b>
               <b>20250.51609923522500000000</b>
               <b>-23086.43268995229700000000</b>
               <b>0.00000000000000000000</b>
               <b>0.00000000000000000000</b>
               <b>0.00000000000000000000</b>
               <b>3004.87731313600720000000</b>
               <b>-14273.59078474532900000000</b>
               <b>16327.75101534651500000000</b>
               <b>0.00000000000000000000</b>
               <b>0.00000000000000000000</b>
               <b>0.00000000000000000000</b>
               <b>-831.72575161098348000000</b>
               <b>3956.77996419343660000000</b>
               <b>-4542.21641020797230000000</b>
               <b>0.00000000000000000000</b>
               <b>0.00000000000000000000</b>
               <b>0.00000000000000000000</b>
            </flat_rating>
            <temp_rating>
               <c>5551.01717797080530000000</c>
               <c>-26423.89185793266400000000</c>
               <c>29578.73425743004900000000</c>
               <c>0.00000000000000000000</c>
               <c>0.00000000000000000000</c>
               <c>-20652.44097041723600000000</c>
               <c>98735.48816411086600000000</c>
               <c>-110819.56924422504000000000</c>
               <c>0.00000000000000000000</c>
               <c>0.00000000000000000000</c>
               <c>28933.95157402459500000000</c>
               <c>-138882.50995340143000000000</c>
               <c>156233.75802653166000000000</c>
               <c>0.00000000000000000000</c>
               <c>0.00000000000000000000</c>
               <c>-17996.47759235867500000000</c>
               <c>86728.66934387780200000000</c>
               <c>-97793.77730014715100000000</c>
               <c>0.00000000000000000000</c>
               <c>0.00000000000000000000</c>
               <c>4192.79361307397990000000</c>
               <c>-20288.02431810582100000000</c>
               <c>22932.02921893634600000000</c>
               <c>0.00000000000000000000</c>
               <c>0.00000000000000000000</c>
               <c>-179.51880763448480000000</c>
               <c>811.80206092311471000000</c>
               <c>-810.66643632929117000000</c>
               <c>0.00000000000000000000</c>
               <c>0.00000000000000000000</c>
               <c>408.89459973844077000000</c>
               <c>-1823.16042231303780000000</c>
               <c>1816.65198127046030000000</c>
               <c>0.00000000000000000000</c>
               <c>0.00000000000000000000</c>
               <c>-396.50655843986846000000</c>
               <c>1754.36318896631970000000</c>
               <c>-1749.43822606973530000000</c>
               <c>0.00000000000000000000</c>
               <c>0.00000000000000000000</c>
               <c>139.19824609368004000000</c>
               <c>-613.26815218292302000000</c>
               <c>612.68863042088594000000</c>
               <c>0.00000000000000000000</c>
               <c>0.00000000000000000000</c>
            </temp_rating>
         </MTKF>
         <LIDL>
            <CT>
               <ti>0.01529386123947175200</ti>
               <ti>0.02040531643438350100</ti>
               <ti>-0.11505104043825000000</ti>
               <ti>0.06541498403557868800</ti>
               <ti>-0.02143913969541549200</ti>
               <ti>-0.06853468586014550800</ti>
               <ti>0.27606759137472903000</ti>
               <ti>-0.09951315174919250800</ti>
               <ti>0.01317590221945159000</ti>
               <ti>-0.02801764717726101100</ti>
               <ti>-0.11005886785031190000</ti>
               <ti>-0.02356157063001894400</ti>
            </CT>
            <CF>
               <fi>0.06964572736238625100</fi>
               <fi>-0.13645756104016168000</fi>
               <fi>0.07601744035002920600</fi>
               <fi>-0.13850911327166460000</fi>
               <fi>0.28970020113168532000</fi>
               <fi>-0.10220415967613865000</fi>
               <fi>0.06654212153297045500</fi>
               <fi>-0.08067634175052823500</fi>
               <fi>-0.05609895661394485200</fi>
            </CF>
         </LIDL>
         <throttle>
            <low>0.48177322505853226000</low>
            <high>1.06829694243736010000</high>
         </throttle>
      </TFM>
   </PFM>
   <OPM>
      <LGO>
         <Transition>
            <from>0</from>
            <to>1</to>
            <time>17.3</time>
         </Transition>
         <Transition>
            <from>1</from>
            <to>0</to>
            <time>17.3</time>
         </Transition>
      </LGO>
      <HLO>
         <Transition>
            <from>0</from>
            <to>1</to>
            <time>12.4</time>
         </Transition>
         <Transition>
            <from>1</from>
            <to>2</to>
            <time>14.6</time>
         </Transition>
         <Transition>
            <from>2</from>
            <to>3</to>
            <time>5.8</time>
         </Transition>
         <Transition>
            <from>3</from>
            <to>4</to>
            <time>2.3</time>
         </Transition>
         <Transition>
            <from>4</from>
            <to>5</to>
            <time>1.7</time>
         </Transition>
         <Transition>
            <from>5</from>
            <to>6</to>
            <time>1.8</time>
         </Transition>
         <Transition>
            <from>6</from>
            <to>7</to>
            <time>1.9</time>
         </Transition>
         <Transition>
            <from>7</from>
            <to>8</to>
            <time>5.8</time>
         </Transition>
         <Transition>
            <from>8</from>
            <to>9</to>
            <time>11.1</time>
         </Transition>
         <Transition>
            <from>9</from>
            <to>8</to>
            <time>11.1</time>
         </Transition>
         <Transition>
            <from>8</from>
            <to>7</to>
            <time>5.8</time>
         </Transition>
         <Transition>
            <from>7</from>
            <to>6</to>
            <time>1.9</time>
         </Transition>
         <Transition>
            <from>6</from>
            <to>5</to>
            <time>1.8</time>
         </Transition>
         <Transition>
            <from>5</from>
            <to>4</to>
            <time>1.7</time>
         </Transition>
         <Transition>
            <from>4</from>
            <to>3</to>
            <time>2.3</time>
         </Transition>
         <Transition>
            <from>3</from>
            <to>2</to>
            <time>5.8</time>
         </Transition>
         <Transition>
            <from>2</from>
            <to>1</to>
            <time>14.6</time>
         </Transition>
         <Transition>
            <from>1</from>
            <to>0</to>
            <time>12.4</time>
         </Transition>
      </HLO>
   </OPM>
   <ALM>
      <GLM>
         <hmo>43100</hmo>
         <mfa>20000</mfa>
      </GLM>
      <KLM>
         <mmo>0.9</mmo>
         <vmo>360</vmo>
         <mle>0.82</mle>
         <vle>270</vle>
         <mlo>0.82</mlo>
         <vloe>270</vloe>
         <vlor>270</vlor>
      </KLM>
      <ELM>
         <Tmin_f>
            <point>
               <Hp>-2000.0</Hp>
               <DeltaT>-81.00000000000000000000</DeltaT>
            </point>
            <point>
               <Hp>0.0</Hp>
               <DeltaT>-77.00000000000000000000</DeltaT>
            </point>
            <point>
               <Hp>32808.0</Hp>
               <DeltaT>-30.00000000000000000000</DeltaT>
            </point>
            <point>
               <Hp>36089.0</Hp>
               <DeltaT>-23.50000000000000000000</DeltaT>
            </point>
            <point>
               <Hp>43100.0</Hp>
               <DeltaT>-23.50000000000000000000</DeltaT>
            </point>
         </Tmin_f>
         <Tmax_f>
            <point>
               <Hp>-2000.0</Hp>
               <DeltaT>35.03999999999999900000</DeltaT>
            </point>
            <point>
               <Hp>0.0</Hp>
               <DeltaT>39.39999999999999900000</DeltaT>
            </point>
            <point>
               <Hp>10000.0</Hp>
               <DeltaT>39.39999999999999900000</DeltaT>
            </point>
            <point>
               <Hp>10001.0</Hp>
               <DeltaT>34.00000000000000000000</DeltaT>
            </point>
            <point>
               <Hp>36089.0</Hp>
               <DeltaT>34.00000000000000000000</DeltaT>
            </point>
            <point>
               <Hp>43100.0</Hp>
               <DeltaT>20.00000000000000000000</DeltaT>
            </point>
         </Tmax_f>
         <Tmin_g>
            <point>
               <Hp>-2000.0</Hp>
               <DeltaT>-73.00000000000000000000</DeltaT>
            </point>
            <point>
               <Hp>6500.0</Hp>
               <DeltaT>-56.00000000000000000000</DeltaT>
            </point>
            <point>
               <Hp>8500.0</Hp>
               <DeltaT>-43.00000000000000000000</DeltaT>
            </point>
         </Tmin_g>
         <Tmax_g>
            <point>
               <Hp>-2000.0</Hp>
               <DeltaT>35.03999999999999900000</DeltaT>
            </point>
            <point>
               <Hp>0.0</Hp>
               <DeltaT>39.39999999999999900000</DeltaT>
            </point>
            <point>
               <Hp>8500.0</Hp>
               <DeltaT>39.39999999999999900000</DeltaT>
            </point>
         </Tmax_g>
      </ELM>
      <DLM>
         <MTW>251744</MTW>
         <MTOW>250837</MTOW>
         <MLW>192777</MLW>
         <MZFW>181437</MZFW>
         <OEW>138000</OEW>
         <MPL>45360</MPL>
         <MFL>126372</MFL>
         <n1>2.5</n1>
         <n3>-1</n3>
         <nf1>2</nf1>
         <nf3>0</nf3>
      </DLM>
   </ALM>
   <Ground>
      <Dimensions>
         <span>60.12</span>
         <length>62.81</length>
      </Dimensions>
      <Runway>
         <TOL>3100</TOL>
         <LDL>1670</LDL>
      </Runway>
   </Ground>
   <ARPM>
      <AeroConfSchedule>
         <AeroPhase>
            <name>TO</name>
            <HLid>2</HLid>
            <LG>UP</LG>
         </AeroPhase>
         <AeroPhase>
            <name>IC</name>
            <HLid>1</HLid>
            <LG>UP</LG>
         </AeroPhase>
         <AeroPhase>
            <name>CR</name>
            <HLid>0</HLid>
            <LG>UP</LG>
         </AeroPhase>
         <AeroPhase>
            <name>AP</name>
            <HLid>3</HLid>
            <LG>UP</LG>
         </AeroPhase>
         <AeroPhase>
            <name>LD</name>
            <HLid>6</HLid>
            <LG>DN</LG>
         </AeroPhase>
      </AeroConfSchedule>
      <SpeedScheduleList>
         <SpeedSchedule>
            <CompanyName>Default</CompanyName>
            <SpeedPhase>
               <name>Climb</name>
               <CAS1>310</CAS1>
               <CAS2>310</CAS2>
               <M>0.84</M>
            </SpeedPhase>
            <SpeedPhase>
               <name>Cruise</name>
               <CAS1>310</CAS1>
               <CAS2>310</CAS2>
               <M>0.84</M>
            </SpeedPhase>
            <SpeedPhase>
               <name>Descent</name>
               <CAS1>310</CAS1>
               <CAS2>310</CAS2>
               <M>0.84</M>
            </SpeedPhase>
         </SpeedSchedule>
      </SpeedScheduleList>
   </ARPM>
</bada40:ACM>