<?xml version="1.0" encoding="utf-8"?>
<bada40:ACM xmlns:bada40="http://www.eurocontrol.int/eec/public/standard_page/bada40">
   <model>EMB-145XR</model>
   <type>JET</type>
   <engine>AE3007A1E</engine>
   <description/>
   <ICAO>
      <designator>E45X</designator>
      <WTC>M</WTC>
   </ICAO>
   <AFCM>
      <S>51.18</S>
      <Configuration HLid="0">
         <HLPosition>0000</HLPosition>
         <name>flaps 0</name>
         <vfe>320</vfe>
         <LGUP>
            <DPM_clean>
               <M_max>0.8</M_max>
               <scalar>9.835e-007</scalar>
               <CD_clean>
                  <d>-1059.07616642551400000000</d>
                  <d>144611.70163620691000000000</d>
                  <d>-256678.86866247182000000000</d>
                  <d>177314.13655646573000000000</d>
                  <d>-41455.09457070643100000000</d>
                  <d>7250.99706589776360000000</d>
                  <d>33082.47223630762900000000</d>
                  <d>-20375.29456507119900000000</d>
                  <d>3817.66000788447310000000</d>
                  <d>-218.75947703083114000000</d>
                  <d>20896.60870354853600000000</d>
                  <d>-51050.47095803148100000000</d>
                  <d>98928.14196795944000000000</d>
                  <d>-61846.99458691497400000000</d>
                  <d>12589.94492929790400000000</d>
               </CD_clean>
            </DPM_clean>
            <BLM_clean>
               <Mmin>0.3</Mmin>
               <Mmax>0.8</Mmax>
               <CL_Mach0>1.4891</CL_Mach0>
               <CL_clean>
                  <bf>1.09718794338515520000</bf>
                  <bf>-0.29464740336268630000</bf>
                  <bf>4.03428145220928960000</bf>
                  <bf>-8.45855968538971940000</bf>
                  <bf>3.54904163358450700000</bf>
               </CL_clean>
            </BLM_clean>
         </LGUP>
      </Configuration>
      <Configuration HLid="1">
         <HLPosition>0009</HLPosition>
         <name>flaps 9</name>
         <vfe>250</vfe>
         <LGUP>
            <DPM_nonclean>
               <CD_nonclean>
                  <d>0.066878</d>
                  <d>-0.070981</d>
                  <d>0.1009</d>
               </CD_nonclean>
            </DPM_nonclean>
            <BLM>
               <CL_max>1.8191</CL_max>
            </BLM>
         </LGUP>
         <LGDN>
            <DPM_nonclean>
               <CD_nonclean>
                  <d>0.086878</d>
                  <d>-0.070981</d>
                  <d>0.1009</d>
               </CD_nonclean>
            </DPM_nonclean>
            <BLM>
               <CL_max>1.7814</CL_max>
            </BLM>
         </LGDN>
      </Configuration>
      <Configuration HLid="2">
         <HLPosition>0018</HLPosition>
         <name>flaps 18</name>
         <vfe>200</vfe>
         <LGUP>
            <DPM_nonclean>
               <CD_nonclean>
                  <d>0.081878</d>
                  <d>-0.070981</d>
                  <d>0.1009</d>
               </CD_nonclean>
            </DPM_nonclean>
            <BLM>
               <CL_max>1.9753</CL_max>
            </BLM>
         </LGUP>
         <LGDN>
            <DPM_nonclean>
               <CD_nonclean>
                  <d>0.10188</d>
                  <d>-0.070981</d>
                  <d>0.1009</d>
               </CD_nonclean>
            </DPM_nonclean>
            <BLM>
               <CL_max>1.9327</CL_max>
            </BLM>
         </LGDN>
      </Configuration>
      <Configuration HLid="3">
         <HLPosition>0022</HLPosition>
         <name>flaps 22</name>
         <vfe>200</vfe>
         <LGUP>
            <DPM_nonclean>
               <CD_nonclean>
                  <d>0.086878</d>
                  <d>-0.070981</d>
                  <d>0.1009</d>
               </CD_nonclean>
            </DPM_nonclean>
            <BLM>
               <CL_max>2.0419</CL_max>
            </BLM>
         </LGUP>
         <LGDN>
            <DPM_nonclean>
               <CD_nonclean>
                  <d>0.10688</d>
                  <d>-0.070981</d>
                  <d>0.1009</d>
               </CD_nonclean>
            </DPM_nonclean>
            <BLM>
               <CL_max>1.9935</CL_max>
            </BLM>
         </LGDN>
      </Configuration>
      <Configuration HLid="4">
         <HLPosition>0045</HLPosition>
         <name>flaps 45</name>
         <vfe>160</vfe>
         <LGDN>
            <DPM_nonclean>
               <CD_nonclean>
                  <d>0.13688</d>
                  <d>-0.070981</d>
                  <d>0.1009</d>
               </CD_nonclean>
            </DPM_nonclean>
            <BLM>
               <CL_max>2.0119</CL_max>
            </BLM>
         </LGDN>
      </Configuration>
   </AFCM>
   <PFM>
      <MREF>24100</MREF>
      <LHV>43217000</LHV>
      <rho>810</rho>
      <n_eng>2</n_eng>
      <TFA>7.3</TFA>
      <TFM>
         <CT>
            <a>0</a>
            <a>-0.10000000017901142000</a>
            <a>0</a>
            <a>0</a>
            <a>0</a>
            <a>0</a>
            <a>0.30000000004472455000</a>
            <a>0</a>
            <a>0</a>
            <a>0</a>
            <a>0</a>
            <a>0</a>
            <a>0</a>
            <a>0</a>
            <a>0</a>
            <a>0</a>
            <a>0</a>
            <a>0</a>
            <a>0</a>
            <a>0</a>
            <a>0</a>
            <a>0</a>
            <a>0</a>
            <a>0</a>
            <a>0</a>
            <a>0</a>
            <a>0</a>
            <a>0</a>
            <a>0</a>
            <a>0</a>
            <a>0</a>
            <a>0</a>
            <a>0</a>
            <a>0</a>
            <a>0</a>
            <a>0</a>
         </CT>
         <CF>
            <f>0.01673499759446334500</f>
            <f>2.12958198613188850000</f>
            <f>-18.89413812006882400000</f>
            <f>84.64987817149551600000</f>
            <f>-93.11755793240450900000</f>
            <f>0.19776898304261298000</f>
            <f>-2.62198278086257330000</f>
            <f>72.62119105533594200000</f>
            <f>-340.98608537339163000000</f>
            <f>474.77524579384641000000</f>
            <f>0</f>
            <f>0</f>
            <f>0</f>
            <f>0</f>
            <f>0</f>
            <f>0</f>
            <f>0</f>
            <f>0</f>
            <f>0</f>
            <f>0</f>
            <f>0</f>
            <f>0</f>
            <f>0</f>
            <f>0</f>
            <f>0</f>
         </CF>
         <MCMB>
            <kink>9</kink>
            <flat_rating>
               <b>-1.03069666410794380000</b>
               <b>-1.41795787993246320000</b>
               <b>11.44847537142875500000</b>
               <b>0</b>
               <b>0</b>
               <b>0</b>
               <b>22.43279279387173000000</b>
               <b>23.82156109042981400000</b>
               <b>-127.06632545446628000000</b>
               <b>0</b>
               <b>0</b>
               <b>0</b>
               <b>-62.20236364059927300000</b>
               <b>-201.63229832190464000000</b>
               <b>596.14005773152087000000</b>
               <b>0</b>
               <b>0</b>
               <b>0</b>
               <b>53.31571131925370100000</b>
               <b>600.95285129459182000000</b>
               <b>-1325.86804395251720000000</b>
               <b>0</b>
               <b>0</b>
               <b>0</b>
               <b>6.20793703756399040000</b>
               <b>-725.18439097489465000000</b>
               <b>1365.36248309426330000000</b>
               <b>0</b>
               <b>0</b>
               <b>0</b>
               <b>-18.45772772500005500000</b>
               <b>306.13443974859354000000</b>
               <b>-524.18225436700152000000</b>
               <b>0</b>
               <b>0</b>
               <b>0</b>
            </flat_rating>
            <temp_rating>
               <c>1313.44802968670710000000</c>
               <c>-5518.12595459453950000000</c>
               <c>5606.57002934993310000000</c>
               <c>0</c>
               <c>0</c>
               <c>-5207.51633124756970000000</c>
               <c>22062.99114327956700000000</c>
               <c>-22521.82869085385000000000</c>
               <c>0</c>
               <c>0</c>
               <c>7761.83907447203640000000</c>
               <c>-33087.50939048093300000000</c>
               <c>33920.31740661394000000000</c>
               <c>0</c>
               <c>0</c>
               <c>-5138.17940831871420000000</c>
               <c>22013.96119114185400000000</c>
               <c>-22660.74545252354800000000</c>
               <c>0</c>
               <c>0</c>
               <c>1273.93337218646020000000</c>
               <c>-5481.87665725215720000000</c>
               <c>5664.95897550411520000000</c>
               <c>0</c>
               <c>0</c>
               <c>-14.93366017159433000000</c>
               <c>55.97864394333827000000</c>
               <c>-46.14980887901253900000</c>
               <c>0</c>
               <c>0</c>
               <c>30.35276246036323000000</c>
               <c>-114.72923411341614000000</c>
               <c>90.94113278110262400000</c>
               <c>0</c>
               <c>0</c>
               <c>-27.32159351050201200000</c>
               <c>106.08271942595572000000</c>
               <c>-82.94031915585362900000</c>
               <c>0</c>
               <c>0</c>
               <c>9.33696646621575430000</c>
               <c>-37.57709550659629400000</c>
               <c>29.59998257074851600000</c>
               <c>0</c>
               <c>0</c>
            </temp_rating>
         </MCMB>
         <LIDL>
            <CT>
               <ti>0.28189082093849754000</ti>
               <ti>-0.84900570907832940000</ti>
               <ti>0.23632605125663264000</ti>
               <ti>0.57726519734082737000</ti>
               <ti>-0.63435689732878575000</ti>
               <ti>0.57056979405039288000</ti>
               <ti>4.57185592826311550000</ti>
               <ti>-5.77781731586191240000</ti>
               <ti>0.16642863441380082000</ti>
               <ti>2.48400913970924320000</ti>
               <ti>-10.97834658777347100000</ti>
               <ti>9.86227392207041300000</ti>
            </CT>
            <CF>
               <fi>0.09003971555013991200</fi>
               <fi>-0.15545975837465398000</fi>
               <fi>0.21055601315733824000</fi>
               <fi>-0.19800846313667250000</fi>
               <fi>0.65208273711806242000</fi>
               <fi>-0.92763247424311701000</fi>
               <fi>0.18297191758950965000</fi>
               <fi>-0.68518502800265779000</fi>
               <fi>1.31554475334327400000</fi>
            </CF>
         </LIDL>
         <throttle>
            <low>0.4872290158</low>
            <high>1.299397652</high>
         </throttle>
      </TFM>
   </PFM>
   <OPM>
      <LGO>
         <Transition>
            <from>0</from>
            <to>1</to>
            <time>15</time>
         </Transition>
         <Transition>
            <from>1</from>
            <to>0</to>
            <time>10</time>
         </Transition>
      </LGO>
      <HLO>
         <Transition>
            <from>0</from>
            <to>1</to>
            <time>3</time>
         </Transition>
         <Transition>
            <from>1</from>
            <to>2</to>
            <time>2.5</time>
         </Transition>
         <Transition>
            <from>2</from>
            <to>3</to>
            <time>1.5</time>
         </Transition>
         <Transition>
            <from>3</from>
            <to>4</to>
            <time>7</time>
         </Transition>
         <Transition>
            <from>4</from>
            <to>3</to>
            <time>7</time>
         </Transition>
         <Transition>
            <from>3</from>
            <to>2</to>
            <time>1.5</time>
         </Transition>
         <Transition>
            <from>2</from>
            <to>1</to>
            <time>2.5</time>
         </Transition>
         <Transition>
            <from>1</from>
            <to>0</to>
            <time>3</time>
         </Transition>
      </HLO>
   </OPM>
   <ALM>
      <GLM>
         <hmo>37000</hmo>
         <mfa>20000</mfa>
      </GLM>
      <KLM>
         <mmo>0.8</mmo>
         <vmo>320</vmo>
         <vle>250</vle>
         <vloe>250</vloe>
         <vlor>200</vlor>
      </KLM>
      <ELM>
         <Tmin_f>
            <point>
               <Hp>-1000</Hp>
               <DeltaT>-71</DeltaT>
            </point>
            <point>
               <Hp>25000</Hp>
               <DeltaT>-19.5</DeltaT>
            </point>
            <point>
               <Hp>36089</Hp>
               <DeltaT>-7.7</DeltaT>
            </point>
            <point>
               <Hp>37000</Hp>
               <DeltaT>-8.5</DeltaT>
            </point>
         </Tmin_f>
         <Tmax_f>
            <point>
               <Hp>-1000</Hp>
               <DeltaT>35</DeltaT>
            </point>
            <point>
               <Hp>37000</Hp>
               <DeltaT>35</DeltaT>
            </point>
         </Tmax_f>
         <Tmin_g>
            <point>
               <Hp>-1000</Hp>
               <DeltaT>-57</DeltaT>
            </point>
            <point>
               <Hp>10000</Hp>
               <DeltaT>-35.2</DeltaT>
            </point>
         </Tmin_g>
         <Tmax_g>
            <point>
               <Hp>-1000</Hp>
               <DeltaT>35</DeltaT>
            </point>
            <point>
               <Hp>10000</Hp>
               <DeltaT>35</DeltaT>
            </point>
         </Tmax_g>
      </ELM>
      <DLM>
         <MTW>24200</MTW>
         <MTOW>24100</MTOW>
         <MLW>20000</MLW>
         <MZFW>18500</MZFW>
         <OEW>12591</OEW>
         <MPL>5909</MPL>
         <MFL>6032</MFL>
         <n1>2.56</n1>
         <n3>-1</n3>
         <nf1>2</nf1>
         <nf3>0</nf3>
      </DLM>
   </ALM>
   <Ground>
      <Dimensions>
         <span>21.00</span>
         <length>29.87</length>
      </Dimensions>
      <Runway>
         <TOL>2070</TOL>
         <LDL>1430</LDL>
      </Runway>
   </Ground>
   <ARPM>
      <AeroConfSchedule>
         <AeroPhase>
            <name>TO</name>
            <HLid>1</HLid>
            <LG>UP</LG>
         </AeroPhase>
         <AeroPhase>
            <name>IC</name>
            <HLid>0</HLid>
            <LG>UP</LG>
         </AeroPhase>
         <AeroPhase>
            <name>CR</name>
            <HLid>0</HLid>
            <LG>UP</LG>
         </AeroPhase>
         <AeroPhase>
            <name>AP</name>
            <HLid>2</HLid>
            <LG>UP</LG>
         </AeroPhase>
         <AeroPhase>
            <name>LD</name>
            <HLid>3</HLid>
            <LG>DN</LG>
         </AeroPhase>
      </AeroConfSchedule>
      <SpeedScheduleList>
         <SpeedSchedule>
            <CompanyName>Default</CompanyName>
            <SpeedPhase>
               <name>Climb</name>
               <CAS1>240</CAS1>
               <CAS2>290</CAS2>
               <M>0.60</M>
            </SpeedPhase>
            <SpeedPhase>
               <name>Cruise</name>
               <CAS1>240</CAS1>
               <CAS2>290</CAS2>
               <M>0.78</M>
            </SpeedPhase>
            <SpeedPhase>
               <name>Descent</name>
               <CAS1>240</CAS1>
               <CAS2>250</CAS2>
               <M>0.80</M>
            </SpeedPhase>
         </SpeedSchedule>
      </SpeedScheduleList>
   </ARPM>
</bada40:ACM>