<?xml version="1.0" encoding="utf-8"?>
<bada40:ACM xmlns:bada40="http://www.eurocontrol.int/eec/public/standard_page/bada40">
   <model>767-200ER</model>
   <type>JET</type>
   <engine>PW4056</engine>
   <description>extended range</description>
   <ICAO>
      <designator>B762</designator>
      <WTC>H</WTC>
   </ICAO>
   <AFCM>
      <S>283.35427200000004000000</S>
      <Configuration HLid="0">
         <HLPosition>0000</HLPosition>
         <name>flaps  0</name>
         <vfe>360</vfe>
         <LGUP>
            <DPM_clean>
               <M_max>0.86000</M_max>
               <scalar>9.835e-007</scalar>
               <CD_clean>
                  <d>-40051.61269212849600000000</d>
                  <d>104823.61727687951000000000</d>
                  <d>-68278.33999696903600000000</d>
                  <d>15583.04035196747500000000</d>
                  <d>-162.59391137968211000000</d>
                  <d>73712.52052018571700000000</d>
                  <d>-29723.78161198009500000000</d>
                  <d>10996.38495199587900000000</d>
                  <d>-1937.70015064243650000000</d>
                  <d>126.00985673101253000000</d>
                  <d>1592.25716501337910000000</d>
                  <d>14949.51833263384800000000</d>
                  <d>-24643.96603587946100000000</d>
                  <d>13667.86240697057700000000</d>
                  <d>-2530.01368065511180000000</d>
               </CD_clean>
            </DPM_clean>
            <BLM_clean>
               <Mmin>0.40000</Mmin>
               <Mmax>0.85000</Mmax>
               <CL_Mach0>0.97313566602282942000</CL_Mach0>
               <CL_clean>
                  <bf>3.43226927322968710000</bf>
                  <bf>-13.80088051198110000000</bf>
                  <bf>25.25949217393154800000</bf>
                  <bf>-15.29325659036006100000</bf>
                  <bf>0.00000000000000000000</bf>
               </CL_clean>
            </BLM_clean>
         </LGUP>
         <LGDN>
            <DPM_nonclean>
               <CD_nonclean>
                  <d>0.05445100698251488500</d>
                  <d>-0.04776582539299989400</d>
                  <d>0.08994001894138699300</d>
               </CD_nonclean>
            </DPM_nonclean>
            <BLM>
               <CL_max>0.97313566602282942000</CL_max>
            </BLM>
         </LGDN>
      </Configuration>
      <Configuration HLid="1">
         <HLPosition>0001</HLPosition>
         <name>flaps  1</name>
         <vfe>240</vfe>
         <LGUP>
            <DPM_nonclean>
               <CD_nonclean>
                  <d>0.03052383277000628500</d>
                  <d>-0.03905923926692347900</d>
                  <d>0.07513476888378854700</d>
               </CD_nonclean>
            </DPM_nonclean>
            <BLM>
               <CL_max>1.54534895737978210000</CL_max>
            </BLM>
         </LGUP>
         <LGDN>
            <DPM_nonclean>
               <CD_nonclean>
                  <d>0.06531447143286786500</d>
                  <d>-0.05369565804748794400</d>
                  <d>0.07879025582037084400</d>
               </CD_nonclean>
            </DPM_nonclean>
            <BLM>
               <CL_max>1.54534895737978210000</CL_max>
            </BLM>
         </LGDN>
      </Configuration>
      <Configuration HLid="2">
         <HLPosition>0005</HLPosition>
         <name>flaps  5</name>
         <vfe>220</vfe>
         <LGUP>
            <DPM_nonclean>
               <CD_nonclean>
                  <d>0.03266244225020393400</d>
                  <d>-0.02838229442414623800</d>
                  <d>0.06299121297218959700</d>
               </CD_nonclean>
            </DPM_nonclean>
            <BLM>
               <CL_max>1.67908534732825170000</CL_max>
            </BLM>
         </LGUP>
         <LGDN>
            <DPM_nonclean>
               <CD_nonclean>
                  <d>0.06522259715553950500</d>
                  <d>-0.04025004781028889600</d>
                  <d>0.06582752060875085600</d>
               </CD_nonclean>
            </DPM_nonclean>
            <BLM>
               <CL_max>1.67908534732825170000</CL_max>
            </BLM>
         </LGDN>
      </Configuration>
      <Configuration HLid="3">
         <HLPosition>0015</HLPosition>
         <name>flaps 15</name>
         <vfe>210</vfe>
         <LGUP>
            <DPM_nonclean>
               <CD_nonclean>
                  <d>0.05763893989762539800</d>
                  <d>-0.07422865546743484500</d>
                  <d>0.08383237457268868900</d>
               </CD_nonclean>
            </DPM_nonclean>
            <BLM>
               <CL_max>1.84727580256380470000</CL_max>
            </BLM>
         </LGUP>
         <LGDN>
            <DPM_nonclean>
               <CD_nonclean>
                  <d>0.08849067552029153700</d>
                  <d>-0.08495205635291086500</d>
                  <d>0.08675627182675101100</d>
               </CD_nonclean>
            </DPM_nonclean>
            <BLM>
               <CL_max>1.84727580256380470000</CL_max>
            </BLM>
         </LGDN>
      </Configuration>
      <Configuration HLid="4">
         <HLPosition>0020</HLPosition>
         <name>flaps 20</name>
         <vfe>195</vfe>
         <LGUP>
            <DPM_nonclean>
               <CD_nonclean>
                  <d>0.05065645330109489600</d>
                  <d>-0.05163932861237275500</d>
                  <d>0.07111317816158624300</d>
               </CD_nonclean>
            </DPM_nonclean>
            <BLM>
               <CL_max>1.91475067064135350000</CL_max>
            </BLM>
         </LGUP>
         <LGDN>
            <DPM_nonclean>
               <CD_nonclean>
                  <d>0.08032150061254456100</d>
                  <d>-0.06125431358564861100</d>
                  <d>0.07382873984655621800</d>
               </CD_nonclean>
            </DPM_nonclean>
            <BLM>
               <CL_max>1.91475067064135350000</CL_max>
            </BLM>
         </LGDN>
      </Configuration>
      <Configuration HLid="5">
         <HLPosition>0025</HLPosition>
         <name>flaps 25</name>
         <vfe>190</vfe>
         <LGDN>
            <DPM_nonclean>
               <CD_nonclean>
                  <d>0.10618662679425758000</d>
                  <d>-0.07240371383002847100</d>
                  <d>0.07691273638642018300</d>
               </CD_nonclean>
            </DPM_nonclean>
            <BLM>
               <CL_max>1.89753951596449450000</CL_max>
            </BLM>
         </LGDN>
      </Configuration>
      <Configuration HLid="6">
         <HLPosition>0030</HLPosition>
         <name>flaps 30</name>
         <vfe>182</vfe>
         <LGDN>
            <DPM_nonclean>
               <CD_nonclean>
                  <d>0.15432754016538838000</d>
                  <d>-0.10577527792713631000</d>
                  <d>0.08518021458399598100</d>
               </CD_nonclean>
            </DPM_nonclean>
            <BLM>
               <CL_max>2.04206344451029450000</CL_max>
            </BLM>
         </LGDN>
      </Configuration>
   </AFCM>
   <PFM>
      <MREF>179169</MREF>
      <LHV>43217000</LHV>
      <rho>810</rho>
      <n_eng>2</n_eng>
      <TFA>22</TFA>
      <TFM>
         <CT>
            <a>0.00000000000000000000</a>
            <a>-0.10000000003043430000</a>
            <a>0.00000000000000000000</a>
            <a>0.00000000000000000000</a>
            <a>0.00000000000000000000</a>
            <a>0.00000000000000000000</a>
            <a>0.30000000001781474000</a>
            <a>0.00000000000000000000</a>
            <a>0.00000000000000000000</a>
            <a>0.00000000000000000000</a>
            <a>0.00000000000000000000</a>
            <a>0.00000000000000000000</a>
            <a>0.00000000000000000000</a>
            <a>0.00000000000000000000</a>
            <a>0.00000000000000000000</a>
            <a>0.00000000000000000000</a>
            <a>0.00000000000000000000</a>
            <a>0.00000000000000000000</a>
            <a>0.00000000000000000000</a>
            <a>0.00000000000000000000</a>
            <a>0.00000000000000000000</a>
            <a>0.00000000000000000000</a>
            <a>0.00000000000000000000</a>
            <a>0.00000000000000000000</a>
            <a>0.00000000000000000000</a>
            <a>0.00000000000000000000</a>
            <a>0.00000000000000000000</a>
            <a>0.00000000000000000000</a>
            <a>0.00000000000000000000</a>
            <a>0.00000000000000000000</a>
            <a>0.00000000000000000000</a>
            <a>0.00000000000000000000</a>
            <a>0.00000000000000000000</a>
            <a>0.00000000000000000000</a>
            <a>0.00000000000000000000</a>
            <a>0.00000000000000000000</a>
         </CT>
         <CF>
            <f>-0.01481917684713565700</f>
            <f>1.86105947137548640000</f>
            <f>-2.06696639790843410000</f>
            <f>-26.82400412546295200000</f>
            <f>119.19366466407646000000</f>
            <f>0.11375558302103358000</f>
            <f>-0.52276069756113075000</f>
            <f>9.61990176825202600000</f>
            <f>15.33498946286211000000</f>
            <f>-131.83909813319841000000</f>
            <f>0.00000000000000000000</f>
            <f>0.00000000000000000000</f>
            <f>0.00000000000000000000</f>
            <f>0.00000000000000000000</f>
            <f>0.00000000000000000000</f>
            <f>0.00000000000000000000</f>
            <f>0.00000000000000000000</f>
            <f>0.00000000000000000000</f>
            <f>0.00000000000000000000</f>
            <f>0.00000000000000000000</f>
            <f>0.00000000000000000000</f>
            <f>0.00000000000000000000</f>
            <f>0.00000000000000000000</f>
            <f>0.00000000000000000000</f>
            <f>0.00000000000000000000</f>
         </CF>
         <MCRZ>
            <kink>12</kink>
            <flat_rating>
               <b>0.83027229954990500000</b>
               <b>0.04281463455657266000</b>
               <b>-0.92648873423409361000</b>
               <b>0.00000000000000000000</b>
               <b>0.00000000000000000000</b>
               <b>0.00000000000000000000</b>
               <b>-0.19710042217273280000</b>
               <b>1.41081145039286730000</b>
               <b>15.73637546787092000000</b>
               <b>0.00000000000000000000</b>
               <b>0.00000000000000000000</b>
               <b>0.00000000000000000000</b>
               <b>-2.13092898660140720000</b>
               <b>20.80650178970037300000</b>
               <b>-103.62084752096305000000</b>
               <b>0.00000000000000000000</b>
               <b>0.00000000000000000000</b>
               <b>0.00000000000000000000</b>
               <b>17.98082201055703800000</b>
               <b>-125.06090268900627000000</b>
               <b>292.97042176901078000000</b>
               <b>0.00000000000000000000</b>
               <b>0.00000000000000000000</b>
               <b>0.00000000000000000000</b>
               <b>-32.05066618126890200000</b>
               <b>194.55332282789232000000</b>
               <b>-349.12764926517247000000</b>
               <b>0.00000000000000000000</b>
               <b>0.00000000000000000000</b>
               <b>0.00000000000000000000</b>
               <b>16.51616284053032400000</b>
               <b>-93.24631022433746400000</b>
               <b>146.73766685370384000000</b>
               <b>0.00000000000000000000</b>
               <b>0.00000000000000000000</b>
               <b>0.00000000000000000000</b>
            </flat_rating>
            <temp_rating>
               <c>-216.00414328225628000000</c>
               <c>444.66325962044647000000</c>
               <c>-286.32208069739255000000</c>
               <c>0.00000000000000000000</c>
               <c>0.00000000000000000000</c>
               <c>916.90602578240669000000</c>
               <c>-1969.14371856432170000000</c>
               <c>1301.84135347324060000000</c>
               <c>0.00000000000000000000</c>
               <c>0.00000000000000000000</c>
               <c>-1428.60813837427240000000</c>
               <c>3190.63274094123930000000</c>
               <c>-2148.51648110599630000000</c>
               <c>0.00000000000000000000</c>
               <c>0.00000000000000000000</c>
               <c>975.19607479655065000000</c>
               <c>-2253.41010334702470000000</c>
               <c>1537.88272016823730000000</c>
               <c>0.00000000000000000000</c>
               <c>0.00000000000000000000</c>
               <c>-247.10876824219554000000</c>
               <c>588.06073002898415000000</c>
               <c>-405.52140316602208000000</c>
               <c>0.00000000000000000000</c>
               <c>0.00000000000000000000</c>
               <c>0.26501504013879473000</c>
               <c>-1.45440757329866540000</c>
               <c>4.88125875477919370000</c>
               <c>0.00000000000000000000</c>
               <c>0.00000000000000000000</c>
               <c>2.49615773358441380000</c>
               <c>-2.82528375281356190000</c>
               <c>-9.37506239358792650000</c>
               <c>0.00000000000000000000</c>
               <c>0.00000000000000000000</c>
               <c>-3.31897166004087700000</c>
               <c>1.30337732304287710000</c>
               <c>14.71980547558636200000</c>
               <c>0.00000000000000000000</c>
               <c>0.00000000000000000000</c>
               <c>0.92518867562356388000</c>
               <c>2.20345081491381210000</c>
               <c>-9.37338262031973100000</c>
               <c>0.00000000000000000000</c>
               <c>0.00000000000000000000</c>
            </temp_rating>
         </MCRZ>
         <MCMB>
            <kink>12</kink>
            <flat_rating>
               <b>-0.20240355631153412000</b>
               <b>3.47373525214007590000</b>
               <b>-3.41080927534198650000</b>
               <b>0.00000000000000000000</b>
               <b>0.00000000000000000000</b>
               <b>0.00000000000000000000</b>
               <b>8.01236435474381280000</b>
               <b>-27.61484500670934500000</b>
               <b>37.61809696762242100000</b>
               <b>0.00000000000000000000</b>
               <b>0.00000000000000000000</b>
               <b>0.00000000000000000000</b>
               <b>-28.70968999695576300000</b>
               <b>121.03809796093047000000</b>
               <b>-178.92788019647401000000</b>
               <b>0.00000000000000000000</b>
               <b>0.00000000000000000000</b>
               <b>0.00000000000000000000</b>
               <b>60.98268711080182000000</b>
               <b>-292.59984260328537000000</b>
               <b>416.36259671426063000000</b>
               <b>0.00000000000000000000</b>
               <b>0.00000000000000000000</b>
               <b>0.00000000000000000000</b>
               <b>-65.76201812696273000000</b>
               <b>328.95887069563156000000</b>
               <b>-445.95578188564667000000</b>
               <b>0.00000000000000000000</b>
               <b>0.00000000000000000000</b>
               <b>0.00000000000000000000</b>
               <b>26.71674199218194100000</b>
               <b>-134.96614849947676000000</b>
               <b>176.29972986144571000000</b>
               <b>0.00000000000000000000</b>
               <b>0.00000000000000000000</b>
               <b>0.00000000000000000000</b>
            </flat_rating>
            <temp_rating>
               <c>-100.57427965555992000000</c>
               <c>173.15193825080141000000</c>
               <c>-45.56517765126177000000</c>
               <c>0.00000000000000000000</c>
               <c>0.00000000000000000000</c>
               <c>405.29605213344331000000</c>
               <c>-734.15718918665323000000</c>
               <c>229.63740070569258000000</c>
               <c>0.00000000000000000000</c>
               <c>0.00000000000000000000</c>
               <c>-596.69418601146674000000</c>
               <c>1138.54986434985610000000</c>
               <c>-392.30518486622566000000</c>
               <c>0.00000000000000000000</c>
               <c>0.00000000000000000000</c>
               <c>382.55680073163160000000</c>
               <c>-763.58423855851288000000</c>
               <c>276.84226060797096000000</c>
               <c>0.00000000000000000000</c>
               <c>0.00000000000000000000</c>
               <c>-90.69952244020606700000</c>
               <c>188.07234510342641000000</c>
               <c>-69.83012179725476200000</c>
               <c>0.00000000000000000000</c>
               <c>0.00000000000000000000</c>
               <c>4.03794469834498400000</c>
               <c>-9.51421355041590290000</c>
               <c>8.58726487882390190000</c>
               <c>0.00000000000000000000</c>
               <c>0.00000000000000000000</c>
               <c>-6.93557928804315170000</c>
               <c>16.33238529155184400000</c>
               <c>-17.14189975846366200000</c>
               <c>0.00000000000000000000</c>
               <c>0.00000000000000000000</c>
               <c>6.71793020966367220000</c>
               <c>-17.45463511825573700000</c>
               <c>20.32476617381000800000</c>
               <c>0.00000000000000000000</c>
               <c>0.00000000000000000000</c>
               <c>-2.84473171721878120000</c>
               <c>8.31398003500113520000</c>
               <c>-9.92149717862351290000</c>
               <c>0.00000000000000000000</c>
               <c>0.00000000000000000000</c>
            </temp_rating>
         </MCMB>
         <MTKF>
            <kink>12</kink>
            <flat_rating>
               <b>-3.66724646008076730000</b>
               <b>17.09722656024576500000</b>
               <b>-11.38326363743943200000</b>
               <b>0.00000000000000000000</b>
               <b>0.00000000000000000000</b>
               <b>0.00000000000000000000</b>
               <b>68.06301782812627700000</b>
               <b>-244.01215411381312000000</b>
               <b>174.89647858643914000000</b>
               <b>0.00000000000000000000</b>
               <b>0.00000000000000000000</b>
               <b>0.00000000000000000000</b>
               <b>-298.41781170733066000000</b>
               <b>1054.75364599105160000000</b>
               <b>-759.94360289232691000000</b>
               <b>0.00000000000000000000</b>
               <b>0.00000000000000000000</b>
               <b>0.00000000000000000000</b>
               <b>557.67426368260385000000</b>
               <b>-1943.75795177994540000000</b>
               <b>1380.37450579254480000000</b>
               <b>0.00000000000000000000</b>
               <b>0.00000000000000000000</b>
               <b>0.00000000000000000000</b>
               <b>-468.81073926006587000000</b>
               <b>1605.01973423377630000000</b>
               <b>-1107.97771990163030000000</b>
               <b>0.00000000000000000000</b>
               <b>0.00000000000000000000</b>
               <b>0.00000000000000000000</b>
               <b>146.07342474813447000000</b>
               <b>-489.07701354900092000000</b>
               <b>323.28354394347087000000</b>
               <b>0.00000000000000000000</b>
               <b>0.00000000000000000000</b>
               <b>0.00000000000000000000</b>
            </flat_rating>
            <temp_rating>
               <c>722.63527461074420000000</c>
               <c>-3889.98767895440190000000</c>
               <c>5359.81928883946510000000</c>
               <c>0.00000000000000000000</c>
               <c>0.00000000000000000000</c>
               <c>-2902.70455379335590000000</c>
               <c>15574.70192568725400000000</c>
               <c>-21282.27144045763600000000</c>
               <c>0.00000000000000000000</c>
               <c>0.00000000000000000000</c>
               <c>4416.15713984083960000000</c>
               <c>-23533.11126863012000000000</c>
               <c>31829.38047862823100000000</c>
               <c>0.00000000000000000000</c>
               <c>0.00000000000000000000</c>
               <c>-2966.25671249225210000000</c>
               <c>15731.42097410066000000000</c>
               <c>-21099.16679400868100000000</c>
               <c>0.00000000000000000000</c>
               <c>0.00000000000000000000</c>
               <c>742.55307073025574000000</c>
               <c>-3927.42192877379600000000</c>
               <c>5231.38456612298890000000</c>
               <c>0.00000000000000000000</c>
               <c>0.00000000000000000000</c>
               <c>-72.48922535075875800000</c>
               <c>277.64217482071587000000</c>
               <c>-244.29688163528650000000</c>
               <c>0.00000000000000000000</c>
               <c>0.00000000000000000000</c>
               <c>165.12078467273705000000</c>
               <c>-630.26839996474973000000</c>
               <c>558.78088643530475000000</c>
               <c>0.00000000000000000000</c>
               <c>0.00000000000000000000</c>
               <c>-160.04599346105749000000</c>
               <c>609.32436573850293000000</c>
               <c>-542.40360075398462000000</c>
               <c>0.00000000000000000000</c>
               <c>0.00000000000000000000</c>
               <c>55.95312927512767900000</c>
               <c>-212.04462949218924000000</c>
               <c>188.05644961579497000000</c>
               <c>0.00000000000000000000</c>
               <c>0.00000000000000000000</c>
            </temp_rating>
         </MTKF>
         <LIDL>
            <CT>
               <ti>-0.03366924841011361600</ti>
               <ti>0.21289627306801406000</ti>
               <ti>-0.26861546180290896000</ti>
               <ti>0.03669258361451045700</ti>
               <ti>0.15562416389415676000</ti>
               <ti>-0.74832987001459617000</ti>
               <ti>0.77438268576984659000</ti>
               <ti>0.12059427066106654000</ti>
               <ti>-0.11211871580071334000</ti>
               <ti>0.39116776335484810000</ti>
               <ti>-0.22094813539591296000</ti>
               <ti>-0.48717402394835652000</ti>
            </CT>
            <CF>
               <fi>0.00004816850222163219</fi>
               <fi>0.04112667370712816400</fi>
               <fi>-0.00751829287061653650</fi>
               <fi>0.05336134609606274500</fi>
               <fi>-0.11286967505617697000</fi>
               <fi>0.02219006606539413200</fi>
               <fi>-0.02663987292635192400</fi>
               <fi>-0.01320206181592844200</fi>
               <fi>0.07835830368490061300</fi>
            </CF>
         </LIDL>
         <throttle>
            <low>0.58166344435214867000</low>
            <high>1.21803240553695800000</high>
         </throttle>
      </TFM>
   </PFM>
   <OPM>
      <LGO>
         <Transition>
            <from>0</from>
            <to>1</to>
            <time>18.3</time>
         </Transition>
         <Transition>
            <from>1</from>
            <to>0</to>
            <time>18.3</time>
         </Transition>
      </LGO>
      <HLO>
         <Transition>
            <from>0</from>
            <to>1</to>
            <time>8</time>
         </Transition>
         <Transition>
            <from>1</from>
            <to>2</to>
            <time>21.45</time>
         </Transition>
         <Transition>
            <from>2</from>
            <to>3</to>
            <time>7.25</time>
         </Transition>
         <Transition>
            <from>3</from>
            <to>4</to>
            <time>2.73</time>
         </Transition>
         <Transition>
            <from>4</from>
            <to>5</to>
            <time>5.4</time>
         </Transition>
         <Transition>
            <from>5</from>
            <to>6</to>
            <time>6.3</time>
         </Transition>
         <Transition>
            <from>6</from>
            <to>5</to>
            <time>6.3</time>
         </Transition>
         <Transition>
            <from>5</from>
            <to>4</to>
            <time>5.4</time>
         </Transition>
         <Transition>
            <from>4</from>
            <to>3</to>
            <time>2.73</time>
         </Transition>
         <Transition>
            <from>3</from>
            <to>2</to>
            <time>7.25</time>
         </Transition>
         <Transition>
            <from>2</from>
            <to>1</to>
            <time>21.45</time>
         </Transition>
         <Transition>
            <from>1</from>
            <to>0</to>
            <time>7</time>
         </Transition>
      </HLO>
   </OPM>
   <ALM>
      <GLM>
         <hmo>43100</hmo>
         <mfa>20000</mfa>
      </GLM>
      <KLM>
         <mmo>0.86</mmo>
         <vmo>360</vmo>
         <mle>0.82</mle>
         <vle>270</vle>
         <mlo>0.82</mlo>
         <vloe>270</vloe>
         <vlor>270</vlor>
      </KLM>
      <ELM>
         <Tmin_f>
            <point>
               <Hp>-1000.0</Hp>
               <DeltaT>-71.00000000000000000000</DeltaT>
            </point>
            <point>
               <Hp>0.0</Hp>
               <DeltaT>-69.00000000000000000000</DeltaT>
            </point>
            <point>
               <Hp>25000.0</Hp>
               <DeltaT>-36.50000000000000000000</DeltaT>
            </point>
            <point>
               <Hp>35000.0</Hp>
               <DeltaT>-19.50000000000000000000</DeltaT>
            </point>
            <point>
               <Hp>36089.0</Hp>
               <DeltaT>-17.50000000000000000000</DeltaT>
            </point>
            <point>
               <Hp>43100.0</Hp>
               <DeltaT>-17.50000000000000000000</DeltaT>
            </point>
         </Tmin_f>
         <Tmax_f>
            <point>
               <Hp>-1000.0</Hp>
               <DeltaT>37.39999999999999900000</DeltaT>
            </point>
            <point>
               <Hp>0.0</Hp>
               <DeltaT>39.39999999999999900000</DeltaT>
            </point>
            <point>
               <Hp>10000.0</Hp>
               <DeltaT>39.39999999999999900000</DeltaT>
            </point>
            <point>
               <Hp>10001.0</Hp>
               <DeltaT>33.89999999999999900000</DeltaT>
            </point>
            <point>
               <Hp>36089.0</Hp>
               <DeltaT>33.89999999999999900000</DeltaT>
            </point>
            <point>
               <Hp>43100.0</Hp>
               <DeltaT>20.00000000000000000000</DeltaT>
            </point>
         </Tmax_f>
         <Tmin_g>
            <point>
               <Hp>-1000.0</Hp>
               <DeltaT>-71.00000000000000000000</DeltaT>
            </point>
            <point>
               <Hp>0.0</Hp>
               <DeltaT>-69.00000000000000000000</DeltaT>
            </point>
            <point>
               <Hp>8500.0</Hp>
               <DeltaT>-52.10000000000000100000</DeltaT>
            </point>
         </Tmin_g>
         <Tmax_g>
            <point>
               <Hp>-1000.0</Hp>
               <DeltaT>37.39999999999999900000</DeltaT>
            </point>
            <point>
               <Hp>0.0</Hp>
               <DeltaT>39.39999999999999900000</DeltaT>
            </point>
            <point>
               <Hp>8500.0</Hp>
               <DeltaT>39.39999999999999900000</DeltaT>
            </point>
         </Tmax_g>
      </ELM>
      <DLM>
         <MTW>179623</MTW>
         <MTOW>179169</MTOW>
         <MLW>136078</MLW>
         <MZFW>117934</MZFW>
         <OEW>82377</OEW>
         <MPL>35557</MPL>
         <MFL>91380</MFL>
         <n1>2.5</n1>
         <n3>-1</n3>
         <nf1>2</nf1>
         <nf3>0</nf3>
      </DLM>
   </ALM>
   <Ground>
      <Dimensions>
         <span>47.57</span>
         <length>48.51</length>
      </Dimensions>
      <Runway>
         <TOL>2700</TOL>
         <LDL>1550</LDL>
      </Runway>
   </Ground>
   <ARPM>
      <AeroConfSchedule>
         <AeroPhase>
            <name>TO</name>
            <HLid>3</HLid>
            <LG>UP</LG>
         </AeroPhase>
         <AeroPhase>
            <name>IC</name>
            <HLid>2</HLid>
            <LG>UP</LG>
         </AeroPhase>
         <AeroPhase>
            <name>CR</name>
            <HLid>0</HLid>
            <LG>UP</LG>
         </AeroPhase>
         <AeroPhase>
            <name>AP</name>
            <HLid>4</HLid>
            <LG>UP</LG>
         </AeroPhase>
         <AeroPhase>
            <name>LD</name>
            <HLid>6</HLid>
            <LG>DN</LG>
         </AeroPhase>
      </AeroConfSchedule>
      <SpeedScheduleList>
         <SpeedSchedule>
            <CompanyName>Default</CompanyName>
            <SpeedPhase>
               <name>Climb</name>
               <CAS1>320</CAS1>
               <CAS2>320</CAS2>
               <M>0.80</M>
            </SpeedPhase>
            <SpeedPhase>
               <name>Cruise</name>
               <CAS1>310</CAS1>
               <CAS2>310</CAS2>
               <M>0.80</M>
            </SpeedPhase>
            <SpeedPhase>
               <name>Descent</name>
               <CAS1>310</CAS1>
               <CAS2>310</CAS2>
               <M>0.84</M>
            </SpeedPhase>
         </SpeedSchedule>
      </SpeedScheduleList>
   </ARPM>
</bada40:ACM>