<?xml version="1.0" encoding="utf-8"?>
<bada40:ACM xmlns:bada40="http://www.eurocontrol.int/eec/public/standard_page/bada40">
   <model>747-400</model>
   <type>JET</type>
   <engine>CF6-80C2B1F</engine>
   <description/>
   <ICAO>
      <designator>B744</designator>
      <WTC>H</WTC>
   </ICAO>
   <AFCM>
      <S>510.96672000000001000000</S>
      <Configuration HLid="0">
         <HLPosition>0000</HLPosition>
         <name>flaps  0</name>
         <vfe>365</vfe>
         <LGUP>
            <DPM_clean>
               <M_max>0.92000</M_max>
               <scalar>9.835e-007</scalar>
               <CD_clean>
                  <d>86491.45666868894500000000</d>
                  <d>-177638.59452815706000000000</d>
                  <d>160329.31783869813000000000</d>
                  <d>-63980.16772151691100000000</d>
                  <d>9752.94197467373310000000</d>
                  <d>29755.91937451887500000000</d>
                  <d>12889.67241176421300000000</d>
                  <d>-3313.66014485229610000000</d>
                  <d>292.55895406506454000000</d>
                  <d>-8.30709067588596640000</d>
                  <d>38891.19793336695900000000</d>
                  <d>96.92287287442339000000</d>
                  <d>-78.67127912791501400000</d>
                  <d>20.64256882811022100000</d>
                  <d>-1.62452008845732320000</d>
               </CD_clean>
            </DPM_clean>
            <BLM_clean>
               <Mmin>0.25000</Mmin>
               <Mmax>0.92000</Mmax>
               <CL_Mach0>0.88703720583731427000</CL_Mach0>
               <CL_clean>
                  <bf>0.10916345833392685000</bf>
                  <bf>8.64947323027584150000</bf>
                  <bf>-30.49088012945071900000</bf>
                  <bf>41.94527893989148000000</bf>
                  <bf>-20.08448777426842800000</bf>
               </CL_clean>
            </BLM_clean>
         </LGUP>
         <LGDN>
            <DPM_nonclean>
               <CD_nonclean>
                  <d>0.05102434848484806900</d>
                  <d>-0.05359356060605938900</d>
                  <d>0.10459848484848398000</d>
               </CD_nonclean>
            </DPM_nonclean>
            <BLM>
               <CL_max>0.88703720583731427000</CL_max>
            </BLM>
         </LGDN>
      </Configuration>
      <Configuration HLid="1">
         <HLPosition>0001</HLPosition>
         <name>flaps  1</name>
         <vfe>280</vfe>
         <LGUP>
            <DPM_nonclean>
               <CD_nonclean>
                  <d>0.02959980097302079500</d>
                  <d>-0.02934745687748788900</d>
                  <d>0.07068022998673158300</d>
               </CD_nonclean>
            </DPM_nonclean>
            <BLM>
               <CL_max>1.12426658385213260000</CL_max>
            </BLM>
         </LGUP>
         <LGDN>
            <DPM_nonclean>
               <CD_nonclean>
                  <d>0.05938116903684559400</d>
                  <d>-0.03961918875242425400</d>
                  <d>0.07237136393018760200</d>
               </CD_nonclean>
            </DPM_nonclean>
            <BLM>
               <CL_max>1.12426658385213260000</CL_max>
            </BLM>
         </LGDN>
      </Configuration>
      <Configuration HLid="2">
         <HLPosition>0005</HLPosition>
         <name>flaps  5</name>
         <vfe>260</vfe>
         <LGUP>
            <DPM_nonclean>
               <CD_nonclean>
                  <d>0.03930375896767237400</d>
                  <d>-0.02632109722471913700</d>
                  <d>0.06542003516218113100</d>
               </CD_nonclean>
            </DPM_nonclean>
            <BLM>
               <CL_max>1.35860895714738940000</CL_max>
            </BLM>
         </LGUP>
         <LGDN>
            <DPM_nonclean>
               <CD_nonclean>
                  <d>0.07182619097466640100</d>
                  <d>-0.04333707268960356600</d>
                  <d>0.07123516710997400400</d>
               </CD_nonclean>
            </DPM_nonclean>
            <BLM>
               <CL_max>1.35860895714738940000</CL_max>
            </BLM>
         </LGDN>
      </Configuration>
      <Configuration HLid="3">
         <HLPosition>0010</HLPosition>
         <name>flaps 10</name>
         <vfe>240</vfe>
         <LGUP>
            <DPM_nonclean>
               <CD_nonclean>
                  <d>0.04345696534897192800</d>
                  <d>-0.03323862514652554900</d>
                  <d>0.06500281396774011700</d>
               </CD_nonclean>
            </DPM_nonclean>
            <BLM>
               <CL_max>1.55018966236497470000</CL_max>
            </BLM>
         </LGUP>
         <LGDN>
            <DPM_nonclean>
               <CD_nonclean>
                  <d>0.07398317259456922700</d>
                  <d>-0.04694425429854893300</d>
                  <d>0.06959273643866519000</d>
               </CD_nonclean>
            </DPM_nonclean>
            <BLM>
               <CL_max>1.55018966236497470000</CL_max>
            </BLM>
         </LGDN>
      </Configuration>
      <Configuration HLid="4">
         <HLPosition>0020</HLPosition>
         <name>flaps 20</name>
         <vfe>230</vfe>
         <LGUP>
            <DPM_nonclean>
               <CD_nonclean>
                  <d>0.05237405224497065900</d>
                  <d>-0.02914948789225651000</d>
                  <d>0.05972864554244338600</d>
               </CD_nonclean>
            </DPM_nonclean>
            <BLM>
               <CL_max>1.70134194236883210000</CL_max>
            </BLM>
         </LGUP>
         <LGDN>
            <DPM_nonclean>
               <CD_nonclean>
                  <d>0.08057583320202360600</d>
                  <d>-0.04029210383587059800</d>
                  <d>0.06326911546828001300</d>
               </CD_nonclean>
            </DPM_nonclean>
            <BLM>
               <CL_max>1.70134194236883210000</CL_max>
            </BLM>
         </LGDN>
      </Configuration>
      <Configuration HLid="5">
         <HLPosition>0025</HLPosition>
         <name>flaps 25</name>
         <vfe>205</vfe>
         <LGDN>
            <DPM_nonclean>
               <CD_nonclean>
                  <d>0.09834405228981599200</d>
                  <d>-0.04515213260423869100</d>
                  <d>0.06656527682843503500</d>
               </CD_nonclean>
            </DPM_nonclean>
            <BLM>
               <CL_max>1.78534633333649120000</CL_max>
            </BLM>
         </LGDN>
      </Configuration>
      <Configuration HLid="6">
         <HLPosition>0030</HLPosition>
         <name>flaps 30</name>
         <vfe>180</vfe>
         <LGDN>
            <DPM_nonclean>
               <CD_nonclean>
                  <d>0.09347392156862675800</d>
                  <d>0.00216945304437660050</d>
                  <d>0.04824767801857551100</d>
               </CD_nonclean>
            </DPM_nonclean>
            <BLM>
               <CL_max>1.93985238990574580000</CL_max>
            </BLM>
         </LGDN>
      </Configuration>
   </AFCM>
   <PFM>
      <MREF>396894</MREF>
      <LHV>43217000</LHV>
      <rho>810</rho>
      <n_eng>4</n_eng>
      <TFA>45</TFA>
      <TFM>
         <CT>
            <a>0.00000000000000000000</a>
            <a>-0.10000000000622569000</a>
            <a>0.00000000000000000000</a>
            <a>0.00000000000000000000</a>
            <a>0.00000000000000000000</a>
            <a>0.00000000000000000000</a>
            <a>0.30000000000894328000</a>
            <a>0.00000000000000000000</a>
            <a>0.00000000000000000000</a>
            <a>0.00000000000000000000</a>
            <a>0.00000000000000000000</a>
            <a>0.00000000000000000000</a>
            <a>0.00000000000000000000</a>
            <a>0.00000000000000000000</a>
            <a>0.00000000000000000000</a>
            <a>0.00000000000000000000</a>
            <a>0.00000000000000000000</a>
            <a>0.00000000000000000000</a>
            <a>0.00000000000000000000</a>
            <a>0.00000000000000000000</a>
            <a>0.00000000000000000000</a>
            <a>0.00000000000000000000</a>
            <a>0.00000000000000000000</a>
            <a>0.00000000000000000000</a>
            <a>0.00000000000000000000</a>
            <a>0.00000000000000000000</a>
            <a>0.00000000000000000000</a>
            <a>0.00000000000000000000</a>
            <a>0.00000000000000000000</a>
            <a>0.00000000000000000000</a>
            <a>0.00000000000000000000</a>
            <a>0.00000000000000000000</a>
            <a>0.00000000000000000000</a>
            <a>0.00000000000000000000</a>
            <a>0.00000000000000000000</a>
            <a>0.00000000000000000000</a>
         </CT>
         <CF>
            <f>-0.01680428478685566700</f>
            <f>1.74557965402765670000</f>
            <f>-8.48967007893383220000</f>
            <f>29.55641426807331800000</f>
            <f>-2.80141712039303760000</f>
            <f>0.10829987159043579000</f>
            <f>-0.53051816020424591000</f>
            <f>22.53295234043148900000</f>
            <f>-89.12655020705810200000</f>
            <f>90.72819742258765500000</f>
            <f>0.00000000000000000000</f>
            <f>0.00000000000000000000</f>
            <f>0.00000000000000000000</f>
            <f>0.00000000000000000000</f>
            <f>0.00000000000000000000</f>
            <f>0.00000000000000000000</f>
            <f>0.00000000000000000000</f>
            <f>0.00000000000000000000</f>
            <f>0.00000000000000000000</f>
            <f>0.00000000000000000000</f>
            <f>0.00000000000000000000</f>
            <f>0.00000000000000000000</f>
            <f>0.00000000000000000000</f>
            <f>0.00000000000000000000</f>
            <f>0.00000000000000000000</f>
         </CF>
         <MCRZ>
            <kink>12</kink>
            <flat_rating>
               <b>-2.00447651631414250000</b>
               <b>6.01619821232951860000</b>
               <b>-3.16309047922503960000</b>
               <b>0.00000000000000000000</b>
               <b>0.00000000000000000000</b>
               <b>0.00000000000000000000</b>
               <b>18.87478045832140000000</b>
               <b>-30.46163645092680000000</b>
               <b>13.34536447015123500000</b>
               <b>0.00000000000000000000</b>
               <b>0.00000000000000000000</b>
               <b>0.00000000000000000000</b>
               <b>-37.54490123457704000000</b>
               <b>19.37803051463979600000</b>
               <b>20.24989486862638100000</b>
               <b>0.00000000000000000000</b>
               <b>0.00000000000000000000</b>
               <b>0.00000000000000000000</b>
               <b>14.59832453493289800000</b>
               <b>116.13052475376560000000</b>
               <b>-161.34871988854724000000</b>
               <b>0.00000000000000000000</b>
               <b>0.00000000000000000000</b>
               <b>0.00000000000000000000</b>
               <b>26.37982630778622500000</b>
               <b>-217.23591832882090000000</b>
               <b>243.49545124182637000000</b>
               <b>0.00000000000000000000</b>
               <b>0.00000000000000000000</b>
               <b>0.00000000000000000000</b>
               <b>-19.87442211254580500000</b>
               <b>107.03281746954225000000</b>
               <b>-113.49568517689150000000</b>
               <b>0.00000000000000000000</b>
               <b>0.00000000000000000000</b>
               <b>0.00000000000000000000</b>
            </flat_rating>
            <temp_rating>
               <c>256.83125959270410000000</c>
               <c>-1415.04676375362420000000</c>
               <c>1371.89923081761250000000</c>
               <c>0.00000000000000000000</c>
               <c>0.00000000000000000000</c>
               <c>-1064.15713193299920000000</c>
               <c>5698.13658507253970000000</c>
               <c>-5477.56340912134510000000</c>
               <c>0.00000000000000000000</c>
               <c>0.00000000000000000000</c>
               <c>1649.23432027449760000000</c>
               <c>-8568.45967521927380000000</c>
               <c>8176.26737446363590000000</c>
               <c>0.00000000000000000000</c>
               <c>0.00000000000000000000</c>
               <c>-1127.40489451967940000000</c>
               <c>5697.80055896977770000000</c>
               <c>-5403.49213456390320000000</c>
               <c>0.00000000000000000000</c>
               <c>0.00000000000000000000</c>
               <c>286.66576816070335000000</c>
               <c>-1413.81141207351270000000</c>
               <c>1333.68834861882100000000</c>
               <c>0.00000000000000000000</c>
               <c>0.00000000000000000000</c>
               <c>1.17408522549381940000</c>
               <c>-1.48294976995370000000</c>
               <c>3.00524782492945650000</c>
               <c>0.00000000000000000000</c>
               <c>0.00000000000000000000</c>
               <c>-6.45592088406341170000</c>
               <c>8.41842410301747530000</c>
               <c>-6.05462715679076260000</c>
               <c>0.00000000000000000000</c>
               <c>0.00000000000000000000</c>
               <c>7.22964814111632310000</c>
               <c>-3.46330564955257450000</c>
               <c>-2.41361010019219440000</c>
               <c>0.00000000000000000000</c>
               <c>0.00000000000000000000</c>
               <c>-2.17400468924066590000</c>
               <c>-3.24265718113960280000</c>
               <c>6.22644132200509140000</c>
               <c>0.00000000000000000000</c>
               <c>0.00000000000000000000</c>
            </temp_rating>
         </MCRZ>
         <MCMB>
            <kink>12</kink>
            <flat_rating>
               <b>-0.19462485960656739000</b>
               <b>1.41897315659481960000</b>
               <b>-0.34780404433744794000</b>
               <b>0.00000000000000000000</b>
               <b>0.00000000000000000000</b>
               <b>0.00000000000000000000</b>
               <b>1.60629577221806890000</b>
               <b>11.70083317461343600000</b>
               <b>-10.64960942850958900000</b>
               <b>0.00000000000000000000</b>
               <b>0.00000000000000000000</b>
               <b>0.00000000000000000000</b>
               <b>20.79114383928480700000</b>
               <b>-117.19748247424180000000</b>
               <b>90.57436458161322400000</b>
               <b>0.00000000000000000000</b>
               <b>0.00000000000000000000</b>
               <b>0.00000000000000000000</b>
               <b>-73.73449125329727800000</b>
               <b>310.69077436642027000000</b>
               <b>-242.89272769079705000000</b>
               <b>0.00000000000000000000</b>
               <b>0.00000000000000000000</b>
               <b>0.00000000000000000000</b>
               <b>86.77115797860527400000</b>
               <b>-336.58950730034496000000</b>
               <b>271.08207029158899000000</b>
               <b>0.00000000000000000000</b>
               <b>0.00000000000000000000</b>
               <b>0.00000000000000000000</b>
               <b>-34.67985352934847800000</b>
               <b>130.37370054155085000000</b>
               <b>-108.14844047563511000000</b>
               <b>0.00000000000000000000</b>
               <b>0.00000000000000000000</b>
               <b>0.00000000000000000000</b>
            </flat_rating>
            <temp_rating>
               <c>245.19476590947630000000</c>
               <c>-1267.70128985865110000000</c>
               <c>1175.89085582074490000000</c>
               <c>0.00000000000000000000</c>
               <c>0.00000000000000000000</c>
               <c>-1028.74350918550250000000</c>
               <c>5138.00618018587920000000</c>
               <c>-4713.75238758178150000000</c>
               <c>0.00000000000000000000</c>
               <c>0.00000000000000000000</c>
               <c>1614.15545589912630000000</c>
               <c>-7781.94906145719230000000</c>
               <c>7071.33402876268060000000</c>
               <c>0.00000000000000000000</c>
               <c>0.00000000000000000000</c>
               <c>-1114.81184354838770000000</c>
               <c>5209.40854638209930000000</c>
               <c>-4695.93304593494120000000</c>
               <c>0.00000000000000000000</c>
               <c>0.00000000000000000000</c>
               <c>285.93292913512204000000</c>
               <c>-1300.69465638756580000000</c>
               <c>1164.47887260800780000000</c>
               <c>0.00000000000000000000</c>
               <c>0.00000000000000000000</c>
               <c>-3.62731567929717040000</c>
               <c>12.94860174122139500000</c>
               <c>-8.58424157940245890000</c>
               <c>0.00000000000000000000</c>
               <c>0.00000000000000000000</c>
               <c>8.52846628812201500000</c>
               <c>-37.72513240574100000000</c>
               <c>31.65278806834716700000</c>
               <c>0.00000000000000000000</c>
               <c>0.00000000000000000000</c>
               <c>-11.72194471810240100000</c>
               <c>55.58226611519886300000</c>
               <c>-51.15876623154875300000</c>
               <c>0.00000000000000000000</c>
               <c>0.00000000000000000000</c>
               <c>6.12752450612402290000</c>
               <c>-29.27698247873019700000</c>
               <c>27.87016968002864900000</c>
               <c>0.00000000000000000000</c>
               <c>0.00000000000000000000</c>
            </temp_rating>
         </MCMB>
         <MTKF>
            <kink>12</kink>
            <flat_rating>
               <b>12.72470533232849600000</b>
               <b>-41.62954392767079500000</b>
               <b>33.29880402099649900000</b>
               <b>0.00000000000000000000</b>
               <b>0.00000000000000000000</b>
               <b>0.00000000000000000000</b>
               <b>-102.43729475663862000000</b>
               <b>371.42076512155518000000</b>
               <b>-298.00159843010994000000</b>
               <b>0.00000000000000000000</b>
               <b>0.00000000000000000000</b>
               <b>0.00000000000000000000</b>
               <b>354.29214329177211000000</b>
               <b>-1326.20357990250000000000</b>
               <b>1083.49336136522310000000</b>
               <b>0.00000000000000000000</b>
               <b>0.00000000000000000000</b>
               <b>0.00000000000000000000</b>
               <b>-605.21548949138048000000</b>
               <b>2329.71881190077970000000</b>
               <b>-1943.95944870000020000000</b>
               <b>0.00000000000000000000</b>
               <b>0.00000000000000000000</b>
               <b>0.00000000000000000000</b>
               <b>501.08388131874119000000</b>
               <b>-1969.14947699073260000000</b>
               <b>1669.08584858823430000000</b>
               <b>0.00000000000000000000</b>
               <b>0.00000000000000000000</b>
               <b>0.00000000000000000000</b>
               <b>-160.43729548380858000000</b>
               <b>640.08080026518087000000</b>
               <b>-549.82199084820115000000</b>
               <b>0.00000000000000000000</b>
               <b>0.00000000000000000000</b>
               <b>0.00000000000000000000</b>
            </flat_rating>
            <temp_rating>
               <c>-2018.42955800340060000000</c>
               <c>7054.41232367933030000000</c>
               <c>-5956.09152637000080000000</c>
               <c>0.00000000000000000000</c>
               <c>0.00000000000000000000</c>
               <c>7790.08695439808250000000</c>
               <c>-27368.30313493366700000000</c>
               <c>23275.17076909571900000000</c>
               <c>0.00000000000000000000</c>
               <c>0.00000000000000000000</c>
               <c>-11249.23066164286700000000</c>
               <c>39821.90266528123200000000</c>
               <c>-34141.40844774113800000000</c>
               <c>0.00000000000000000000</c>
               <c>0.00000000000000000000</c>
               <c>7215.43141537203790000000</c>
               <c>-25740.89179599449200000000</c>
               <c>22245.06927282836500000000</c>
               <c>0.00000000000000000000</c>
               <c>0.00000000000000000000</c>
               <c>-1735.09176788333410000000</c>
               <c>6237.85940901975480000000</c>
               <c>-5433.10273547527590000000</c>
               <c>0.00000000000000000000</c>
               <c>0.00000000000000000000</c>
               <c>-0.25662984973465874000</c>
               <c>-81.63868958259055800000</c>
               <c>111.57852078229799000000</c>
               <c>0.00000000000000000000</c>
               <c>0.00000000000000000000</c>
               <c>-22.01447905999813800000</c>
               <c>275.05377164741026000000</c>
               <c>-331.49318103751602000000</c>
               <c>0.00000000000000000000</c>
               <c>0.00000000000000000000</c>
               <c>37.63261153973590500000</c>
               <c>-327.07280787222800000000</c>
               <c>371.89969977669909000000</c>
               <c>0.00000000000000000000</c>
               <c>0.00000000000000000000</c>
               <c>-17.74249297673072700000</c>
               <c>131.66999611388621000000</c>
               <c>-145.86101782716224000000</c>
               <c>0.00000000000000000000</c>
               <c>0.00000000000000000000</c>
            </temp_rating>
         </MTKF>
         <LIDL>
            <CT>
               <ti>0.01573835302800447700</ti>
               <ti>-0.02316483489216873000</ti>
               <ti>0.05231322351683304100</ti>
               <ti>-0.05052387148113286800</ti>
               <ti>-0.02484834575085663800</ti>
               <ti>0.04136874447606810100</ti>
               <ti>-0.08961818129422045900</ti>
               <ti>0.14379499516478261000</ti>
               <ti>0.00877111018695378620</ti>
               <ti>-0.05819469758761936000</ti>
               <ti>0.03904084997303885300</ti>
               <ti>-0.14677509279227013000</ti>
            </CT>
            <CF>
               <fi>-0.01383682696312062700</fi>
               <fi>0.08607354545097092900</fi>
               <fi>-0.04747364953085677500</fi>
               <fi>0.03532265596111827700</fi>
               <fi>-0.09973720477544396900</fi>
               <fi>0.05355522236594138100</fi>
               <fi>-0.01520281844918655900</fi>
               <fi>0.04064086641271806600</fi>
               <fi>-0.01368738269590196900</fi>
            </CF>
         </LIDL>
         <throttle>
            <low>0.54786873342325748000</low>
            <high>1.16063615204417390000</high>
         </throttle>
      </TFM>
   </PFM>
   <OPM>
      <LGO>
         <Transition>
            <from>0</from>
            <to>1</to>
            <time>23</time>
         </Transition>
         <Transition>
            <from>1</from>
            <to>0</to>
            <time>23</time>
         </Transition>
      </LGO>
      <HLO>
         <Transition>
            <from>0</from>
            <to>1</to>
            <time>11</time>
         </Transition>
         <Transition>
            <from>1</from>
            <to>2</to>
            <time>35.3</time>
         </Transition>
         <Transition>
            <from>2</from>
            <to>3</to>
            <time>4.7</time>
         </Transition>
         <Transition>
            <from>3</from>
            <to>4</to>
            <time>5.9</time>
         </Transition>
         <Transition>
            <from>4</from>
            <to>5</to>
            <time>2.3</time>
         </Transition>
         <Transition>
            <from>5</from>
            <to>6</to>
            <time>3.6</time>
         </Transition>
         <Transition>
            <from>6</from>
            <to>5</to>
            <time>3.6</time>
         </Transition>
         <Transition>
            <from>5</from>
            <to>4</to>
            <time>2.3</time>
         </Transition>
         <Transition>
            <from>4</from>
            <to>3</to>
            <time>5.9</time>
         </Transition>
         <Transition>
            <from>3</from>
            <to>2</to>
            <time>4.7</time>
         </Transition>
         <Transition>
            <from>2</from>
            <to>1</to>
            <time>35.3</time>
         </Transition>
         <Transition>
            <from>1</from>
            <to>0</to>
            <time>11</time>
         </Transition>
      </HLO>
   </OPM>
   <ALM>
      <GLM>
         <hmo>45100</hmo>
         <mfa>20000</mfa>
      </GLM>
      <KLM>
         <mmo>0.92</mmo>
         <vmo>365</vmo>
         <mle>0.82</mle>
         <vle>320</vle>
         <mlo>0.82</mlo>
         <vloe>270</vloe>
         <vlor>270</vlor>
      </KLM>
      <ELM>
         <Tmin_f>
            <point>
               <Hp>-2000.0</Hp>
               <DeltaT>-72.95999999999999400000</DeltaT>
            </point>
            <point>
               <Hp>20000.0</Hp>
               <DeltaT>-29.37999999999999900000</DeltaT>
            </point>
            <point>
               <Hp>40000.0</Hp>
               <DeltaT>-23.50000000000000000000</DeltaT>
            </point>
            <point>
               <Hp>45100.0</Hp>
               <DeltaT>-23.50000000000000000000</DeltaT>
            </point>
         </Tmin_f>
         <Tmax_f>
            <point>
               <Hp>-2000.0</Hp>
               <DeltaT>35.03999999999999900000</DeltaT>
            </point>
            <point>
               <Hp>0.0</Hp>
               <DeltaT>39.39999999999999900000</DeltaT>
            </point>
            <point>
               <Hp>14000.0</Hp>
               <DeltaT>39.39999999999999900000</DeltaT>
            </point>
            <point>
               <Hp>14001.0</Hp>
               <DeltaT>33.74000000000000200000</DeltaT>
            </point>
            <point>
               <Hp>36089.0</Hp>
               <DeltaT>33.74000000000000200000</DeltaT>
            </point>
            <point>
               <Hp>44000.0</Hp>
               <DeltaT>16.50000000000000000000</DeltaT>
            </point>
            <point>
               <Hp>45100.0</Hp>
               <DeltaT>16.50000000000000000000</DeltaT>
            </point>
         </Tmax_f>
         <Tmin_g>
            <point>
               <Hp>-2000.0</Hp>
               <DeltaT>-72.95999999999999400000</DeltaT>
            </point>
            <point>
               <Hp>10000.0</Hp>
               <DeltaT>-49.20000000000000300000</DeltaT>
            </point>
         </Tmin_g>
         <Tmax_g>
            <point>
               <Hp>-2000.0</Hp>
               <DeltaT>35.03999999999999900000</DeltaT>
            </point>
            <point>
               <Hp>0.0</Hp>
               <DeltaT>39.39999999999999900000</DeltaT>
            </point>
            <point>
               <Hp>10000.0</Hp>
               <DeltaT>39.39999999999999900000</DeltaT>
            </point>
         </Tmax_g>
      </ELM>
      <DLM>
         <MTW>397801</MTW>
         <MTOW>396894</MTOW>
         <MLW>285764</MLW>
         <MZFW>246074</MZFW>
         <OEW>178756</OEW>
         <MPL>67319</MPL>
         <MFL>215991</MFL>
         <n1>2.5</n1>
         <n3>-1</n3>
         <nf1>2</nf1>
         <nf3>0</nf3>
      </DLM>
   </ALM>
   <Ground>
      <Dimensions>
         <span>64.92</span>
         <length>70.67</length>
      </Dimensions>
      <Runway>
         <TOL>3200</TOL>
         <LDL>2050</LDL>
      </Runway>
   </Ground>
   <ARPM>
      <AeroConfSchedule>
         <AeroPhase>
            <name>TO</name>
            <HLid>2</HLid>
            <LG>UP</LG>
         </AeroPhase>
         <AeroPhase>
            <name>IC</name>
            <HLid>1</HLid>
            <LG>UP</LG>
         </AeroPhase>
         <AeroPhase>
            <name>CR</name>
            <HLid>0</HLid>
            <LG>UP</LG>
         </AeroPhase>
         <AeroPhase>
            <name>AP</name>
            <HLid>4</HLid>
            <LG>UP</LG>
         </AeroPhase>
         <AeroPhase>
            <name>LD</name>
            <HLid>6</HLid>
            <LG>DN</LG>
         </AeroPhase>
      </AeroConfSchedule>
      <SpeedScheduleList>
         <SpeedSchedule>
            <CompanyName>Default</CompanyName>
            <SpeedPhase>
               <name>Climb</name>
               <CAS1>330</CAS1>
               <CAS2>330</CAS2>
               <M>0.85</M>
            </SpeedPhase>
            <SpeedPhase>
               <name>Cruise</name>
               <CAS1>340</CAS1>
               <CAS2>340</CAS2>
               <M>0.84</M>
            </SpeedPhase>
            <SpeedPhase>
               <name>Descent</name>
               <CAS1>310</CAS1>
               <CAS2>310</CAS2>
               <M>0.86</M>
            </SpeedPhase>
         </SpeedSchedule>
      </SpeedScheduleList>
   </ARPM>
</bada40:ACM>