<?xml version="1.0" encoding="utf-8"?>
<bada40:ACM xmlns:bada40="http://www.eurocontrol.int/eec/public/standard_page/bada40">
   <model>Dummy-TBP</model>
   <type>TURBOPROP</type>
   <engine>PWxxx</engine>
   <description/>
   <ICAO>
      <designator>DUMT</designator>
      <WTC>M</WTC>
   </ICAO>
   <AFCM>
      <S>58</S>
      <Configuration HLid="0">
         <HLPosition>0000</HLPosition>
         <name>flaps 0</name>
         <vfe>245</vfe>
         <LGUP>
            <DPM_clean>
               <M_max>0.52572</M_max>
               <scalar>1e-006</scalar>
               <CD_clean>
                  <d>257583.01795343994000000000</d>
                  <d>-456554.94284404226000000000</d>
                  <d>228310.93113350577000000000</d>
                  <d>0</d>
                  <d>0</d>
                  <d>-208379.65263601241000000000</d>
                  <d>417490.12890164542000000000</d>
                  <d>-182081.07975746927000000000</d>
                  <d>0</d>
                  <d>0</d>
                  <d>0</d>
                  <d>0</d>
                  <d>0</d>
                  <d>0</d>
                  <d>0</d>
               </CD_clean>
            </DPM_clean>
            <BLM>
               <CL_max>1.6689</CL_max>
            </BLM>
         </LGUP>
         <LGDN>
            <DPM_nonclean>
               <CD_nonclean>
                  <d>0.058417</d>
                  <d>-0.014392</d>
                  <d>0.047783</d>
               </CD_nonclean>
            </DPM_nonclean>
            <BLM>
               <CL_max>1.6689</CL_max>
            </BLM>
         </LGDN>
      </Configuration>
      <Configuration HLid="1">
         <HLPosition>0010</HLPosition>
         <name>flaps 10</name>
         <vfe>178</vfe>
         <LGUP>
            <DPM_nonclean>
               <CD_nonclean>
                  <d>0.053823</d>
                  <d>-0.028569</d>
                  <d>0.046399</d>
               </CD_nonclean>
            </DPM_nonclean>
            <BLM>
               <CL_max>2.0604</CL_max>
            </BLM>
         </LGUP>
         <LGDN>
            <DPM_nonclean>
               <CD_nonclean>
                  <d>0.07574</d>
                  <d>-0.028368</d>
                  <d>0.046595</d>
               </CD_nonclean>
            </DPM_nonclean>
            <BLM>
               <CL_max>2.0604</CL_max>
            </BLM>
         </LGDN>
      </Configuration>
      <Configuration HLid="2">
         <HLPosition>0020</HLPosition>
         <name>flaps 20</name>
         <vfe>158</vfe>
         <LGUP>
            <DPM_nonclean>
               <CD_nonclean>
                  <d>0.071493</d>
                  <d>-0.037354</d>
                  <d>0.047762</d>
               </CD_nonclean>
            </DPM_nonclean>
            <BLM>
               <CL_max>2.3652</CL_max>
            </BLM>
         </LGUP>
         <LGDN>
            <DPM_nonclean>
               <CD_nonclean>
                  <d>0.093861</d>
                  <d>-0.038133</d>
                  <d>0.048202</d>
               </CD_nonclean>
            </DPM_nonclean>
            <BLM>
               <CL_max>2.482</CL_max>
            </BLM>
         </LGDN>
      </Configuration>
      <Configuration HLid="3">
         <HLPosition>0030</HLPosition>
         <name>flaps 30</name>
         <vfe>148</vfe>
         <LGUP>
            <DPM_nonclean>
               <CD_nonclean>
                  <d>0.083569</d>
                  <d>-0.034077</d>
                  <d>0.046417</d>
               </CD_nonclean>
            </DPM_nonclean>
            <BLM>
               <CL_max>2.6077</CL_max>
            </BLM>
         </LGUP>
         <LGDN>
            <DPM_nonclean>
               <CD_nonclean>
                  <d>0.10615</d>
                  <d>-0.033718</d>
                  <d>0.046292</d>
               </CD_nonclean>
            </DPM_nonclean>
            <BLM>
               <CL_max>2.8148</CL_max>
            </BLM>
         </LGDN>
      </Configuration>
   </AFCM>
   <PFM>
      <MREF>17500</MREF>
      <LHV>43217000</LHV>
      <rho>810</rho>
      <n_eng>2</n_eng>
      <TPM>
         <prop_dia>3.9</prop_dia>
         <max_eff>1</max_eff>
         <CP>
            <a>0</a>
            <a>2762978.41820601330000000000</a>
            <a>-1823568.57673516730000000000</a>
            <a>1.71236378952647870000</a>
            <a>0</a>
            <a>0</a>
            <a>-3.57741637651640950000</a>
            <a>289429031.85055351000000000000</a>
            <a>-191023537.47298586000000000000</a>
            <a>0</a>
            <a>0</a>
            <a>0</a>
            <a>0</a>
            <a>0</a>
            <a>0</a>
            <a>0</a>
            <a>0</a>
            <a>0</a>
            <a>0</a>
            <a>0</a>
            <a>0</a>
            <a>0</a>
            <a>0</a>
            <a>0</a>
            <a>0</a>
            <a>0</a>
            <a>0</a>
            <a>0</a>
            <a>0</a>
            <a>0</a>
            <a>0</a>
            <a>0</a>
            <a>0</a>
            <a>0</a>
            <a>0</a>
            <a>0</a>
         </CP>
         <CF>
            <f>-0.00511935867031682990</f>
            <f>6.54900206572385370000</f>
            <f>26.81213984869029000000</f>
            <f>0</f>
            <f>0</f>
            <f>0.35397255441178610000</f>
            <f>-27.32152654139537200000</f>
            <f>0</f>
            <f>-193.45149175140892000000</f>
            <f>0</f>
            <f>0</f>
            <f>30.23303807048265300000</f>
            <f>0</f>
            <f>0</f>
            <f>0</f>
            <f>0</f>
            <f>0</f>
            <f>0</f>
            <f>0</f>
            <f>0</f>
            <f>0</f>
            <f>0</f>
            <f>0</f>
            <f>0</f>
            <f>0</f>
         </CF>
         <MCRZ>
            <max_power>3034786.6516</max_power>
            <rating>
               <p>-0.00954630701357014020</p>
               <p>0.00000001560959236508</p>
               <p>-0.00000004907295099028</p>
               <p>0</p>
               <p>0</p>
               <p>0</p>
               <p>0.00000000313647189165</p>
               <p>-0.00000003919966909620</p>
               <p>0.00000008209860096497</p>
               <p>0</p>
               <p>0</p>
               <p>0</p>
               <p>-0.00000000353481640218</p>
               <p>0.00000002557264899260</p>
               <p>-0.00000005165717039096</p>
               <p>0</p>
               <p>0</p>
               <p>0</p>
               <p>0</p>
               <p>0</p>
               <p>0</p>
               <p>0</p>
               <p>0</p>
               <p>0</p>
               <p>0</p>
               <p>0</p>
               <p>0</p>
               <p>0</p>
               <p>0</p>
               <p>0</p>
               <p>0</p>
               <p>0</p>
               <p>0</p>
               <p>0</p>
               <p>0</p>
               <p>0</p>
            </rating>
         </MCRZ>
         <MCMB>
            <max_power>3126745.5927</max_power>
            <rating>
               <p>-0.00954630653266032820</p>
               <p>0.00000001320085909372</p>
               <p>-0.00000004412241411642</p>
               <p>0</p>
               <p>0</p>
               <p>0</p>
               <p>0.00000000203483959161</p>
               <p>-0.00000003350574045756</p>
               <p>0.00000007034143862228</p>
               <p>0</p>
               <p>0</p>
               <p>0</p>
               <p>-0.00000000289845344741</p>
               <p>0.00000002227388819945</p>
               <p>-0.00000004485531396700</p>
               <p>0</p>
               <p>0</p>
               <p>0</p>
               <p>0</p>
               <p>0</p>
               <p>0</p>
               <p>0</p>
               <p>0</p>
               <p>0</p>
               <p>0</p>
               <p>0</p>
               <p>0</p>
               <p>0</p>
               <p>0</p>
               <p>0</p>
               <p>0</p>
               <p>0</p>
               <p>0</p>
               <p>0</p>
               <p>0</p>
               <p>0</p>
            </rating>
         </MCMB>
         <LIDL>
            <CT>
               <ti>0</ti>
               <ti>0</ti>
               <ti>0</ti>
               <ti>0</ti>
               <ti>0</ti>
               <ti>0.72641267768716566000</ti>
               <ti>0</ti>
               <ti>0</ti>
               <ti>0.05230877967997653300</ti>
               <ti>-0.32451542548647083000</ti>
               <ti>0</ti>
               <ti>0</ti>
               <ti>-0.27675001106199687000</ti>
               <ti>0</ti>
               <ti>0</ti>
               <ti>0</ti>
               <ti>0.06660007726724770400</ti>
               <ti>0.26318746231991730000</ti>
               <ti>-0.11657990363165735000</ti>
               <ti>0</ti>
               <ti>0</ti>
               <ti>0</ti>
               <ti>0</ti>
               <ti>0</ti>
               <ti>-0.44427246691466216000</ti>
               <ti>0</ti>
               <ti>0</ti>
               <ti>-0.24394411724904691000</ti>
               <ti>0.15147284747576156000</ti>
               <ti>0</ti>
               <ti>0</ti>
               <ti>0</ti>
            </CT>
            <CF>
               <fi>0.06270990601335581200</fi>
               <fi>0.04014553776501917500</fi>
               <fi>0.00771600071187591480</fi>
               <fi>0.00575765607549943990</fi>
               <fi>0</fi>
               <fi>0</fi>
               <fi>0</fi>
               <fi>0</fi>
               <fi>0</fi>
               <fi>0</fi>
               <fi>-0.06464109849029237000</fi>
               <fi>0</fi>
               <fi>0</fi>
               <fi>0</fi>
            </CF>
         </LIDL>
         <throttle>
            <low>-0.0095463</low>
            <high>-0.0095463</high>
         </throttle>
      </TPM>
   </PFM>
   <OPM>
      <LGO>
         <Transition>
            <from>0</from>
            <to>1</to>
            <time>10</time>
         </Transition>
         <Transition>
            <from>1</from>
            <to>0</to>
            <time>10</time>
         </Transition>
      </LGO>
      <HLO>
         <Transition>
            <from>0</from>
            <to>1</to>
            <time>3.2</time>
         </Transition>
         <Transition>
            <from>1</from>
            <to>2</to>
            <time>3.1</time>
         </Transition>
         <Transition>
            <from>2</from>
            <to>3</to>
            <time>2.5</time>
         </Transition>
         <Transition>
            <from>3</from>
            <to>2</to>
            <time>2.9</time>
         </Transition>
         <Transition>
            <from>2</from>
            <to>1</to>
            <time>4.1</time>
         </Transition>
         <Transition>
            <from>1</from>
            <to>0</to>
            <time>5.4</time>
         </Transition>
      </HLO>
   </OPM>
   <ALM>
      <GLM>
         <hmo>24000</hmo>
      </GLM>
      <KLM>
         <mmo>0.53</mmo>
         <vmo>245</vmo>
         <vle>175</vle>
         <vloe>160</vloe>
         <vlor>150</vlor>
      </KLM>
      <ELM>
         <Tmin_f>
            <point>
               <Hp>-1000</Hp>
               <DeltaT>-71</DeltaT>
            </point>
            <point>
               <Hp>25000</Hp>
               <DeltaT>-19.5</DeltaT>
            </point>
         </Tmin_f>
         <Tmax_f>
            <point>
               <Hp>-1000</Hp>
               <DeltaT>33</DeltaT>
            </point>
            <point>
               <Hp>0</Hp>
               <DeltaT>35</DeltaT>
            </point>
            <point>
               <Hp>25000</Hp>
               <DeltaT>34.5</DeltaT>
            </point>
         </Tmax_f>
         <Tmin_g>
            <point>
               <Hp>-1000</Hp>
               <DeltaT>-52</DeltaT>
            </point>
            <point>
               <Hp>8500</Hp>
               <DeltaT>-33.2</DeltaT>
            </point>
         </Tmin_g>
         <Tmax_g>
            <point>
               <Hp>-1000</Hp>
               <DeltaT>33</DeltaT>
            </point>
            <point>
               <Hp>0</Hp>
               <DeltaT>35</DeltaT>
            </point>
            <point>
               <Hp>8500</Hp>
               <DeltaT>34.8</DeltaT>
            </point>
         </Tmax_g>
      </ELM>
      <DLM>
         <MTW>17700</MTW>
         <MTOW>17500</MTOW>
         <MLW>17200</MLW>
         <MZFW>15500</MZFW>
         <OEW>10100</OEW>
         <MPL>5200</MPL>
         <MFL>4000</MFL>
         <n1>2.5</n1>
         <n3>-1</n3>
         <nf1>2</nf1>
         <nf3>0</nf3>
      </DLM>
   </ALM>
   <Ground>
      <Dimensions>
         <span>26.3</span>
         <length>25.1</length>
      </Dimensions>
      <Runway>
         <TOL>1200</TOL>
         <LDL>1000</LDL>
      </Runway>
   </Ground>
   <ARPM>
      <AeroConfSchedule>
         <AeroPhase>
            <name>TO</name>
            <HLid>1</HLid>
            <LG>UP</LG>
         </AeroPhase>
         <AeroPhase>
            <name>IC</name>
            <HLid>0</HLid>
            <LG>UP</LG>
         </AeroPhase>
         <AeroPhase>
            <name>CR</name>
            <HLid>0</HLid>
            <LG>UP</LG>
         </AeroPhase>
         <AeroPhase>
            <name>AP</name>
            <HLid>1</HLid>
            <LG>UP</LG>
         </AeroPhase>
         <AeroPhase>
            <name>LD</name>
            <HLid>3</HLid>
            <LG>DN</LG>
         </AeroPhase>
      </AeroConfSchedule>
      <SpeedScheduleList>
         <SpeedSchedule>
            <CompanyName>Default</CompanyName>
            <SpeedPhase>
               <name>Climb</name>
               <CAS1>170</CAS1>
               <CAS2>170</CAS2>
               <M>0.45</M>
            </SpeedPhase>
            <SpeedPhase>
               <name>Cruise</name>
               <CAS1>200</CAS1>
               <CAS2>200</CAS2>
               <M>0.45</M>
            </SpeedPhase>
            <SpeedPhase>
               <name>Descent</name>
               <CAS1>230</CAS1>
               <CAS2>230</CAS2>
               <M>0.53</M>
            </SpeedPhase>
         </SpeedSchedule>
      </SpeedScheduleList>
   </ARPM>
</bada40:ACM>