<?xml version="1.0" encoding="utf-8"?>
<bada40:ACM xmlns:bada40="http://www.eurocontrol.int/eec/public/standard_page/bada40">
   <model>767-300</model>
   <type>JET</type>
   <engine>PW4060</engine>
   <description/>
   <ICAO>
      <designator>B763</designator>
      <WTC>H</WTC>
   </ICAO>
   <AFCM>
      <S>283.35427200000004000000</S>
      <Configuration HLid="0">
         <HLPosition>0000</HLPosition>
         <name>flaps  0</name>
         <vfe>360</vfe>
         <LGUP>
            <DPM_clean>
               <M_max>0.86000</M_max>
               <scalar>9.835e-007</scalar>
               <CD_clean>
                  <d>16341.89831874207400000000</d>
                  <d>-6498.80408512398940000000</d>
                  <d>3201.10832229904780000000</d>
                  <d>-229.25499210198916000000</d>
                  <d>203.70297531137311000000</d>
                  <d>44900.87877512844700000000</d>
                  <d>6412.77874133313430000000</d>
                  <d>-2644.40321223985350000000</d>
                  <d>199.04044433169781000000</d>
                  <d>5.78020421318653810000</d>
                  <d>6632.76593312764730000000</d>
                  <d>-6572.58858335005430000000</d>
                  <d>12287.73622739774500000000</d>
                  <d>-7392.66109506983140000000</d>
                  <d>1459.61878316237560000000</d>
               </CD_clean>
            </DPM_clean>
            <BLM_clean>
               <Mmin>0.40000</Mmin>
               <Mmax>0.85000</Mmax>
               <CL_Mach0>0.94381251807029976000</CL_Mach0>
               <CL_clean>
                  <bf>3.22818142224560760000</bf>
                  <bf>-12.90074450286916300000</bf>
                  <bf>23.79018994337129200000</bf>
                  <bf>-14.52421612027816200000</bf>
                  <bf>0.00000000000000000000</bf>
               </CL_clean>
            </BLM_clean>
         </LGUP>
         <LGDN>
            <DPM_nonclean>
               <CD_nonclean>
                  <d>0.05104539835164838300</d>
                  <d>-0.02751854395604409400</d>
                  <d>0.06814560439560452000</d>
               </CD_nonclean>
            </DPM_nonclean>
            <BLM>
               <CL_max>0.94381251807029976000</CL_max>
            </BLM>
         </LGDN>
      </Configuration>
      <Configuration HLid="1">
         <HLPosition>0001</HLPosition>
         <name>flaps  1</name>
         <vfe>245</vfe>
         <LGUP>
            <DPM_nonclean>
               <CD_nonclean>
                  <d>0.02735653850086710400</d>
                  <d>-0.02981694817149175100</d>
                  <d>0.07054681430356560300</d>
               </CD_nonclean>
            </DPM_nonclean>
            <BLM>
               <CL_max>1.53045669162038030000</CL_max>
            </BLM>
         </LGUP>
         <LGDN>
            <DPM_nonclean>
               <CD_nonclean>
                  <d>0.06268872360272016700</d>
                  <d>-0.04508989536897425200</d>
                  <d>0.07457393769139264400</d>
               </CD_nonclean>
            </DPM_nonclean>
            <BLM>
               <CL_max>1.53045669162038030000</CL_max>
            </BLM>
         </LGDN>
      </Configuration>
      <Configuration HLid="2">
         <HLPosition>0005</HLPosition>
         <name>flaps  5</name>
         <vfe>225</vfe>
         <LGUP>
            <DPM_nonclean>
               <CD_nonclean>
                  <d>0.03347126168353934500</d>
                  <d>-0.02304398261640087600</d>
                  <d>0.05898760617878275000</d>
               </CD_nonclean>
            </DPM_nonclean>
            <BLM>
               <CL_max>1.83258410186988140000</CL_max>
            </BLM>
         </LGUP>
         <LGDN>
            <DPM_nonclean>
               <CD_nonclean>
                  <d>0.06333798602155404900</d>
                  <d>-0.03072744052598846600</d>
                  <d>0.06040160111924651500</d>
               </CD_nonclean>
            </DPM_nonclean>
            <BLM>
               <CL_max>1.83258410186988140000</CL_max>
            </BLM>
         </LGDN>
      </Configuration>
      <Configuration HLid="3">
         <HLPosition>0015</HLPosition>
         <name>flaps 15</name>
         <vfe>205</vfe>
         <LGUP>
            <DPM_nonclean>
               <CD_nonclean>
                  <d>0.04439449438626953700</d>
                  <d>-0.03106901296151589500</d>
                  <d>0.06021891806403244900</d>
               </CD_nonclean>
            </DPM_nonclean>
            <BLM>
               <CL_max>1.92614799606181550000</CL_max>
            </BLM>
         </LGUP>
         <LGDN>
            <DPM_nonclean>
               <CD_nonclean>
                  <d>0.07841631064756503200</d>
                  <d>-0.04819351775990993900</d>
                  <d>0.06626071236221696400</d>
               </CD_nonclean>
            </DPM_nonclean>
            <BLM>
               <CL_max>1.92614799606181550000</CL_max>
            </BLM>
         </LGDN>
      </Configuration>
      <Configuration HLid="4">
         <HLPosition>0020</HLPosition>
         <name>flaps 20</name>
         <vfe>205</vfe>
         <LGUP>
            <DPM_nonclean>
               <CD_nonclean>
                  <d>0.07519341487141040200</d>
                  <d>-0.07029579330520570300</d>
                  <d>0.07376634332671007400</d>
               </CD_nonclean>
            </DPM_nonclean>
            <BLM>
               <CL_max>1.95893290521629380000</CL_max>
            </BLM>
         </LGUP>
         <LGDN>
            <DPM_nonclean>
               <CD_nonclean>
                  <d>0.10496616086200583000</d>
                  <d>-0.08004152309983726700</d>
                  <d>0.07662936514054564900</d>
               </CD_nonclean>
            </DPM_nonclean>
            <BLM>
               <CL_max>1.95893290521629380000</CL_max>
            </BLM>
         </LGDN>
      </Configuration>
      <Configuration HLid="5">
         <HLPosition>0025</HLPosition>
         <name>flaps 25</name>
         <vfe>175</vfe>
         <LGDN>
            <DPM_nonclean>
               <CD_nonclean>
                  <d>0.13541250000000166000</d>
                  <d>-0.07552310924369987100</d>
                  <d>0.07130252100840425700</d>
               </CD_nonclean>
            </DPM_nonclean>
            <BLM>
               <CL_max>1.94243670154223610000</CL_max>
            </BLM>
         </LGDN>
      </Configuration>
      <Configuration HLid="6">
         <HLPosition>0030</HLPosition>
         <name>flaps 30</name>
         <vfe>165</vfe>
         <LGDN>
            <DPM_nonclean>
               <CD_nonclean>
                  <d>0.19740314850903240000</d>
                  <d>-0.13168457555941482000</d>
                  <d>0.08785551888270605500</d>
               </CD_nonclean>
            </DPM_nonclean>
            <BLM>
               <CL_max>1.95893290521629380000</CL_max>
            </BLM>
         </LGDN>
      </Configuration>
   </AFCM>
   <PFM>
      <MREF>158758</MREF>
      <LHV>43217000</LHV>
      <rho>810</rho>
      <n_eng>2</n_eng>
      <TFA>22</TFA>
      <TFM>
         <CT>
            <a>0.00000000000000000000</a>
            <a>-0.09999999998600030100</a>
            <a>0.00000000000000000000</a>
            <a>0.00000000000000000000</a>
            <a>0.00000000000000000000</a>
            <a>0.00000000000000000000</a>
            <a>0.29999999998544441000</a>
            <a>0.00000000000000000000</a>
            <a>0.00000000000000000000</a>
            <a>0.00000000000000000000</a>
            <a>0.00000000000000000000</a>
            <a>0.00000000000000000000</a>
            <a>0.00000000000000000000</a>
            <a>0.00000000000000000000</a>
            <a>0.00000000000000000000</a>
            <a>0.00000000000000000000</a>
            <a>0.00000000000000000000</a>
            <a>0.00000000000000000000</a>
            <a>0.00000000000000000000</a>
            <a>0.00000000000000000000</a>
            <a>0.00000000000000000000</a>
            <a>0.00000000000000000000</a>
            <a>0.00000000000000000000</a>
            <a>0.00000000000000000000</a>
            <a>0.00000000000000000000</a>
            <a>0.00000000000000000000</a>
            <a>0.00000000000000000000</a>
            <a>0.00000000000000000000</a>
            <a>0.00000000000000000000</a>
            <a>0.00000000000000000000</a>
            <a>0.00000000000000000000</a>
            <a>0.00000000000000000000</a>
            <a>0.00000000000000000000</a>
            <a>0.00000000000000000000</a>
            <a>0.00000000000000000000</a>
            <a>0.00000000000000000000</a>
         </CT>
         <CF>
            <f>-0.02666714819324337400</f>
            <f>1.73500039480787670000</f>
            <f>-2.27089539863735680000</f>
            <f>-11.87484097682308700000</f>
            <f>59.28278747386641400000</f>
            <f>0.16000533586069579000</f>
            <f>-0.24620757986871933000</f>
            <f>8.68873216378485050000</f>
            <f>0.68222134925667233000</f>
            <f>-61.04600134883260400000</f>
            <f>0.00000000000000000000</f>
            <f>0.00000000000000000000</f>
            <f>0.00000000000000000000</f>
            <f>0.00000000000000000000</f>
            <f>0.00000000000000000000</f>
            <f>0.00000000000000000000</f>
            <f>0.00000000000000000000</f>
            <f>0.00000000000000000000</f>
            <f>0.00000000000000000000</f>
            <f>0.00000000000000000000</f>
            <f>0.00000000000000000000</f>
            <f>0.00000000000000000000</f>
            <f>0.00000000000000000000</f>
            <f>0.00000000000000000000</f>
            <f>0.00000000000000000000</f>
         </CF>
         <MCRZ>
            <kink>15</kink>
            <flat_rating>
               <b>0.33302070440291476000</b>
               <b>3.78309911963455380000</b>
               <b>-4.92521757813356760000</b>
               <b>0.00000000000000000000</b>
               <b>0.00000000000000000000</b>
               <b>0.00000000000000000000</b>
               <b>4.79178793590256190000</b>
               <b>-35.82347021261099200000</b>
               <b>56.87122311529656600000</b>
               <b>0.00000000000000000000</b>
               <b>0.00000000000000000000</b>
               <b>0.00000000000000000000</b>
               <b>-18.26683035535152300000</b>
               <b>158.13801393037551000000</b>
               <b>-256.43391546336119000000</b>
               <b>0.00000000000000000000</b>
               <b>0.00000000000000000000</b>
               <b>0.00000000000000000000</b>
               <b>43.66326421789953100000</b>
               <b>-361.10333112267432000000</b>
               <b>553.27811758927135000000</b>
               <b>0.00000000000000000000</b>
               <b>0.00000000000000000000</b>
               <b>0.00000000000000000000</b>
               <b>-51.68616802557819800000</b>
               <b>386.38146083202770000000</b>
               <b>-558.06692355731536000000</b>
               <b>0.00000000000000000000</b>
               <b>0.00000000000000000000</b>
               <b>0.00000000000000000000</b>
               <b>22.25269485971652400000</b>
               <b>-153.14698857635787000000</b>
               <b>211.22636311881868000000</b>
               <b>0.00000000000000000000</b>
               <b>0.00000000000000000000</b>
               <b>0.00000000000000000000</b>
            </flat_rating>
            <temp_rating>
               <c>-404.09335932187855000000</c>
               <c>1416.33180828104950000000</c>
               <c>-1280.40188232497100000000</c>
               <c>0.00000000000000000000</c>
               <c>0.00000000000000000000</c>
               <c>1555.20153103159920000000</c>
               <c>-5488.82843022197450000000</c>
               <c>4984.26932763946570000000</c>
               <c>0.00000000000000000000</c>
               <c>0.00000000000000000000</c>
               <c>-2230.74861569316910000000</c>
               <c>7964.98193604637800000000</c>
               <c>-7264.30901433363310000000</c>
               <c>0.00000000000000000000</c>
               <c>0.00000000000000000000</c>
               <c>1412.55790462048620000000</c>
               <c>-5114.66013384189230000000</c>
               <c>4686.86609404056980000000</c>
               <c>0.00000000000000000000</c>
               <c>0.00000000000000000000</c>
               <c>-333.76486412356110000000</c>
               <c>1226.95646928574840000000</c>
               <c>-1130.12899600812470000000</c>
               <c>0.00000000000000000000</c>
               <c>0.00000000000000000000</c>
               <c>10.45416341542568100000</c>
               <c>-33.55419688502522700000</c>
               <c>30.50262585357766900000</c>
               <c>0.00000000000000000000</c>
               <c>0.00000000000000000000</c>
               <c>-24.01830261143990700000</c>
               <c>82.86739042491242900000</c>
               <c>-78.66016553687273900000</c>
               <c>0.00000000000000000000</c>
               <c>0.00000000000000000000</c>
               <c>25.53208191900625600000</c>
               <c>-91.82620782942075300000</c>
               <c>89.53467793784587100000</c>
               <c>0.00000000000000000000</c>
               <c>0.00000000000000000000</c>
               <c>-10.20833107472099300000</c>
               <c>37.50016913962563300000</c>
               <c>-37.13911643050755600000</c>
               <c>0.00000000000000000000</c>
               <c>0.00000000000000000000</c>
            </temp_rating>
         </MCRZ>
         <MCMB>
            <kink>15</kink>
            <flat_rating>
               <b>-0.97892319132721428000</b>
               <b>5.77132514502012220000</b>
               <b>-5.56853234875909560000</b>
               <b>0.00000000000000000000</b>
               <b>0.00000000000000000000</b>
               <b>0.00000000000000000000</b>
               <b>17.82359356932411400000</b>
               <b>-53.31906736600237200000</b>
               <b>61.68464852397204400000</b>
               <b>0.00000000000000000000</b>
               <b>0.00000000000000000000</b>
               <b>0.00000000000000000000</b>
               <b>-62.63144753753227400000</b>
               <b>211.87631998668223000000</b>
               <b>-267.02520692576883000000</b>
               <b>0.00000000000000000000</b>
               <b>0.00000000000000000000</b>
               <b>0.00000000000000000000</b>
               <b>113.81891155947737000000</b>
               <b>-433.64428440549943000000</b>
               <b>556.82102039659912000000</b>
               <b>0.00000000000000000000</b>
               <b>0.00000000000000000000</b>
               <b>0.00000000000000000000</b>
               <b>-104.39143475596887000000</b>
               <b>429.35106184490013000000</b>
               <b>-548.59307263108838000000</b>
               <b>0.00000000000000000000</b>
               <b>0.00000000000000000000</b>
               <b>0.00000000000000000000</b>
               <b>37.54441379970278800000</b>
               <b>-161.80657374521476000000</b>
               <b>204.61202805170868000000</b>
               <b>0.00000000000000000000</b>
               <b>0.00000000000000000000</b>
               <b>0.00000000000000000000</b>
            </flat_rating>
            <temp_rating>
               <c>-10.42853672045783300000</c>
               <c>-58.34842506547811800000</c>
               <c>-39.73674204247392100000</c>
               <c>0.00000000000000000000</c>
               <c>0.00000000000000000000</c>
               <c>8.53676267334682140000</c>
               <c>307.68727903179877000000</c>
               <c>113.99196749858487000000</c>
               <c>0.00000000000000000000</c>
               <c>0.00000000000000000000</c>
               <c>40.06948092308235200000</c>
               <c>-552.97676743149111000000</c>
               <c>-116.52494325538399000000</c>
               <c>0.00000000000000000000</c>
               <c>0.00000000000000000000</c>
               <c>-60.19460933251689700000</c>
               <c>419.28999075878789000000</c>
               <c>46.87676513435334200000</c>
               <c>0.00000000000000000000</c>
               <c>0.00000000000000000000</c>
               <c>22.42686057958279000000</c>
               <c>-114.65205761554559000000</c>
               <c>-5.73399902621203860000</c>
               <c>0.00000000000000000000</c>
               <c>0.00000000000000000000</c>
               <c>4.59128090195591820000</c>
               <c>-13.95875497713050500000</c>
               <c>17.93899119633779500000</c>
               <c>0.00000000000000000000</c>
               <c>0.00000000000000000000</c>
               <c>-12.93003558670277500000</c>
               <c>46.49940986524662600000</c>
               <c>-59.23989516014989900000</c>
               <c>0.00000000000000000000</c>
               <c>0.00000000000000000000</c>
               <c>15.98682582144091300000</c>
               <c>-63.37691692528000000000</c>
               <c>79.39281729774772600000</c>
               <c>0.00000000000000000000</c>
               <c>0.00000000000000000000</c>
               <c>-7.11184475077633230000</c>
               <c>29.76610298390492600000</c>
               <c>-36.70106507462320900000</c>
               <c>0.00000000000000000000</c>
               <c>0.00000000000000000000</c>
            </temp_rating>
         </MCMB>
         <MTKF>
            <kink>15</kink>
            <flat_rating>
               <b>-3.71483595373039230000</b>
               <b>25.80601700220391600000</b>
               <b>-26.47357009170268000000</b>
               <b>0.00000000000000000000</b>
               <b>0.00000000000000000000</b>
               <b>0.00000000000000000000</b>
               <b>75.39036006251112100000</b>
               <b>-345.83656452992733000000</b>
               <b>334.12807103115267000000</b>
               <b>0.00000000000000000000</b>
               <b>0.00000000000000000000</b>
               <b>0.00000000000000000000</b>
               <b>-348.58036031918357000000</b>
               <b>1505.90769224840780000000</b>
               <b>-1403.88756812802510000000</b>
               <b>0.00000000000000000000</b>
               <b>0.00000000000000000000</b>
               <b>0.00000000000000000000</b>
               <b>679.31850377716387000000</b>
               <b>-2851.43645543963880000000</b>
               <b>2600.78655591300730000000</b>
               <b>0.00000000000000000000</b>
               <b>0.00000000000000000000</b>
               <b>0.00000000000000000000</b>
               <b>-591.85250950762020000000</b>
               <b>2440.78573238034690000000</b>
               <b>-2190.21720029398650000000</b>
               <b>0.00000000000000000000</b>
               <b>0.00000000000000000000</b>
               <b>0.00000000000000000000</b>
               <b>190.35081147610234000000</b>
               <b>-774.20520917911290000000</b>
               <b>683.22339548476032000000</b>
               <b>0.00000000000000000000</b>
               <b>0.00000000000000000000</b>
               <b>0.00000000000000000000</b>
            </flat_rating>
            <temp_rating>
               <c>746.47470967367224000000</c>
               <c>-4827.15323515226740000000</c>
               <c>7044.97827136899010000000</c>
               <c>0.00000000000000000000</c>
               <c>0.00000000000000000000</c>
               <c>-2817.22712683190140000000</c>
               <c>18686.57627086415600000000</c>
               <c>-27412.16785861712600000000</c>
               <c>0.00000000000000000000</c>
               <c>0.00000000000000000000</c>
               <c>4040.63687981203880000000</c>
               <c>-27325.74179205590600000000</c>
               <c>40178.71350202748000000000</c>
               <c>0.00000000000000000000</c>
               <c>0.00000000000000000000</c>
               <c>-2558.95694874858600000000</c>
               <c>17698.70362952756100000000</c>
               <c>-26119.99652833848400000000</c>
               <c>0.00000000000000000000</c>
               <c>0.00000000000000000000</c>
               <c>603.71923997140243000000</c>
               <c>-4285.22179471465820000000</c>
               <c>6355.21364796914350000000</c>
               <c>0.00000000000000000000</c>
               <c>0.00000000000000000000</c>
               <c>-88.05549139265636400000</c>
               <c>338.50179705560959000000</c>
               <c>-298.33130863145607000000</c>
               <c>0.00000000000000000000</c>
               <c>0.00000000000000000000</c>
               <c>203.45702574231314000000</c>
               <c>-781.03960693726162000000</c>
               <c>692.99372843330320000000</c>
               <c>0.00000000000000000000</c>
               <c>0.00000000000000000000</c>
               <c>-198.86819490465075000000</c>
               <c>762.16030941191786000000</c>
               <c>-677.88716997429685000000</c>
               <c>0.00000000000000000000</c>
               <c>0.00000000000000000000</c>
               <c>69.60260819526223500000</c>
               <c>-265.07865368860411000000</c>
               <c>233.72280496127433000000</c>
               <c>0.00000000000000000000</c>
               <c>0.00000000000000000000</c>
            </temp_rating>
         </MTKF>
         <LIDL>
            <CT>
               <ti>-0.00810066178466743030</ti>
               <ti>0.18999416486916143000</ti>
               <ti>-0.34202985771229372000</ti>
               <ti>0.09986474432283655400</ti>
               <ti>0.10253073876688296000</ti>
               <ti>-0.80536069769760277000</ti>
               <ti>1.25232630416933840000</ti>
               <ti>-0.19163957302165713000</ti>
               <ti>-0.08218052067336306700</ti>
               <ti>0.48421667653622741000</ti>
               <ti>-0.76110249235318772000</ti>
               <ti>-0.16889118320298568000</ti>
            </CT>
            <CF>
               <fi>-0.00206236723354800410</fi>
               <fi>0.05198490189878899500</fi>
               <fi>-0.01290606710477256200</fi>
               <fi>0.06625579955795728200</fi>
               <fi>-0.14467439199839160000</fi>
               <fi>0.03929305915479577200</fi>
               <fi>-0.03434061665182550100</fi>
               <fi>-0.00194923784417855690</fi>
               <fi>0.07730974020237871300</fi>
            </CF>
         </LIDL>
         <throttle>
            <low>0.64842995269664794000</low>
            <high>1.38943269397768510000</high>
         </throttle>
      </TFM>
   </PFM>
   <OPM>
      <LGO>
         <Transition>
            <from>0</from>
            <to>1</to>
            <time>15.3</time>
         </Transition>
         <Transition>
            <from>1</from>
            <to>0</to>
            <time>15.3</time>
         </Transition>
      </LGO>
      <HLO>
         <Transition>
            <from>0</from>
            <to>1</to>
            <time>7</time>
         </Transition>
         <Transition>
            <from>1</from>
            <to>2</to>
            <time>27.9</time>
         </Transition>
         <Transition>
            <from>2</from>
            <to>3</to>
            <time>3.5</time>
         </Transition>
         <Transition>
            <from>3</from>
            <to>4</to>
            <time>2.9</time>
         </Transition>
         <Transition>
            <from>4</from>
            <to>5</to>
            <time>7.4</time>
         </Transition>
         <Transition>
            <from>5</from>
            <to>6</to>
            <time>2.1</time>
         </Transition>
         <Transition>
            <from>6</from>
            <to>5</to>
            <time>2.1</time>
         </Transition>
         <Transition>
            <from>5</from>
            <to>4</to>
            <time>7.4</time>
         </Transition>
         <Transition>
            <from>4</from>
            <to>3</to>
            <time>2.9</time>
         </Transition>
         <Transition>
            <from>3</from>
            <to>2</to>
            <time>3.5</time>
         </Transition>
         <Transition>
            <from>2</from>
            <to>1</to>
            <time>27.9</time>
         </Transition>
         <Transition>
            <from>1</from>
            <to>0</to>
            <time>7</time>
         </Transition>
      </HLO>
   </OPM>
   <ALM>
      <GLM>
         <hmo>43100</hmo>
         <mfa>20000</mfa>
      </GLM>
      <KLM>
         <mmo>0.86</mmo>
         <vmo>360</vmo>
         <mle>0.82</mle>
         <vle>270</vle>
         <mlo>0.82</mlo>
         <vloe>270</vloe>
         <vlor>270</vlor>
      </KLM>
      <ELM>
         <Tmin_f>
            <point>
               <Hp>-1000.0</Hp>
               <DeltaT>-71.00000000000000000000</DeltaT>
            </point>
            <point>
               <Hp>0.0</Hp>
               <DeltaT>-69.00000000000000000000</DeltaT>
            </point>
            <point>
               <Hp>25000.0</Hp>
               <DeltaT>-36.50000000000000000000</DeltaT>
            </point>
            <point>
               <Hp>35000.0</Hp>
               <DeltaT>-19.50000000000000000000</DeltaT>
            </point>
            <point>
               <Hp>36089.0</Hp>
               <DeltaT>-17.50000000000000000000</DeltaT>
            </point>
            <point>
               <Hp>43100.0</Hp>
               <DeltaT>-17.50000000000000000000</DeltaT>
            </point>
         </Tmin_f>
         <Tmax_f>
            <point>
               <Hp>-1000.0</Hp>
               <DeltaT>37.39999999999999900000</DeltaT>
            </point>
            <point>
               <Hp>0.0</Hp>
               <DeltaT>39.39999999999999900000</DeltaT>
            </point>
            <point>
               <Hp>10000.0</Hp>
               <DeltaT>39.39999999999999900000</DeltaT>
            </point>
            <point>
               <Hp>10001.0</Hp>
               <DeltaT>33.89999999999999900000</DeltaT>
            </point>
            <point>
               <Hp>36089.0</Hp>
               <DeltaT>33.89999999999999900000</DeltaT>
            </point>
            <point>
               <Hp>43100.0</Hp>
               <DeltaT>20.00000000000000000000</DeltaT>
            </point>
         </Tmax_f>
         <Tmin_g>
            <point>
               <Hp>-1000.0</Hp>
               <DeltaT>-71.00000000000000000000</DeltaT>
            </point>
            <point>
               <Hp>0.0</Hp>
               <DeltaT>-69.00000000000000000000</DeltaT>
            </point>
            <point>
               <Hp>8500.0</Hp>
               <DeltaT>-52.10000000000000100000</DeltaT>
            </point>
         </Tmin_g>
         <Tmax_g>
            <point>
               <Hp>-1000.0</Hp>
               <DeltaT>37.39999999999999900000</DeltaT>
            </point>
            <point>
               <Hp>0.0</Hp>
               <DeltaT>39.39999999999999900000</DeltaT>
            </point>
            <point>
               <Hp>8500.0</Hp>
               <DeltaT>39.39999999999999900000</DeltaT>
            </point>
         </Tmax_g>
      </ELM>
      <DLM>
         <MTW>159665</MTW>
         <MTOW>158758</MTOW>
         <MLW>136078</MLW>
         <MZFW>126099</MZFW>
         <OEW>86069</OEW>
         <MPL>40230</MPL>
         <MFL>63216</MFL>
         <n1>2.5</n1>
         <n3>-1</n3>
         <nf1>2</nf1>
         <nf3>0</nf3>
      </DLM>
   </ALM>
   <Ground>
      <Dimensions>
         <span>47.57</span>
         <length>54.94</length>
      </Dimensions>
      <Runway>
         <TOL>1900</TOL>
         <LDL>1500</LDL>
      </Runway>
   </Ground>
   <ARPM>
      <AeroConfSchedule>
         <AeroPhase>
            <name>TO</name>
            <HLid>3</HLid>
            <LG>UP</LG>
         </AeroPhase>
         <AeroPhase>
            <name>IC</name>
            <HLid>1</HLid>
            <LG>UP</LG>
         </AeroPhase>
         <AeroPhase>
            <name>CR</name>
            <HLid>0</HLid>
            <LG>UP</LG>
         </AeroPhase>
         <AeroPhase>
            <name>AP</name>
            <HLid>4</HLid>
            <LG>UP</LG>
         </AeroPhase>
         <AeroPhase>
            <name>LD</name>
            <HLid>6</HLid>
            <LG>DN</LG>
         </AeroPhase>
      </AeroConfSchedule>
      <SpeedScheduleList>
         <SpeedSchedule>
            <CompanyName>Default</CompanyName>
            <SpeedPhase>
               <name>Climb</name>
               <CAS1>310</CAS1>
               <CAS2>310</CAS2>
               <M>0.80</M>
            </SpeedPhase>
            <SpeedPhase>
               <name>Cruise</name>
               <CAS1>310</CAS1>
               <CAS2>310</CAS2>
               <M>0.80</M>
            </SpeedPhase>
            <SpeedPhase>
               <name>Descent</name>
               <CAS1>310</CAS1>
               <CAS2>310</CAS2>
               <M>0.80</M>
            </SpeedPhase>
         </SpeedSchedule>
      </SpeedScheduleList>
   </ARPM>
</bada40:ACM>