<?xml version="1.0" encoding="utf-8"?>
<bada40:ACM xmlns:bada40="http://www.eurocontrol.int/eec/public/standard_page/bada40">
   <model>767-400ER</model>
   <type>JET</type>
   <engine>CF6-80C2B8F</engine>
   <description>extended range</description>
   <ICAO>
      <designator>B764</designator>
      <WTC>H</WTC>
   </ICAO>
   <AFCM>
      <S>283.35427200000004000000</S>
      <Configuration HLid="0">
         <HLPosition>0000</HLPosition>
         <name>flaps  0</name>
         <vfe>360</vfe>
         <LGUP>
            <DPM_clean>
               <M_max>0.86000</M_max>
               <scalar>9.835e-007</scalar>
               <CD_clean>
                  <d>119112.22941656545000000000</d>
                  <d>-310918.23409805016000000000</d>
                  <d>338870.70055191941000000000</d>
                  <d>-161012.13223188496000000000</d>
                  <d>28383.09687378722400000000</d>
                  <d>33549.52834870932600000000</d>
                  <d>9874.26274247289440000000</d>
                  <d>-5082.68048955910940000000</d>
                  <d>834.82434826207270000000</d>
                  <d>-42.88529858081477600000</d>
                  <d>14133.80806328706100000000</d>
                  <d>1627.76018237833450000000</d>
                  <d>-1960.47072553598650000000</d>
                  <d>757.77519876867200000000</d>
                  <d>-82.77709665349428300000</d>
               </CD_clean>
            </DPM_clean>
            <BLM_clean>
               <Mmin>0.40000</Mmin>
               <Mmax>0.86000</Mmax>
               <CL_Mach0>1.00635263327301240000</CL_Mach0>
               <CL_clean>
                  <bf>0.30967662052535744000</bf>
                  <bf>7.84597894623136050000</bf>
                  <bf>-29.52810224893542900000</bf>
                  <bf>44.96863557772335400000</bf>
                  <bf>-24.29663680340343000000</bf>
               </CL_clean>
            </BLM_clean>
         </LGUP>
         <LGDN>
            <DPM_nonclean>
               <CD_nonclean>
                  <d>0.05373885017352601100</d>
                  <d>-0.02541813251550063800</d>
                  <d>0.05779867530150963700</d>
               </CD_nonclean>
            </DPM_nonclean>
            <BLM>
               <CL_max>1.00635263327301240000</CL_max>
            </BLM>
         </LGDN>
      </Configuration>
      <Configuration HLid="1">
         <HLPosition>0001</HLPosition>
         <name>flaps  1</name>
         <vfe>260</vfe>
         <LGUP>
            <DPM_nonclean>
               <CD_nonclean>
                  <d>0.03715165192624074500</d>
                  <d>-0.04959140201975153300</d>
                  <d>0.07263534022533264800</d>
               </CD_nonclean>
            </DPM_nonclean>
            <BLM>
               <CL_max>1.48265299254528630000</CL_max>
            </BLM>
         </LGUP>
         <LGDN>
            <DPM_nonclean>
               <CD_nonclean>
                  <d>0.07103890095577992900</d>
                  <d>-0.05596696964219806400</d>
                  <d>0.07209844813971623400</d>
               </CD_nonclean>
            </DPM_nonclean>
            <BLM>
               <CL_max>1.48265299254528630000</CL_max>
            </BLM>
         </LGDN>
      </Configuration>
      <Configuration HLid="2">
         <HLPosition>0005</HLPosition>
         <name>flaps  5</name>
         <vfe>240</vfe>
         <LGUP>
            <DPM_nonclean>
               <CD_nonclean>
                  <d>0.04823343670773663100</d>
                  <d>-0.04496204974971994300</d>
                  <d>0.06070825413865099700</d>
               </CD_nonclean>
            </DPM_nonclean>
            <BLM>
               <CL_max>1.72318122570249410000</CL_max>
            </BLM>
         </LGUP>
         <LGDN>
            <DPM_nonclean>
               <CD_nonclean>
                  <d>0.08033343208910277700</d>
                  <d>-0.05278483644207364300</d>
                  <d>0.06255305435517565000</d>
               </CD_nonclean>
            </DPM_nonclean>
            <BLM>
               <CL_max>1.72318122570249410000</CL_max>
            </BLM>
         </LGDN>
      </Configuration>
      <Configuration HLid="3">
         <HLPosition>0015</HLPosition>
         <name>flaps 15</name>
         <vfe>220</vfe>
         <LGUP>
            <DPM_nonclean>
               <CD_nonclean>
                  <d>0.05459377793539171900</d>
                  <d>-0.04526598120406050800</d>
                  <d>0.05880854878586915700</d>
               </CD_nonclean>
            </DPM_nonclean>
            <BLM>
               <CL_max>1.78907134804088840000</CL_max>
            </BLM>
         </LGUP>
         <LGDN>
            <DPM_nonclean>
               <CD_nonclean>
                  <d>0.08909229907382679200</d>
                  <d>-0.05863908893613129600</d>
                  <d>0.06328484030267650400</d>
               </CD_nonclean>
            </DPM_nonclean>
            <BLM>
               <CL_max>1.78907134804088840000</CL_max>
            </BLM>
         </LGDN>
      </Configuration>
      <Configuration HLid="4">
         <HLPosition>0020</HLPosition>
         <name>flaps 20</name>
         <vfe>215</vfe>
         <LGUP>
            <DPM_nonclean>
               <CD_nonclean>
                  <d>0.06308248019481636800</d>
                  <d>-0.04733007548596872300</d>
                  <d>0.05826151952167982200</d>
               </CD_nonclean>
            </DPM_nonclean>
            <BLM>
               <CL_max>1.81648966658495660000</CL_max>
            </BLM>
         </LGUP>
         <LGDN>
            <DPM_nonclean>
               <CD_nonclean>
                  <d>0.09841465752655158300</d>
                  <d>-0.06323717602491567300</d>
                  <d>0.06405208977103009300</d>
               </CD_nonclean>
            </DPM_nonclean>
            <BLM>
               <CL_max>1.76226915983180850000</CL_max>
            </BLM>
         </LGDN>
      </Configuration>
      <Configuration HLid="5">
         <HLPosition>0025</HLPosition>
         <name>flaps 25</name>
         <vfe>183</vfe>
         <LGDN>
            <DPM_nonclean>
               <CD_nonclean>
                  <d>0.16455635460192011000</d>
                  <d>-0.11869599116368038000</d>
                  <d>0.08243587228941937100</d>
               </CD_nonclean>
            </DPM_nonclean>
            <BLM>
               <CL_max>2.12914276130484350000</CL_max>
            </BLM>
         </LGDN>
      </Configuration>
      <Configuration HLid="6">
         <HLPosition>0030</HLPosition>
         <name>flaps 30</name>
         <vfe>177</vfe>
         <LGDN>
            <DPM_nonclean>
               <CD_nonclean>
                  <d>0.17677207677710421000</d>
                  <d>-0.11019079146069505000</d>
                  <d>0.07834077928071805900</d>
               </CD_nonclean>
            </DPM_nonclean>
            <BLM>
               <CL_max>2.16477633112948500000</CL_max>
            </BLM>
         </LGDN>
      </Configuration>
   </AFCM>
   <PFM>
      <MREF>204116</MREF>
      <LHV>43217000</LHV>
      <rho>810</rho>
      <n_eng>2</n_eng>
      <TFA>21.32</TFA>
      <TFM>
         <CT>
            <a>0.00000000000000000000</a>
            <a>-0.09999999999928989300</a>
            <a>0.00000000000000000000</a>
            <a>0.00000000000000000000</a>
            <a>0.00000000000000000000</a>
            <a>0.00000000000000000000</a>
            <a>0.29999999999482863000</a>
            <a>0.00000000000000000000</a>
            <a>0.00000000000000000000</a>
            <a>0.00000000000000000000</a>
            <a>0.00000000000000000000</a>
            <a>0.00000000000000000000</a>
            <a>0.00000000000000000000</a>
            <a>0.00000000000000000000</a>
            <a>0.00000000000000000000</a>
            <a>0.00000000000000000000</a>
            <a>0.00000000000000000000</a>
            <a>0.00000000000000000000</a>
            <a>0.00000000000000000000</a>
            <a>0.00000000000000000000</a>
            <a>0.00000000000000000000</a>
            <a>0.00000000000000000000</a>
            <a>0.00000000000000000000</a>
            <a>0.00000000000000000000</a>
            <a>0.00000000000000000000</a>
            <a>0.00000000000000000000</a>
            <a>0.00000000000000000000</a>
            <a>0.00000000000000000000</a>
            <a>0.00000000000000000000</a>
            <a>0.00000000000000000000</a>
            <a>0.00000000000000000000</a>
            <a>0.00000000000000000000</a>
            <a>0.00000000000000000000</a>
            <a>0.00000000000000000000</a>
            <a>0.00000000000000000000</a>
            <a>0.00000000000000000000</a>
         </CT>
         <CF>
            <f>0.00606625405151827670</f>
            <f>2.42603870477497500000</f>
            <f>-36.11715264038939900000</f>
            <f>260.90219126801441000000</f>
            <f>-555.34783622812643000000</f>
            <f>0.05888443921431180100</f>
            <f>-1.47755260426035240000</f>
            <f>70.57985072451286600000</f>
            <f>-500.85328217922535000000</f>
            <f>1078.80439417739880000000</f>
            <f>0.00000000000000000000</f>
            <f>0.00000000000000000000</f>
            <f>0.00000000000000000000</f>
            <f>0.00000000000000000000</f>
            <f>0.00000000000000000000</f>
            <f>0.00000000000000000000</f>
            <f>0.00000000000000000000</f>
            <f>0.00000000000000000000</f>
            <f>0.00000000000000000000</f>
            <f>0.00000000000000000000</f>
            <f>0.00000000000000000000</f>
            <f>0.00000000000000000000</f>
            <f>0.00000000000000000000</f>
            <f>0.00000000000000000000</f>
            <f>0.00000000000000000000</f>
         </CF>
         <MCRZ>
            <kink>10</kink>
            <flat_rating>
               <b>-3.59197007388866930000</b>
               <b>12.02812663119999700000</b>
               <b>-8.46681830549073310000</b>
               <b>0.00000000000000000000</b>
               <b>0.00000000000000000000</b>
               <b>0.00000000000000000000</b>
               <b>34.98824945130653000000</b>
               <b>-92.72718083461273900000</b>
               <b>69.01097100690564900000</b>
               <b>0.00000000000000000000</b>
               <b>0.00000000000000000000</b>
               <b>0.00000000000000000000</b>
               <b>-104.27604177018314000000</b>
               <b>277.76953005802557000000</b>
               <b>-215.11731114398935000000</b>
               <b>0.00000000000000000000</b>
               <b>0.00000000000000000000</b>
               <b>0.00000000000000000000</b>
               <b>148.82929899758403000000</b>
               <b>-407.29910582993136000000</b>
               <b>325.77033111490829000000</b>
               <b>0.00000000000000000000</b>
               <b>0.00000000000000000000</b>
               <b>0.00000000000000000000</b>
               <b>-103.22056196283887000000</b>
               <b>292.61697192773033000000</b>
               <b>-241.14563624774647000000</b>
               <b>0.00000000000000000000</b>
               <b>0.00000000000000000000</b>
               <b>0.00000000000000000000</b>
               <b>27.94986337670782800000</b>
               <b>-82.74367181971413700000</b>
               <b>70.31942126736485900000</b>
               <b>0.00000000000000000000</b>
               <b>0.00000000000000000000</b>
               <b>0.00000000000000000000</b>
            </flat_rating>
            <temp_rating>
               <c>364.00691682512814000000</c>
               <c>-1528.15558137215230000000</c>
               <c>1444.14588763017080000000</c>
               <c>0.00000000000000000000</c>
               <c>0.00000000000000000000</c>
               <c>-1507.81032745482280000000</c>
               <c>6260.72421515695530000000</c>
               <c>-5883.83161612304590000000</c>
               <c>0.00000000000000000000</c>
               <c>0.00000000000000000000</c>
               <c>2333.23851580521200000000</c>
               <c>-9570.94312947429170000000</c>
               <c>8958.04025162563080000000</c>
               <c>0.00000000000000000000</c>
               <c>0.00000000000000000000</c>
               <c>-1599.59718951533000000000</c>
               <c>6483.20402871259830000000</c>
               <c>-6047.90474086514680000000</c>
               <c>0.00000000000000000000</c>
               <c>0.00000000000000000000</c>
               <c>409.56146488600524000000</c>
               <c>-1641.71855424336810000000</c>
               <c>1527.28708448039290000000</c>
               <c>0.00000000000000000000</c>
               <c>0.00000000000000000000</c>
               <c>10.89977977804095500000</c>
               <c>-27.05219020440551600000</c>
               <c>20.64749520326034500000</c>
               <c>0.00000000000000000000</c>
               <c>0.00000000000000000000</c>
               <c>-28.02864806656523600000</c>
               <c>66.66579147631105700000</c>
               <c>-46.44854439645325100000</c>
               <c>0.00000000000000000000</c>
               <c>0.00000000000000000000</c>
               <c>28.89997722936173800000</c>
               <c>-63.92013216808363300000</c>
               <c>39.05056356317885500000</c>
               <c>0.00000000000000000000</c>
               <c>0.00000000000000000000</c>
               <c>-10.37112911484764400000</c>
               <c>20.47018844535956800000</c>
               <c>-9.84193581861171470000</c>
               <c>0.00000000000000000000</c>
               <c>0.00000000000000000000</c>
            </temp_rating>
         </MCRZ>
         <MCMB>
            <kink>10</kink>
            <flat_rating>
               <b>-3.24925750317107150000</b>
               <b>11.89057466421805700000</b>
               <b>-8.90601809907115790000</b>
               <b>0.00000000000000000000</b>
               <b>0.00000000000000000000</b>
               <b>0.00000000000000000000</b>
               <b>34.21326799708751300000</b>
               <b>-103.78752684637340000000</b>
               <b>85.68296883228084900000</b>
               <b>0.00000000000000000000</b>
               <b>0.00000000000000000000</b>
               <b>0.00000000000000000000</b>
               <b>-110.73765507091886000000</b>
               <b>356.72742214558190000000</b>
               <b>-311.41009012555088000000</b>
               <b>0.00000000000000000000</b>
               <b>0.00000000000000000000</b>
               <b>0.00000000000000000000</b>
               <b>174.77268397607665000000</b>
               <b>-597.19018167522734000000</b>
               <b>540.79029953147813000000</b>
               <b>0.00000000000000000000</b>
               <b>0.00000000000000000000</b>
               <b>0.00000000000000000000</b>
               <b>-135.13909225039393000000</b>
               <b>484.75003590949478000000</b>
               <b>-451.04345693841793000000</b>
               <b>0.00000000000000000000</b>
               <b>0.00000000000000000000</b>
               <b>0.00000000000000000000</b>
               <b>40.90253410037808400000</b>
               <b>-152.84660462270207000000</b>
               <b>145.36257824467211000000</b>
               <b>0.00000000000000000000</b>
               <b>0.00000000000000000000</b>
               <b>0.00000000000000000000</b>
            </flat_rating>
            <temp_rating>
               <c>256.23309513421373000000</c>
               <c>-1045.26573871046120000000</c>
               <c>927.33772181800487000000</c>
               <c>0.00000000000000000000</c>
               <c>0.00000000000000000000</c>
               <c>-1035.14050910741390000000</c>
               <c>4146.13734603018110000000</c>
               <c>-3652.07922178317130000000</c>
               <c>0.00000000000000000000</c>
               <c>0.00000000000000000000</c>
               <c>1565.20855870965010000000</c>
               <c>-6137.24568080634160000000</c>
               <c>5373.46035341216790000000</c>
               <c>0.00000000000000000000</c>
               <c>0.00000000000000000000</c>
               <c>-1051.14812913850070000000</c>
               <c>4034.39134081779460000000</c>
               <c>-3513.03033628831740000000</c>
               <c>0.00000000000000000000</c>
               <c>0.00000000000000000000</c>
               <c>264.10842323467540000000</c>
               <c>-993.42907862667698000000</c>
               <c>860.61196603629935000000</c>
               <c>0.00000000000000000000</c>
               <c>0.00000000000000000000</c>
               <c>12.62677158474439000000</c>
               <c>-40.07444020612237500000</c>
               <c>33.69384652593198100000</c>
               <c>0.00000000000000000000</c>
               <c>0.00000000000000000000</c>
               <c>-34.07219082442473000000</c>
               <c>107.88294095803307000000</c>
               <c>-87.95451091152882800000</c>
               <c>0.00000000000000000000</c>
               <c>0.00000000000000000000</c>
               <c>37.54945657088257600000</c>
               <c>-118.09620147791206000000</c>
               <c>93.96443976868202700000</c>
               <c>0.00000000000000000000</c>
               <c>0.00000000000000000000</c>
               <c>-14.64725794115741500000</c>
               <c>45.58926230490515500000</c>
               <c>-35.46674996549843000000</c>
               <c>0.00000000000000000000</c>
               <c>0.00000000000000000000</c>
            </temp_rating>
         </MCMB>
         <MTKF>
            <kink>10</kink>
            <flat_rating>
               <b>4.36220791154183200000</b>
               <b>-22.08565183391102200000</b>
               <b>31.95071207752261300000</b>
               <b>0.00000000000000000000</b>
               <b>0.00000000000000000000</b>
               <b>0.00000000000000000000</b>
               <b>-26.41246161942491400000</b>
               <b>193.63880305320106000000</b>
               <b>-291.50060970734120000000</b>
               <b>0.00000000000000000000</b>
               <b>0.00000000000000000000</b>
               <b>0.00000000000000000000</b>
               <b>96.20628082272621400000</b>
               <b>-726.98126338550969000000</b>
               <b>1089.99202641996270000000</b>
               <b>0.00000000000000000000</b>
               <b>0.00000000000000000000</b>
               <b>0.00000000000000000000</b>
               <b>-190.63733413962635000000</b>
               <b>1378.55628235031690000000</b>
               <b>-2007.84627620383340000000</b>
               <b>0.00000000000000000000</b>
               <b>0.00000000000000000000</b>
               <b>0.00000000000000000000</b>
               <b>187.85302071405332000000</b>
               <b>-1270.92654691335680000000</b>
               <b>1782.65001037113280000000</b>
               <b>0.00000000000000000000</b>
               <b>0.00000000000000000000</b>
               <b>0.00000000000000000000</b>
               <b>-70.33986786038626300000</b>
               <b>447.15311563648464000000</b>
               <b>-605.28647526955865000000</b>
               <b>0.00000000000000000000</b>
               <b>0.00000000000000000000</b>
               <b>0.00000000000000000000</b>
            </flat_rating>
            <temp_rating>
               <c>2311.02442262007480000000</c>
               <c>-8764.34473867639460000000</c>
               <c>8806.28595704832510000000</c>
               <c>0.00000000000000000000</c>
               <c>0.00000000000000000000</c>
               <c>-9049.99135588845640000000</c>
               <c>34474.82803230988800000000</c>
               <c>-34738.78054009925800000000</c>
               <c>0.00000000000000000000</c>
               <c>0.00000000000000000000</c>
               <c>13279.39911714467600000000</c>
               <c>-50817.50700161779200000000</c>
               <c>51374.63404859804000000000</c>
               <c>0.00000000000000000000</c>
               <c>0.00000000000000000000</c>
               <c>-8634.37856960953290000000</c>
               <c>33208.59760050525100000000</c>
               <c>-33699.11664925888200000000</c>
               <c>0.00000000000000000000</c>
               <c>0.00000000000000000000</c>
               <c>2099.52625708376850000000</c>
               <c>-8119.92073348385660000000</c>
               <c>8274.06910197883370000000</c>
               <c>0.00000000000000000000</c>
               <c>0.00000000000000000000</c>
               <c>-27.76552552416645300000</c>
               <c>108.41993472970934000000</c>
               <c>-105.52725603474499000000</c>
               <c>0.00000000000000000000</c>
               <c>0.00000000000000000000</c>
               <c>65.16335774112130300000</c>
               <c>-259.24523643004710000000</c>
               <c>265.92703758674492000000</c>
               <c>0.00000000000000000000</c>
               <c>0.00000000000000000000</c>
               <c>-68.16839389631873300000</c>
               <c>278.35801499090962000000</c>
               <c>-298.42091375344182000000</c>
               <c>0.00000000000000000000</c>
               <c>0.00000000000000000000</c>
               <c>26.35256653274630900000</c>
               <c>-110.61711239098895000000</c>
               <c>122.40497031328640000000</c>
               <c>0.00000000000000000000</c>
               <c>0.00000000000000000000</c>
            </temp_rating>
         </MTKF>
         <LIDL>
            <CT>
               <ti>-0.00908176988006411530</ti>
               <ti>0.05135043738408830900</ti>
               <ti>-0.07174179208135080000</ti>
               <ti>0.03527255576365881400</ti>
               <ti>0.02365778581370625600</ti>
               <ti>-0.04286924302634421300</ti>
               <ti>0.02384110437453489500</ti>
               <ti>-0.00821695512236907470</ti>
               <ti>-0.00062063483469553308</ti>
               <ti>-0.16139087548552528000</ti>
               <ti>0.29035719694683015000</ti>
               <ti>-0.18061105988261891000</ti>
            </CT>
            <CF>
               <fi>-0.01254750970063724100</fi>
               <fi>0.12720603282035631000</fi>
               <fi>-0.13508044385685358000</fi>
               <fi>0.04346773072476905300</fi>
               <fi>-0.30482395189331335000</fi>
               <fi>0.45399534152457405000</fi>
               <fi>-0.02634626942933304700</fi>
               <fi>0.23690726211179741000</fi>
               <fi>-0.42389847840509021000</fi>
            </CF>
         </LIDL>
         <throttle>
            <low>0.53288966688953354000</low>
            <high>1.10187431296143590000</high>
         </throttle>
      </TFM>
   </PFM>
   <OPM>
      <LGO>
         <Transition>
            <from>0</from>
            <to>1</to>
            <time>19.2</time>
         </Transition>
         <Transition>
            <from>1</from>
            <to>0</to>
            <time>19.2</time>
         </Transition>
      </LGO>
      <HLO>
         <Transition>
            <from>0</from>
            <to>1</to>
            <time>8</time>
         </Transition>
         <Transition>
            <from>1</from>
            <to>2</to>
            <time>26.4</time>
         </Transition>
         <Transition>
            <from>2</from>
            <to>3</to>
            <time>3.3</time>
         </Transition>
         <Transition>
            <from>3</from>
            <to>4</to>
            <time>3.3</time>
         </Transition>
         <Transition>
            <from>4</from>
            <to>5</to>
            <time>6.7</time>
         </Transition>
         <Transition>
            <from>5</from>
            <to>6</to>
            <time>3.9</time>
         </Transition>
         <Transition>
            <from>6</from>
            <to>5</to>
            <time>3.5</time>
         </Transition>
         <Transition>
            <from>5</from>
            <to>4</to>
            <time>6.2</time>
         </Transition>
         <Transition>
            <from>4</from>
            <to>3</to>
            <time>2.6</time>
         </Transition>
         <Transition>
            <from>3</from>
            <to>2</to>
            <time>3.2</time>
         </Transition>
         <Transition>
            <from>2</from>
            <to>1</to>
            <time>24.2</time>
         </Transition>
         <Transition>
            <from>1</from>
            <to>0</to>
            <time>8</time>
         </Transition>
      </HLO>
   </OPM>
   <ALM>
      <GLM>
         <hmo>43100</hmo>
         <mfa>20000</mfa>
      </GLM>
      <KLM>
         <mmo>0.86</mmo>
         <vmo>360</vmo>
         <mle>0.82</mle>
         <vle>270</vle>
         <mlo>0.82</mlo>
         <vloe>270</vloe>
         <vlor>270</vlor>
      </KLM>
      <ELM>
         <Tmin_f>
            <point>
               <Hp>-1000.0</Hp>
               <DeltaT>-71.00000000000000000000</DeltaT>
            </point>
            <point>
               <Hp>0.0</Hp>
               <DeltaT>-69.00000000000000000000</DeltaT>
            </point>
            <point>
               <Hp>25000.0</Hp>
               <DeltaT>-36.50000000000000000000</DeltaT>
            </point>
            <point>
               <Hp>35000.0</Hp>
               <DeltaT>-19.50000000000000000000</DeltaT>
            </point>
            <point>
               <Hp>36089.0</Hp>
               <DeltaT>-17.50000000000000000000</DeltaT>
            </point>
            <point>
               <Hp>43100.0</Hp>
               <DeltaT>-17.50000000000000000000</DeltaT>
            </point>
         </Tmin_f>
         <Tmax_f>
            <point>
               <Hp>-1000.0</Hp>
               <DeltaT>37.39999999999999900000</DeltaT>
            </point>
            <point>
               <Hp>0.0</Hp>
               <DeltaT>39.39999999999999900000</DeltaT>
            </point>
            <point>
               <Hp>10000.0</Hp>
               <DeltaT>39.39999999999999900000</DeltaT>
            </point>
            <point>
               <Hp>10001.0</Hp>
               <DeltaT>33.89999999999999900000</DeltaT>
            </point>
            <point>
               <Hp>36089.0</Hp>
               <DeltaT>33.89999999999999900000</DeltaT>
            </point>
            <point>
               <Hp>43100.0</Hp>
               <DeltaT>20.00000000000000000000</DeltaT>
            </point>
         </Tmax_f>
         <Tmin_g>
            <point>
               <Hp>-1000.0</Hp>
               <DeltaT>-71.00000000000000000000</DeltaT>
            </point>
            <point>
               <Hp>0.0</Hp>
               <DeltaT>-69.00000000000000000000</DeltaT>
            </point>
            <point>
               <Hp>8500.0</Hp>
               <DeltaT>-52.10000000000000100000</DeltaT>
            </point>
         </Tmin_g>
         <Tmax_g>
            <point>
               <Hp>-1000.0</Hp>
               <DeltaT>37.39999999999999900000</DeltaT>
            </point>
            <point>
               <Hp>0.0</Hp>
               <DeltaT>39.39999999999999900000</DeltaT>
            </point>
            <point>
               <Hp>8500.0</Hp>
               <DeltaT>39.39999999999999900000</DeltaT>
            </point>
         </Tmax_g>
      </ELM>
      <DLM>
         <MTW>204570</MTW>
         <MTOW>204116</MTOW>
         <MLW>158757</MLW>
         <MZFW>149685</MZFW>
         <OEW>103147</OEW>
         <MPL>46538</MPL>
         <MFL>91370</MFL>
         <n1>2.5</n1>
         <n3>-1</n3>
         <nf1>2</nf1>
         <nf3>0</nf3>
      </DLM>
   </ALM>
   <Ground>
      <Dimensions>
         <span>51.92</span>
         <length>61.37</length>
      </Dimensions>
      <Runway>
         <TOL>3000</TOL>
         <LDL>1900</LDL>
      </Runway>
   </Ground>
   <ARPM>
      <AeroConfSchedule>
         <AeroPhase>
            <name>TO</name>
            <HLid>2</HLid>
            <LG>UP</LG>
         </AeroPhase>
         <AeroPhase>
            <name>IC</name>
            <HLid>1</HLid>
            <LG>UP</LG>
         </AeroPhase>
         <AeroPhase>
            <name>CR</name>
            <HLid>0</HLid>
            <LG>UP</LG>
         </AeroPhase>
         <AeroPhase>
            <name>AP</name>
            <HLid>3</HLid>
            <LG>UP</LG>
         </AeroPhase>
         <AeroPhase>
            <name>LD</name>
            <HLid>6</HLid>
            <LG>DN</LG>
         </AeroPhase>
      </AeroConfSchedule>
      <SpeedScheduleList>
         <SpeedSchedule>
            <CompanyName>Default</CompanyName>
            <SpeedPhase>
               <name>Climb</name>
               <CAS1>320</CAS1>
               <CAS2>320</CAS2>
               <M>0.80</M>
            </SpeedPhase>
            <SpeedPhase>
               <name>Cruise</name>
               <CAS1>290</CAS1>
               <CAS2>290</CAS2>
               <M>0.80</M>
            </SpeedPhase>
            <SpeedPhase>
               <name>Descent</name>
               <CAS1>300</CAS1>
               <CAS2>300</CAS2>
               <M>0.80</M>
            </SpeedPhase>
         </SpeedSchedule>
      </SpeedScheduleList>
   </ARPM>
</bada40:ACM>