<?xml version="1.0" encoding="utf-8"?>
<bada40:ACM xmlns:bada40="http://www.eurocontrol.int/eec/public/standard_page/bada40">
   <model>EMB-135ER</model>
   <type>JET</type>
   <engine>AE3007A3</engine>
   <description/>
   <ICAO>
      <designator>E135</designator>
      <WTC>M</WTC>
   </ICAO>
   <AFCM>
      <S>51.18</S>
      <Configuration HLid="0">
         <HLPosition>0000</HLPosition>
         <name>flaps 0</name>
         <vfe>320</vfe>
         <LGUP>
            <DPM_clean>
               <M_max>0.78</M_max>
               <scalar>9.835e-007</scalar>
               <CD_clean>
                  <d>-217594.00890014734000000000</d>
                  <d>821011.26264152257000000000</d>
                  <d>-1057633.85672926670000000000</d>
                  <d>596370.50136038393000000000</d>
                  <d>-123625.09166195248000000000</d>
                  <d>96842.77901166207400000000</d>
                  <d>-99216.59702430061600000000</d>
                  <d>78219.06511140140400000000</d>
                  <d>-24249.69766632302300000000</d>
                  <d>2535.38667890116270000000</d>
                  <d>-521.23977066295845000000</d>
                  <d>17037.08936079161100000000</d>
                  <d>-37738.39597290149700000000</d>
                  <d>27567.39129338949400000000</d>
                  <d>-6610.69763691610110000000</d>
               </CD_clean>
            </DPM_clean>
            <BLM_clean>
               <Mmin>0.3</Mmin>
               <Mmax>0.78</Mmax>
               <CL_Mach0>1.4581</CL_Mach0>
               <CL_clean>
                  <bf>1.14146908511947000000</bf>
                  <bf>-0.67183259687720809000</bf>
                  <bf>5.19973570205319290000</bf>
                  <bf>-10.00849884219613100000</bf>
                  <bf>4.29901219332948340000</bf>
               </CL_clean>
            </BLM_clean>
         </LGUP>
      </Configuration>
      <Configuration HLid="1">
         <HLPosition>0009</HLPosition>
         <name>flaps 9</name>
         <vfe>250</vfe>
         <LGUP>
            <DPM_nonclean>
               <CD_nonclean>
                  <d>0.045586</d>
                  <d>-0.014763</d>
                  <d>0.048098</d>
               </CD_nonclean>
            </DPM_nonclean>
            <BLM>
               <CL_max>1.781</CL_max>
            </BLM>
         </LGUP>
         <LGDN>
            <DPM_nonclean>
               <CD_nonclean>
                  <d>0.065586</d>
                  <d>-0.014763</d>
                  <d>0.048098</d>
               </CD_nonclean>
            </DPM_nonclean>
            <BLM>
               <CL_max>1.7489</CL_max>
            </BLM>
         </LGDN>
      </Configuration>
      <Configuration HLid="2">
         <HLPosition>0018</HLPosition>
         <name>flaps 18</name>
         <vfe>200</vfe>
         <LGUP>
            <DPM_nonclean>
               <CD_nonclean>
                  <d>0.061836</d>
                  <d>-0.02094</d>
                  <d>0.05207</d>
               </CD_nonclean>
            </DPM_nonclean>
            <BLM>
               <CL_max>1.9226</CL_max>
            </BLM>
         </LGUP>
         <LGDN>
            <DPM_nonclean>
               <CD_nonclean>
                  <d>0.081836</d>
                  <d>-0.02094</d>
                  <d>0.05207</d>
               </CD_nonclean>
            </DPM_nonclean>
            <BLM>
               <CL_max>1.8584</CL_max>
            </BLM>
         </LGDN>
      </Configuration>
      <Configuration HLid="3">
         <HLPosition>0022</HLPosition>
         <name>flaps 22</name>
         <vfe>200</vfe>
         <LGUP>
            <DPM_nonclean>
               <CD_nonclean>
                  <d>0.067504</d>
                  <d>-0.023588</d>
                  <d>0.053835</d>
               </CD_nonclean>
            </DPM_nonclean>
            <BLM>
               <CL_max>2.0056</CL_max>
            </BLM>
         </LGUP>
         <LGDN>
            <DPM_nonclean>
               <CD_nonclean>
                  <d>0.087504</d>
                  <d>-0.023588</d>
                  <d>0.053835</d>
               </CD_nonclean>
            </DPM_nonclean>
            <BLM>
               <CL_max>1.9559</CL_max>
            </BLM>
         </LGDN>
      </Configuration>
      <Configuration HLid="4">
         <HLPosition>0045</HLPosition>
         <name>flaps 45</name>
         <vfe>145</vfe>
         <LGDN>
            <DPM_nonclean>
               <CD_nonclean>
                  <d>0.12399</d>
                  <d>-0.041239</d>
                  <d>0.063984</d>
               </CD_nonclean>
            </DPM_nonclean>
            <BLM>
               <CL_max>1.9862</CL_max>
            </BLM>
         </LGDN>
      </Configuration>
   </AFCM>
   <PFM>
      <MREF>19990</MREF>
      <LHV>43217000</LHV>
      <rho>810</rho>
      <n_eng>2</n_eng>
      <TFA>7.3</TFA>
      <TFM>
         <CT>
            <a>0</a>
            <a>-0.09999999997518553600</a>
            <a>0</a>
            <a>0</a>
            <a>0</a>
            <a>0</a>
            <a>0.29999999998641785000</a>
            <a>0</a>
            <a>0</a>
            <a>0</a>
            <a>0</a>
            <a>0</a>
            <a>0</a>
            <a>0</a>
            <a>0</a>
            <a>0</a>
            <a>0</a>
            <a>0</a>
            <a>0</a>
            <a>0</a>
            <a>0</a>
            <a>0</a>
            <a>0</a>
            <a>0</a>
            <a>0</a>
            <a>0</a>
            <a>0</a>
            <a>0</a>
            <a>0</a>
            <a>0</a>
            <a>0</a>
            <a>0</a>
            <a>0</a>
            <a>0</a>
            <a>0</a>
            <a>0</a>
         </CT>
         <CF>
            <f>0.01599283474866951600</f>
            <f>1.84320023537730540000</f>
            <f>-13.87641853083632700000</f>
            <f>64.53780691723086700000</f>
            <f>-87.17474279329822200000</f>
            <f>0.23085486127069502000</f>
            <f>-1.67808730795580390000</f>
            <f>47.75923337829237900000</f>
            <f>-202.82074925483701000000</f>
            <f>276.23574768311232000000</f>
            <f>0</f>
            <f>0</f>
            <f>0</f>
            <f>0</f>
            <f>0</f>
            <f>0</f>
            <f>0</f>
            <f>0</f>
            <f>0</f>
            <f>0</f>
            <f>0</f>
            <f>0</f>
            <f>0</f>
            <f>0</f>
            <f>0</f>
         </CF>
         <MCMB>
            <kink>8</kink>
            <flat_rating>
               <b>-7.99324213653303420000</b>
               <b>16.30250816528441900000</b>
               <b>4.23544615537232440000</b>
               <b>0</b>
               <b>0</b>
               <b>0</b>
               <b>65.04713728613690200000</b>
               <b>-52.51340484146145100000</b>
               <b>-144.13825389014735000000</b>
               <b>0</b>
               <b>0</b>
               <b>0</b>
               <b>-143.05180030901039000000</b>
               <b>-202.73315722685348000000</b>
               <b>910.94530361884688000000</b>
               <b>0</b>
               <b>0</b>
               <b>0</b>
               <b>93.88246182259878500000</b>
               <b>967.94026500971142000000</b>
               <b>-2193.23962004205710000000</b>
               <b>0</b>
               <b>0</b>
               <b>0</b>
               <b>34.35459865643902300000</b>
               <b>-1248.34158743087460000000</b>
               <b>2270.07510049479790000000</b>
               <b>0</b>
               <b>0</b>
               <b>0</b>
               <b>-41.64356156344357600000</b>
               <b>520.61416196493519000000</b>
               <b>-850.30124438234498000000</b>
               <b>0</b>
               <b>0</b>
               <b>0</b>
            </flat_rating>
            <temp_rating>
               <c>484.85337597991736000000</c>
               <c>-2266.88472051736150000000</c>
               <c>2606.04202551150050000000</c>
               <c>0</c>
               <c>0</c>
               <c>-1815.67994097851600000000</c>
               <c>8558.04737831002060000000</c>
               <c>-9880.06892094172690000000</c>
               <c>0</c>
               <c>0</c>
               <c>2533.88095566450780000000</c>
               <c>-11978.20509164874600000000</c>
               <c>13896.81985279639400000000</c>
               <c>0</c>
               <c>0</c>
               <c>-1561.61821876334220000000</c>
               <c>7391.93541219544110000000</c>
               <c>-8624.94458199107980000000</c>
               <c>0</c>
               <c>0</c>
               <c>358.23387465109602000000</c>
               <c>-1697.38398412394510000000</c>
               <c>1993.45935137514220000000</c>
               <c>0</c>
               <c>0</c>
               <c>12.44023387145130500000</c>
               <c>-72.32339223752613600000</c>
               <c>79.31634881487626400000</c>
               <c>0</c>
               <c>0</c>
               <c>-35.53580937076367300000</c>
               <c>192.76216192332015000000</c>
               <c>-204.58123544497545000000</c>
               <c>0</c>
               <c>0</c>
               <c>39.90133058616744700000</c>
               <c>-204.21964573829106000000</c>
               <c>210.83613712063814000000</c>
               <c>0</c>
               <c>0</c>
               <c>-15.61629702480502000000</c>
               <c>76.19456162750636000000</c>
               <c>-76.74050129673833000000</c>
               <c>0</c>
               <c>0</c>
            </temp_rating>
         </MCMB>
         <LIDL>
            <CT>
               <ti>0.19659529504263359000</ti>
               <ti>-0.57130808787298093000</ti>
               <ti>-0.09905073026610319900</ti>
               <ti>0.85447963728442367000</ti>
               <ti>-0.27956851313974274000</ti>
               <ti>-0.70071486081771284000</ti>
               <ti>6.77498097295703690000</ti>
               <ti>-7.89840208286541400000</ti>
               <ti>-0.20261626784600503000</ti>
               <ti>4.19008093498130220000</ti>
               <ti>-15.02966499646827200000</ti>
               <ti>13.87761655889290500000</ti>
            </CT>
            <CF>
               <fi>0.12743311026150536000</fi>
               <fi>-0.24644539333903762000</fi>
               <fi>0.27888030994512425000</fi>
               <fi>-0.28799380099683197000</fi>
               <fi>0.95381893954667241000</fi>
               <fi>-1.13794736718383890000</fi>
               <fi>0.26192346887931045000</fi>
               <fi>-0.99780092475987514000</fi>
               <fi>1.53719167474588820000</fi>
            </CF>
         </LIDL>
         <throttle>
            <low>0.4921392273</low>
            <high>1.383785912</high>
         </throttle>
      </TFM>
   </PFM>
   <OPM>
      <LGO>
         <Transition>
            <from>0</from>
            <to>1</to>
            <time>15</time>
         </Transition>
         <Transition>
            <from>1</from>
            <to>0</to>
            <time>10</time>
         </Transition>
      </LGO>
      <HLO>
         <Transition>
            <from>0</from>
            <to>1</to>
            <time>3</time>
         </Transition>
         <Transition>
            <from>1</from>
            <to>2</to>
            <time>2.5</time>
         </Transition>
         <Transition>
            <from>2</from>
            <to>3</to>
            <time>1.5</time>
         </Transition>
         <Transition>
            <from>3</from>
            <to>4</to>
            <time>7</time>
         </Transition>
         <Transition>
            <from>4</from>
            <to>3</to>
            <time>7</time>
         </Transition>
         <Transition>
            <from>3</from>
            <to>2</to>
            <time>1.5</time>
         </Transition>
         <Transition>
            <from>2</from>
            <to>1</to>
            <time>2.5</time>
         </Transition>
         <Transition>
            <from>1</from>
            <to>0</to>
            <time>3</time>
         </Transition>
      </HLO>
   </OPM>
   <ALM>
      <GLM>
         <hmo>37000</hmo>
         <mfa>20000</mfa>
      </GLM>
      <KLM>
         <mmo>0.78</mmo>
         <vmo>320</vmo>
         <vle>250</vle>
         <vloe>250</vloe>
         <vlor>200</vlor>
      </KLM>
      <ELM>
         <Tmin_f>
            <point>
               <Hp>-1000</Hp>
               <DeltaT>-71</DeltaT>
            </point>
            <point>
               <Hp>25000</Hp>
               <DeltaT>-19.5</DeltaT>
            </point>
            <point>
               <Hp>36089</Hp>
               <DeltaT>-7.7</DeltaT>
            </point>
            <point>
               <Hp>37000</Hp>
               <DeltaT>-8.5</DeltaT>
            </point>
         </Tmin_f>
         <Tmax_f>
            <point>
               <Hp>-1000</Hp>
               <DeltaT>35</DeltaT>
            </point>
            <point>
               <Hp>37000</Hp>
               <DeltaT>35</DeltaT>
            </point>
         </Tmax_f>
         <Tmin_g>
            <point>
               <Hp>-1000</Hp>
               <DeltaT>-57</DeltaT>
            </point>
            <point>
               <Hp>8000</Hp>
               <DeltaT>-39.2</DeltaT>
            </point>
         </Tmin_g>
         <Tmax_g>
            <point>
               <Hp>-1000</Hp>
               <DeltaT>35</DeltaT>
            </point>
            <point>
               <Hp>8000</Hp>
               <DeltaT>35</DeltaT>
            </point>
         </Tmax_g>
      </ELM>
      <DLM>
         <MTW>19090</MTW>
         <MTOW>18990</MTOW>
         <MLW>18500</MLW>
         <MZFW>15600</MZFW>
         <OEW>11402</OEW>
         <MPL>4198</MPL>
         <MFL>4173</MFL>
         <n1>2.51</n1>
         <n3>-1</n3>
         <nf1>2</nf1>
         <nf3>0</nf3>
      </DLM>
   </ALM>
   <Ground>
      <Dimensions>
         <span>20.04</span>
         <length>26.33</length>
      </Dimensions>
      <Runway>
         <TOL>1640</TOL>
         <LDL>1360</LDL>
      </Runway>
   </Ground>
   <ARPM>
      <AeroConfSchedule>
         <AeroPhase>
            <name>TO</name>
            <HLid>1</HLid>
            <LG>UP</LG>
         </AeroPhase>
         <AeroPhase>
            <name>IC</name>
            <HLid>0</HLid>
            <LG>UP</LG>
         </AeroPhase>
         <AeroPhase>
            <name>CR</name>
            <HLid>0</HLid>
            <LG>UP</LG>
         </AeroPhase>
         <AeroPhase>
            <name>AP</name>
            <HLid>2</HLid>
            <LG>UP</LG>
         </AeroPhase>
         <AeroPhase>
            <name>LD</name>
            <HLid>3</HLid>
            <LG>DN</LG>
         </AeroPhase>
      </AeroConfSchedule>
      <SpeedScheduleList>
         <SpeedSchedule>
            <CompanyName>Default</CompanyName>
            <SpeedPhase>
               <name>Climb</name>
               <CAS1>240</CAS1>
               <CAS2>270</CAS2>
               <M>0.63</M>
            </SpeedPhase>
            <SpeedPhase>
               <name>Cruise</name>
               <CAS1>240</CAS1>
               <CAS2>290</CAS2>
               <M>0.75</M>
            </SpeedPhase>
            <SpeedPhase>
               <name>Descent</name>
               <CAS1>240</CAS1>
               <CAS2>250</CAS2>
               <M>0.78</M>
            </SpeedPhase>
         </SpeedSchedule>
      </SpeedScheduleList>
   </ARPM>
</bada40:ACM>