<?xml version="1.0" encoding="utf-8"?>
<bada40:ACM xmlns:bada40="http://www.eurocontrol.int/eec/public/standard_page/bada40">
   <model>ATR42-400</model>
   <type>TURBOPROP</type>
   <engine>PW121A-HS568F</engine>
   <description/>
   <ICAO>
      <designator>AT44</designator>
      <WTC>M</WTC>
   </ICAO>
   <AFCM>
      <S>54.51</S>
      <Configuration HLid="0">
         <HLPosition>0000</HLPosition>
         <name>flaps 0</name>
         <vfe>250</vfe>
         <LGUP>
            <DPM_clean>
               <M_max>0.55</M_max>
               <scalar>9.835e-007</scalar>
               <CD_clean>
                  <d>-19108354.31281706700000000000</d>
                  <d>67285585.65323515200000000000</d>
                  <d>-88691518.41352863600000000000</d>
                  <d>51946051.82367971500000000000</d>
                  <d>-11405031.27967002100000000000</d>
                  <d>-600124.64239794435000000000</d>
                  <d>1993702.63142812830000000000</d>
                  <d>-2288719.00480357930000000000</d>
                  <d>1147217.72968143020000000000</d>
                  <d>-213200.03134465264000000000</d>
                  <d>0</d>
                  <d>0</d>
                  <d>0</d>
                  <d>0</d>
                  <d>0</d>
               </CD_clean>
            </DPM_clean>
            <BLM>
               <CL_max>1.6706</CL_max>
            </BLM>
         </LGUP>
         <LGDN>
            <DPM_nonclean>
               <CD_nonclean>
                  <d>0.055249</d>
                  <d>-0.0079608</d>
                  <d>0.041899</d>
               </CD_nonclean>
            </DPM_nonclean>
            <BLM>
               <CL_max>1.6706</CL_max>
            </BLM>
         </LGDN>
      </Configuration>
      <Configuration HLid="1">
         <HLPosition>0015</HLPosition>
         <name>flaps 15</name>
         <vfe>180</vfe>
         <LGUP>
            <DPM_nonclean>
               <CD_nonclean>
                  <d>0.053499</d>
                  <d>-0.031199</d>
                  <d>0.045758</d>
               </CD_nonclean>
            </DPM_nonclean>
            <BLM>
               <CL_max>2.1303</CL_max>
            </BLM>
         </LGUP>
         <LGDN>
            <DPM_nonclean>
               <CD_nonclean>
                  <d>0.07415</d>
                  <d>-0.030746</d>
                  <d>0.045887</d>
               </CD_nonclean>
            </DPM_nonclean>
            <BLM>
               <CL_max>2.2021</CL_max>
            </BLM>
         </LGDN>
      </Configuration>
      <Configuration HLid="2">
         <HLPosition>0025</HLPosition>
         <name>flaps 25</name>
         <vfe>160</vfe>
         <LGUP>
            <DPM_nonclean>
               <CD_nonclean>
                  <d>0.073048</d>
                  <d>-0.04322</d>
                  <d>0.048086</d>
               </CD_nonclean>
            </DPM_nonclean>
            <BLM>
               <CL_max>2.4405</CL_max>
            </BLM>
         </LGUP>
         <LGDN>
            <DPM_nonclean>
               <CD_nonclean>
                  <d>0.093554</d>
                  <d>-0.042533</d>
                  <d>0.047947</d>
               </CD_nonclean>
            </DPM_nonclean>
            <BLM>
               <CL_max>2.5047</CL_max>
            </BLM>
         </LGDN>
      </Configuration>
      <Configuration HLid="3">
         <HLPosition>0035</HLPosition>
         <name>flaps 35</name>
         <vfe>150</vfe>
         <LGUP>
            <DPM_nonclean>
               <CD_nonclean>
                  <d>0.088079</d>
                  <d>-0.036358</d>
                  <d>0.04434</d>
               </CD_nonclean>
            </DPM_nonclean>
            <BLM>
               <CL_max>2.6027</CL_max>
            </BLM>
         </LGUP>
         <LGDN>
            <DPM_nonclean>
               <CD_nonclean>
                  <d>0.10842</d>
                  <d>-0.035243</d>
                  <d>0.043991</d>
               </CD_nonclean>
            </DPM_nonclean>
            <BLM>
               <CL_max>2.6734</CL_max>
            </BLM>
         </LGDN>
      </Configuration>
   </AFCM>
   <PFM>
      <MREF>17900</MREF>
      <LHV>43217000</LHV>
      <rho>810</rho>
      <n_eng>2</n_eng>
      <TFA>7</TFA>
      <TPM>
         <prop_dia>3.93</prop_dia>
         <max_eff>1</max_eff>
         <CP>
            <a>0</a>
            <a>0.79160416310324522000</a>
            <a>15.12223541677641200000</a>
            <a>-22.09186006714391900000</a>
            <a>0</a>
            <a>0</a>
            <a>0.26352112982084996000</a>
            <a>-0.36404378310672425000</a>
            <a>-0.00051007165063438411</a>
            <a>0</a>
            <a>0</a>
            <a>0</a>
            <a>0</a>
            <a>0</a>
            <a>0</a>
            <a>0</a>
            <a>0</a>
            <a>0</a>
            <a>0</a>
            <a>0</a>
            <a>0</a>
            <a>0</a>
            <a>0</a>
            <a>0</a>
            <a>0</a>
            <a>0</a>
            <a>0</a>
            <a>0</a>
            <a>0</a>
            <a>0</a>
            <a>0</a>
            <a>0</a>
            <a>0</a>
            <a>0</a>
            <a>0</a>
            <a>0</a>
         </CP>
         <CF>
            <f>0.14431212038465008000</f>
            <f>1.51269110395137370000</f>
            <f>-28.38241690856298800000</f>
            <f>1052.94258265498980000000</f>
            <f>0</f>
            <f>-0.68318210991287465000</f>
            <f>-3.70230446426672930000</f>
            <f>932.29060169181753000000</f>
            <f>-12910.81071025548600000000</f>
            <f>0</f>
            <f>1.43421204033305830000</f>
            <f>47.65707058241086700000</f>
            <f>-4656.32746348030740000000</f>
            <f>53292.57224027176600000000</f>
            <f>0</f>
            <f>-0.50126162154278409000</f>
            <f>-63.65444957245154000000</f>
            <f>5623.36460172884650000000</f>
            <f>-62634.74115283007300000000</f>
            <f>0</f>
            <f>0</f>
            <f>0</f>
            <f>0</f>
            <f>0</f>
            <f>0</f>
         </CF>
         <MCRZ>
            <max_power>2243887.9389</max_power>
            <rating>
               <p>-0.53307218529207157000</p>
               <p>2.60771220628931650000</p>
               <p>-54.43969487676430000000</p>
               <p>0</p>
               <p>0</p>
               <p>0</p>
               <p>1.03714816500929490000</p>
               <p>-5.87313011982668430000</p>
               <p>-17.78258491714039000000</p>
               <p>0</p>
               <p>0</p>
               <p>0</p>
               <p>-0.48438061401312560000</p>
               <p>1.39857238258219120000</p>
               <p>8.85793299353298740000</p>
               <p>0</p>
               <p>0</p>
               <p>0</p>
               <p>0</p>
               <p>0</p>
               <p>0</p>
               <p>0</p>
               <p>0</p>
               <p>0</p>
               <p>0</p>
               <p>0</p>
               <p>0</p>
               <p>0</p>
               <p>0</p>
               <p>0</p>
               <p>0</p>
               <p>0</p>
               <p>0</p>
               <p>0</p>
               <p>0</p>
               <p>0</p>
            </rating>
         </MCRZ>
         <MCMB>
            <max_power>2241947.8237</max_power>
            <rating>
               <p>1.58948936433903640000</p>
               <p>-11.22800894908860900000</p>
               <p>-34.06972318769681600000</p>
               <p>0</p>
               <p>0</p>
               <p>0</p>
               <p>-3.14156243266026000000</p>
               <p>21.49508684064080200000</p>
               <p>-57.24531699540892000000</p>
               <p>0</p>
               <p>0</p>
               <p>0</p>
               <p>1.55360725318068570000</p>
               <p>-11.93313446185202400000</p>
               <p>27.78875185128410100000</p>
               <p>0</p>
               <p>0</p>
               <p>0</p>
               <p>0</p>
               <p>0</p>
               <p>0</p>
               <p>0</p>
               <p>0</p>
               <p>0</p>
               <p>0</p>
               <p>0</p>
               <p>0</p>
               <p>0</p>
               <p>0</p>
               <p>0</p>
               <p>0</p>
               <p>0</p>
               <p>0</p>
               <p>0</p>
               <p>0</p>
               <p>0</p>
            </rating>
         </MCMB>
         <LIDL>
            <CT>
               <ti>0</ti>
               <ti>0</ti>
               <ti>0</ti>
               <ti>0</ti>
               <ti>0</ti>
               <ti>0.96017628890276585000</ti>
               <ti>0</ti>
               <ti>0</ti>
               <ti>0.50469708098789079000</ti>
               <ti>-0.98492255420753960000</ti>
               <ti>0</ti>
               <ti>0</ti>
               <ti>-0.18086806960565147000</ti>
               <ti>0</ti>
               <ti>0</ti>
               <ti>0</ti>
               <ti>0.12324988279045131000</ti>
               <ti>-0.08808559316117542400</ti>
               <ti>0.06373898947560989500</ti>
               <ti>0</ti>
               <ti>0</ti>
               <ti>0</ti>
               <ti>0</ti>
               <ti>0</ti>
               <ti>-0.10244440314195657000</ti>
               <ti>0</ti>
               <ti>0</ti>
               <ti>-0.85375234962567181000</ti>
               <ti>0.35901464288195617000</ti>
               <ti>0</ti>
               <ti>0</ti>
               <ti>0</ti>
            </CT>
            <CF>
               <fi>0.35856279466927349000</fi>
               <fi>-0.23163036501467432000</fi>
               <fi>0.10546050949346972000</fi>
               <fi>-0.47469862972475035000</fi>
               <fi>-0.29432390148784249000</fi>
               <fi>0.26759919819654376000</fi>
               <fi>0.08821752628245040100</fi>
               <fi>0.80150285321268611000</fi>
               <fi>-1.29876853358927450000</fi>
               <fi>-0.37935192821673769000</fi>
               <fi>0.16322434487712106000</fi>
               <fi>0.13805030507591440000</fi>
               <fi>1.72925989930041090000</fi>
               <fi>-1.16275901376108410000</fi>
            </CF>
         </LIDL>
         <throttle>
            <low>-15.0251</low>
            <high>-2.8544</high>
         </throttle>
      </TPM>
   </PFM>
   <OPM>
      <LGO>
         <Transition>
            <from>0</from>
            <to>1</to>
            <time>15</time>
         </Transition>
         <Transition>
            <from>1</from>
            <to>0</to>
            <time>15</time>
         </Transition>
      </LGO>
      <HLO>
         <Transition>
            <from>0</from>
            <to>1</to>
            <time>3.5</time>
         </Transition>
         <Transition>
            <from>1</from>
            <to>2</to>
            <time>3.4</time>
         </Transition>
         <Transition>
            <from>2</from>
            <to>3</to>
            <time>2.7</time>
         </Transition>
         <Transition>
            <from>3</from>
            <to>2</to>
            <time>3.1</time>
         </Transition>
         <Transition>
            <from>2</from>
            <to>1</to>
            <time>4.3</time>
         </Transition>
         <Transition>
            <from>1</from>
            <to>0</to>
            <time>6.6</time>
         </Transition>
      </HLO>
   </OPM>
   <ALM>
      <GLM>
         <hmo>25000</hmo>
      </GLM>
      <KLM>
         <mmo>0.55</mmo>
         <vmo>250</vmo>
         <vle>180</vle>
         <vloe>170</vloe>
         <vlor>160</vlor>
      </KLM>
      <ELM>
         <Tmin_f>
            <point>
               <Hp>-1000</Hp>
               <DeltaT>-71</DeltaT>
            </point>
            <point>
               <Hp>25000</Hp>
               <DeltaT>-19.5</DeltaT>
            </point>
         </Tmin_f>
         <Tmax_f>
            <point>
               <Hp>-1000</Hp>
               <DeltaT>33</DeltaT>
            </point>
            <point>
               <Hp>0</Hp>
               <DeltaT>35</DeltaT>
            </point>
            <point>
               <Hp>25000</Hp>
               <DeltaT>35</DeltaT>
            </point>
         </Tmax_f>
         <Tmin_g>
            <point>
               <Hp>-1000</Hp>
               <DeltaT>-52</DeltaT>
            </point>
            <point>
               <Hp>8500</Hp>
               <DeltaT>-33.2</DeltaT>
            </point>
         </Tmin_g>
         <Tmax_g>
            <point>
               <Hp>-1000</Hp>
               <DeltaT>33</DeltaT>
            </point>
            <point>
               <Hp>0</Hp>
               <DeltaT>35</DeltaT>
            </point>
            <point>
               <Hp>8500</Hp>
               <DeltaT>35</DeltaT>
            </point>
         </Tmax_g>
      </ELM>
      <DLM>
         <MTW>18070</MTW>
         <MTOW>17900</MTOW>
         <MLW>17600</MLW>
         <MZFW>16300</MZFW>
         <OEW>11250</OEW>
         <MPL>5050</MPL>
         <MFL>4500</MFL>
         <n1>2.5</n1>
         <n3>-1</n3>
         <nf1>2</nf1>
         <nf3>0</nf3>
      </DLM>
   </ALM>
   <Ground>
      <Dimensions>
         <span>24.57</span>
         <length>22.67</length>
      </Dimensions>
      <Runway>
         <TOL>1205</TOL>
         <LDL>1120</LDL>
      </Runway>
   </Ground>
   <ARPM>
      <AeroConfSchedule>
         <AeroPhase>
            <name>TO</name>
            <HLid>1</HLid>
            <LG>UP</LG>
         </AeroPhase>
         <AeroPhase>
            <name>IC</name>
            <HLid>0</HLid>
            <LG>UP</LG>
         </AeroPhase>
         <AeroPhase>
            <name>CR</name>
            <HLid>0</HLid>
            <LG>UP</LG>
         </AeroPhase>
         <AeroPhase>
            <name>AP</name>
            <HLid>2</HLid>
            <LG>UP</LG>
         </AeroPhase>
         <AeroPhase>
            <name>LD</name>
            <HLid>3</HLid>
            <LG>DN</LG>
         </AeroPhase>
      </AeroConfSchedule>
      <SpeedScheduleList>
         <SpeedSchedule>
            <CompanyName>Default</CompanyName>
            <SpeedPhase>
               <name>Climb</name>
               <CAS1>170</CAS1>
               <CAS2>160</CAS2>
               <M>0.45</M>
            </SpeedPhase>
            <SpeedPhase>
               <name>Cruise</name>
               <CAS1>230</CAS1>
               <CAS2>210</CAS2>
               <M>0.45</M>
            </SpeedPhase>
            <SpeedPhase>
               <name>Descent</name>
               <CAS1>230</CAS1>
               <CAS2>230</CAS2>
               <M>0.55</M>
            </SpeedPhase>
         </SpeedSchedule>
      </SpeedScheduleList>
   </ARPM>
</bada40:ACM>