<?xml version="1.0" encoding="utf-8"?>
<bada40:ACM xmlns:bada40="http://www.eurocontrol.int/eec/public/standard_page/bada40">
   <model>A330-223</model>
   <type>JET</type>
   <engine>PW4168A</engine>
   <description/>
   <ICAO>
      <designator>A332</designator>
      <WTC>H</WTC>
   </ICAO>
   <AFCM>
      <S>361.6</S>
      <Configuration HLid="0">
         <HLPosition>0000</HLPosition>
         <name>CLEAN</name>
         <vfe>330</vfe>
         <LGUP>
            <DPM_clean>
               <M_max>0.86</M_max>
               <scalar>9.835e-007</scalar>
               <CD_clean>
                  <d>103641.40952477632000000000</d>
                  <d>-333795.71143797814000000000</d>
                  <d>421719.37197352719000000000</d>
                  <d>-222656.49615120498000000000</d>
                  <d>42490.18291994395300000000</d>
                  <d>36925.48856889638400000000</d>
                  <d>523.63276692521242000000</d>
                  <d>-939.81849082733390000000</d>
                  <d>272.20877682936708000000</d>
                  <d>-26.75472661480866800000</d>
                  <d>503.08280201761528000000</d>
                  <d>11076.73220016874800000000</d>
                  <d>-18274.79720980125100000000</d>
                  <d>9994.25112293773420000000</d>
                  <d>-1804.99162808143500000000</d>
               </CD_clean>
            </DPM_clean>
            <BLM_clean>
               <Mmin>0.3</Mmin>
               <Mmax>0.86</Mmax>
               <CL_Mach0>1.4434</CL_Mach0>
               <CL_clean>
                  <bf>3.28636604588122380000</bf>
                  <bf>-9.60339877312770080000</bf>
                  <bf>10.99728892587293800000</bf>
                  <bf>0.84583027775681208000</bf>
                  <bf>-5.47182739938702590000</bf>
               </CL_clean>
            </BLM_clean>
         </LGUP>
      </Configuration>
      <Configuration HLid="1">
         <HLPosition>1600</HLPosition>
         <name>CONF 1</name>
         <vfe>240</vfe>
         <LGUP>
            <DPM_nonclean>
               <CD_nonclean>
                  <d>0.028779</d>
                  <d>-0.016985</d>
                  <d>0.04799</d>
               </CD_nonclean>
            </DPM_nonclean>
            <BLM>
               <CL_max>1.8161</CL_max>
            </BLM>
         </LGUP>
      </Configuration>
      <Configuration HLid="2">
         <HLPosition>1608</HLPosition>
         <name>CONF 1+F</name>
         <vfe>215</vfe>
         <LGUP>
            <DPM_nonclean>
               <CD_nonclean>
                  <d>0.046538</d>
                  <d>-0.044254</d>
                  <d>0.059428</d>
               </CD_nonclean>
            </DPM_nonclean>
            <BLM>
               <CL_max>2.0943</CL_max>
            </BLM>
         </LGUP>
      </Configuration>
      <Configuration HLid="3">
         <HLPosition>2014</HLPosition>
         <name>CONF 2</name>
         <vfe>196</vfe>
         <LGUP>
            <DPM_nonclean>
               <CD_nonclean>
                  <d>0.074417</d>
                  <d>-0.079107</d>
                  <d>0.069829</d>
               </CD_nonclean>
            </DPM_nonclean>
            <BLM>
               <CL_max>2.3462</CL_max>
            </BLM>
         </LGUP>
      </Configuration>
      <Configuration HLid="4">
         <HLPosition>2322</HLPosition>
         <name>CONF 3</name>
         <vfe>186</vfe>
         <LGUP>
            <DPM_nonclean>
               <CD_nonclean>
                  <d>0.094095</d>
                  <d>-0.091212</d>
                  <d>0.069785</d>
               </CD_nonclean>
            </DPM_nonclean>
            <BLM>
               <CL_max>2.5116</CL_max>
            </BLM>
         </LGUP>
         <LGDN>
            <DPM_nonclean>
               <CD_nonclean>
                  <d>0.12239</d>
                  <d>-0.10388</d>
                  <d>0.07541</d>
               </CD_nonclean>
            </DPM_nonclean>
            <BLM>
               <CL_max>2.4632</CL_max>
            </BLM>
         </LGDN>
      </Configuration>
      <Configuration HLid="5">
         <HLPosition>2332</HLPosition>
         <name>FULL</name>
         <vfe>180</vfe>
         <LGUP>
            <DPM_nonclean>
               <CD_nonclean>
                  <d>0.13536</d>
                  <d>-0.12334</d>
                  <d>0.080359</d>
               </CD_nonclean>
            </DPM_nonclean>
            <BLM>
               <CL_max>2.6512</CL_max>
            </BLM>
         </LGUP>
         <LGDN>
            <DPM_nonclean>
               <CD_nonclean>
                  <d>0.15426</d>
                  <d>-0.11585</d>
                  <d>0.074977</d>
               </CD_nonclean>
            </DPM_nonclean>
            <BLM>
               <CL_max>2.58</CL_max>
            </BLM>
         </LGDN>
      </Configuration>
   </AFCM>
   <PFM>
      <MREF>230000</MREF>
      <LHV>43217000</LHV>
      <rho>810</rho>
      <n_eng>2</n_eng>
      <TFA>25</TFA>
      <TFM>
         <CT>
            <a>0</a>
            <a>-0.09999999998035949400</a>
            <a>0</a>
            <a>0</a>
            <a>0</a>
            <a>0</a>
            <a>0.29999999998565452000</a>
            <a>0</a>
            <a>0</a>
            <a>0</a>
            <a>0</a>
            <a>0</a>
            <a>0</a>
            <a>0</a>
            <a>0</a>
            <a>0</a>
            <a>0</a>
            <a>0</a>
            <a>0</a>
            <a>0</a>
            <a>0</a>
            <a>0</a>
            <a>0</a>
            <a>0</a>
            <a>0</a>
            <a>0</a>
            <a>0</a>
            <a>0</a>
            <a>0</a>
            <a>0</a>
            <a>0</a>
            <a>0</a>
            <a>0</a>
            <a>0</a>
            <a>0</a>
            <a>0</a>
         </CT>
         <CF>
            <f>-0.00099084120934296279</f>
            <f>1.46501388384859930000</f>
            <f>-3.01167150458880650000</f>
            <f>-3.02853848424083740000</f>
            <f>74.16053058086032500000</f>
            <f>0.08066069811814739800</f>
            <f>0.72164695635853326000</f>
            <f>3.06137654589146060000</f>
            <f>0.81762244028808473000</f>
            <f>-54.31122271111831200000</f>
            <f>0</f>
            <f>0</f>
            <f>0</f>
            <f>0</f>
            <f>0</f>
            <f>0</f>
            <f>0</f>
            <f>0</f>
            <f>0</f>
            <f>0</f>
            <f>0</f>
            <f>0</f>
            <f>0</f>
            <f>0</f>
            <f>0</f>
         </CF>
         <MCRZ>
            <kink>10</kink>
            <flat_rating>
               <b>-4.47001159041437290000</b>
               <b>12.22602688400789500000</b>
               <b>-5.79383241128596540000</b>
               <b>0</b>
               <b>0</b>
               <b>0</b>
               <b>49.52571333726273700000</b>
               <b>-109.35972166099612000000</b>
               <b>49.92846007134180300000</b>
               <b>0</b>
               <b>0</b>
               <b>0</b>
               <b>-167.48916790119995000000</b>
               <b>342.92075098242151000000</b>
               <b>-130.30756655873247000000</b>
               <b>0</b>
               <b>0</b>
               <b>0</b>
               <b>254.84621370948136000000</b>
               <b>-464.95283428008668000000</b>
               <b>104.39571136041519000000</b>
               <b>0</b>
               <b>0</b>
               <b>0</b>
               <b>-180.89348542798621000000</b>
               <b>277.70148882097237000000</b>
               <b>13.46904333514718600000</b>
               <b>0</b>
               <b>0</b>
               <b>0</b>
               <b>48.82721866045447000000</b>
               <b>-57.93361779462218700000</b>
               <b>-32.16012119226849800000</b>
               <b>0</b>
               <b>0</b>
               <b>0</b>
            </flat_rating>
            <temp_rating>
               <c>1494.84676232367090000000</c>
               <c>-4896.43179908951970000000</c>
               <c>3906.60528319529430000000</c>
               <c>0</c>
               <c>0</c>
               <c>-5838.95468585097390000000</c>
               <c>19123.64621567886200000000</c>
               <c>-15250.08516199742600000000</c>
               <c>0</c>
               <c>0</c>
               <c>8545.24098792128460000000</c>
               <c>-27961.02835974845900000000</c>
               <c>22294.65564042336000000000</c>
               <c>0</c>
               <c>0</c>
               <c>-5546.91010267831640000000</c>
               <c>18128.17956062058100000000</c>
               <c>-14455.08615318813300000000</c>
               <c>0</c>
               <c>0</c>
               <c>1347.52216002787400000000</c>
               <c>-4398.75115343575180000000</c>
               <c>3508.29381295334500000000</c>
               <c>0</c>
               <c>0</c>
               <c>-5.47909156489079230000</c>
               <c>22.63577842557305800000</c>
               <c>-24.12732883991178000000</c>
               <c>0</c>
               <c>0</c>
               <c>11.55795143633313600000</c>
               <c>-57.52965366766351700000</c>
               <c>70.71853185688081600000</c>
               <c>0</c>
               <c>0</c>
               <c>-15.09550393913380100000</c>
               <c>82.63980656829532700000</c>
               <c>-105.68590808913002000000</c>
               <c>0</c>
               <c>0</c>
               <c>7.86401416357800900000</c>
               <c>-43.90491719025830300000</c>
               <c>56.09553804331901000000</c>
               <c>0</c>
               <c>0</c>
            </temp_rating>
         </MCRZ>
         <MCMB>
            <kink>10</kink>
            <flat_rating>
               <b>-4.41871955876416680000</b>
               <b>13.33276407794364000000</b>
               <b>-7.54911716170482540000</b>
               <b>0</b>
               <b>0</b>
               <b>0</b>
               <b>47.82777726318531800000</b>
               <b>-118.33559389592666000000</b>
               <b>68.86142257146386200000</b>
               <b>0</b>
               <b>0</b>
               <b>0</b>
               <b>-159.74162806212630000000</b>
               <b>383.58726213440940000000</b>
               <b>-217.70488263746674000000</b>
               <b>0</b>
               <b>0</b>
               <b>0</b>
               <b>246.52469514484122000000</b>
               <b>-572.42379606554368000000</b>
               <b>308.49884793623039000000</b>
               <b>0</b>
               <b>0</b>
               <b>0</b>
               <b>-181.03349359430189000000</b>
               <b>406.23125264804395000000</b>
               <b>-207.26923935822575000000</b>
               <b>0</b>
               <b>0</b>
               <b>0</b>
               <b>51.46030131465602200000</b>
               <b>-112.43190339588361000000</b>
               <b>55.36885635630416400000</b>
               <b>0</b>
               <b>0</b>
               <b>0</b>
            </flat_rating>
            <temp_rating>
               <c>405.55609898411001000000</c>
               <c>-1343.92017465772230000000</c>
               <c>1110.30042486215370000000</c>
               <c>0</c>
               <c>0</c>
               <c>-1493.25956380958180000000</c>
               <c>4927.02658499818610000000</c>
               <c>-4062.06763169069970000000</c>
               <c>0</c>
               <c>0</c>
               <c>2054.14478445750180000000</c>
               <c>-6723.25897568674010000000</c>
               <c>5537.93502532069310000000</c>
               <c>0</c>
               <c>0</c>
               <c>-1244.48048798472810000000</c>
               <c>4031.51332126127910000000</c>
               <c>-3318.90303025317550000000</c>
               <c>0</c>
               <c>0</c>
               <c>279.66673682942172000000</c>
               <c>-895.06890344680914000000</c>
               <c>736.62333842795204000000</c>
               <c>0</c>
               <c>0</c>
               <c>-5.21286001904980090000</c>
               <c>22.76683907240429900000</c>
               <c>-25.01584925014453400000</c>
               <c>0</c>
               <c>0</c>
               <c>13.60409215680802200000</c>
               <c>-66.96326739248536300000</c>
               <c>80.04995159324813900000</c>
               <c>0</c>
               <c>0</c>
               <c>-18.43433020391142200000</c>
               <c>95.35802409740125500000</c>
               <c>-116.33092471404208000000</c>
               <c>0</c>
               <c>0</c>
               <c>9.19732950757651580000</c>
               <c>-48.19514269636927400000</c>
               <c>58.81928327046907900000</c>
               <c>0</c>
               <c>0</c>
            </temp_rating>
         </MCMB>
         <LIDL>
            <CT>
               <ti>-0.00797457150048308350</ti>
               <ti>0.06604329901818244100</ti>
               <ti>-0.01771633900023098300</ti>
               <ti>-0.07711656373224866400</ti>
               <ti>0.04927213311494527100</ti>
               <ti>-0.20307386852976964000</ti>
               <ti>-0.23787613798750304000</ti>
               <ti>0.58750908744217711000</ti>
               <ti>-0.02629105688488731600</ti>
               <ti>-0.01410925710996141000</ti>
               <ti>0.71465238182439372000</ti>
               <ti>-0.94387229278588136000</ti>
            </CT>
            <CF>
               <fi>0.02759848795207270700</fi>
               <fi>0.00096017389576107462</fi>
               <fi>0.00234186936590749910</fi>
               <fi>-0.03021045067857009200</fi>
               <fi>-0.10178526764370990000</fi>
               <fi>0.09011796515113364200</fi>
               <fi>0.00754378520829237110</fi>
               <fi>0.19425784316965738000</fi>
               <fi>-0.14246167838168783000</fi>
            </CF>
         </LIDL>
         <throttle>
            <low>0.3882281494</low>
            <high>1.134312062</high>
         </throttle>
      </TFM>
   </PFM>
   <OPM>
      <LGO>
         <Transition>
            <from>0</from>
            <to>1</to>
            <time>20</time>
         </Transition>
         <Transition>
            <from>1</from>
            <to>0</to>
            <time>20</time>
         </Transition>
      </LGO>
      <HLO>
         <Transition>
            <from>0</from>
            <to>1</to>
            <time>9.2</time>
         </Transition>
         <Transition>
            <from>1</from>
            <to>2</to>
            <time>13.1</time>
         </Transition>
         <Transition>
            <from>2</from>
            <to>3</to>
            <time>1.9</time>
         </Transition>
         <Transition>
            <from>3</from>
            <to>4</to>
            <time>2</time>
         </Transition>
         <Transition>
            <from>4</from>
            <to>5</to>
            <time>2.6</time>
         </Transition>
         <Transition>
            <from>5</from>
            <to>4</to>
            <time>2.3</time>
         </Transition>
         <Transition>
            <from>4</from>
            <to>3</to>
            <time>1.9</time>
         </Transition>
         <Transition>
            <from>3</from>
            <to>2</to>
            <time>1.9</time>
         </Transition>
         <Transition>
            <from>2</from>
            <to>1</to>
            <time>4</time>
         </Transition>
         <Transition>
            <from>1</from>
            <to>0</to>
            <time>9.2</time>
         </Transition>
      </HLO>
   </OPM>
   <ALM>
      <GLM>
         <hmo>41500</hmo>
         <mfa>20000</mfa>
      </GLM>
      <KLM>
         <mmo>0.86</mmo>
         <vmo>330</vmo>
         <mle>0.55</mle>
         <vle>250</vle>
         <mlo>0.55</mlo>
         <vloe>250</vloe>
         <vlor>250</vlor>
      </KLM>
      <ELM>
         <Tmin_f>
            <point>
               <Hp>-2000</Hp>
               <DeltaT>-81</DeltaT>
            </point>
            <point>
               <Hp>0</Hp>
               <DeltaT>-77</DeltaT>
            </point>
            <point>
               <Hp>32500</Hp>
               <DeltaT>-30.6</DeltaT>
            </point>
            <point>
               <Hp>36089</Hp>
               <DeltaT>-23.5</DeltaT>
            </point>
            <point>
               <Hp>41500</Hp>
               <DeltaT>-23.5</DeltaT>
            </point>
         </Tmin_f>
         <Tmax_f>
            <point>
               <Hp>-2000</Hp>
               <DeltaT>36</DeltaT>
            </point>
            <point>
               <Hp>0</Hp>
               <DeltaT>40</DeltaT>
            </point>
            <point>
               <Hp>16600</Hp>
               <DeltaT>40</DeltaT>
            </point>
            <point>
               <Hp>16601</Hp>
               <DeltaT>35</DeltaT>
            </point>
            <point>
               <Hp>36089</Hp>
               <DeltaT>34.5</DeltaT>
            </point>
            <point>
               <Hp>41100</Hp>
               <DeltaT>24.5</DeltaT>
            </point>
            <point>
               <Hp>41500</Hp>
               <DeltaT>23.7</DeltaT>
            </point>
         </Tmax_f>
         <Tmin_g>
            <point>
               <Hp>-2000</Hp>
               <DeltaT>-73</DeltaT>
            </point>
            <point>
               <Hp>6000</Hp>
               <DeltaT>-57.1</DeltaT>
            </point>
            <point>
               <Hp>14600</Hp>
               <DeltaT>-18.1</DeltaT>
            </point>
         </Tmin_g>
         <Tmax_g>
            <point>
               <Hp>-2000</Hp>
               <DeltaT>36</DeltaT>
            </point>
            <point>
               <Hp>0</Hp>
               <DeltaT>40</DeltaT>
            </point>
            <point>
               <Hp>14600</Hp>
               <DeltaT>40</DeltaT>
            </point>
         </Tmax_g>
      </ELM>
      <DLM>
         <MTW>230900</MTW>
         <MTOW>230000</MTOW>
         <MLW>180000</MLW>
         <MZFW>168000</MZFW>
         <OEW>125964</OEW>
         <MPL>42036</MPL>
         <MFL>109186</MFL>
         <n1>2.5</n1>
         <n3>-1</n3>
         <nf1>2</nf1>
         <nf3>0</nf3>
      </DLM>
   </ALM>
   <Ground>
      <Dimensions>
         <span>60.304</span>
         <length>58.372</length>
      </Dimensions>
      <Runway>
         <TOL>2710</TOL>
         <LDL>1660</LDL>
      </Runway>
   </Ground>
   <ARPM>
      <AeroConfSchedule>
         <AeroPhase>
            <name>TO</name>
            <HLid>3</HLid>
            <LG>UP</LG>
         </AeroPhase>
         <AeroPhase>
            <name>IC</name>
            <HLid>2</HLid>
            <LG>UP</LG>
         </AeroPhase>
         <AeroPhase>
            <name>CR</name>
            <HLid>0</HLid>
            <LG>UP</LG>
         </AeroPhase>
         <AeroPhase>
            <name>AP</name>
            <HLid>3</HLid>
            <LG>UP</LG>
         </AeroPhase>
         <AeroPhase>
            <name>LD</name>
            <HLid>5</HLid>
            <LG>DN</LG>
         </AeroPhase>
      </AeroConfSchedule>
      <SpeedScheduleList>
         <SpeedSchedule>
            <CompanyName>Default</CompanyName>
            <SpeedPhase>
               <name>Climb</name>
               <CAS1>310</CAS1>
               <CAS2>310</CAS2>
               <M>0.82</M>
            </SpeedPhase>
            <SpeedPhase>
               <name>Cruise</name>
               <CAS1>250</CAS1>
               <CAS2>330</CAS2>
               <M>0.82</M>
            </SpeedPhase>
            <SpeedPhase>
               <name>Descent</name>
               <CAS1>300</CAS1>
               <CAS2>300</CAS2>
               <M>0.82</M>
            </SpeedPhase>
         </SpeedSchedule>
      </SpeedScheduleList>
   </ARPM>
</bada40:ACM>