<?xml version="1.0" encoding="utf-8"?>
<bada40:ACM xmlns:bada40="http://www.eurocontrol.int/eec/public/standard_page/bada40">
   <model>737-600</model>
   <type>JET</type>
   <engine>CFM56-7B22</engine>
   <description>no winglets</description>
   <ICAO>
      <designator>B736</designator>
      <WTC>M</WTC>
   </ICAO>
   <AFCM>
      <S>124.58297664000001000000</S>
      <Configuration HLid="0">
         <HLPosition>0000</HLPosition>
         <name>flaps  0</name>
         <vfe>340</vfe>
         <LGUP>
            <DPM_clean>
               <M_max>0.82000</M_max>
               <scalar>9.835e-007</scalar>
               <CD_clean>
                  <d>-519507.93450588291000000000</d>
                  <d>1530036.04404117660000000000</d>
                  <d>-1622684.07850593680000000000</d>
                  <d>759193.73883562116000000000</d>
                  <d>-131688.69966720382000000000</d>
                  <d>142653.57859391041000000000</d>
                  <d>-144377.61724257376000000000</d>
                  <d>70861.71436470412300000000</d>
                  <d>-15252.83867828626900000000</d>
                  <d>1179.07377491691730000000</d>
                  <d>-6692.30799442325500000000</d>
                  <d>63611.27484234113200000000</d>
                  <d>-115361.77583952917000000000</d>
                  <d>69962.83044082463300000000</d>
                  <d>-14159.49401239131800000000</d>
               </CD_clean>
            </DPM_clean>
            <BLM_clean>
               <Mmin>0.20000</Mmin>
               <Mmax>0.82000</Mmax>
               <CL_Mach0>1.09902122116106620000</CL_Mach0>
               <CL_clean>
                  <bf>0.82995869745133366000</bf>
                  <bf>6.59847822877835190000</bf>
                  <bf>-27.08503768242777100000</bf>
                  <bf>39.91567112897246300000</bf>
                  <bf>-20.63610355325090900000</bf>
               </CL_clean>
            </BLM_clean>
         </LGUP>
         <LGDN>
            <DPM_nonclean>
               <CD_nonclean>
                  <d>0.05108333333333334900</d>
                  <d>-0.01212878787878793500</d>
                  <d>0.04628787878787883600</d>
               </CD_nonclean>
            </DPM_nonclean>
            <BLM>
               <CL_max>1.09902122116106620000</CL_max>
            </BLM>
         </LGDN>
      </Configuration>
      <Configuration HLid="1">
         <HLPosition>0001</HLPosition>
         <name>flaps  1</name>
         <vfe>250</vfe>
         <LGUP>
            <DPM_nonclean>
               <CD_nonclean>
                  <d>0.04429372436753089400</d>
                  <d>-0.04047470496050684800</d>
                  <d>0.06178547498992613400</d>
               </CD_nonclean>
            </DPM_nonclean>
            <BLM>
               <CL_max>1.72748802328192540000</CL_max>
            </BLM>
         </LGUP>
         <LGDN>
            <DPM_nonclean>
               <CD_nonclean>
                  <d>0.07470013655462190400</d>
                  <d>-0.04773238795518211500</d>
                  <d>0.06261379551820728300</d>
               </CD_nonclean>
            </DPM_nonclean>
            <BLM>
               <CL_max>1.72748802328192540000</CL_max>
            </BLM>
         </LGDN>
      </Configuration>
      <Configuration HLid="2">
         <HLPosition>0005</HLPosition>
         <name>flaps  5</name>
         <vfe>250</vfe>
         <LGUP>
            <DPM_nonclean>
               <CD_nonclean>
                  <d>0.05238520470873998800</d>
                  <d>-0.04309752986723433500</d>
                  <d>0.06099415493072854500</d>
               </CD_nonclean>
            </DPM_nonclean>
            <BLM>
               <CL_max>1.84963103985031770000</CL_max>
            </BLM>
         </LGUP>
         <LGDN>
            <DPM_nonclean>
               <CD_nonclean>
                  <d>0.08049362745098027900</d>
                  <d>-0.04802721878224963000</d>
                  <d>0.06135061919504641200</d>
               </CD_nonclean>
            </DPM_nonclean>
            <BLM>
               <CL_max>1.84963103985031770000</CL_max>
            </BLM>
         </LGDN>
      </Configuration>
      <Configuration HLid="3">
         <HLPosition>0010</HLPosition>
         <name>flaps 10</name>
         <vfe>210</vfe>
         <LGUP>
            <DPM_nonclean>
               <CD_nonclean>
                  <d>0.06775439000491324800</d>
                  <d>-0.04430426579000743000</d>
                  <d>0.05971651062467109300</d>
               </CD_nonclean>
            </DPM_nonclean>
            <BLM>
               <CL_max>1.98520159654720560000</CL_max>
            </BLM>
         </LGUP>
         <LGDN>
            <DPM_nonclean>
               <CD_nonclean>
                  <d>0.09528299793601657800</d>
                  <d>-0.04924251805985564700</d>
                  <d>0.06020381836945312000</d>
               </CD_nonclean>
            </DPM_nonclean>
            <BLM>
               <CL_max>1.98520159654720560000</CL_max>
            </BLM>
         </LGDN>
      </Configuration>
      <Configuration HLid="4">
         <HLPosition>0015</HLPosition>
         <name>flaps 15</name>
         <vfe>185</vfe>
         <LGUP>
            <DPM_nonclean>
               <CD_nonclean>
                  <d>0.07488362689702900100</d>
                  <d>-0.04896217392525661900</d>
                  <d>0.06066890984029723500</d>
               </CD_nonclean>
            </DPM_nonclean>
            <BLM>
               <CL_max>2.05028587124399400000</CL_max>
            </BLM>
         </LGUP>
         <LGDN>
            <DPM_nonclean>
               <CD_nonclean>
                  <d>0.10102712184873895000</d>
                  <d>-0.05145217086834651800</d>
                  <d>0.06000350140055986400</d>
               </CD_nonclean>
            </DPM_nonclean>
            <BLM>
               <CL_max>1.98520159654720560000</CL_max>
            </BLM>
         </LGDN>
      </Configuration>
      <Configuration HLid="5">
         <HLPosition>0025</HLPosition>
         <name>flaps 25</name>
         <vfe>175</vfe>
         <LGUP>
            <DPM_nonclean>
               <CD_nonclean>
                  <d>0.07960394961882780200</d>
                  <d>-0.04442720171576470400</d>
                  <d>0.05753839136776418800</d>
               </CD_nonclean>
            </DPM_nonclean>
            <BLM>
               <CL_max>2.08403486603398140000</CL_max>
            </BLM>
         </LGUP>
         <LGDN>
            <DPM_nonclean>
               <CD_nonclean>
                  <d>0.10735903361344543000</d>
                  <d>-0.05114635854341749400</d>
                  <d>0.05885854341736702200</d>
               </CD_nonclean>
            </DPM_nonclean>
            <BLM>
               <CL_max>2.08403486603398140000</CL_max>
            </BLM>
         </LGDN>
      </Configuration>
      <Configuration HLid="6">
         <HLPosition>0030</HLPosition>
         <name>flaps 30</name>
         <vfe>160</vfe>
         <LGDN>
            <DPM_nonclean>
               <CD_nonclean>
                  <d>0.12623804624694707000</d>
                  <d>-0.05109198495563204600</d>
                  <d>0.05788219974880583900</d>
               </CD_nonclean>
            </DPM_nonclean>
            <BLM>
               <CL_max>2.20896045477398270000</CL_max>
            </BLM>
         </LGDN>
      </Configuration>
      <Configuration HLid="7">
         <HLPosition>0040</HLPosition>
         <name>flaps 40</name>
         <vfe>155</vfe>
         <LGDN>
            <DPM_nonclean>
               <CD_nonclean>
                  <d>0.16399141164092121000</d>
                  <d>-0.03938928064411029200</d>
                  <d>0.05045478035656105600</d>
               </CD_nonclean>
            </DPM_nonclean>
            <BLM>
               <CL_max>2.28545561318495770000</CL_max>
            </BLM>
         </LGDN>
      </Configuration>
   </AFCM>
   <PFM>
      <MREF>65544</MREF>
      <LHV>43217000</LHV>
      <rho>810</rho>
      <n_eng>2</n_eng>
      <TFA>14.06</TFA>
      <TFM>
         <CT>
            <a>0.00000000000000000000</a>
            <a>-0.09999999991958422000</a>
            <a>0.00000000000000000000</a>
            <a>0.00000000000000000000</a>
            <a>0.00000000000000000000</a>
            <a>0.00000000000000000000</a>
            <a>0.29999999997069499000</a>
            <a>0.00000000000000000000</a>
            <a>0.00000000000000000000</a>
            <a>0.00000000000000000000</a>
            <a>0.00000000000000000000</a>
            <a>0.00000000000000000000</a>
            <a>0.00000000000000000000</a>
            <a>0.00000000000000000000</a>
            <a>0.00000000000000000000</a>
            <a>0.00000000000000000000</a>
            <a>0.00000000000000000000</a>
            <a>0.00000000000000000000</a>
            <a>0.00000000000000000000</a>
            <a>0.00000000000000000000</a>
            <a>0.00000000000000000000</a>
            <a>0.00000000000000000000</a>
            <a>0.00000000000000000000</a>
            <a>0.00000000000000000000</a>
            <a>0.00000000000000000000</a>
            <a>0.00000000000000000000</a>
            <a>0.00000000000000000000</a>
            <a>0.00000000000000000000</a>
            <a>0.00000000000000000000</a>
            <a>0.00000000000000000000</a>
            <a>0.00000000000000000000</a>
            <a>0.00000000000000000000</a>
            <a>0.00000000000000000000</a>
            <a>0.00000000000000000000</a>
            <a>0.00000000000000000000</a>
            <a>0.00000000000000000000</a>
         </CT>
         <CF>
            <f>0.00257876322311822270</f>
            <f>1.33532277031737420000</f>
            <f>3.00872226870254610000</f>
            <f>-33.87333983924984400000</f>
            <f>81.04523520909371800000</f>
            <f>0.09922768177677907000</f>
            <f>0.51407120665116890000</f>
            <f>4.83199523956754980000</f>
            <f>2.43706708251745670000</f>
            <f>-35.32693576921332800000</f>
            <f>0.00000000000000000000</f>
            <f>0.00000000000000000000</f>
            <f>0.00000000000000000000</f>
            <f>0.00000000000000000000</f>
            <f>0.00000000000000000000</f>
            <f>0.00000000000000000000</f>
            <f>0.00000000000000000000</f>
            <f>0.00000000000000000000</f>
            <f>0.00000000000000000000</f>
            <f>0.00000000000000000000</f>
            <f>0.00000000000000000000</f>
            <f>0.00000000000000000000</f>
            <f>0.00000000000000000000</f>
            <f>0.00000000000000000000</f>
            <f>0.00000000000000000000</f>
         </CF>
         <MCRZ>
            <kink>10</kink>
            <flat_rating>
               <b>-0.29500658032197641000</b>
               <b>0.42420146284578081000</b>
               <b>0.52314358875263833000</b>
               <b>0.00000000000000000000</b>
               <b>0.00000000000000000000</b>
               <b>0.00000000000000000000</b>
               <b>8.17065788364665660000</b>
               <b>3.21156049361631220000</b>
               <b>2.00375504257674740000</b>
               <b>0.00000000000000000000</b>
               <b>0.00000000000000000000</b>
               <b>0.00000000000000000000</b>
               <b>-19.54113317275461600000</b>
               <b>-3.71075311059591910000</b>
               <b>-48.36622846336802400000</b>
               <b>0.00000000000000000000</b>
               <b>0.00000000000000000000</b>
               <b>0.00000000000000000000</b>
               <b>29.35786703824494000000</b>
               <b>-51.90552996260326800000</b>
               <b>174.23481914416820000000</b>
               <b>0.00000000000000000000</b>
               <b>0.00000000000000000000</b>
               <b>0.00000000000000000000</b>
               <b>-27.25142171386733700000</b>
               <b>102.37076065127145000000</b>
               <b>-218.33236840091820000000</b>
               <b>0.00000000000000000000</b>
               <b>0.00000000000000000000</b>
               <b>0.00000000000000000000</b>
               <b>10.45643211687983900000</b>
               <b>-51.10653086791995000000</b>
               <b>90.63376956877256400000</b>
               <b>0.00000000000000000000</b>
               <b>0.00000000000000000000</b>
               <b>0.00000000000000000000</b>
            </flat_rating>
            <temp_rating>
               <c>-577.44573805606069000000</c>
               <c>1634.30022967932180000000</c>
               <c>-1337.37748426014330000000</c>
               <c>0.00000000000000000000</c>
               <c>0.00000000000000000000</c>
               <c>2396.06768934481220000000</c>
               <c>-6844.51576684171410000000</c>
               <c>5614.97772475996770000000</c>
               <c>0.00000000000000000000</c>
               <c>0.00000000000000000000</c>
               <c>-3703.31502611356380000000</c>
               <c>10682.67332212063200000000</c>
               <c>-8770.98258475491820000000</c>
               <c>0.00000000000000000000</c>
               <c>0.00000000000000000000</c>
               <c>2526.51496567790950000000</c>
               <c>-7362.40385180037810000000</c>
               <c>6047.76715632320250000000</c>
               <c>0.00000000000000000000</c>
               <c>0.00000000000000000000</c>
               <c>-642.82515005785217000000</c>
               <c>1891.54209460953600000000</c>
               <c>-1554.18645605052530000000</c>
               <c>0.00000000000000000000</c>
               <c>0.00000000000000000000</c>
               <c>9.90827515745060160000</c>
               <c>-6.35721960066936380000</c>
               <c>0.07422257123997168200</c>
               <c>0.00000000000000000000</c>
               <c>0.00000000000000000000</c>
               <c>-19.61140984368869400000</c>
               <c>6.20384054768317840000</c>
               <c>1.66111693048140440000</c>
               <c>0.00000000000000000000</c>
               <c>0.00000000000000000000</c>
               <c>19.15940651043869300000</c>
               <c>-7.88394077722428040000</c>
               <c>5.89592740013925010000</c>
               <c>0.00000000000000000000</c>
               <c>0.00000000000000000000</c>
               <c>-7.64928587505682330000</c>
               <c>6.42613833704547140000</c>
               <c>-7.50150981113321170000</c>
               <c>0.00000000000000000000</c>
               <c>0.00000000000000000000</c>
            </temp_rating>
         </MCRZ>
         <MCMB>
            <kink>10</kink>
            <flat_rating>
               <b>-0.56398914310996262000</b>
               <b>2.42660935685219090000</b>
               <b>-0.80304642166322060000</b>
               <b>0.00000000000000000000</b>
               <b>0.00000000000000000000</b>
               <b>0.00000000000000000000</b>
               <b>13.40489014859840800000</b>
               <b>-19.67491264167057700000</b>
               <b>13.83988451378389700000</b>
               <b>0.00000000000000000000</b>
               <b>0.00000000000000000000</b>
               <b>0.00000000000000000000</b>
               <b>-42.05635918444846800000</b>
               <b>72.71683912636211700000</b>
               <b>-66.15554156379975800000</b>
               <b>0.00000000000000000000</b>
               <b>0.00000000000000000000</b>
               <b>0.00000000000000000000</b>
               <b>69.04526798877012100000</b>
               <b>-149.94471177707749000000</b>
               <b>143.75768128872176000000</b>
               <b>0.00000000000000000000</b>
               <b>0.00000000000000000000</b>
               <b>0.00000000000000000000</b>
               <b>-57.40297298430406400000</b>
               <b>145.15321086785156000000</b>
               <b>-136.78293797459412000000</b>
               <b>0.00000000000000000000</b>
               <b>0.00000000000000000000</b>
               <b>0.00000000000000000000</b>
               <b>18.53246733992355300000</b>
               <b>-51.06732571459741600000</b>
               <b>46.37203013587048900000</b>
               <b>0.00000000000000000000</b>
               <b>0.00000000000000000000</b>
               <b>0.00000000000000000000</b>
            </flat_rating>
            <temp_rating>
               <c>80.78245948978255300000</c>
               <c>-736.31639631755490000000</c>
               <c>1070.73773935949700000000</c>
               <c>0.00000000000000000000</c>
               <c>0.00000000000000000000</c>
               <c>-302.52282931856411000000</c>
               <c>2883.27141386273020000000</c>
               <c>-4267.50634258430820000000</c>
               <c>0.00000000000000000000</c>
               <c>0.00000000000000000000</c>
               <c>432.22874477949961000000</c>
               <c>-4243.76074412173150000000</c>
               <c>6394.91974077412310000000</c>
               <c>0.00000000000000000000</c>
               <c>0.00000000000000000000</c>
               <c>-280.94741312184237000000</c>
               <c>2789.23708193222410000000</c>
               <c>-4268.30933400325560000000</c>
               <c>0.00000000000000000000</c>
               <c>0.00000000000000000000</c>
               <c>69.65316763747610200000</c>
               <c>-690.79577381344131000000</c>
               <c>1070.37393619732050000000</c>
               <c>0.00000000000000000000</c>
               <c>0.00000000000000000000</c>
               <c>9.60799452884736200000</c>
               <c>-7.66210095265191260000</c>
               <c>0.78982872798153092000</c>
               <c>0.00000000000000000000</c>
               <c>0.00000000000000000000</c>
               <c>-18.78299592358986600000</c>
               <c>7.83533338747304420000</c>
               <c>2.83714695514417810000</c>
               <c>0.00000000000000000000</c>
               <c>0.00000000000000000000</c>
               <c>18.01567702148076900000</c>
               <c>-7.03520710119680800000</c>
               <c>0.56710894252052135000</c>
               <c>0.00000000000000000000</c>
               <c>0.00000000000000000000</c>
               <c>-7.07566213974158040000</c>
               <c>4.94525557369757610000</c>
               <c>-3.69312188197502470000</c>
               <c>0.00000000000000000000</c>
               <c>0.00000000000000000000</c>
            </temp_rating>
         </MCMB>
         <MTKF>
            <kink>10</kink>
            <flat_rating>
               <b>10.75797836438021100000</b>
               <b>-36.46653986387431700000</b>
               <b>27.75949924711779100000</b>
               <b>0.00000000000000000000</b>
               <b>0.00000000000000000000</b>
               <b>0.00000000000000000000</b>
               <b>-64.33838865843760900000</b>
               <b>250.89646497439634000000</b>
               <b>-177.57404631937320000000</b>
               <b>0.00000000000000000000</b>
               <b>0.00000000000000000000</b>
               <b>0.00000000000000000000</b>
               <b>170.19639096793037000000</b>
               <b>-674.46197950727401000000</b>
               <b>436.49082077548832000000</b>
               <b>0.00000000000000000000</b>
               <b>0.00000000000000000000</b>
               <b>0.00000000000000000000</b>
               <b>-211.92189408838547000000</b>
               <b>841.70940914538301000000</b>
               <b>-470.65872092275220000000</b>
               <b>0.00000000000000000000</b>
               <b>0.00000000000000000000</b>
               <b>0.00000000000000000000</b>
               <b>122.11492755337159000000</b>
               <b>-481.70317651878707000000</b>
               <b>200.22207720970474000000</b>
               <b>0.00000000000000000000</b>
               <b>0.00000000000000000000</b>
               <b>0.00000000000000000000</b>
               <b>-25.71381951341861700000</b>
               <b>99.15432373661362000000</b>
               <b>-15.64675333456784400000</b>
               <b>0.00000000000000000000</b>
               <b>0.00000000000000000000</b>
               <b>0.00000000000000000000</b>
            </flat_rating>
            <temp_rating>
               <c>-9.76481699887535370000</c>
               <c>-428.34769697139774000000</c>
               <c>363.95180471497605000000</c>
               <c>0.00000000000000000000</c>
               <c>0.00000000000000000000</c>
               <c>-23.23008579340004700000</c>
               <c>2035.32171960372780000000</c>
               <c>-1891.10183743621770000000</c>
               <c>0.00000000000000000000</c>
               <c>0.00000000000000000000</c>
               <c>164.86951634976040000000</c>
               <c>-3599.19724424936380000000</c>
               <c>3530.26454467034140000000</c>
               <c>0.00000000000000000000</c>
               <c>0.00000000000000000000</c>
               <c>-185.87916945445298000000</c>
               <c>2709.42781507725160000000</c>
               <c>-2764.56950538056710000000</c>
               <c>0.00000000000000000000</c>
               <c>0.00000000000000000000</c>
               <c>62.81744304722263200000</c>
               <c>-743.37174851238660000000</c>
               <c>782.55193191384637000000</c>
               <c>0.00000000000000000000</c>
               <c>0.00000000000000000000</c>
               <c>-45.97224745098927900000</c>
               <c>148.96435617030951000000</c>
               <c>-114.71129531331276000000</c>
               <c>0.00000000000000000000</c>
               <c>0.00000000000000000000</c>
               <c>103.25082986482494000000</c>
               <c>-331.92632269632736000000</c>
               <c>251.06418599171053000000</c>
               <c>0.00000000000000000000</c>
               <c>0.00000000000000000000</c>
               <c>-98.87312179006222800000</c>
               <c>315.22623718805954000000</c>
               <c>-232.32288262063963000000</c>
               <c>0.00000000000000000000</c>
               <c>0.00000000000000000000</c>
               <c>33.60259990817647200000</c>
               <c>-105.08209035203983000000</c>
               <c>73.53458685173453100000</c>
               <c>0.00000000000000000000</c>
               <c>0.00000000000000000000</c>
            </temp_rating>
         </MTKF>
         <LIDL>
            <CT>
               <ti>-0.02399921788223807100</ti>
               <ti>0.17077491250352048000</ti>
               <ti>-0.26209158122766590000</ti>
               <ti>0.13593847225605304000</ti>
               <ti>0.07888311860105776100</ti>
               <ti>-0.54821016782833298000</ti>
               <ti>0.95485218219840218000</ti>
               <ti>-0.52826354980453427000</ti>
               <ti>-0.06723484203683942300</ti>
               <ti>0.43863780104184091000</ti>
               <ti>-0.87635545688517735000</ti>
               <ti>0.48953348956257459000</ti>
            </CT>
            <CF>
               <fi>-0.03891376957320403400</fi>
               <fi>0.12359103204656292000</fi>
               <fi>-0.03454311667828109700</fi>
               <fi>0.10500640850264065000</fi>
               <fi>-0.04367936337944827000</fi>
               <fi>-0.12674784415951607000</fi>
               <fi>-0.03844788081818945000</fi>
               <fi>-0.20945724207902977000</fi>
               <fi>0.35415415634096659000</fi>
            </CF>
         </LIDL>
         <throttle>
            <low>0.61745421764453390000</low>
            <high>1.42563319796068550000</high>
         </throttle>
      </TFM>
   </PFM>
   <OPM>
      <LGO>
         <Transition>
            <from>0</from>
            <to>1</to>
            <time>20</time>
         </Transition>
         <Transition>
            <from>1</from>
            <to>0</to>
            <time>11</time>
         </Transition>
      </LGO>
      <HLO>
         <Transition>
            <from>0</from>
            <to>1</to>
            <time>16</time>
         </Transition>
         <Transition>
            <from>1</from>
            <to>2</to>
            <time>7.6</time>
         </Transition>
         <Transition>
            <from>2</from>
            <to>3</to>
            <time>4.5</time>
         </Transition>
         <Transition>
            <from>3</from>
            <to>4</to>
            <time>4.5</time>
         </Transition>
         <Transition>
            <from>4</from>
            <to>5</to>
            <time>3.4</time>
         </Transition>
         <Transition>
            <from>5</from>
            <to>6</to>
            <time>4.2</time>
         </Transition>
         <Transition>
            <from>6</from>
            <to>7</to>
            <time>3.8</time>
         </Transition>
         <Transition>
            <from>7</from>
            <to>6</to>
            <time>3.8</time>
         </Transition>
         <Transition>
            <from>6</from>
            <to>5</to>
            <time>4.2</time>
         </Transition>
         <Transition>
            <from>5</from>
            <to>4</to>
            <time>3.4</time>
         </Transition>
         <Transition>
            <from>4</from>
            <to>3</to>
            <time>2.5</time>
         </Transition>
         <Transition>
            <from>3</from>
            <to>2</to>
            <time>8</time>
         </Transition>
         <Transition>
            <from>2</from>
            <to>1</to>
            <time>7.1</time>
         </Transition>
         <Transition>
            <from>1</from>
            <to>0</to>
            <time>14</time>
         </Transition>
      </HLO>
   </OPM>
   <ALM>
      <GLM>
         <hmo>41000</hmo>
         <mfa>20000</mfa>
      </GLM>
      <KLM>
         <mmo>0.82</mmo>
         <vmo>340</vmo>
         <mle>0.82</mle>
         <vle>320</vle>
         <mlo>0.82</mlo>
         <vloe>270</vloe>
         <vlor>235</vlor>
      </KLM>
      <ELM>
         <Tmin_f>
            <point>
               <Hp>-2000.0</Hp>
               <DeltaT>-72.95999999999999400000</DeltaT>
            </point>
            <point>
               <Hp>0.0</Hp>
               <DeltaT>-69.00000000000000000000</DeltaT>
            </point>
            <point>
               <Hp>1.0</Hp>
               <DeltaT>-77.00000000000000000000</DeltaT>
            </point>
            <point>
               <Hp>36089.0</Hp>
               <DeltaT>-16.50000000000000000000</DeltaT>
            </point>
            <point>
               <Hp>41000.0</Hp>
               <DeltaT>-16.50000000000000000000</DeltaT>
            </point>
         </Tmin_f>
         <Tmax_f>
            <point>
               <Hp>-2000.0</Hp>
               <DeltaT>35.03999999999999900000</DeltaT>
            </point>
            <point>
               <Hp>0.0</Hp>
               <DeltaT>39.39999999999999900000</DeltaT>
            </point>
            <point>
               <Hp>13500.0</Hp>
               <DeltaT>39.39999999999999900000</DeltaT>
            </point>
            <point>
               <Hp>13501.0</Hp>
               <DeltaT>34.00000000000000000000</DeltaT>
            </point>
            <point>
               <Hp>36089.0</Hp>
               <DeltaT>34.00000000000000000000</DeltaT>
            </point>
            <point>
               <Hp>41000.0</Hp>
               <DeltaT>24.50000000000000000000</DeltaT>
            </point>
         </Tmax_f>
         <Tmin_g>
            <point>
               <Hp>-2000.0</Hp>
               <DeltaT>-72.95999999999999400000</DeltaT>
            </point>
            <point>
               <Hp>8500.0</Hp>
               <DeltaT>-52.20000000000000300000</DeltaT>
            </point>
         </Tmin_g>
         <Tmax_g>
            <point>
               <Hp>-2000.0</Hp>
               <DeltaT>35.03999999999999900000</DeltaT>
            </point>
            <point>
               <Hp>0.0</Hp>
               <DeltaT>39.39999999999999900000</DeltaT>
            </point>
            <point>
               <Hp>8500.0</Hp>
               <DeltaT>39.39999999999999900000</DeltaT>
            </point>
         </Tmax_g>
      </ELM>
      <DLM>
         <MTW>65771</MTW>
         <MTOW>65544</MTOW>
         <MLW>55112</MLW>
         <MZFW>51936</MZFW>
         <OEW>36378</OEW>
         <MPL>15558</MPL>
         <MFL>26022</MFL>
         <n1>2.5</n1>
         <n3>-1</n3>
         <nf1>2</nf1>
         <nf3>0</nf3>
      </DLM>
   </ALM>
   <Ground>
      <Dimensions>
         <span>34.32</span>
         <length>31.24</length>
      </Dimensions>
      <Runway>
         <TOL>1725</TOL>
         <LDL>1350</LDL>
      </Runway>
   </Ground>
   <ARPM>
      <AeroConfSchedule>
         <AeroPhase>
            <name>TO</name>
            <HLid>2</HLid>
            <LG>UP</LG>
         </AeroPhase>
         <AeroPhase>
            <name>IC</name>
            <HLid>1</HLid>
            <LG>UP</LG>
         </AeroPhase>
         <AeroPhase>
            <name>CR</name>
            <HLid>0</HLid>
            <LG>UP</LG>
         </AeroPhase>
         <AeroPhase>
            <name>AP</name>
            <HLid>4</HLid>
            <LG>UP</LG>
         </AeroPhase>
         <AeroPhase>
            <name>LD</name>
            <HLid>6</HLid>
            <LG>DN</LG>
         </AeroPhase>
      </AeroConfSchedule>
      <SpeedScheduleList>
         <SpeedSchedule>
            <CompanyName>Default</CompanyName>
            <SpeedPhase>
               <name>Climb</name>
               <CAS1>290</CAS1>
               <CAS2>290</CAS2>
               <M>0.78</M>
            </SpeedPhase>
            <SpeedPhase>
               <name>Cruise</name>
               <CAS1>280</CAS1>
               <CAS2>280</CAS2>
               <M>0.78</M>
            </SpeedPhase>
            <SpeedPhase>
               <name>Descent</name>
               <CAS1>290</CAS1>
               <CAS2>290</CAS2>
               <M>0.78</M>
            </SpeedPhase>
         </SpeedSchedule>
      </SpeedScheduleList>
   </ARPM>
</bada40:ACM>