<?xml version="1.0" encoding="utf-8"?>
<bada40:GPF xmlns:bada40="http://www.eurocontrol.int/eec/public/standard_page/bada40">
  <CVminTO>1.13</CVminTO>
  <CVmin>1.23</CVmin>
  <HmaxList>
    <HmaxPhase>
      <Phase>TO</phase>
      <Hmax>400</Hmax>
    </HmaxPhase>
    <HmaxPhase>
      <Phase>IC</phase>
      <Hmax>2000</Hmax>
    </HmaxPhase>
    <HmaxPhase>
      <Phase>AP</phase>
      <Hmax>8000</Hmax>
    </HmaxPhase>
    <HmaxPhase>
      <Phase>LD</phase>
      <Hmax>3000</Hmax>
    </HmaxPhase>
  </HmaxList>
  <VdList>
    <VdPhase>
      <Phase>
        <name>CL</name>
        <index>1</index>
      </Phase>
      <Vd>5</Vd>
    </VdPhase>
    <VdPhase>
      <Phase>
        <name>CL</name>
        <index>2</index>
      </Phase>
      <Vd>10</Vd>
    </VdPhase>
    <VdPhase>
      <Phase>
        <name>CL</name>
        <index>3</index>
      </Phase>
      <Vd>30</Vd>
    </VdPhase>
    <VdPhase>
      <Phase>
        <name>CL</name>
        <index>4</index>
      </Phase>
      <Vd>60</Vd>
    </VdPhase>
    <VdPhase>
      <Phase>
        <name>CL</name>
        <index>5</index>
      </Phase>
      <Vd>80</Vd>
    </VdPhase>
    <VdPhase>
      <Phase>
        <name>CL</name>
        <index>6</index>
      </Phase>
      <Vd>20</Vd>
    </VdPhase>
    <VdPhase>
      <Phase>
        <name>CL</name>
        <index>7</index>
      </Phase>
      <Vd>30</Vd>
    </VdPhase>
    <VdPhase>
      <Phase>
        <name>CL</name>
        <index>8</index>
      </Phase>
      <Vd>35</Vd>
    </VdPhase>
    <VdPhase>
      <Phase>
        <name>DES</name>
        <index>1</index>
      </Phase>
      <Vd>5</Vd>
    </VdPhase>
    <VdPhase>
      <Phase>
        <name>DES</name>
        <index>2</index>
      </Phase>
      <Vd>10</Vd>
    </VdPhase>
    <VdPhase>
      <Phase>
        <name>DES</name>
        <index>3</index>
      </Phase>
      <Vd>20</Vd>
    </VdPhase>
    <VdPhase>
      <Phase>
        <name>DES</name>
        <index>4</index>
      </Phase>
      <Vd>50</Vd>
    </VdPhase>
    <VdPhase>
      <Phase>
        <name>DES</name>
        <index>5</index>
      </Phase>
      <Vd>5</Vd>
    </VdPhase>
    <VdPhase>
      <Phase>
        <name>DES</name>
        <index>6</index>
      </Phase>
      <Vd>10</Vd>
    </VdPhase>
    <VdPhase>
      <Phase>
        <name>DES</name>
        <index>7</index>
      </Phase>
      <Vd>20</Vd>
    </VdPhase>
  </VdList>
</bada40:GPF>