<?xml version="1.0" encoding="utf-8"?>
<bada40:ACM xmlns:bada40="http://www.eurocontrol.int/eec/public/standard_page/bada40">
   <model>ATR72-210</model>
   <type>TURBOPROP</type>
   <engine>PW127-HS247F</engine>
   <description/>
   <ICAO>
      <designator>AT73</designator>
      <WTC>M</WTC>
   </ICAO>
   <AFCM>
      <S>61</S>
      <Configuration HLid="0">
         <HLPosition>0000</HLPosition>
         <name>flaps 0</name>
         <vfe>250</vfe>
         <LGUP>
            <DPM_clean>
               <M_max>0.55</M_max>
               <scalar>9.835e-007</scalar>
               <CD_clean>
                  <d>50777714.42401042600000000000</d>
                  <d>-183967177.97347942000000000000</d>
                  <d>249690775.01095060000000000000</d>
                  <d>-150391008.79440403000000000000</d>
                  <d>33920494.34502779700000000000</d>
                  <d>-2662351.53591440150000000000</d>
                  <d>7885803.35036949070000000000</d>
                  <d>-8529773.31705262140000000000</d>
                  <d>4049071.67416757210000000000</d>
                  <d>-714272.62131012871000000000</d>
                  <d>0</d>
                  <d>0</d>
                  <d>0</d>
                  <d>0</d>
                  <d>0</d>
               </CD_clean>
            </DPM_clean>
            <BLM>
               <CL_max>1.6215</CL_max>
            </BLM>
         </LGUP>
         <LGDN>
            <DPM_nonclean>
               <CD_nonclean>
                  <d>0.06467</d>
                  <d>-0.018103</d>
                  <d>0.042534</d>
               </CD_nonclean>
            </DPM_nonclean>
            <BLM>
               <CL_max>1.6215</CL_max>
            </BLM>
         </LGDN>
      </Configuration>
      <Configuration HLid="1">
         <HLPosition>0015</HLPosition>
         <name>flaps 15</name>
         <vfe>185</vfe>
         <LGUP>
            <DPM_nonclean>
               <CD_nonclean>
                  <d>0.06049</d>
                  <d>-0.033535</d>
                  <d>0.041566</d>
               </CD_nonclean>
            </DPM_nonclean>
            <BLM>
               <CL_max>2.1928</CL_max>
            </BLM>
         </LGUP>
         <LGDN>
            <DPM_nonclean>
               <CD_nonclean>
                  <d>0.079016</d>
                  <d>-0.035206</d>
                  <d>0.043634</d>
               </CD_nonclean>
            </DPM_nonclean>
            <BLM>
               <CL_max>2.1928</CL_max>
            </BLM>
         </LGDN>
      </Configuration>
      <Configuration HLid="2">
         <HLPosition>0030</HLPosition>
         <name>flaps 30</name>
         <vfe>150</vfe>
         <LGUP>
            <DPM_nonclean>
               <CD_nonclean>
                  <d>0.11144</d>
                  <d>-0.055153</d>
                  <d>0.047746</d>
               </CD_nonclean>
            </DPM_nonclean>
            <BLM>
               <CL_max>2.6642</CL_max>
            </BLM>
         </LGUP>
         <LGDN>
            <DPM_nonclean>
               <CD_nonclean>
                  <d>0.12976</d>
                  <d>-0.055774</d>
                  <d>0.048396</d>
               </CD_nonclean>
            </DPM_nonclean>
            <BLM>
               <CL_max>2.6642</CL_max>
            </BLM>
         </LGDN>
      </Configuration>
   </AFCM>
   <PFM>
      <MREF>21500</MREF>
      <LHV>43217000</LHV>
      <rho>810</rho>
      <n_eng>2</n_eng>
      <TFA>7</TFA>
      <TPM>
         <prop_dia>3.96</prop_dia>
         <max_eff>1</max_eff>
         <CP>
            <a>0</a>
            <a>2.24491208399244970000</a>
            <a>-22.05298172606388000000</a>
            <a>27.97892054178122100000</a>
            <a>0</a>
            <a>0</a>
            <a>0.20232202879394939000</a>
            <a>-2.24519322787468760000</a>
            <a>2.86968864495733290000</a>
            <a>0</a>
            <a>0</a>
            <a>0</a>
            <a>0</a>
            <a>0</a>
            <a>0</a>
            <a>0</a>
            <a>0</a>
            <a>0</a>
            <a>0</a>
            <a>0</a>
            <a>0</a>
            <a>0</a>
            <a>0</a>
            <a>0</a>
            <a>0</a>
            <a>0</a>
            <a>0</a>
            <a>0</a>
            <a>0</a>
            <a>0</a>
            <a>0</a>
            <a>0</a>
            <a>0</a>
            <a>0</a>
            <a>0</a>
            <a>0</a>
         </CP>
         <CF>
            <f>0.10329277119272649000</f>
            <f>3.28822702550666880000</f>
            <f>52.95494867538358400000</f>
            <f>800.53040792311594000000</f>
            <f>0</f>
            <f>-0.41865452166045491000</f>
            <f>-14.45915010635728000000</f>
            <f>-73.66819607318730300000</f>
            <f>-6542.90817952877660000000</f>
            <f>0</f>
            <f>1.00544792254216380000</f>
            <f>70.79015238122534000000</f>
            <f>-1064.45552055851290000000</f>
            <f>24441.80369470696000000000</f>
            <f>0</f>
            <f>-0.36058594347828371000</f>
            <f>-85.01922850795504900000</f>
            <f>1662.41654050020040000000</f>
            <f>-26114.93483878659800000000</f>
            <f>0</f>
            <f>0</f>
            <f>0</f>
            <f>0</f>
            <f>0</f>
            <f>0</f>
         </CF>
         <MCRZ>
            <max_power>3111108.8989</max_power>
            <rating>
               <p>0.63446540039766885000</p>
               <p>-17.75659440467587700000</p>
               <p>15.54210005892357500000</p>
               <p>0</p>
               <p>0</p>
               <p>0</p>
               <p>-3.14214656328149070000</p>
               <p>25.10977781509415500000</p>
               <p>-44.84901735104356400000</p>
               <p>0</p>
               <p>0</p>
               <p>0</p>
               <p>2.57428662227824260000</p>
               <p>-17.18414282744795300000</p>
               <p>30.06543734761587000000</p>
               <p>0</p>
               <p>0</p>
               <p>0</p>
               <p>0</p>
               <p>0</p>
               <p>0</p>
               <p>0</p>
               <p>0</p>
               <p>0</p>
               <p>0</p>
               <p>0</p>
               <p>0</p>
               <p>0</p>
               <p>0</p>
               <p>0</p>
               <p>0</p>
               <p>0</p>
               <p>0</p>
               <p>0</p>
               <p>0</p>
               <p>0</p>
            </rating>
         </MCRZ>
         <MCMB>
            <max_power>3197634.2328</max_power>
            <rating>
               <p>0.43126048689036794000</p>
               <p>-16.56793813777149200000</p>
               <p>13.18265874525706300000</p>
               <p>0</p>
               <p>0</p>
               <p>0</p>
               <p>-2.66021661257778690000</p>
               <p>22.23328631162291200000</p>
               <p>-39.17270653026121600000</p>
               <p>0</p>
               <p>0</p>
               <p>0</p>
               <p>2.28591812363320290000</p>
               <p>-15.45802087367179900000</p>
               <p>26.69656405830323800000</p>
               <p>0</p>
               <p>0</p>
               <p>0</p>
               <p>0</p>
               <p>0</p>
               <p>0</p>
               <p>0</p>
               <p>0</p>
               <p>0</p>
               <p>0</p>
               <p>0</p>
               <p>0</p>
               <p>0</p>
               <p>0</p>
               <p>0</p>
               <p>0</p>
               <p>0</p>
               <p>0</p>
               <p>0</p>
               <p>0</p>
               <p>0</p>
            </rating>
         </MCMB>
         <LIDL>
            <CT>
               <ti>0</ti>
               <ti>0</ti>
               <ti>0</ti>
               <ti>0</ti>
               <ti>0</ti>
               <ti>0.53959757660159768000</ti>
               <ti>0</ti>
               <ti>0</ti>
               <ti>-0.11736902842570084000</ti>
               <ti>-0.06806592484714815700</ti>
               <ti>0</ti>
               <ti>0</ti>
               <ti>-0.23050954449986052000</ti>
               <ti>0</ti>
               <ti>0</ti>
               <ti>0</ti>
               <ti>0.04068065497929053400</ti>
               <ti>0.25456745751058413000</ti>
               <ti>-0.11487750320229674000</ti>
               <ti>0</ti>
               <ti>0</ti>
               <ti>0</ti>
               <ti>0</ti>
               <ti>0</ti>
               <ti>-0.42882609230276497000</ti>
               <ti>0</ti>
               <ti>0</ti>
               <ti>-0.02510261532944891400</ti>
               <ti>0.06302021239704681800</ti>
               <ti>0</ti>
               <ti>0</ti>
               <ti>0</ti>
            </CT>
            <CF>
               <fi>0.30408465333972673000</fi>
               <fi>-0.06999776518891115400</fi>
               <fi>0.17415519555003312000</fi>
               <fi>-0.17382225923964872000</fi>
               <fi>-1.92870770157499290000</fi>
               <fi>-1.26364825649517320000</fi>
               <fi>0.29489086216528987000</fi>
               <fi>-2.03257303292832960000</fi>
               <fi>2.45595739779814790000</fi>
               <fi>-0.60799560472316538000</fi>
               <fi>0.30142010904756822000</fi>
               <fi>0.13618883620079833000</fi>
               <fi>6.66774187948271280000</fi>
               <fi>-3.87155390239534380000</fi>
            </CF>
         </LIDL>
         <throttle>
            <low>-4.8115</low>
            <high>-1.3487</high>
         </throttle>
      </TPM>
   </PFM>
   <OPM>
      <LGO>
         <Transition>
            <from>0</from>
            <to>1</to>
            <time>15</time>
         </Transition>
         <Transition>
            <from>1</from>
            <to>0</to>
            <time>15</time>
         </Transition>
      </LGO>
      <HLO>
         <Transition>
            <from>0</from>
            <to>1</to>
            <time>4</time>
         </Transition>
         <Transition>
            <from>1</from>
            <to>2</to>
            <time>6</time>
         </Transition>
         <Transition>
            <from>2</from>
            <to>1</to>
            <time>4.8</time>
         </Transition>
         <Transition>
            <from>1</from>
            <to>0</to>
            <time>6</time>
         </Transition>
      </HLO>
   </OPM>
   <ALM>
      <GLM>
         <hmo>25000</hmo>
      </GLM>
      <KLM>
         <mmo>0.55</mmo>
         <vmo>250</vmo>
         <vle>185</vle>
         <vloe>170</vloe>
         <vlor>160</vlor>
      </KLM>
      <ELM>
         <Tmin_f>
            <point>
               <Hp>-1000</Hp>
               <DeltaT>-71</DeltaT>
            </point>
            <point>
               <Hp>25000</Hp>
               <DeltaT>-19.5</DeltaT>
            </point>
         </Tmin_f>
         <Tmax_f>
            <point>
               <Hp>-1000</Hp>
               <DeltaT>33</DeltaT>
            </point>
            <point>
               <Hp>0</Hp>
               <DeltaT>35</DeltaT>
            </point>
            <point>
               <Hp>25000</Hp>
               <DeltaT>35</DeltaT>
            </point>
         </Tmax_f>
         <Tmin_g>
            <point>
               <Hp>-1000</Hp>
               <DeltaT>-52</DeltaT>
            </point>
            <point>
               <Hp>8500</Hp>
               <DeltaT>-33.2</DeltaT>
            </point>
         </Tmin_g>
         <Tmax_g>
            <point>
               <Hp>-1000</Hp>
               <DeltaT>33</DeltaT>
            </point>
            <point>
               <Hp>0</Hp>
               <DeltaT>35</DeltaT>
            </point>
            <point>
               <Hp>8500</Hp>
               <DeltaT>35</DeltaT>
            </point>
         </Tmax_g>
      </ELM>
      <DLM>
         <MTW>21680</MTW>
         <MTOW>21500</MTOW>
         <MLW>21350</MLW>
         <MZFW>19700</MZFW>
         <OEW>12300</OEW>
         <MPL>7400</MPL>
         <MFL>5000</MFL>
         <n1>2.5</n1>
         <n3>-1</n3>
         <nf1>2</nf1>
         <nf3>0</nf3>
      </DLM>
   </ALM>
   <Ground>
      <Dimensions>
         <span>27.050</span>
         <length>27.166</length>
      </Dimensions>
      <Runway>
         <TOL>1211</TOL>
         <LDL>1052</LDL>
      </Runway>
   </Ground>
   <ARPM>
      <AeroConfSchedule>
         <AeroPhase>
            <name>TO</name>
            <HLid>1</HLid>
            <LG>UP</LG>
         </AeroPhase>
         <AeroPhase>
            <name>IC</name>
            <HLid>0</HLid>
            <LG>UP</LG>
         </AeroPhase>
         <AeroPhase>
            <name>CR</name>
            <HLid>0</HLid>
            <LG>UP</LG>
         </AeroPhase>
         <AeroPhase>
            <name>AP</name>
            <HLid>1</HLid>
            <LG>UP</LG>
         </AeroPhase>
         <AeroPhase>
            <name>LD</name>
            <HLid>2</HLid>
            <LG>DN</LG>
         </AeroPhase>
      </AeroConfSchedule>
      <SpeedScheduleList>
         <SpeedSchedule>
            <CompanyName>Default</CompanyName>
            <SpeedPhase>
               <name>Climb</name>
               <CAS1>170</CAS1>
               <CAS2>170</CAS2>
               <M>0.45</M>
            </SpeedPhase>
            <SpeedPhase>
               <name>Cruise</name>
               <CAS1>230</CAS1>
               <CAS2>220</CAS2>
               <M>0.45</M>
            </SpeedPhase>
            <SpeedPhase>
               <name>Descent</name>
               <CAS1>230</CAS1>
               <CAS2>230</CAS2>
               <M>0.55</M>
            </SpeedPhase>
         </SpeedSchedule>
      </SpeedScheduleList>
   </ARPM>
</bada40:ACM>