<?xml version="1.0" encoding="utf-8"?>
<bada40:ACM xmlns:bada40="http://www.eurocontrol.int/eec/public/standard_page/bada40">
   <model>A320-231</model>
   <type>JET</type>
   <engine>IAE V2500-A1</engine>
   <description/>
   <ICAO>
      <designator>A320</designator>
      <WTC>M</WTC>
   </ICAO>
   <AFCM>
      <S>122.6</S>
      <Configuration HLid="0">
         <HLPosition>0000</HLPosition>
         <name>CLEAN</name>
         <vfe>350</vfe>
         <LGUP>
            <DPM_clean>
               <M_max>0.82</M_max>
               <scalar>9.835e-007</scalar>
               <CD_clean>
                  <d>423337.75699436053000000000</d>
                  <d>-1208994.10768866000000000000</d>
                  <d>1347321.31109951690000000000</d>
                  <d>-666915.96401342342000000000</d>
                  <d>124121.88233726296000000000</d>
                  <d>16830.61801658691200000000</d>
                  <d>28739.59014261917400000000</d>
                  <d>-12303.82755172110800000000</d>
                  <d>2281.29969255137390000000</d>
                  <d>-166.47833738879706000000</d>
                  <d>209.71298654425010000000</d>
                  <d>6998.66853382640780000000</d>
                  <d>-9747.93220793004730000000</d>
                  <d>3985.71339680132680000000</d>
                  <d>-379.00377264732577000000</d>
               </CD_clean>
            </DPM_clean>
            <BLM_clean>
               <Mmin>0.3</Mmin>
               <Mmax>0.82</Mmax>
               <CL_Mach0>1.4328</CL_Mach0>
               <CL_clean>
                  <bf>0.43818376564247058000</bf>
                  <bf>10.84571528193689200000</bf>
                  <bf>-42.66534493028245800000</bf>
                  <bf>62.15965479463963600000</bf>
                  <bf>-31.36073125863568100000</bf>
               </CL_clean>
            </BLM_clean>
         </LGUP>
      </Configuration>
      <Configuration HLid="1">
         <HLPosition>1800</HLPosition>
         <name>CONF 1</name>
         <vfe>230</vfe>
         <LGUP>
            <DPM_nonclean>
               <CD_nonclean>
                  <d>0.0095779</d>
                  <d>0.035001</d>
                  <d>0.024745</d>
               </CD_nonclean>
            </DPM_nonclean>
            <BLM>
               <CL_max>2.0316</CL_max>
            </BLM>
         </LGUP>
      </Configuration>
      <Configuration HLid="2">
         <HLPosition>1810</HLPosition>
         <name>CONF 1+F</name>
         <vfe>215</vfe>
         <LGUP>
            <DPM_nonclean>
               <CD_nonclean>
                  <d>0.041572</d>
                  <d>-0.020161</d>
                  <d>0.048523</d>
               </CD_nonclean>
            </DPM_nonclean>
            <BLM>
               <CL_max>2.2517</CL_max>
            </BLM>
         </LGUP>
      </Configuration>
      <Configuration HLid="3">
         <HLPosition>2215</HLPosition>
         <name>CONF 2</name>
         <vfe>200</vfe>
         <LGUP>
            <DPM_nonclean>
               <CD_nonclean>
                  <d>0.059518</d>
                  <d>-0.044024</d>
                  <d>0.058048</d>
               </CD_nonclean>
            </DPM_nonclean>
            <BLM>
               <CL_max>2.5599</CL_max>
            </BLM>
         </LGUP>
      </Configuration>
      <Configuration HLid="4">
         <HLPosition>2220</HLPosition>
         <name>CONF 3</name>
         <vfe>185</vfe>
         <LGUP>
            <DPM_nonclean>
               <CD_nonclean>
                  <d>0.073798</d>
                  <d>-0.060745</d>
                  <d>0.061989</d>
               </CD_nonclean>
            </DPM_nonclean>
            <BLM>
               <CL_max>2.5786</CL_max>
            </BLM>
         </LGUP>
         <LGDN>
            <DPM_nonclean>
               <CD_nonclean>
                  <d>0.099015</d>
                  <d>-0.057253</d>
                  <d>0.060851</d>
               </CD_nonclean>
            </DPM_nonclean>
            <BLM>
               <CL_max>2.5692</CL_max>
            </BLM>
         </LGDN>
      </Configuration>
      <Configuration HLid="5">
         <HLPosition>2735</HLPosition>
         <name>FULL</name>
         <vfe>177</vfe>
         <LGUP>
            <DPM_nonclean>
               <CD_nonclean>
                  <d>0.15212</d>
                  <d>-0.10921</d>
                  <d>0.076513</d>
               </CD_nonclean>
            </DPM_nonclean>
            <BLM>
               <CL_max>2.7564</CL_max>
            </BLM>
         </LGUP>
         <LGDN>
            <DPM_nonclean>
               <CD_nonclean>
                  <d>0.18085</d>
                  <d>-0.1146</d>
                  <d>0.077232</d>
               </CD_nonclean>
            </DPM_nonclean>
            <BLM>
               <CL_max>2.7153</CL_max>
            </BLM>
         </LGDN>
      </Configuration>
   </AFCM>
   <PFM>
      <MREF>77000</MREF>
      <LHV>43217000</LHV>
      <rho>810</rho>
      <n_eng>2</n_eng>
      <TFA>11.5</TFA>
      <TFM>
         <CT>
            <a>0</a>
            <a>-0.10000000000070186000</a>
            <a>0</a>
            <a>0</a>
            <a>0</a>
            <a>0</a>
            <a>0.30000000000006355000</a>
            <a>0</a>
            <a>0</a>
            <a>0</a>
            <a>0</a>
            <a>0</a>
            <a>0</a>
            <a>0</a>
            <a>0</a>
            <a>0</a>
            <a>0</a>
            <a>0</a>
            <a>0</a>
            <a>0</a>
            <a>0</a>
            <a>0</a>
            <a>0</a>
            <a>0</a>
            <a>0</a>
            <a>0</a>
            <a>0</a>
            <a>0</a>
            <a>0</a>
            <a>0</a>
            <a>0</a>
            <a>0</a>
            <a>0</a>
            <a>0</a>
            <a>0</a>
            <a>0</a>
         </CT>
         <CF>
            <f>0.00635282036217704480</f>
            <f>1.32436671999712190000</f>
            <f>0.22273768264073196000</f>
            <f>-15.39462068636761700000</f>
            <f>61.97998400777579800000</f>
            <f>0.09047661232561453300</f>
            <f>0.91900011070816112000</f>
            <f>3.06891029947292180000</f>
            <f>-7.55937645199627100000</f>
            <f>-10.43309226672428200000</f>
            <f>0</f>
            <f>0</f>
            <f>0</f>
            <f>0</f>
            <f>0</f>
            <f>0</f>
            <f>0</f>
            <f>0</f>
            <f>0</f>
            <f>0</f>
            <f>0</f>
            <f>0</f>
            <f>0</f>
            <f>0</f>
            <f>0</f>
         </CF>
         <MCRZ>
            <kink>10</kink>
            <flat_rating>
               <b>0.12982758062567937000</b>
               <b>2.52069394205133030000</b>
               <b>-2.32670604203834230000</b>
               <b>0</b>
               <b>0</b>
               <b>0</b>
               <b>10.14256862015717600000</b>
               <b>-36.00826786796850600000</b>
               <b>40.81761553345786800000</b>
               <b>0</b>
               <b>0</b>
               <b>0</b>
               <b>-45.49730664575572800000</b>
               <b>181.15257617077421000000</b>
               <b>-219.08443687746384000000</b>
               <b>0</b>
               <b>0</b>
               <b>0</b>
               <b>94.10541644004364100000</b>
               <b>-415.85850224852447000000</b>
               <b>514.00736700924404000000</b>
               <b>0</b>
               <b>0</b>
               <b>0</b>
               <b>-95.18976262366587100000</b>
               <b>446.08116485486505000000</b>
               <b>-552.65126825059747000000</b>
               <b>0</b>
               <b>0</b>
               <b>0</b>
               <b>36.87439174972753600000</b>
               <b>-177.87905637749913000000</b>
               <b>219.39007573098556000000</b>
               <b>0</b>
               <b>0</b>
               <b>0</b>
            </flat_rating>
            <temp_rating>
               <c>27.10747878989178600000</c>
               <c>-92.75914261330397900000</c>
               <c>-93.57291483598986300000</c>
               <c>0</c>
               <c>0</c>
               <c>-89.86220315449833200000</c>
               <c>302.12450283049373000000</c>
               <c>440.31086277659927000000</c>
               <c>0</c>
               <c>0</c>
               <c>123.24673864032592000000</c>
               <c>-375.16840120708406000000</c>
               <c>-727.00469354820461000000</c>
               <c>0</c>
               <c>0</c>
               <c>-80.74886063003653200000</c>
               <c>212.93751450097378000000</c>
               <c>511.87024392284121000000</c>
               <c>0</c>
               <c>0</c>
               <c>20.77589985236069800000</c>
               <c>-47.34126738650438400000</c>
               <c>-130.74920045195253000000</c>
               <c>0</c>
               <c>0</c>
               <c>1.37543758707601250000</c>
               <c>-1.40715337881212600000</c>
               <c>-2.44023178977774440000</c>
               <c>0</c>
               <c>0</c>
               <c>-3.77978610597141040000</c>
               <c>3.72796683809330980000</c>
               <c>10.84634043598429200000</c>
               <c>0</c>
               <c>0</c>
               <c>2.26082903289189650000</c>
               <c>5.67566634373310830000</c>
               <c>-25.39606816659317400000</c>
               <c>0</c>
               <c>0</c>
               <c>0.01343410945592039100</c>
               <c>-6.53565090803601120000</c>
               <c>15.19139115279223500000</c>
               <c>0</c>
               <c>0</c>
            </temp_rating>
         </MCRZ>
         <MCMB>
            <kink>10</kink>
            <flat_rating>
               <b>0.21754093253726905000</b>
               <b>3.36552817211349970000</b>
               <b>-3.65814858812927700000</b>
               <b>0</b>
               <b>0</b>
               <b>0</b>
               <b>12.15596418541245200000</b>
               <b>-51.67112830407221200000</b>
               <b>60.43007494339294500000</b>
               <b>0</b>
               <b>0</b>
               <b>0</b>
               <b>-57.88661532445876600000</b>
               <b>256.71255820718471000000</b>
               <b>-307.25961862628833000000</b>
               <b>0</b>
               <b>0</b>
               <b>0</b>
               <b>122.88903802869409000000</b>
               <b>-573.50456407954835000000</b>
               <b>691.19378860540280000000</b>
               <b>0</b>
               <b>0</b>
               <b>0</b>
               <b>-123.72753363597188000000</b>
               <b>594.21467240893833000000</b>
               <b>-715.83385975706381000000</b>
               <b>0</b>
               <b>0</b>
               <b>0</b>
               <b>47.10287675831466500000</b>
               <b>-229.43149385123337000000</b>
               <b>275.56416773544885000000</b>
               <b>0</b>
               <b>0</b>
               <b>0</b>
            </flat_rating>
            <temp_rating>
               <c>-181.62689878016741000000</c>
               <c>619.20681809111625000000</c>
               <c>-695.18988894342760000000</c>
               <c>0</c>
               <c>0</c>
               <c>730.90932076370677000000</c>
               <c>-2495.25912292167730000000</c>
               <c>2806.40221435245260000000</c>
               <c>0</c>
               <c>0</c>
               <c>-1084.78293271585020000000</c>
               <c>3741.24473417433770000000</c>
               <c>-4213.25704251596740000000</c>
               <c>0</c>
               <c>0</c>
               <c>709.83134890969416000000</c>
               <c>-2480.70037824239260000000</c>
               <c>2796.52897520469920000000</c>
               <c>0</c>
               <c>0</c>
               <c>-173.35460810628527000000</c>
               <c>614.25426605119651000000</c>
               <c>-692.92558322509251000000</c>
               <c>0</c>
               <c>0</c>
               <c>-0.28650673437997964000</c>
               <c>3.01860982425002880000</c>
               <c>-5.02611360577945110000</c>
               <c>0</c>
               <c>0</c>
               <c>-0.47971369399659897000</c>
               <c>-4.50504092848389440000</c>
               <c>14.86397050332431600000</c>
               <c>0</c>
               <c>0</c>
               <c>-0.34849396419064932000</c>
               <c>11.18894640932651200000</c>
               <c>-26.71596003621830600000</c>
               <c>0</c>
               <c>0</c>
               <c>0.69416593438879104000</c>
               <c>-7.44598918073001140000</c>
               <c>14.56803785133093300000</c>
               <c>0</c>
               <c>0</c>
            </temp_rating>
         </MCMB>
         <LIDL>
            <CT>
               <ti>0.02839067562042214800</ti>
               <ti>-0.00102973006523357290</ti>
               <ti>-0.15399366587622396000</ti>
               <ti>0.08756285485617389100</ti>
               <ti>-0.04158386083325697800</ti>
               <ti>-0.12509628132333886000</ti>
               <ti>0.68272320558156663000</ti>
               <ti>-0.30567042138115863000</ti>
               <ti>0.02055392040758921600</ti>
               <ti>0.10250628801486700000</ti>
               <ti>-0.65365492620720356000</ti>
               <ti>0.23151258237833375000</ti>
            </CT>
            <CF>
               <fi>0.05199944233047829700</fi>
               <fi>-0.08896813637265060800</fi>
               <fi>0.01995671049101053000</fi>
               <fi>-0.07711603956910755000</fi>
               <fi>0.20822172634572994000</fi>
               <fi>0.14903605366498737000</fi>
               <fi>0.05298166299816699900</fi>
               <fi>-0.13459715602749903000</fi>
               <fi>-0.28988142727427352000</fi>
            </CF>
         </LIDL>
         <throttle>
            <low>0.4150624563</low>
            <high>1.209272956</high>
         </throttle>
      </TFM>
   </PFM>
   <OPM>
      <LGO>
         <Transition>
            <from>0</from>
            <to>1</to>
            <time>20</time>
         </Transition>
         <Transition>
            <from>1</from>
            <to>0</to>
            <time>20</time>
         </Transition>
      </LGO>
      <HLO>
         <Transition>
            <from>0</from>
            <to>1</to>
            <time>14</time>
         </Transition>
         <Transition>
            <from>1</from>
            <to>2</to>
            <time>3.2</time>
         </Transition>
         <Transition>
            <from>2</from>
            <to>3</to>
            <time>6.8</time>
         </Transition>
         <Transition>
            <from>3</from>
            <to>4</to>
            <time>2.9</time>
         </Transition>
         <Transition>
            <from>4</from>
            <to>5</to>
            <time>6.6</time>
         </Transition>
         <Transition>
            <from>5</from>
            <to>4</to>
            <time>6</time>
         </Transition>
         <Transition>
            <from>4</from>
            <to>3</to>
            <time>2.6</time>
         </Transition>
         <Transition>
            <from>3</from>
            <to>2</to>
            <time>6.8</time>
         </Transition>
         <Transition>
            <from>2</from>
            <to>1</to>
            <time>6.5</time>
         </Transition>
         <Transition>
            <from>1</from>
            <to>0</to>
            <time>14</time>
         </Transition>
      </HLO>
   </OPM>
   <ALM>
      <GLM>
         <hmo>39800</hmo>
         <mfa>20000</mfa>
      </GLM>
      <KLM>
         <mmo>0.82</mmo>
         <vmo>350</vmo>
         <mle>0.67</mle>
         <vle>280</vle>
         <vloe>250</vloe>
         <vlor>220</vlor>
      </KLM>
      <ELM>
         <Tmin_f>
            <point>
               <Hp>-2000</Hp>
               <DeltaT>-73</DeltaT>
            </point>
            <point>
               <Hp>18246</Hp>
               <DeltaT>-32.9</DeltaT>
            </point>
            <point>
               <Hp>36089</Hp>
               <DeltaT>-11.2</DeltaT>
            </point>
            <point>
               <Hp>39100</Hp>
               <DeltaT>-13.5</DeltaT>
            </point>
            <point>
               <Hp>39800</Hp>
               <DeltaT>-14</DeltaT>
            </point>
         </Tmin_f>
         <Tmax_f>
            <point>
               <Hp>-2000</Hp>
               <DeltaT>36</DeltaT>
            </point>
            <point>
               <Hp>0</Hp>
               <DeltaT>40</DeltaT>
            </point>
            <point>
               <Hp>9200</Hp>
               <DeltaT>40</DeltaT>
            </point>
            <point>
               <Hp>9201</Hp>
               <DeltaT>35</DeltaT>
            </point>
            <point>
               <Hp>36089</Hp>
               <DeltaT>35</DeltaT>
            </point>
            <point>
               <Hp>39800</Hp>
               <DeltaT>27.6</DeltaT>
            </point>
         </Tmax_f>
         <Tmin_g>
            <point>
               <Hp>-2000</Hp>
               <DeltaT>-73</DeltaT>
            </point>
            <point>
               <Hp>9200</Hp>
               <DeltaT>-50.8</DeltaT>
            </point>
         </Tmin_g>
         <Tmax_g>
            <point>
               <Hp>-2000</Hp>
               <DeltaT>36</DeltaT>
            </point>
            <point>
               <Hp>0</Hp>
               <DeltaT>40</DeltaT>
            </point>
            <point>
               <Hp>9200</Hp>
               <DeltaT>40</DeltaT>
            </point>
         </Tmax_g>
      </ELM>
      <DLM>
         <MTW>77400</MTW>
         <MTOW>77000</MTOW>
         <MLW>64500</MLW>
         <MZFW>60500</MZFW>
         <OEW>39000</OEW>
         <MPL>21500</MPL>
         <MFL>18730</MFL>
         <n1>2.5</n1>
         <n3>-1</n3>
         <nf1>2</nf1>
         <nf3>0</nf3>
      </DLM>
   </ALM>
   <Ground>
      <Dimensions>
         <span>34.10</span>
         <length>37.57</length>
      </Dimensions>
      <Runway>
         <TOL>2190</TOL>
         <LDL>1440</LDL>
      </Runway>
   </Ground>
   <ARPM>
      <AeroConfSchedule>
         <AeroPhase>
            <name>TO</name>
            <HLid>3</HLid>
            <LG>UP</LG>
         </AeroPhase>
         <AeroPhase>
            <name>IC</name>
            <HLid>2</HLid>
            <LG>UP</LG>
         </AeroPhase>
         <AeroPhase>
            <name>CR</name>
            <HLid>0</HLid>
            <LG>UP</LG>
         </AeroPhase>
         <AeroPhase>
            <name>AP</name>
            <HLid>3</HLid>
            <LG>UP</LG>
         </AeroPhase>
         <AeroPhase>
            <name>LD</name>
            <HLid>5</HLid>
            <LG>DN</LG>
         </AeroPhase>
      </AeroConfSchedule>
      <SpeedScheduleList>
         <SpeedSchedule>
            <CompanyName>Default</CompanyName>
            <SpeedPhase>
               <name>Climb</name>
               <CAS1>310</CAS1>
               <CAS2>310</CAS2>
               <M>0.78</M>
            </SpeedPhase>
            <SpeedPhase>
               <name>Cruise</name>
               <CAS1>250</CAS1>
               <CAS2>310</CAS2>
               <M>0.78</M>
            </SpeedPhase>
            <SpeedPhase>
               <name>Descent</name>
               <CAS1>300</CAS1>
               <CAS2>300</CAS2>
               <M>0.79</M>
            </SpeedPhase>
         </SpeedSchedule>
      </SpeedScheduleList>
   </ARPM>
</bada40:ACM>