<?xml version="1.0" encoding="utf-8"?>
<bada40:ACM xmlns:bada40="http://www.eurocontrol.int/eec/public/standard_page/bada40">
   <model>A320-212</model>
   <type>JET</type>
   <engine>CFM56-5A3</engine>
   <description/>
   <ICAO>
      <designator>A320</designator>
      <WTC>M</WTC>
   </ICAO>
   <AFCM>
      <S>122.6</S>
      <Configuration HLid="0">
         <HLPosition>0000</HLPosition>
         <name>CLEAN</name>
         <vfe>350</vfe>
         <LGUP>
            <DPM_clean>
               <M_max>0.82</M_max>
               <scalar>9.835e-007</scalar>
               <CD_clean>
                  <d>188075.23391687006000000000</d>
                  <d>-540565.58276118268000000000</d>
                  <d>640971.47978624178000000000</d>
                  <d>-335918.75234210392000000000</d>
                  <d>65969.99706458902800000000</d>
                  <d>41305.38245531553500000000</d>
                  <d>-4636.43360389053400000000</d>
                  <d>5076.50458733557930000000</d>
                  <d>-1760.97034607522550000000</d>
                  <d>171.63521364821378000000</d>
                  <d>-280.55439857730062000000</d>
                  <d>27145.06804966372900000000</d>
                  <d>-50008.64522926664400000000</d>
                  <d>30757.00343929792900000000</d>
                  <d>-6297.23567829387410000000</d>
               </CD_clean>
            </DPM_clean>
            <BLM_clean>
               <Mmin>0.3</Mmin>
               <Mmax>0.82</Mmax>
               <CL_Mach0>1.342</CL_Mach0>
               <CL_clean>
                  <bf>-0.06269276928970565800</bf>
                  <bf>15.59781420197497000000</bf>
                  <bf>-57.39244341711501100000</bf>
                  <bf>80.87329176563838500000</bf>
                  <bf>-39.80232203982043900000</bf>
               </CL_clean>
            </BLM_clean>
         </LGUP>
      </Configuration>
      <Configuration HLid="1">
         <HLPosition>1800</HLPosition>
         <name>CONF 1</name>
         <vfe>230</vfe>
         <LGUP>
            <DPM_nonclean>
               <CD_nonclean>
                  <d>0.018996</d>
                  <d>0.0077795</d>
                  <d>0.042378</d>
               </CD_nonclean>
            </DPM_nonclean>
            <BLM>
               <CL_max>1.9427</CL_max>
            </BLM>
         </LGUP>
      </Configuration>
      <Configuration HLid="2">
         <HLPosition>1810</HLPosition>
         <name>CONF 1+F</name>
         <vfe>215</vfe>
         <LGUP>
            <DPM_nonclean>
               <CD_nonclean>
                  <d>0.053514</d>
                  <d>-0.040388</d>
                  <d>0.057331</d>
               </CD_nonclean>
            </DPM_nonclean>
            <BLM>
               <CL_max>2.177</CL_max>
            </BLM>
         </LGUP>
      </Configuration>
      <Configuration HLid="3">
         <HLPosition>2215</HLPosition>
         <name>CONF 2</name>
         <vfe>200</vfe>
         <LGUP>
            <DPM_nonclean>
               <CD_nonclean>
                  <d>0.059282</d>
                  <d>-0.038109</d>
                  <d>0.053215</d>
               </CD_nonclean>
            </DPM_nonclean>
            <BLM>
               <CL_max>2.4651</CL_max>
            </BLM>
         </LGUP>
      </Configuration>
      <Configuration HLid="4">
         <HLPosition>2220</HLPosition>
         <name>CONF 3</name>
         <vfe>185</vfe>
         <LGUP>
            <DPM_nonclean>
               <CD_nonclean>
                  <d>0.061414</d>
                  <d>-0.037878</d>
                  <d>0.052308</d>
               </CD_nonclean>
            </DPM_nonclean>
            <BLM>
               <CL_max>2.5051</CL_max>
            </BLM>
         </LGUP>
         <LGDN>
            <DPM_nonclean>
               <CD_nonclean>
                  <d>0.086083</d>
                  <d>-0.032406</d>
                  <d>0.050029</d>
               </CD_nonclean>
            </DPM_nonclean>
            <BLM>
               <CL_max>2.4961</CL_max>
            </BLM>
         </LGDN>
      </Configuration>
      <Configuration HLid="5">
         <HLPosition>2735</HLPosition>
         <name>FULL</name>
         <vfe>177</vfe>
         <LGUP>
            <DPM_nonclean>
               <CD_nonclean>
                  <d>0.11555</d>
                  <d>-0.069229</d>
                  <d>0.061005</d>
               </CD_nonclean>
            </DPM_nonclean>
            <BLM>
               <CL_max>2.746</CL_max>
            </BLM>
         </LGUP>
         <LGDN>
            <DPM_nonclean>
               <CD_nonclean>
                  <d>0.14285</d>
                  <d>-0.071971</d>
                  <d>0.060475</d>
               </CD_nonclean>
            </DPM_nonclean>
            <BLM>
               <CL_max>2.7052</CL_max>
            </BLM>
         </LGDN>
      </Configuration>
   </AFCM>
   <PFM>
      <MREF>77000</MREF>
      <LHV>43217000</LHV>
      <rho>810</rho>
      <n_eng>2</n_eng>
      <TFA>11.5</TFA>
      <TFM>
         <CT>
            <a>0</a>
            <a>-0.10000000000208101000</a>
            <a>0</a>
            <a>0</a>
            <a>0</a>
            <a>0</a>
            <a>0.29999999999967059000</a>
            <a>0</a>
            <a>0</a>
            <a>0</a>
            <a>0</a>
            <a>0</a>
            <a>0</a>
            <a>0</a>
            <a>0</a>
            <a>0</a>
            <a>0</a>
            <a>0</a>
            <a>0</a>
            <a>0</a>
            <a>0</a>
            <a>0</a>
            <a>0</a>
            <a>0</a>
            <a>0</a>
            <a>0</a>
            <a>0</a>
            <a>0</a>
            <a>0</a>
            <a>0</a>
            <a>0</a>
            <a>0</a>
            <a>0</a>
            <a>0</a>
            <a>0</a>
            <a>0</a>
         </CT>
         <CF>
            <f>0.00810743021071040280</f>
            <f>0.98853050887621330000</f>
            <f>2.06840272924306800000</f>
            <f>-26.54879555599808000000</f>
            <f>84.36154251679836600000</f>
            <f>0.09193793455543755600</f>
            <f>0.80086136007311781000</f>
            <f>9.58080371201805650000</f>
            <f>-38.66591897708696700000</f>
            <f>48.75339717006394800000</f>
            <f>0</f>
            <f>0</f>
            <f>0</f>
            <f>0</f>
            <f>0</f>
            <f>0</f>
            <f>0</f>
            <f>0</f>
            <f>0</f>
            <f>0</f>
            <f>0</f>
            <f>0</f>
            <f>0</f>
            <f>0</f>
            <f>0</f>
         </CF>
         <MCRZ>
            <kink>10</kink>
            <flat_rating>
               <b>-0.64209541710365192000</b>
               <b>5.47026069208942370000</b>
               <b>-4.59353957229395070000</b>
               <b>0</b>
               <b>0</b>
               <b>0</b>
               <b>16.00291231323666000000</b>
               <b>-57.09823557852944000000</b>
               <b>53.52935531213420000000</b>
               <b>0</b>
               <b>0</b>
               <b>0</b>
               <b>-55.46379398572098300000</b>
               <b>211.12822686008641000000</b>
               <b>-214.81127750079568000000</b>
               <b>0</b>
               <b>0</b>
               <b>0</b>
               <b>91.91699013985262900000</b>
               <b>-385.46918380860950000000</b>
               <b>418.33874566117214000000</b>
               <b>0</b>
               <b>0</b>
               <b>0</b>
               <b>-77.87251728582549500000</b>
               <b>355.55402486020455000000</b>
               <b>-403.34171125275469000000</b>
               <b>0</b>
               <b>0</b>
               <b>0</b>
               <b>26.74626847680747200000</b>
               <b>-129.60583262557745000000</b>
               <b>150.81193527007821000000</b>
               <b>0</b>
               <b>0</b>
               <b>0</b>
            </flat_rating>
            <temp_rating>
               <c>481.59277799460369000000</c>
               <c>-1682.55872289543070000000</c>
               <c>1458.42554439437840000000</c>
               <c>0</c>
               <c>0</c>
               <c>-1892.24704591136490000000</c>
               <c>6622.93576509270500000000</c>
               <c>-5751.02292996278080000000</c>
               <c>0</c>
               <c>0</c>
               <c>2792.47848563355590000000</c>
               <c>-9766.18055766130600000000</c>
               <c>8501.68074587275810000000</c>
               <c>0</c>
               <c>0</c>
               <c>-1831.88896459438320000000</c>
               <c>6397.44139976006500000000</c>
               <c>-5585.34456659859460000000</c>
               <c>0</c>
               <c>0</c>
               <c>450.46302230119295000000</c>
               <c>-1571.23603089680160000000</c>
               <c>1376.30896619779260000000</c>
               <c>0</c>
               <c>0</c>
               <c>4.37373709487220990000</c>
               <c>-10.87514217749614800000</c>
               <c>7.77363180554448440000</c>
               <c>0</c>
               <c>0</c>
               <c>-11.71717209006697000000</c>
               <c>28.85768716705290200000</c>
               <c>-17.92481154405358600000</c>
               <c>0</c>
               <c>0</c>
               <c>10.78867899820592900000</c>
               <c>-22.20423923713648100000</c>
               <c>8.43953854805089240000</c>
               <c>0</c>
               <c>0</c>
               <c>-3.29854508890715040000</c>
               <c>4.74751743024300050000</c>
               <c>0.87021534695437164000</c>
               <c>0</c>
               <c>0</c>
            </temp_rating>
         </MCRZ>
         <MCMB>
            <kink>10</kink>
            <flat_rating>
               <b>-0.34362380696242667000</b>
               <b>4.64086465153071260000</b>
               <b>-3.99279867656716010000</b>
               <b>0</b>
               <b>0</b>
               <b>0</b>
               <b>10.08268026212049900000</b>
               <b>-38.09577879172025700000</b>
               <b>38.27558471446811700000</b>
               <b>0</b>
               <b>0</b>
               <b>0</b>
               <b>-24.51835711912468300000</b>
               <b>108.58641699188277000000</b>
               <b>-127.14309914086361000000</b>
               <b>0</b>
               <b>0</b>
               <b>0</b>
               <b>26.80474445632921000000</b>
               <b>-162.25477940691459000000</b>
               <b>220.44926549472459000000</b>
               <b>0</b>
               <b>0</b>
               <b>0</b>
               <b>-17.32901200933845600000</b>
               <b>142.10055729649036000000</b>
               <b>-209.91220374659812000000</b>
               <b>0</b>
               <b>0</b>
               <b>0</b>
               <b>6.01828290763440780000</b>
               <b>-54.89264117954739000000</b>
               <b>82.17516730247413600000</b>
               <b>0</b>
               <b>0</b>
               <b>0</b>
            </flat_rating>
            <temp_rating>
               <c>194.52453777136657000000</c>
               <c>-1110.78674236598700000000</c>
               <c>1270.42803409294360000000</c>
               <c>0</c>
               <c>0</c>
               <c>-781.61439549500085000000</c>
               <c>4482.44938566116340000000</c>
               <c>-5155.29945713931740000000</c>
               <c>0</c>
               <c>0</c>
               <c>1179.24524056106930000000</c>
               <c>-6756.83108482510400000000</c>
               <c>7821.91677559447450000000</c>
               <c>0</c>
               <c>0</c>
               <c>-791.18586131169025000000</c>
               <c>4520.42726810057050000000</c>
               <c>-5265.70085131215640000000</c>
               <c>0</c>
               <c>0</c>
               <c>198.79915893756763000000</c>
               <c>-1132.71638764461070000000</c>
               <c>1327.23180232501520000000</c>
               <c>0</c>
               <c>0</c>
               <c>8.21136999658940780000</c>
               <c>-22.76508268090713100000</c>
               <c>15.66506210600106300000</c>
               <c>0</c>
               <c>0</c>
               <c>-19.00800193732568000000</c>
               <c>50.34459751822327400000</c>
               <c>-30.09161018955359500000</c>
               <c>0</c>
               <c>0</c>
               <c>16.28208400990019200000</c>
               <c>-36.59859263949851300000</c>
               <c>13.28273672349498800000</c>
               <c>0</c>
               <c>0</c>
               <c>-4.62391420463088650000</c>
               <c>7.24637239211358700000</c>
               <c>1.99578624279573820000</c>
               <c>0</c>
               <c>0</c>
            </temp_rating>
         </MCMB>
         <LIDL>
            <CT>
               <ti>0.04783668030910834300</ti>
               <ti>-0.13992116210123332000</ti>
               <ti>0.13592042581495181000</ti>
               <ti>-0.03235706392820878600</ti>
               <ti>-0.11342452580106939000</ti>
               <ti>0.32392095406900073000</ti>
               <ti>-0.27182916752530334000</ti>
               <ti>0.01519870391438014200</ti>
               <ti>0.07747351316914173600</ti>
               <ti>-0.25380073209437298000</ti>
               <ti>0.10614579332313692000</ti>
               <ti>0.05319757623706728600</ti>
            </CT>
            <CF>
               <fi>-0.00827861469562609850</fi>
               <fi>0.06078432341701383400</fi>
               <fi>-0.00918899802360737330</fi>
               <fi>0.07481631958774784300</fi>
               <fi>-0.17535702927107411000</fi>
               <fi>0.06194399604583784900</fi>
               <fi>-0.06210077011053755800</fi>
               <fi>0.14500762308797999000</fi>
               <fi>-0.05920830444863586800</fi>
            </CF>
         </LIDL>
         <throttle>
            <low>0.5644688768</low>
            <high>1.131806331</high>
         </throttle>
      </TFM>
   </PFM>
   <OPM>
      <LGO>
         <Transition>
            <from>0</from>
            <to>1</to>
            <time>20</time>
         </Transition>
         <Transition>
            <from>1</from>
            <to>0</to>
            <time>20</time>
         </Transition>
      </LGO>
      <HLO>
         <Transition>
            <from>0</from>
            <to>1</to>
            <time>14</time>
         </Transition>
         <Transition>
            <from>1</from>
            <to>2</to>
            <time>3.2</time>
         </Transition>
         <Transition>
            <from>2</from>
            <to>3</to>
            <time>6.8</time>
         </Transition>
         <Transition>
            <from>3</from>
            <to>4</to>
            <time>2.9</time>
         </Transition>
         <Transition>
            <from>4</from>
            <to>5</to>
            <time>6.6</time>
         </Transition>
         <Transition>
            <from>5</from>
            <to>4</to>
            <time>6</time>
         </Transition>
         <Transition>
            <from>4</from>
            <to>3</to>
            <time>2.6</time>
         </Transition>
         <Transition>
            <from>3</from>
            <to>2</to>
            <time>6.8</time>
         </Transition>
         <Transition>
            <from>2</from>
            <to>1</to>
            <time>6.5</time>
         </Transition>
         <Transition>
            <from>1</from>
            <to>0</to>
            <time>14</time>
         </Transition>
      </HLO>
   </OPM>
   <ALM>
      <GLM>
         <hmo>39800</hmo>
         <mfa>20000</mfa>
      </GLM>
      <KLM>
         <mmo>0.82</mmo>
         <vmo>350</vmo>
         <mle>0.67</mle>
         <vle>280</vle>
         <vloe>250</vloe>
         <vlor>220</vlor>
      </KLM>
      <ELM>
         <Tmin_f>
            <point>
               <Hp>-2000</Hp>
               <DeltaT>-73</DeltaT>
            </point>
            <point>
               <Hp>18246</Hp>
               <DeltaT>-32.9</DeltaT>
            </point>
            <point>
               <Hp>36089</Hp>
               <DeltaT>-11.2</DeltaT>
            </point>
            <point>
               <Hp>39100</Hp>
               <DeltaT>-13.5</DeltaT>
            </point>
            <point>
               <Hp>39800</Hp>
               <DeltaT>-14</DeltaT>
            </point>
         </Tmin_f>
         <Tmax_f>
            <point>
               <Hp>-2000</Hp>
               <DeltaT>36</DeltaT>
            </point>
            <point>
               <Hp>0</Hp>
               <DeltaT>40</DeltaT>
            </point>
            <point>
               <Hp>9200</Hp>
               <DeltaT>40</DeltaT>
            </point>
            <point>
               <Hp>9201</Hp>
               <DeltaT>35</DeltaT>
            </point>
            <point>
               <Hp>36089</Hp>
               <DeltaT>35</DeltaT>
            </point>
            <point>
               <Hp>39800</Hp>
               <DeltaT>27.6</DeltaT>
            </point>
         </Tmax_f>
         <Tmin_g>
            <point>
               <Hp>-2000</Hp>
               <DeltaT>-73</DeltaT>
            </point>
            <point>
               <Hp>9200</Hp>
               <DeltaT>-50.8</DeltaT>
            </point>
         </Tmin_g>
         <Tmax_g>
            <point>
               <Hp>-2000</Hp>
               <DeltaT>36</DeltaT>
            </point>
            <point>
               <Hp>0</Hp>
               <DeltaT>40</DeltaT>
            </point>
            <point>
               <Hp>9200</Hp>
               <DeltaT>40</DeltaT>
            </point>
         </Tmax_g>
      </ELM>
      <DLM>
         <MTW>77400</MTW>
         <MTOW>77000</MTOW>
         <MLW>64500</MLW>
         <MZFW>60500</MZFW>
         <OEW>39000</OEW>
         <MPL>21500</MPL>
         <MFL>18730</MFL>
         <n1>2.5</n1>
         <n3>-1</n3>
         <nf1>2</nf1>
         <nf3>0</nf3>
      </DLM>
   </ALM>
   <Ground>
      <Dimensions>
         <span>34.10</span>
         <length>37.57</length>
      </Dimensions>
      <Runway>
         <TOL>2190</TOL>
         <LDL>1440</LDL>
      </Runway>
   </Ground>
   <ARPM>
      <AeroConfSchedule>
         <AeroPhase>
            <name>TO</name>
            <HLid>3</HLid>
            <LG>UP</LG>
         </AeroPhase>
         <AeroPhase>
            <name>IC</name>
            <HLid>2</HLid>
            <LG>UP</LG>
         </AeroPhase>
         <AeroPhase>
            <name>CR</name>
            <HLid>0</HLid>
            <LG>UP</LG>
         </AeroPhase>
         <AeroPhase>
            <name>AP</name>
            <HLid>3</HLid>
            <LG>UP</LG>
         </AeroPhase>
         <AeroPhase>
            <name>LD</name>
            <HLid>5</HLid>
            <LG>DN</LG>
         </AeroPhase>
      </AeroConfSchedule>
      <SpeedScheduleList>
         <SpeedSchedule>
            <CompanyName>Default</CompanyName>
            <SpeedPhase>
               <name>Climb</name>
               <CAS1>310</CAS1>
               <CAS2>310</CAS2>
               <M>0.78</M>
            </SpeedPhase>
            <SpeedPhase>
               <name>Cruise</name>
               <CAS1>250</CAS1>
               <CAS2>310</CAS2>
               <M>0.78</M>
            </SpeedPhase>
            <SpeedPhase>
               <name>Descent</name>
               <CAS1>300</CAS1>
               <CAS2>300</CAS2>
               <M>0.79</M>
            </SpeedPhase>
         </SpeedSchedule>
      </SpeedScheduleList>
   </ARPM>
</bada40:ACM>