<?xml version="1.0" encoding="utf-8"?>
<bada40:ACM xmlns:bada40="http://www.eurocontrol.int/eec/public/standard_page/bada40">
   <model>A321-131</model>
   <type>JET</type>
   <engine>IAE V2530-A5</engine>
   <description/>
   <ICAO>
      <designator>A321</designator>
      <WTC>M</WTC>
   </ICAO>
   <AFCM>
      <S>122.6</S>
      <Configuration HLid="0">
         <HLPosition>0000</HLPosition>
         <name>CLEAN</name>
         <vfe>350</vfe>
         <LGUP>
            <DPM_clean>
               <M_max>0.82</M_max>
               <scalar>9.835e-007</scalar>
               <CD_clean>
                  <d>318758.70013719064000000000</d>
                  <d>-936480.04489883012000000000</d>
                  <d>1094725.92967426500000000000</d>
                  <d>-567097.79053604137000000000</d>
                  <d>110294.42154540631000000000</d>
                  <d>34455.88245864008800000000</d>
                  <d>11238.35526846616300000000</d>
                  <d>-8243.14316391227840000000</d>
                  <d>2125.51202107272820000000</d>
                  <d>-195.71985047493595000000</d>
                  <d>-1466.03817223290280000000</d>
                  <d>16118.34912794979000000000</d>
                  <d>-24311.88976764064500000000</d>
                  <d>11731.10238479573100000000</d>
                  <d>-1755.56869672971630000000</d>
               </CD_clean>
            </DPM_clean>
            <BLM_clean>
               <Mmin>0.3</Mmin>
               <Mmax>0.82</Mmax>
               <CL_Mach0>1.4773</CL_Mach0>
               <CL_clean>
                  <bf>1.63154299196204590000</bf>
                  <bf>2.65658181498200510000</bf>
                  <bf>-21.99389808779449100000</bf>
                  <bf>39.52070888658705200000</bf>
                  <bf>-22.19454708920012500000</bf>
               </CL_clean>
            </BLM_clean>
         </LGUP>
      </Configuration>
      <Configuration HLid="1">
         <HLPosition>1800</HLPosition>
         <name>CONF 1</name>
         <vfe>230</vfe>
         <LGUP>
            <DPM_nonclean>
               <CD_nonclean>
                  <d>0.041727</d>
                  <d>-0.043959</d>
                  <d>0.069892</d>
               </CD_nonclean>
            </DPM_nonclean>
            <BLM>
               <CL_max>1.9866</CL_max>
            </BLM>
         </LGUP>
      </Configuration>
      <Configuration HLid="2">
         <HLPosition>1810</HLPosition>
         <name>CONF 1+F</name>
         <vfe>215</vfe>
         <LGUP>
            <DPM_nonclean>
               <CD_nonclean>
                  <d>0.053334</d>
                  <d>-0.041876</d>
                  <d>0.060507</d>
               </CD_nonclean>
            </DPM_nonclean>
            <BLM>
               <CL_max>2.3969</CL_max>
            </BLM>
         </LGUP>
      </Configuration>
      <Configuration HLid="3">
         <HLPosition>2214</HLPosition>
         <name>CONF 2</name>
         <vfe>215</vfe>
         <LGUP>
            <DPM_nonclean>
               <CD_nonclean>
                  <d>0.072524</d>
                  <d>-0.05545</d>
                  <d>0.062021</d>
               </CD_nonclean>
            </DPM_nonclean>
            <BLM>
               <CL_max>2.677</CL_max>
            </BLM>
         </LGUP>
      </Configuration>
      <Configuration HLid="4">
         <HLPosition>2221</HLPosition>
         <name>CONF 3</name>
         <vfe>195</vfe>
         <LGUP>
            <DPM_nonclean>
               <CD_nonclean>
                  <d>0.089658</d>
                  <d>-0.058187</d>
                  <d>0.059442</d>
               </CD_nonclean>
            </DPM_nonclean>
            <BLM>
               <CL_max>2.8435</CL_max>
            </BLM>
         </LGUP>
         <LGDN>
            <DPM_nonclean>
               <CD_nonclean>
                  <d>0.11655</d>
                  <d>-0.052704</d>
                  <d>0.056678</d>
               </CD_nonclean>
            </DPM_nonclean>
            <BLM>
               <CL_max>2.783</CL_max>
            </BLM>
         </LGDN>
      </Configuration>
      <Configuration HLid="5">
         <HLPosition>2725</HLPosition>
         <name>FULL</name>
         <vfe>190</vfe>
         <LGUP>
            <DPM_nonclean>
               <CD_nonclean>
                  <d>0.10107</d>
                  <d>-0.048669</d>
                  <d>0.053778</d>
               </CD_nonclean>
            </DPM_nonclean>
            <BLM>
               <CL_max>3.0149</CL_max>
            </BLM>
         </LGUP>
         <LGDN>
            <DPM_nonclean>
               <CD_nonclean>
                  <d>0.10107</d>
                  <d>-0.048669</d>
                  <d>0.053778</d>
               </CD_nonclean>
            </DPM_nonclean>
            <BLM>
               <CL_max>2.9761</CL_max>
            </BLM>
         </LGDN>
      </Configuration>
   </AFCM>
   <PFM>
      <MREF>83000</MREF>
      <LHV>43217000</LHV>
      <rho>810</rho>
      <n_eng>2</n_eng>
      <TFA>13.5</TFA>
      <TFM>
         <CT>
            <a>0</a>
            <a>-0.09999999999794351200</a>
            <a>0</a>
            <a>0</a>
            <a>0</a>
            <a>0</a>
            <a>0.29999999999913735000</a>
            <a>0</a>
            <a>0</a>
            <a>0</a>
            <a>0</a>
            <a>0</a>
            <a>0</a>
            <a>0</a>
            <a>0</a>
            <a>0</a>
            <a>0</a>
            <a>0</a>
            <a>0</a>
            <a>0</a>
            <a>0</a>
            <a>0</a>
            <a>0</a>
            <a>0</a>
            <a>0</a>
            <a>0</a>
            <a>0</a>
            <a>0</a>
            <a>0</a>
            <a>0</a>
            <a>0</a>
            <a>0</a>
            <a>0</a>
            <a>0</a>
            <a>0</a>
            <a>0</a>
         </CT>
         <CF>
            <f>-0.00385304250616730960</f>
            <f>1.70192741089410850000</f>
            <f>-3.26386367760824970000</f>
            <f>-6.86327637616894130000</f>
            <f>61.36174165013305500000</f>
            <f>0.12467790883009573000</f>
            <f>0.17540240874232407000</f>
            <f>7.99949300125849570000</f>
            <f>-21.61868423970854300000</f>
            <f>2.41689444134900010000</f>
            <f>0</f>
            <f>0</f>
            <f>0</f>
            <f>0</f>
            <f>0</f>
            <f>0</f>
            <f>0</f>
            <f>0</f>
            <f>0</f>
            <f>0</f>
            <f>0</f>
            <f>0</f>
            <f>0</f>
            <f>0</f>
            <f>0</f>
         </CF>
         <MCRZ>
            <kink>10</kink>
            <flat_rating>
               <b>1.20213719336198550000</b>
               <b>-1.11629532013198960000</b>
               <b>0.89119807507540505000</b>
               <b>0</b>
               <b>0</b>
               <b>0</b>
               <b>-3.93032879585794110000</b>
               <b>10.52888609829217600000</b>
               <b>0.56193855147300942000</b>
               <b>0</b>
               <b>0</b>
               <b>0</b>
               <b>9.90382130272645970000</b>
               <b>-4.43410520864786580000</b>
               <b>-52.30106236944029500000</b>
               <b>0</b>
               <b>0</b>
               <b>0</b>
               <b>-1.40046318827458860000</b>
               <b>-83.58887889251401800000</b>
               <b>198.19265856467649000000</b>
               <b>0</b>
               <b>0</b>
               <b>0</b>
               <b>-15.47875983626645700000</b>
               <b>154.59304445055105000000</b>
               <b>-260.01561124563307000000</b>
               <b>0</b>
               <b>0</b>
               <b>0</b>
               <b>10.45806210370790300000</b>
               <b>-76.66295361307672400000</b>
               <b>113.51100724152678000000</b>
               <b>0</b>
               <b>0</b>
               <b>0</b>
            </flat_rating>
            <temp_rating>
               <c>-275.69331758680426000000</c>
               <c>445.97675689093847000000</c>
               <c>-130.58413988638347000000</c>
               <c>0</c>
               <c>0</c>
               <c>1092.23483754468270000000</c>
               <c>-1779.55004300775640000000</c>
               <c>533.23019154328188000000</c>
               <c>0</c>
               <c>0</c>
               <c>-1608.03837903352220000000</c>
               <c>2644.16068047168070000000</c>
               <c>-795.88384486623420000000</c>
               <c>0</c>
               <c>0</c>
               <c>1049.47767794222570000000</c>
               <c>-1742.70453891928720000000</c>
               <c>523.48607975389984000000</c>
               <c>0</c>
               <c>0</c>
               <c>-256.78285358950268000000</c>
               <c>430.24467662488951000000</c>
               <c>-128.39755145927438000000</c>
               <c>0</c>
               <c>0</c>
               <c>-2.78919333557666960000</c>
               <c>10.15644595666926600000</c>
               <c>-8.90184302348911060000</c>
               <c>0</c>
               <c>0</c>
               <c>6.22682144340491380000</c>
               <c>-24.62871022705445200000</c>
               <c>24.97484898929785800000</c>
               <c>0</c>
               <c>0</c>
               <c>-5.65102263869406410000</c>
               <c>25.89506275127791200000</c>
               <c>-29.89988444477732800000</c>
               <c>0</c>
               <c>0</c>
               <c>1.68187402808594540000</c>
               <c>-9.40529784507952020000</c>
               <c>12.25729632286266100000</c>
               <c>0</c>
               <c>0</c>
            </temp_rating>
         </MCRZ>
         <MCMB>
            <kink>10</kink>
            <flat_rating>
               <b>0.89636905858665661000</b>
               <b>-0.01446097099638370500</b>
               <b>-0.04017882394637658400</b>
               <b>0</b>
               <b>0</b>
               <b>0</b>
               <b>-0.92788954534945856000</b>
               <b>0.63149306035309216000</b>
               <b>10.36445013705389000000</b>
               <b>0</b>
               <b>0</b>
               <b>0</b>
               <b>-1.54269788458842870000</b>
               <b>37.86316231311639100000</b>
               <b>-97.32096435276294200000</b>
               <b>0</b>
               <b>0</b>
               <b>0</b>
               <b>21.54385157005505700000</b>
               <b>-174.64152585664837000000</b>
               <b>298.10757655196943000000</b>
               <b>0</b>
               <b>0</b>
               <b>0</b>
               <b>-37.58684875120481900000</b>
               <b>246.38381166740018000000</b>
               <b>-362.39263337039660000000</b>
               <b>0</b>
               <b>0</b>
               <b>0</b>
               <b>18.54316836524081300000</b>
               <b>-111.25121405737852000000</b>
               <b>152.46495941829855000000</b>
               <b>0</b>
               <b>0</b>
               <b>0</b>
            </flat_rating>
            <temp_rating>
               <c>220.84260753781203000000</c>
               <c>-1041.66913270370060000000</c>
               <c>1023.77987291872900000000</c>
               <c>0</c>
               <c>0</c>
               <c>-884.10681595817653000000</c>
               <c>4134.31032750331450000000</c>
               <c>-4053.45058824939180000000</c>
               <c>0</c>
               <c>0</c>
               <c>1338.00598633194980000000</c>
               <c>-6160.47429021033620000000</c>
               <c>6029.28708604964410000000</c>
               <c>0</c>
               <c>0</c>
               <c>-899.97623260040712000000</c>
               <c>4076.11396513161030000000</c>
               <c>-3984.03110458295490000000</c>
               <c>0</c>
               <c>0</c>
               <c>226.47882339631425000000</c>
               <c>-1010.31883821748220000000</c>
               <c>986.53644618965006000000</c>
               <c>0</c>
               <c>0</c>
               <c>-3.26263873729572620000</c>
               <c>13.33956666595075000000</c>
               <c>-11.95496738068393600000</c>
               <c>0</c>
               <c>0</c>
               <c>8.62008765780629460000</c>
               <c>-35.68398076220329800000</c>
               <c>33.93858652894530800000</c>
               <c>0</c>
               <c>0</c>
               <c>-8.70838180262957270000</c>
               <c>38.11353101997919900000</c>
               <c>-38.27495196777943000000</c>
               <c>0</c>
               <c>0</c>
               <c>2.87996922847787570000</c>
               <c>-13.64653710098539100000</c>
               <c>14.45799329395521900000</c>
               <c>0</c>
               <c>0</c>
            </temp_rating>
         </MCMB>
         <LIDL>
            <CT>
               <ti>0.03381581232900021700</ti>
               <ti>0.15814203061450635000</ti>
               <ti>-0.64890718255451829000</ti>
               <ti>0.44507097978265797000</ti>
               <ti>-0.00619252549437815120</ti>
               <ti>-0.98029798590751316000</ti>
               <ti>3.02692916639584240000</ti>
               <ti>-1.92841607254332460000</ti>
               <ti>-0.03357998700925998000</ti>
               <ti>0.98876456287324277000</ti>
               <ti>-3.01923274118056240000</ti>
               <ti>1.83531495188097700000</ti>
            </CT>
            <CF>
               <fi>0.05219040523471725500</fi>
               <fi>-0.09758710029973125000</fi>
               <fi>0.07856216856005986100</fi>
               <fi>-0.09750544610118799800</fi>
               <fi>0.35171699075939639000</fi>
               <fi>-0.20275009580638359000</fi>
               <fi>0.08829568180196262200</fi>
               <fi>-0.32844728019434466000</fi>
               <fi>0.14058377780623060000</fi>
            </CF>
         </LIDL>
         <throttle>
            <low>0.4853143818</low>
            <high>1.248647692</high>
         </throttle>
      </TFM>
   </PFM>
   <OPM>
      <LGO>
         <Transition>
            <from>0</from>
            <to>1</to>
            <time>20</time>
         </Transition>
         <Transition>
            <from>1</from>
            <to>0</to>
            <time>20</time>
         </Transition>
      </LGO>
      <HLO>
         <Transition>
            <from>0</from>
            <to>1</to>
            <time>13.2</time>
         </Transition>
         <Transition>
            <from>1</from>
            <to>2</to>
            <time>7.8</time>
         </Transition>
         <Transition>
            <from>2</from>
            <to>3</to>
            <time>4</time>
         </Transition>
         <Transition>
            <from>3</from>
            <to>4</to>
            <time>4</time>
         </Transition>
         <Transition>
            <from>4</from>
            <to>5</to>
            <time>4.8</time>
         </Transition>
         <Transition>
            <from>5</from>
            <to>4</to>
            <time>4.9</time>
         </Transition>
         <Transition>
            <from>4</from>
            <to>3</to>
            <time>3.4</time>
         </Transition>
         <Transition>
            <from>3</from>
            <to>2</to>
            <time>4</time>
         </Transition>
         <Transition>
            <from>2</from>
            <to>1</to>
            <time>2</time>
         </Transition>
         <Transition>
            <from>1</from>
            <to>0</to>
            <time>11.2</time>
         </Transition>
      </HLO>
   </OPM>
   <ALM>
      <GLM>
         <hmo>39800</hmo>
         <mfa>20000</mfa>
      </GLM>
      <KLM>
         <mmo>0.82</mmo>
         <vmo>350</vmo>
         <mle>0.67</mle>
         <vle>280</vle>
         <vloe>250</vloe>
         <vlor>220</vlor>
      </KLM>
      <ELM>
         <Tmin_f>
            <point>
               <Hp>-2000</Hp>
               <DeltaT>-57.5</DeltaT>
            </point>
            <point>
               <Hp>0</Hp>
               <DeltaT>-55</DeltaT>
            </point>
            <point>
               <Hp>36089</Hp>
               <DeltaT>-10.7</DeltaT>
            </point>
            <point>
               <Hp>39800</Hp>
               <DeltaT>-13.5</DeltaT>
            </point>
         </Tmin_f>
         <Tmax_f>
            <point>
               <Hp>-2000</Hp>
               <DeltaT>36</DeltaT>
            </point>
            <point>
               <Hp>0</Hp>
               <DeltaT>40</DeltaT>
            </point>
            <point>
               <Hp>10000</Hp>
               <DeltaT>40</DeltaT>
            </point>
            <point>
               <Hp>10001</Hp>
               <DeltaT>35</DeltaT>
            </point>
            <point>
               <Hp>36089</Hp>
               <DeltaT>35</DeltaT>
            </point>
            <point>
               <Hp>39800</Hp>
               <DeltaT>27.6</DeltaT>
            </point>
         </Tmax_f>
         <Tmin_g>
            <point>
               <Hp>-2000</Hp>
               <DeltaT>-57.5</DeltaT>
            </point>
            <point>
               <Hp>14100</Hp>
               <DeltaT>-37.7</DeltaT>
            </point>
         </Tmin_g>
         <Tmax_g>
            <point>
               <Hp>-2000</Hp>
               <DeltaT>36</DeltaT>
            </point>
            <point>
               <Hp>0</Hp>
               <DeltaT>40</DeltaT>
            </point>
            <point>
               <Hp>10000</Hp>
               <DeltaT>40</DeltaT>
            </point>
            <point>
               <Hp>10001</Hp>
               <DeltaT>35</DeltaT>
            </point>
            <point>
               <Hp>14100</Hp>
               <DeltaT>35</DeltaT>
            </point>
         </Tmax_g>
      </ELM>
      <DLM>
         <MTW>83400</MTW>
         <MTOW>83000</MTOW>
         <MLW>73500</MLW>
         <MZFW>69500</MZFW>
         <OEW>47000</OEW>
         <MPL>22500</MPL>
         <MFL>24044</MFL>
         <n1>2.5</n1>
         <n3>-1</n3>
         <nf1>2</nf1>
         <nf3>0</nf3>
      </DLM>
   </ALM>
   <Ground>
      <Dimensions>
         <span>34.15</span>
         <length>44.50</length>
      </Dimensions>
      <Runway>
         <TOL>2280</TOL>
         <LDL>1540</LDL>
      </Runway>
   </Ground>
   <ARPM>
      <AeroConfSchedule>
         <AeroPhase>
            <name>TO</name>
            <HLid>3</HLid>
            <LG>UP</LG>
         </AeroPhase>
         <AeroPhase>
            <name>IC</name>
            <HLid>2</HLid>
            <LG>UP</LG>
         </AeroPhase>
         <AeroPhase>
            <name>CR</name>
            <HLid>0</HLid>
            <LG>UP</LG>
         </AeroPhase>
         <AeroPhase>
            <name>AP</name>
            <HLid>3</HLid>
            <LG>UP</LG>
         </AeroPhase>
         <AeroPhase>
            <name>LD</name>
            <HLid>5</HLid>
            <LG>DN</LG>
         </AeroPhase>
      </AeroConfSchedule>
      <SpeedScheduleList>
         <SpeedSchedule>
            <CompanyName>Default</CompanyName>
            <SpeedPhase>
               <name>Climb</name>
               <CAS1>310</CAS1>
               <CAS2>310</CAS2>
               <M>0.78</M>
            </SpeedPhase>
            <SpeedPhase>
               <name>Cruise</name>
               <CAS1>250</CAS1>
               <CAS2>300</CAS2>
               <M>0.78</M>
            </SpeedPhase>
            <SpeedPhase>
               <name>Descent</name>
               <CAS1>300</CAS1>
               <CAS2>300</CAS2>
               <M>0.78</M>
            </SpeedPhase>
         </SpeedSchedule>
      </SpeedScheduleList>
   </ARPM>
</bada40:ACM>