<?xml version="1.0" encoding="utf-8"?>
<bada40:ACM xmlns:bada40="http://www.eurocontrol.int/eec/public/standard_page/bada40">
   <model>F100-620</model>
   <type>JET</type>
   <engine>Tay 620-15</engine>
   <description/>
   <ICAO>
      <designator>F100</designator>
      <WTC>M</WTC>
   </ICAO>
   <AFCM>
      <S>93.5</S>
      <Configuration HLid="0">
         <HLPosition>0000</HLPosition>
         <name>flaps 0</name>
         <vfe>320</vfe>
         <LGUP>
            <DPM_clean>
               <M_max>0.77718</M_max>
               <scalar>9.835e-007</scalar>
               <CD_clean>
                  <d>27757.92369746347300000000</d>
                  <d>-16278.83741897165200000000</d>
                  <d>8847.36989789497060000000</d>
                  <d>0</d>
                  <d>0</d>
                  <d>43403.10714115781600000000</d>
                  <d>979.79801951989816000000</d>
                  <d>-644.49177435830063000000</d>
                  <d>0</d>
                  <d>0</d>
                  <d>0</d>
                  <d>0</d>
                  <d>0</d>
                  <d>0</d>
                  <d>0</d>
               </CD_clean>
            </DPM_clean>
            <BLM>
               <CL_max>1.8319</CL_max>
            </BLM>
         </LGUP>
         <LGDN>
            <DPM_nonclean>
               <CD_nonclean>
                  <d>0.036675</d>
                  <d>-7.7803e-015</d>
                  <d>0.042635</d>
               </CD_nonclean>
            </DPM_nonclean>
            <BLM>
               <CL_max>1.8319</CL_max>
            </BLM>
         </LGDN>
      </Configuration>
      <Configuration HLid="1">
         <HLPosition>0008</HLPosition>
         <name>flaps 8</name>
         <vfe>250</vfe>
         <LGUP>
            <DPM_nonclean>
               <CD_nonclean>
                  <d>0.022425</d>
                  <d>5.2616e-014</d>
                  <d>0.042635</d>
               </CD_nonclean>
            </DPM_nonclean>
            <BLM>
               <CL_max>2.0312</CL_max>
            </BLM>
         </LGUP>
         <LGDN>
            <DPM_nonclean>
               <CD_nonclean>
                  <d>0.036675</d>
                  <d>-7.7803e-015</d>
                  <d>0.042635</d>
               </CD_nonclean>
            </DPM_nonclean>
            <BLM>
               <CL_max>2.0312</CL_max>
            </BLM>
         </LGDN>
      </Configuration>
      <Configuration HLid="2">
         <HLPosition>0015</HLPosition>
         <name>flaps 15</name>
         <vfe>220</vfe>
         <LGUP>
            <DPM_nonclean>
               <CD_nonclean>
                  <d>0.03147</d>
                  <d>-4.1289e-014</d>
                  <d>0.042635</d>
               </CD_nonclean>
            </DPM_nonclean>
            <BLM>
               <CL_max>2.1506</CL_max>
            </BLM>
         </LGUP>
         <LGDN>
            <DPM_nonclean>
               <CD_nonclean>
                  <d>0.045083</d>
                  <d>-6.387e-013</d>
                  <d>0.042635</d>
               </CD_nonclean>
            </DPM_nonclean>
            <BLM>
               <CL_max>2.1506</CL_max>
            </BLM>
         </LGDN>
      </Configuration>
      <Configuration HLid="3">
         <HLPosition>0025</HLPosition>
         <name>flaps 25</name>
         <vfe>220</vfe>
         <LGUP>
            <DPM_nonclean>
               <CD_nonclean>
                  <d>0.053675</d>
                  <d>1.9843e-014</d>
                  <d>0.042635</d>
               </CD_nonclean>
            </DPM_nonclean>
            <BLM>
               <CL_max>2.3009</CL_max>
            </BLM>
         </LGUP>
         <LGDN>
            <DPM_nonclean>
               <CD_nonclean>
                  <d>0.064242</d>
                  <d>3.1646e-013</d>
                  <d>0.042635</d>
               </CD_nonclean>
            </DPM_nonclean>
            <BLM>
               <CL_max>2.3009</CL_max>
            </BLM>
         </LGDN>
      </Configuration>
      <Configuration HLid="4">
         <HLPosition>0042</HLPosition>
         <name>flaps 42</name>
         <vfe>180</vfe>
         <LGUP>
            <DPM_nonclean>
               <CD_nonclean>
                  <d>0.10895</d>
                  <d>1.3997e-013</d>
                  <d>0.042635</d>
               </CD_nonclean>
            </DPM_nonclean>
            <BLM>
               <CL_max>2.5793</CL_max>
            </BLM>
         </LGUP>
         <LGDN>
            <DPM_nonclean>
               <CD_nonclean>
                  <d>0.11252</d>
                  <d>-1.4493e-013</d>
                  <d>0.042635</d>
               </CD_nonclean>
            </DPM_nonclean>
            <BLM>
               <CL_max>2.5793</CL_max>
            </BLM>
         </LGDN>
      </Configuration>
   </AFCM>
   <PFM>
      <MREF>45810</MREF>
      <LHV>43217000</LHV>
      <rho>810</rho>
      <n_eng>2</n_eng>
      <TFM>
         <CT>
            <a>0</a>
            <a>-0.09999999999948264200</a>
            <a>0</a>
            <a>0</a>
            <a>0</a>
            <a>0</a>
            <a>0.29999999999939470000</a>
            <a>0</a>
            <a>0</a>
            <a>0</a>
            <a>0</a>
            <a>0</a>
            <a>0</a>
            <a>0</a>
            <a>0</a>
            <a>0</a>
            <a>0</a>
            <a>0</a>
            <a>0</a>
            <a>0</a>
            <a>0</a>
            <a>0</a>
            <a>0</a>
            <a>0</a>
            <a>0</a>
            <a>0</a>
            <a>0</a>
            <a>0</a>
            <a>0</a>
            <a>0</a>
            <a>0</a>
            <a>0</a>
            <a>0</a>
            <a>0</a>
            <a>0</a>
            <a>0</a>
         </CT>
         <CF>
            <f>0.01469579060897012600</f>
            <f>2.26647075187037170000</f>
            <f>-11.61237405175318900000</f>
            <f>48.08052613762008300000</f>
            <f>-46.59559041481045900000</f>
            <f>0.11053933783979096000</f>
            <f>-0.18528971191242771000</f>
            <f>15.76090668344774700000</f>
            <f>-55.74501859686096600000</f>
            <f>49.13296373602189200000</f>
            <f>0</f>
            <f>0</f>
            <f>0</f>
            <f>0</f>
            <f>0</f>
            <f>0</f>
            <f>0</f>
            <f>0</f>
            <f>0</f>
            <f>0</f>
            <f>0</f>
            <f>0</f>
            <f>0</f>
            <f>0</f>
            <f>0</f>
         </CF>
         <MCRZ>
            <kink>2</kink>
            <flat_rating>
               <b>1.32012818427009200000</b>
               <b>0.18408742048496357000</b>
               <b>0</b>
               <b>0</b>
               <b>0</b>
               <b>0</b>
               <b>-1.64571874329422860000</b>
               <b>0</b>
               <b>0</b>
               <b>0</b>
               <b>0</b>
               <b>0</b>
               <b>0.91306124417653745000</b>
               <b>0</b>
               <b>0</b>
               <b>0</b>
               <b>0</b>
               <b>0</b>
               <b>0</b>
               <b>0</b>
               <b>0</b>
               <b>0</b>
               <b>0</b>
               <b>0</b>
               <b>0</b>
               <b>0</b>
               <b>0</b>
               <b>0</b>
               <b>0</b>
               <b>0</b>
               <b>0</b>
               <b>0</b>
               <b>0</b>
               <b>0</b>
               <b>0</b>
               <b>0</b>
            </flat_rating>
            <temp_rating>
               <c>4.95869119733360810000</c>
               <c>0.86282114136856691000</c>
               <c>0</c>
               <c>0</c>
               <c>0</c>
               <c>-7.67926715842961280000</c>
               <c>0</c>
               <c>0</c>
               <c>0</c>
               <c>0</c>
               <c>3.02483218566621480000</c>
               <c>0</c>
               <c>0</c>
               <c>0</c>
               <c>0</c>
               <c>0</c>
               <c>0</c>
               <c>0</c>
               <c>0</c>
               <c>0</c>
               <c>0</c>
               <c>0</c>
               <c>0</c>
               <c>0</c>
               <c>0</c>
               <c>-0.44322172674374799000</c>
               <c>0</c>
               <c>0</c>
               <c>0</c>
               <c>0</c>
               <c>0.39550852246288221000</c>
               <c>0</c>
               <c>0</c>
               <c>0</c>
               <c>0</c>
               <c>0</c>
               <c>0</c>
               <c>0</c>
               <c>0</c>
               <c>0</c>
               <c>0</c>
               <c>0</c>
               <c>0</c>
               <c>0</c>
               <c>0</c>
            </temp_rating>
         </MCRZ>
         <MCMB>
            <kink>2</kink>
            <flat_rating>
               <b>-1.05047598638219240000</b>
               <b>3.91780584680302460000</b>
               <b>0.73838813575935958000</b>
               <b>0</b>
               <b>0</b>
               <b>0</b>
               <b>22.93312260923272900000</b>
               <b>-43.09252009995764600000</b>
               <b>0</b>
               <b>0</b>
               <b>0</b>
               <b>0</b>
               <b>-82.12576858128666400000</b>
               <b>150.93720903828165000000</b>
               <b>0</b>
               <b>0</b>
               <b>0</b>
               <b>0</b>
               <b>135.29325161597544000000</b>
               <b>-254.85861190033091000000</b>
               <b>0</b>
               <b>0</b>
               <b>0</b>
               <b>0</b>
               <b>-107.64937395105530000000</b>
               <b>209.65750829382006000000</b>
               <b>0</b>
               <b>0</b>
               <b>0</b>
               <b>0</b>
               <b>33.39916375813459100000</b>
               <b>-67.19031566488504800000</b>
               <b>0</b>
               <b>0</b>
               <b>0</b>
               <b>0</b>
            </flat_rating>
            <temp_rating>
               <c>-232.67242371101358000000</c>
               <c>134.08186875777417000000</c>
               <c>0.91782232321780832000</c>
               <c>0</c>
               <c>0</c>
               <c>893.20942737312612000000</c>
               <c>-438.20243626795360000000</c>
               <c>0</c>
               <c>0</c>
               <c>0</c>
               <c>-1275.99133905002170000000</c>
               <c>516.16036715046084000000</c>
               <c>0</c>
               <c>0</c>
               <c>0</c>
               <c>804.51582488681640000000</c>
               <c>-250.09855427716207000000</c>
               <c>0</c>
               <c>0</c>
               <c>0</c>
               <c>-189.13588948740875000000</c>
               <c>38.92375136465961600000</c>
               <c>0</c>
               <c>0</c>
               <c>0</c>
               <c>6.67817129676814330000</c>
               <c>-10.89094322525839200000</c>
               <c>0</c>
               <c>0</c>
               <c>0</c>
               <c>-16.97161226914914100000</c>
               <c>27.94792012547733200000</c>
               <c>0</c>
               <c>0</c>
               <c>0</c>
               <c>17.54719971064346100000</c>
               <c>-28.91788146223775500000</c>
               <c>0</c>
               <c>0</c>
               <c>0</c>
               <c>-6.44921123416611230000</c>
               <c>10.65220328401017200000</c>
               <c>0</c>
               <c>0</c>
               <c>0</c>
            </temp_rating>
         </MCMB>
         <LIDL>
            <CT>
               <ti>0.16884788190051783000</ti>
               <ti>-0.83487489017944805000</ti>
               <ti>1.30398864291954750000</ti>
               <ti>-0.60355082916451119000</ti>
               <ti>-0.54081176861158242000</ti>
               <ti>2.98076749418761720000</ti>
               <ti>-4.79490876661617270000</ti>
               <ti>2.17396967182762340000</ti>
               <ti>0.48034705142082079000</ti>
               <ti>-2.76185277947464240000</ti>
               <ti>4.35026974628361170000</ti>
               <ti>-1.85442864306832010000</ti>
            </CT>
            <CF>
               <fi>0.11958343922027338000</fi>
               <fi>-0.20344266916449696000</fi>
               <fi>0.14583147141959377000</fi>
               <fi>-0.26626448420355403000</fi>
               <fi>0.72233902450298282000</fi>
               <fi>-0.50762035394569482000</fi>
               <fi>0.21271829019439800000</fi>
               <fi>-0.67659838449595355000</fi>
               <fi>0.50249908560441425000</fi>
            </CF>
         </LIDL>
         <throttle>
            <low>0.570290141</low>
            <high>1.227408803</high>
         </throttle>
      </TFM>
   </PFM>
   <OPM>
      <LGO>
         <Transition>
            <from>0</from>
            <to>1</to>
            <time>20</time>
         </Transition>
         <Transition>
            <from>1</from>
            <to>0</to>
            <time>9</time>
         </Transition>
      </LGO>
      <HLO>
         <Transition>
            <from>0</from>
            <to>1</to>
            <time>6</time>
         </Transition>
         <Transition>
            <from>1</from>
            <to>2</to>
            <time>3</time>
         </Transition>
         <Transition>
            <from>2</from>
            <to>3</to>
            <time>3</time>
         </Transition>
         <Transition>
            <from>3</from>
            <to>4</to>
            <time>3.5</time>
         </Transition>
         <Transition>
            <from>4</from>
            <to>3</to>
            <time>3.5</time>
         </Transition>
         <Transition>
            <from>3</from>
            <to>2</to>
            <time>3</time>
         </Transition>
         <Transition>
            <from>2</from>
            <to>1</to>
            <time>3</time>
         </Transition>
         <Transition>
            <from>1</from>
            <to>0</to>
            <time>6</time>
         </Transition>
      </HLO>
   </OPM>
   <ALM>
      <GLM>
         <hmo>35000</hmo>
         <mfa>20000</mfa>
      </GLM>
      <KLM>
         <mmo>0.77</mmo>
         <vmo>320</vmo>
         <vle>200</vle>
         <vloe>200</vloe>
         <vlor>200</vlor>
      </KLM>
      <ELM>
         <Tmin_f>
            <point>
               <Hp>0</Hp>
               <DeltaT>-69</DeltaT>
            </point>
            <point>
               <Hp>35000</Hp>
               <DeltaT>-15.7</DeltaT>
            </point>
         </Tmin_f>
         <Tmax_f>
            <point>
               <Hp>0</Hp>
               <DeltaT>30</DeltaT>
            </point>
            <point>
               <Hp>2524</Hp>
               <DeltaT>35</DeltaT>
            </point>
            <point>
               <Hp>35000</Hp>
               <DeltaT>35</DeltaT>
            </point>
         </Tmax_f>
         <Tmin_g>
            <point>
               <Hp>0</Hp>
               <DeltaT>-69</DeltaT>
            </point>
            <point>
               <Hp>8000</Hp>
               <DeltaT>-56.9</DeltaT>
            </point>
         </Tmin_g>
         <Tmax_g>
            <point>
               <Hp>0</Hp>
               <DeltaT>30</DeltaT>
            </point>
            <point>
               <Hp>2524</Hp>
               <DeltaT>35</DeltaT>
            </point>
            <point>
               <Hp>8000</Hp>
               <DeltaT>35</DeltaT>
            </point>
         </Tmax_g>
      </ELM>
      <DLM>
         <MTW>46040</MTW>
         <MTOW>45810</MTOW>
         <MLW>39915</MLW>
         <MZFW>36740</MZFW>
         <OEW>24590</OEW>
         <MPL>12150</MPL>
         <MFL>10731</MFL>
         <n1>2.5</n1>
         <n3>-1</n3>
         <nf1>2</nf1>
         <nf3>0</nf3>
      </DLM>
   </ALM>
   <Ground>
      <Dimensions>
         <span>28.08</span>
         <length>35.53</length>
      </Dimensions>
      <Runway>
         <TOL>1715</TOL>
         <LDL>1348</LDL>
      </Runway>
   </Ground>
   <ARPM>
      <AeroConfSchedule>
         <AeroPhase>
            <name>TO</name>
            <HLid>1</HLid>
            <LG>UP</LG>
         </AeroPhase>
         <AeroPhase>
            <name>IC</name>
            <HLid>0</HLid>
            <LG>UP</LG>
         </AeroPhase>
         <AeroPhase>
            <name>CR</name>
            <HLid>0</HLid>
            <LG>UP</LG>
         </AeroPhase>
         <AeroPhase>
            <name>AP</name>
            <HLid>2</HLid>
            <LG>UP</LG>
         </AeroPhase>
         <AeroPhase>
            <name>LD</name>
            <HLid>3</HLid>
            <LG>DN</LG>
         </AeroPhase>
      </AeroConfSchedule>
      <SpeedScheduleList>
         <SpeedSchedule>
            <CompanyName>Default</CompanyName>
            <SpeedPhase>
               <name>Climb</name>
               <CAS1>250</CAS1>
               <CAS2>280</CAS2>
               <M>0.70</M>
            </SpeedPhase>
            <SpeedPhase>
               <name>Cruise</name>
               <CAS1>250</CAS1>
               <CAS2>280</CAS2>
               <M>0.70</M>
            </SpeedPhase>
            <SpeedPhase>
               <name>Descent</name>
               <CAS1>250</CAS1>
               <CAS2>300</CAS2>
               <M>0.72</M>
            </SpeedPhase>
         </SpeedSchedule>
      </SpeedScheduleList>
   </ARPM>
</bada40:ACM>