<?xml version="1.0" encoding="utf-8"?>
<bada40:ACM xmlns:bada40="http://www.eurocontrol.int/eec/public/standard_page/bada40">
   <model>EMB-190LR</model>
   <type>JET</type>
   <engine>CF34-10E6</engine>
   <description>ERJ 190-100 LR</description>
   <ICAO>
      <designator>E190</designator>
      <WTC>M</WTC>
   </ICAO>
   <AFCM>
      <S>92.53</S>
      <Configuration HLid="0">
         <HLPosition>0000</HLPosition>
         <name>flaps 0</name>
         <vfe>320</vfe>
         <LGUP>
            <DPM_clean>
               <M_max>0.82</M_max>
               <scalar>9.835e-007</scalar>
               <CD_clean>
                  <d>-407866.00089787593000000000</d>
                  <d>1146397.54185783050000000000</d>
                  <d>-1146782.62047379790000000000</d>
                  <d>509352.13072302198000000000</d>
                  <d>-84523.03629487763100000000</d>
                  <d>63401.10435448745600000000</d>
                  <d>-42455.92514990147900000000</d>
                  <d>29200.19969455930900000000</d>
                  <d>-7448.23348008893570000000</d>
                  <d>640.27047551757141000000</d>
                  <d>-3013.78773450208790000000</d>
                  <d>29810.03539186645900000000</d>
                  <d>-52967.36552268044000000000</d>
                  <d>30975.45307209245600000000</d>
                  <d>-5953.42055734565470000000</d>
               </CD_clean>
            </DPM_clean>
            <BLM_clean>
               <Mmin>0.42</Mmin>
               <Mmax>0.82</Mmax>
               <CL_Mach0>1.3294</CL_Mach0>
               <CL_clean>
                  <bf>-0.23244445126968002000</bf>
                  <bf>16.11884231236059900000</bf>
                  <bf>-57.37786670261650100000</bf>
                  <bf>79.69082645252125000000</bf>
                  <bf>-39.31344582715553300000</bf>
               </CL_clean>
            </BLM_clean>
         </LGUP>
      </Configuration>
      <Configuration HLid="1">
         <HLPosition>1510</HLPosition>
         <name>flaps 2</name>
         <vfe>215</vfe>
         <LGUP>
            <DPM_nonclean>
               <CD_nonclean>
                  <d>0.045792</d>
                  <d>-0.011939</d>
                  <d>0.035685</d>
               </CD_nonclean>
            </DPM_nonclean>
            <BLM>
               <CL_max>2.0627</CL_max>
            </BLM>
         </LGUP>
      </Configuration>
      <Configuration HLid="2">
         <HLPosition>2520</HLPosition>
         <name>flaps 4</name>
         <vfe>180</vfe>
         <LGUP>
            <DPM_nonclean>
               <CD_nonclean>
                  <d>0.067343</d>
                  <d>-0.019076</d>
                  <d>0.035685</d>
               </CD_nonclean>
            </DPM_nonclean>
            <BLM>
               <CL_max>2.6278</CL_max>
            </BLM>
         </LGUP>
      </Configuration>
      <Configuration HLid="3">
         <HLPosition>2537</HLPosition>
         <name>flaps full</name>
         <vfe>165</vfe>
         <LGDN>
            <DPM_nonclean>
               <CD_nonclean>
                  <d>0.11961</d>
                  <d>-0.026213</d>
                  <d>0.035685</d>
               </CD_nonclean>
            </DPM_nonclean>
            <BLM>
               <CL_max>2.7912</CL_max>
            </BLM>
         </LGDN>
      </Configuration>
   </AFCM>
   <PFM>
      <MREF>51800</MREF>
      <LHV>43217000</LHV>
      <rho>810</rho>
      <n_eng>2</n_eng>
      <TFA>9</TFA>
      <TFM>
         <CT>
            <a>0</a>
            <a>-0.09999999999319207600</a>
            <a>0</a>
            <a>0</a>
            <a>0</a>
            <a>0</a>
            <a>0.29999999999825960000</a>
            <a>0</a>
            <a>0</a>
            <a>0</a>
            <a>0</a>
            <a>0</a>
            <a>0</a>
            <a>0</a>
            <a>0</a>
            <a>0</a>
            <a>0</a>
            <a>0</a>
            <a>0</a>
            <a>0</a>
            <a>0</a>
            <a>0</a>
            <a>0</a>
            <a>0</a>
            <a>0</a>
            <a>0</a>
            <a>0</a>
            <a>0</a>
            <a>0</a>
            <a>0</a>
            <a>0</a>
            <a>0</a>
            <a>0</a>
            <a>0</a>
            <a>0</a>
            <a>0</a>
         </CT>
         <CF>
            <f>0.01116081798984627800</f>
            <f>0.70067270268244830000</f>
            <f>11.51745590878913100000</f>
            <f>-71.96235540646203800000</f>
            <f>134.61403419182787000000</f>
            <f>0.12105856494934436000</f>
            <f>2.33561109011160360000</f>
            <f>-22.65000569243071700000</f>
            <f>125.64776538895248000000</f>
            <f>-206.83468125325069000000</f>
            <f>0</f>
            <f>0</f>
            <f>0</f>
            <f>0</f>
            <f>0</f>
            <f>0</f>
            <f>0</f>
            <f>0</f>
            <f>0</f>
            <f>0</f>
            <f>0</f>
            <f>0</f>
            <f>0</f>
            <f>0</f>
            <f>0</f>
         </CF>
         <MCMB>
            <kink>10</kink>
            <flat_rating>
               <b>-2.39514617555870760000</b>
               <b>9.30219139760514400000</b>
               <b>-6.96882271461064210000</b>
               <b>0</b>
               <b>0</b>
               <b>0</b>
               <b>23.82831410562856100000</b>
               <b>-64.38196403339033200000</b>
               <b>60.08916638755278700000</b>
               <b>0</b>
               <b>0</b>
               <b>0</b>
               <b>-71.92112949587441100000</b>
               <b>219.43833259801647000000</b>
               <b>-246.72152508432472000000</b>
               <b>0</b>
               <b>0</b>
               <b>0</b>
               <b>121.31844866159270000000</b>
               <b>-439.10551171323374000000</b>
               <b>541.54243452340143000000</b>
               <b>0</b>
               <b>0</b>
               <b>0</b>
               <b>-109.40000849672185000000</b>
               <b>449.33533322120195000000</b>
               <b>-572.76568264727825000000</b>
               <b>0</b>
               <b>0</b>
               <b>0</b>
               <b>39.74583514312673300000</b>
               <b>-176.48513144606866000000</b>
               <b>227.07063652639408000000</b>
               <b>0</b>
               <b>0</b>
               <b>0</b>
            </flat_rating>
            <temp_rating>
               <c>-89.97993939155617200000</c>
               <c>-16.75035413292373900000</c>
               <c>197.03787903013216000000</c>
               <c>0</c>
               <c>0</c>
               <c>359.14266580463322000000</c>
               <c>53.83894912900594700000</c>
               <c>-769.84007412106848000000</c>
               <c>0</c>
               <c>0</c>
               <c>-534.49395677796986000000</c>
               <c>-41.61030882657230700000</c>
               <c>1119.64446899896980000000</c>
               <c>0</c>
               <c>0</c>
               <c>348.82719819099532000000</c>
               <c>7.04806973567182470000</c>
               <c>-727.19613365788337000000</c>
               <c>0</c>
               <c>0</c>
               <c>-84.79674687918813400000</c>
               <c>2.37819614052779650000</c>
               <c>177.63216558468136000000</c>
               <c>0</c>
               <c>0</c>
               <c>10.47309622545761500000</c>
               <c>-22.25489779930723700000</c>
               <c>13.30445729434386600000</c>
               <c>0</c>
               <c>0</c>
               <c>-18.30213905967552900000</c>
               <c>33.29591286032543700000</c>
               <c>-16.95796602040191600000</c>
               <c>0</c>
               <c>0</c>
               <c>14.67693785885346900000</c>
               <c>-23.13132964871704900000</c>
               <c>10.86159827198762600000</c>
               <c>0</c>
               <c>0</c>
               <c>-4.58082233994815270000</c>
               <c>6.77845067416852310000</c>
               <c>-3.76421672773571550000</c>
               <c>0</c>
               <c>0</c>
            </temp_rating>
         </MCMB>
         <LIDL>
            <CT>
               <ti>0.04792128274309914000</ti>
               <ti>-0.23186157611376365000</ti>
               <ti>0.43199575871098367000</ti>
               <ti>-0.21787584511513777000</ti>
               <ti>-0.09705968228330366700</ti>
               <ti>0.75028240626366438000</ti>
               <ti>-1.59444634097717100000</ti>
               <ti>0.79141711245316526000</ti>
               <ti>0.06628991215969588800</ti>
               <ti>-0.65940710856516394000</ti>
               <ti>1.32890167347588940000</ti>
               <ti>-0.56908557120053682000</ti>
            </CT>
            <CF>
               <fi>0.03678121755198700300</fi>
               <fi>-0.00232328259625243360</fi>
               <fi>0.00900158853405741070</fi>
               <fi>-0.01154155852031966300</fi>
               <fi>0.02179092188624771200</fi>
               <fi>-0.00416912570655259690</fi>
               <fi>0.00423435383201101970</fi>
               <fi>-0.04863959058599484600</fi>
               <fi>0.08097733189070446800</fi>
            </CF>
         </LIDL>
         <throttle>
            <low>0.6490788425</low>
            <high>1.338744721</high>
         </throttle>
      </TFM>
   </PFM>
   <OPM>
      <LGO>
         <Transition>
            <from>0</from>
            <to>1</to>
            <time>20</time>
         </Transition>
         <Transition>
            <from>1</from>
            <to>0</to>
            <time>10</time>
         </Transition>
      </LGO>
      <HLO>
         <Transition>
            <from>0</from>
            <to>1</to>
            <time>6</time>
         </Transition>
         <Transition>
            <from>1</from>
            <to>2</to>
            <time>6</time>
         </Transition>
         <Transition>
            <from>2</from>
            <to>3</to>
            <time>6</time>
         </Transition>
         <Transition>
            <from>3</from>
            <to>2</to>
            <time>6</time>
         </Transition>
         <Transition>
            <from>2</from>
            <to>1</to>
            <time>6</time>
         </Transition>
         <Transition>
            <from>1</from>
            <to>0</to>
            <time>6</time>
         </Transition>
      </HLO>
   </OPM>
   <ALM>
      <GLM>
         <hmo>41000</hmo>
         <mfa>20000</mfa>
      </GLM>
      <KLM>
         <mmo>0.82</mmo>
         <vmo>320</vmo>
         <vle>265</vle>
         <vloe>265</vloe>
         <vlor>235</vlor>
      </KLM>
      <ELM>
         <Tmin_f>
            <point>
               <Hp>-1000</Hp>
               <DeltaT>-71</DeltaT>
            </point>
            <point>
               <Hp>25000</Hp>
               <DeltaT>-19.5</DeltaT>
            </point>
            <point>
               <Hp>36089</Hp>
               <DeltaT>-8.5</DeltaT>
            </point>
            <point>
               <Hp>41000</Hp>
               <DeltaT>-8.5</DeltaT>
            </point>
         </Tmin_f>
         <Tmax_f>
            <point>
               <Hp>-1000</Hp>
               <DeltaT>35</DeltaT>
            </point>
            <point>
               <Hp>41000</Hp>
               <DeltaT>35</DeltaT>
            </point>
         </Tmax_f>
         <Tmin_g>
            <point>
               <Hp>-1000</Hp>
               <DeltaT>-57</DeltaT>
            </point>
            <point>
               <Hp>10000</Hp>
               <DeltaT>-35.2</DeltaT>
            </point>
         </Tmin_g>
         <Tmax_g>
            <point>
               <Hp>-1000</Hp>
               <DeltaT>35</DeltaT>
            </point>
            <point>
               <Hp>10000</Hp>
               <DeltaT>35</DeltaT>
            </point>
         </Tmax_g>
      </ELM>
      <DLM>
         <MTW>50460</MTW>
         <MTOW>50300</MTOW>
         <MLW>43000</MLW>
         <MZFW>40800</MZFW>
         <OEW>27737</OEW>
         <MPL>13063</MPL>
         <MFL>13100</MFL>
         <n1>2.5</n1>
         <n3>-1</n3>
         <nf1>2</nf1>
         <nf3>0</nf3>
      </DLM>
   </ALM>
   <Ground>
      <Dimensions>
         <span>28.72</span>
         <length>36.24</length>
      </Dimensions>
      <Runway>
         <TOL>1830</TOL>
         <LDL>1226</LDL>
      </Runway>
   </Ground>
   <ARPM>
      <AeroConfSchedule>
         <AeroPhase>
            <name>TO</name>
            <HLid>1</HLid>
            <LG>UP</LG>
         </AeroPhase>
         <AeroPhase>
            <name>IC</name>
            <HLid>1</HLid>
            <LG>UP</LG>
         </AeroPhase>
         <AeroPhase>
            <name>CR</name>
            <HLid>0</HLid>
            <LG>UP</LG>
         </AeroPhase>
         <AeroPhase>
            <name>AP</name>
            <HLid>2</HLid>
            <LG>UP</LG>
         </AeroPhase>
         <AeroPhase>
            <name>LD</name>
            <HLid>3</HLid>
            <LG>DN</LG>
         </AeroPhase>
      </AeroConfSchedule>
      <SpeedScheduleList>
         <SpeedSchedule>
            <CompanyName>Default</CompanyName>
            <SpeedPhase>
               <name>Climb</name>
               <CAS1>250</CAS1>
               <CAS2>290</CAS2>
               <M>0.75</M>
            </SpeedPhase>
            <SpeedPhase>
               <name>Cruise</name>
               <CAS1>250</CAS1>
               <CAS2>290</CAS2>
               <M>0.75</M>
            </SpeedPhase>
            <SpeedPhase>
               <name>Descent</name>
               <CAS1>250</CAS1>
               <CAS2>290</CAS2>
               <M>0.77</M>
            </SpeedPhase>
         </SpeedSchedule>
      </SpeedScheduleList>
   </ARPM>
</bada40:ACM>