<?xml version="1.0" encoding="utf-8"?>
<bada40:ACM xmlns:bada40="http://www.eurocontrol.int/eec/public/standard_page/bada40">
   <model>A300B4-608ST</model>
   <type>JET</type>
   <engine>CF6-80C2A8</engine>
   <description/>
   <ICAO>
      <designator>A3ST</designator>
      <WTC>H</WTC>
   </ICAO>
   <AFCM>
      <S>260</S>
      <Configuration HLid="0">
         <HLPosition>0000</HLPosition>
         <name>CLEAN</name>
         <vfe>295</vfe>
         <LGUP>
            <DPM_clean>
               <M_max>0.7</M_max>
               <scalar>9.835e-007</scalar>
               <CD_clean>
                  <d>-52581.36329621639000000000</d>
                  <d>-151877.67289658214000000000</d>
                  <d>694186.95705897501000000000</d>
                  <d>-668536.29120574764000000000</d>
                  <d>198600.22503916133000000000</d>
                  <d>115203.99703932699000000000</d>
                  <d>-104080.38656158865000000000</d>
                  <d>36731.42800697611500000000</d>
                  <d>6464.87600326504530000000</d>
                  <d>-3515.37998836659740000000</d>
                  <d>8860.17703535913460000000</d>
                  <d>-1163583.65601398210000000000</d>
                  <d>2744052.25817861410000000000</d>
                  <d>-2145758.16643491990000000000</d>
                  <d>557100.70219891134000000000</d>
               </CD_clean>
            </DPM_clean>
            <BLM_clean>
               <Mmin>0.3</Mmin>
               <Mmax>0.7</Mmax>
               <CL_Mach0>1.2505</CL_Mach0>
               <CL_clean>
                  <bf>6.83228433682327910000</bf>
                  <bf>-41.06163709676807400000</bf>
                  <bf>108.17166554089589000000</bf>
                  <bf>-127.60539065046596000000</bf>
                  <bf>55.68306641989484300000</bf>
               </CL_clean>
            </BLM_clean>
         </LGUP>
      </Configuration>
      <Configuration HLid="1">
         <HLPosition>1500</HLPosition>
         <name>S15F00</name>
         <vfe>250</vfe>
         <LGUP>
            <DPM_nonclean>
               <CD_nonclean>
                  <d>0.037503</d>
                  <d>-0.021</d>
                  <d>0.062943</d>
               </CD_nonclean>
            </DPM_nonclean>
            <BLM>
               <CL_max>1.8239</CL_max>
            </BLM>
         </LGUP>
      </Configuration>
      <Configuration HLid="2">
         <HLPosition>1515</HLPosition>
         <name>S15F15</name>
         <vfe>215</vfe>
         <LGUP>
            <DPM_nonclean>
               <CD_nonclean>
                  <d>0.053776</d>
                  <d>-0.03184</d>
                  <d>0.062335</d>
               </CD_nonclean>
            </DPM_nonclean>
            <BLM>
               <CL_max>2.1207</CL_max>
            </BLM>
         </LGUP>
      </Configuration>
      <Configuration HLid="3">
         <HLPosition>1520</HLPosition>
         <name>S15F20</name>
         <vfe>205</vfe>
         <LGUP>
            <DPM_nonclean>
               <CD_nonclean>
                  <d>0.07034</d>
                  <d>-0.051268</d>
                  <d>0.068138</d>
               </CD_nonclean>
            </DPM_nonclean>
            <BLM>
               <CL_max>2.3247</CL_max>
            </BLM>
         </LGUP>
         <LGDN>
            <DPM_nonclean>
               <CD_nonclean>
                  <d>0.090668</d>
                  <d>-0.055443</d>
                  <d>0.070059</d>
               </CD_nonclean>
            </DPM_nonclean>
            <BLM>
               <CL_max>2.3149</CL_max>
            </BLM>
         </LGDN>
      </Configuration>
      <Configuration HLid="4">
         <HLPosition>3040</HLPosition>
         <name>S30F40</name>
         <vfe>175</vfe>
         <LGUP>
            <DPM_nonclean>
               <CD_nonclean>
                  <d>0.085823</d>
                  <d>-0.0048687</d>
                  <d>0.047361</d>
               </CD_nonclean>
            </DPM_nonclean>
            <BLM>
               <CL_max>2.7332</CL_max>
            </BLM>
         </LGUP>
         <LGDN>
            <DPM_nonclean>
               <CD_nonclean>
                  <d>0.10135</d>
                  <d>-0.0019188</d>
                  <d>0.045763</d>
               </CD_nonclean>
            </DPM_nonclean>
            <BLM>
               <CL_max>2.6505</CL_max>
            </BLM>
         </LGDN>
      </Configuration>
   </AFCM>
   <PFM>
      <MREF>153000</MREF>
      <LHV>43217000</LHV>
      <rho>810</rho>
      <n_eng>2</n_eng>
      <TFA>25</TFA>
      <TFM>
         <CT>
            <a>0</a>
            <a>-0.10000000000068349000</a>
            <a>0</a>
            <a>0</a>
            <a>0</a>
            <a>0</a>
            <a>0.30000000000037280000</a>
            <a>0</a>
            <a>0</a>
            <a>0</a>
            <a>0</a>
            <a>0</a>
            <a>0</a>
            <a>0</a>
            <a>0</a>
            <a>0</a>
            <a>0</a>
            <a>0</a>
            <a>0</a>
            <a>0</a>
            <a>0</a>
            <a>0</a>
            <a>0</a>
            <a>0</a>
            <a>0</a>
            <a>0</a>
            <a>0</a>
            <a>0</a>
            <a>0</a>
            <a>0</a>
            <a>0</a>
            <a>0</a>
            <a>0</a>
            <a>0</a>
            <a>0</a>
            <a>0</a>
         </CT>
         <CF>
            <f>0.00477381407890162430</f>
            <f>0.97648462652108181000</f>
            <f>1.55963530638553790000</f>
            <f>-10.53575718791353900000</f>
            <f>24.89079702067872500000</f>
            <f>0.08973013067426705000</f>
            <f>0.96924880805429314000</f>
            <f>3.59483684618826030000</f>
            <f>-19.88862836063026100000</f>
            <f>43.39355248467850100000</f>
            <f>0</f>
            <f>0</f>
            <f>0</f>
            <f>0</f>
            <f>0</f>
            <f>0</f>
            <f>0</f>
            <f>0</f>
            <f>0</f>
            <f>0</f>
            <f>0</f>
            <f>0</f>
            <f>0</f>
            <f>0</f>
            <f>0</f>
         </CF>
         <MCRZ>
            <kink>10</kink>
            <flat_rating>
               <b>-4.76755165230212620000</b>
               <b>10.96953929881065200000</b>
               <b>-9.14754178592587050000</b>
               <b>0</b>
               <b>0</b>
               <b>0</b>
               <b>42.30043929325049100000</b>
               <b>-79.69147855454659200000</b>
               <b>89.52572079771039200000</b>
               <b>0</b>
               <b>0</b>
               <b>0</b>
               <b>-126.61326452626595000000</b>
               <b>270.29631420794686000000</b>
               <b>-377.57477697408819000000</b>
               <b>0</b>
               <b>0</b>
               <b>0</b>
               <b>198.46715734994430000000</b>
               <b>-507.65074133468039000000</b>
               <b>778.87229053906663000000</b>
               <b>0</b>
               <b>0</b>
               <b>0</b>
               <b>-160.65269931709383000000</b>
               <b>480.47737618338687000000</b>
               <b>-756.78691357507171000000</b>
               <b>0</b>
               <b>0</b>
               <b>0</b>
               <b>52.16976740694146700000</b>
               <b>-175.53178627570108000000</b>
               <b>276.45056121128556000000</b>
               <b>0</b>
               <b>0</b>
               <b>0</b>
            </flat_rating>
            <temp_rating>
               <c>-259.04108547035764000000</c>
               <c>1141.48946538371110000000</c>
               <c>-2001.20164236471210000000</c>
               <c>0</c>
               <c>0</c>
               <c>1144.05435898079080000000</c>
               <c>-5135.43537498839760000000</c>
               <c>8655.42489186965760000000</c>
               <c>0</c>
               <c>0</c>
               <c>-1849.88547350508430000000</c>
               <c>8506.67052580302330000000</c>
               <c>-13918.67612172795600000000</c>
               <c>0</c>
               <c>0</c>
               <c>1313.88240785967880000000</c>
               <c>-6172.77338244677050000000</c>
               <c>9857.31279393379920000000</c>
               <c>0</c>
               <c>0</c>
               <c>-346.96791000283963000000</c>
               <c>1660.06477860256150000000</c>
               <c>-2597.58531168147560000000</c>
               <c>0</c>
               <c>0</c>
               <c>-4.61390938328194620000</c>
               <c>-15.18796781392798100000</c>
               <c>51.09690671662319500000</c>
               <c>0</c>
               <c>0</c>
               <c>5.09435791384449920000</c>
               <c>69.73581396783696100000</c>
               <c>-167.61478519401950000000</c>
               <c>0</c>
               <c>0</c>
               <c>1.16418947301733720000</c>
               <c>-107.75024513076177000000</c>
               <c>221.39870546287796000000</c>
               <c>0</c>
               <c>0</c>
               <c>-3.02886030248179330000</c>
               <c>53.82229495147856800000</c>
               <c>-100.96114356474671000000</c>
               <c>0</c>
               <c>0</c>
            </temp_rating>
         </MCRZ>
         <MCMB>
            <kink>10</kink>
            <flat_rating>
               <b>-3.32072753436471490000</b>
               <b>9.54338133009766840000</b>
               <b>-8.35747394292427440000</b>
               <b>0</b>
               <b>0</b>
               <b>0</b>
               <b>35.21744964733416300000</b>
               <b>-83.22047901801812500000</b>
               <b>91.03729014618076600000</b>
               <b>0</b>
               <b>0</b>
               <b>0</b>
               <b>-116.01349557543796000000</b>
               <b>314.27813418654881000000</b>
               <b>-388.11862216779951000000</b>
               <b>0</b>
               <b>0</b>
               <b>0</b>
               <b>196.54210241979320000000</b>
               <b>-603.80224475213959000000</b>
               <b>781.44947211767681000000</b>
               <b>0</b>
               <b>0</b>
               <b>0</b>
               <b>-167.05790579229114000000</b>
               <b>560.22129801430913000000</b>
               <b>-735.92856060268934000000</b>
               <b>0</b>
               <b>0</b>
               <b>0</b>
               <b>55.60535824615060800000</b>
               <b>-198.06934278238245000000</b>
               <b>261.03041388049888000000</b>
               <b>0</b>
               <b>0</b>
               <b>0</b>
            </flat_rating>
            <temp_rating>
               <c>-666.60274384964123000000</c>
               <c>2008.85483150786040000000</c>
               <c>-1828.59041834055190000000</c>
               <c>0</c>
               <c>0</c>
               <c>2691.93106385331480000000</c>
               <c>-8264.61944683472030000000</c>
               <c>7580.68920397500100000000</c>
               <c>0</c>
               <c>0</c>
               <c>-4044.97220252429410000000</c>
               <c>12677.94356830992400000000</c>
               <c>-11726.58910401572400000000</c>
               <c>0</c>
               <c>0</c>
               <c>2693.86118067631420000000</c>
               <c>-8611.75387893317930000000</c>
               <c>8024.85781595660500000000</c>
               <c>0</c>
               <c>0</c>
               <c>-671.51610251657905000000</c>
               <c>2186.65358143711590000000</c>
               <c>-2051.38400086789170000000</c>
               <c>0</c>
               <c>0</c>
               <c>-9.23834212674151090000</c>
               <c>7.31448836197838400000</c>
               <c>22.84585299911596200000</c>
               <c>0</c>
               <c>0</c>
               <c>17.35290882962410600000</c>
               <c>9.58403118240261880000</c>
               <c>-91.05810804815158100000</c>
               <c>0</c>
               <c>0</c>
               <c>-12.29412680711185100000</c>
               <c>-40.71282533057677700000</c>
               <c>134.76656198383202000000</c>
               <c>0</c>
               <c>0</c>
               <c>2.26889860752776680000</c>
               <c>27.01368416589260900000</c>
               <c>-65.87538947793852600000</c>
               <c>0</c>
               <c>0</c>
            </temp_rating>
         </MCMB>
         <LIDL>
            <CT>
               <ti>-0.03100468161528595700</ti>
               <ti>0.22646798101801760000</ti>
               <ti>-0.34661323726722476000</ti>
               <ti>0.14270337805491193000</ti>
               <ti>0.12069110803410865000</ti>
               <ti>-0.68521136304616637000</ti>
               <ti>0.83668385614937779000</ti>
               <ti>-0.19098652422318391000</ti>
               <ti>-0.06292863639854133500</ti>
               <ti>0.23098632822569604000</ti>
               <ti>0.05028534009052549500</ti>
               <ti>-0.40134262535582932000</ti>
            </CT>
            <CF>
               <fi>0.01284989600520255800</fi>
               <fi>0.00070216079268401745</fi>
               <fi>0.01591835372966908900</fi>
               <fi>-0.03190921381208326100</fi>
               <fi>0.15442433029823383000</fi>
               <fi>-0.13640742886339663000</fi>
               <fi>0.05471055951422051200</fi>
               <fi>-0.21301839550315810000</fi>
               <fi>0.19759752939397607000</fi>
            </CF>
         </LIDL>
         <throttle>
            <low>0.5609748487</low>
            <high>1.235857659</high>
         </throttle>
      </TFM>
   </PFM>
   <OPM>
      <LGO>
         <Transition>
            <from>0</from>
            <to>1</to>
            <time>20</time>
         </Transition>
         <Transition>
            <from>1</from>
            <to>0</to>
            <time>20</time>
         </Transition>
      </LGO>
      <HLO>
         <Transition>
            <from>0</from>
            <to>1</to>
            <time>8.8</time>
         </Transition>
         <Transition>
            <from>1</from>
            <to>2</to>
            <time>43.2</time>
         </Transition>
         <Transition>
            <from>2</from>
            <to>3</to>
            <time>6.4</time>
         </Transition>
         <Transition>
            <from>3</from>
            <to>4</to>
            <time>14.4</time>
         </Transition>
         <Transition>
            <from>4</from>
            <to>3</to>
            <time>8.5</time>
         </Transition>
         <Transition>
            <from>3</from>
            <to>2</to>
            <time>5.9</time>
         </Transition>
         <Transition>
            <from>2</from>
            <to>1</to>
            <time>42</time>
         </Transition>
         <Transition>
            <from>1</from>
            <to>0</to>
            <time>13.5</time>
         </Transition>
      </HLO>
   </OPM>
   <ALM>
      <GLM>
         <hmo>35000</hmo>
         <mfa>20000</mfa>
      </GLM>
      <KLM>
         <mmo>0.7</mmo>
         <vmo>295</vmo>
         <mle>0.65</mle>
         <vle>270</vle>
         <mlo>0.65</mlo>
         <vloe>270</vloe>
         <vlor>270</vlor>
      </KLM>
      <ELM>
         <Tmin_f>
            <point>
               <Hp>-1000</Hp>
               <DeltaT>-47</DeltaT>
            </point>
            <point>
               <Hp>35000</Hp>
               <DeltaT>-11.7</DeltaT>
            </point>
         </Tmin_f>
         <Tmax_f>
            <point>
               <Hp>-1000</Hp>
               <DeltaT>33</DeltaT>
            </point>
            <point>
               <Hp>35000</Hp>
               <DeltaT>24.3</DeltaT>
            </point>
         </Tmax_f>
         <Tmin_g>
            <point>
               <Hp>-1000</Hp>
               <DeltaT>-47</DeltaT>
            </point>
            <point>
               <Hp>8500</Hp>
               <DeltaT>-37.7</DeltaT>
            </point>
         </Tmin_g>
         <Tmax_g>
            <point>
               <Hp>-1000</Hp>
               <DeltaT>33</DeltaT>
            </point>
            <point>
               <Hp>8500</Hp>
               <DeltaT>30.7</DeltaT>
            </point>
         </Tmax_g>
      </ELM>
      <DLM>
         <MTW>153900</MTW>
         <MTOW>153000</MTOW>
         <MLW>140000</MLW>
         <MZFW>132000</MZFW>
         <OEW>86000</OEW>
         <MPL>46000</MPL>
         <MFL>48670</MFL>
         <n1>2.5</n1>
         <n3>-1</n3>
         <nf1>2</nf1>
         <nf3>0</nf3>
      </DLM>
   </ALM>
   <Ground>
      <Dimensions>
         <span>44.84</span>
         <length>56.16</length>
      </Dimensions>
      <Runway>
         <TOL>1950</TOL>
         <LDL>1180</LDL>
      </Runway>
   </Ground>
   <ARPM>
      <AeroConfSchedule>
         <AeroPhase>
            <name>TO</name>
            <HLid>2</HLid>
            <LG>UP</LG>
         </AeroPhase>
         <AeroPhase>
            <name>IC</name>
            <HLid>1</HLid>
            <LG>UP</LG>
         </AeroPhase>
         <AeroPhase>
            <name>CR</name>
            <HLid>0</HLid>
            <LG>UP</LG>
         </AeroPhase>
         <AeroPhase>
            <name>AP</name>
            <HLid>2</HLid>
            <LG>UP</LG>
         </AeroPhase>
         <AeroPhase>
            <name>LD</name>
            <HLid>4</HLid>
            <LG>DN</LG>
         </AeroPhase>
      </AeroConfSchedule>
      <SpeedScheduleList>
         <SpeedSchedule>
            <CompanyName>Default</CompanyName>
            <SpeedPhase>
               <name>Climb</name>
               <CAS1>280</CAS1>
               <CAS2>280</CAS2>
               <M>0.68</M>
            </SpeedPhase>
            <SpeedPhase>
               <name>Cruise</name>
               <CAS1>250</CAS1>
               <CAS2>280</CAS2>
               <M>0.70</M>
            </SpeedPhase>
            <SpeedPhase>
               <name>Descent</name>
               <CAS1>290</CAS1>
               <CAS2>290</CAS2>
               <M>0.69</M>
            </SpeedPhase>
         </SpeedSchedule>
      </SpeedScheduleList>
   </ARPM>
</bada40:ACM>