<?xml version="1.0" encoding="utf-8"?>
<bada40:ACM xmlns:bada40="http://www.eurocontrol.int/eec/public/standard_page/bada40">
   <model>737-200</model>
   <type>JET</type>
   <engine>JT8D-15</engine>
   <description/>
   <ICAO>
      <designator>B732</designator>
      <WTC>M</WTC>
   </ICAO>
   <AFCM>
      <S>91.04497920000000000000</S>
      <Configuration HLid="0">
         <HLPosition>0000</HLPosition>
         <name>flaps  0</name>
         <vfe>350</vfe>
         <LGUP>
            <DPM_clean>
               <M_max>0.84000</M_max>
               <scalar>9.835e-007</scalar>
               <CD_clean>
                  <d>129006.49093035882000000000</d>
                  <d>-425918.94815256982000000000</d>
                  <d>569516.15927986265000000000</d>
                  <d>-320661.66374908155000000000</d>
                  <d>65604.08121775036900000000</d>
                  <d>81912.07410222082400000000</d>
                  <d>-40556.35679998054500000000</d>
                  <d>13341.56029719562700000000</d>
                  <d>-2444.94150173399290000000</d>
                  <d>307.66387154993720000000</d>
                  <d>-4837.50225945018160000000</d>
                  <d>-11357.94342308423300000000</d>
                  <d>33973.28713510844000000000</d>
                  <d>-29456.06223502767200000000</d>
                  <d>8017.21594636104960000000</d>
               </CD_clean>
            </DPM_clean>
            <BLM_clean>
               <Mmin>0.25000</Mmin>
               <Mmax>0.83000</Mmax>
               <CL_Mach0>1.07739325074392610000</CL_Mach0>
               <CL_clean>
                  <bf>-1.23934577123333820000</bf>
                  <bf>23.73370690951321600000</bf>
                  <bf>-82.16983663359252400000</bf>
                  <bf>117.71068079248801000000</bf>
                  <bf>-60.90850609654732000000</bf>
               </CL_clean>
            </BLM_clean>
         </LGUP>
         <LGDN>
            <DPM_nonclean>
               <CD_nonclean>
                  <d>0.05425118089341003000</d>
                  <d>-0.01991716054842993700</d>
                  <d>0.06540026536930562700</d>
               </CD_nonclean>
            </DPM_nonclean>
            <BLM>
               <CL_max>1.07739325074392610000</CL_max>
            </BLM>
         </LGDN>
      </Configuration>
      <Configuration HLid="1">
         <HLPosition>0001</HLPosition>
         <name>flaps  1</name>
         <vfe>230</vfe>
         <LGUP>
            <DPM_nonclean>
               <CD_nonclean>
                  <d>0.03681280580542972000</d>
                  <d>-0.02013381834206370200</d>
                  <d>0.05043811268381646200</d>
               </CD_nonclean>
            </DPM_nonclean>
            <BLM>
               <CL_max>1.70112715358679330000</CL_max>
            </BLM>
         </LGUP>
         <LGDN>
            <DPM_nonclean>
               <CD_nonclean>
                  <d>0.06621280580542980600</d>
                  <d>-0.02013381834206384700</d>
                  <d>0.05043811268381652400</d>
               </CD_nonclean>
            </DPM_nonclean>
            <BLM>
               <CL_max>1.70112715358679330000</CL_max>
            </BLM>
         </LGDN>
      </Configuration>
      <Configuration HLid="2">
         <HLPosition>0002</HLPosition>
         <name>flaps  2</name>
         <vfe>230</vfe>
         <LGUP>
            <DPM_nonclean>
               <CD_nonclean>
                  <d>0.04839870775256734100</d>
                  <d>-0.03179381419982108700</d>
                  <d>0.05334024210737548600</d>
               </CD_nonclean>
            </DPM_nonclean>
            <BLM>
               <CL_max>1.83608614289466380000</CL_max>
            </BLM>
         </LGUP>
         <LGDN>
            <DPM_nonclean>
               <CD_nonclean>
                  <d>0.07539870775256726800</d>
                  <d>-0.03179381419982099700</d>
                  <d>0.05334024210737545900</d>
               </CD_nonclean>
            </DPM_nonclean>
            <BLM>
               <CL_max>1.83608614289466380000</CL_max>
            </BLM>
         </LGDN>
      </Configuration>
      <Configuration HLid="3">
         <HLPosition>0005</HLPosition>
         <name>flaps  5</name>
         <vfe>225</vfe>
         <LGUP>
            <DPM_nonclean>
               <CD_nonclean>
                  <d>0.04674198110402656000</d>
                  <d>-0.02631703469162782400</d>
                  <d>0.05101231640858029000</d>
               </CD_nonclean>
            </DPM_nonclean>
            <BLM>
               <CL_max>1.90211396768236570000</CL_max>
            </BLM>
         </LGUP>
         <LGDN>
            <DPM_nonclean>
               <CD_nonclean>
                  <d>0.07214198110402660100</d>
                  <d>-0.02631703469162787300</d>
                  <d>0.05101231640858031700</d>
               </CD_nonclean>
            </DPM_nonclean>
            <BLM>
               <CL_max>1.90211396768236570000</CL_max>
            </BLM>
         </LGDN>
      </Configuration>
      <Configuration HLid="4">
         <HLPosition>0010</HLPosition>
         <name>flaps 10</name>
         <vfe>210</vfe>
         <LGUP>
            <DPM_nonclean>
               <CD_nonclean>
                  <d>0.06436821105152924800</d>
                  <d>-0.03654686910985689000</d>
                  <d>0.05364506786473833400</d>
               </CD_nonclean>
            </DPM_nonclean>
            <BLM>
               <CL_max>2.04532048711341740000</CL_max>
            </BLM>
         </LGUP>
         <LGDN>
            <DPM_nonclean>
               <CD_nonclean>
                  <d>0.08776821105152925200</d>
                  <d>-0.03654686910985687600</d>
                  <d>0.05364506786473832000</d>
               </CD_nonclean>
            </DPM_nonclean>
            <BLM>
               <CL_max>2.04532048711341740000</CL_max>
            </BLM>
         </LGDN>
      </Configuration>
      <Configuration HLid="5">
         <HLPosition>0015</HLPosition>
         <name>flaps 15</name>
         <vfe>195</vfe>
         <LGUP>
            <DPM_nonclean>
               <CD_nonclean>
                  <d>0.06652976933120059700</d>
                  <d>-0.03159716519686520100</d>
                  <d>0.05078885198336993700</d>
               </CD_nonclean>
            </DPM_nonclean>
            <BLM>
               <CL_max>2.20533010219178570000</CL_max>
            </BLM>
         </LGUP>
         <LGDN>
            <DPM_nonclean>
               <CD_nonclean>
                  <d>0.07734019209196862900</d>
                  <d>-0.01362120873370598900</d>
                  <d>0.04389920772464474300</d>
               </CD_nonclean>
            </DPM_nonclean>
            <BLM>
               <CL_max>2.15904954070838960000</CL_max>
            </BLM>
         </LGDN>
      </Configuration>
      <Configuration HLid="6">
         <HLPosition>0025</HLPosition>
         <name>flaps 25</name>
         <vfe>190</vfe>
         <LGUP>
            <DPM_nonclean>
               <CD_nonclean>
                  <d>0.09349538125441320100</d>
                  <d>-0.04427096704954049100</d>
                  <d>0.05189571782744940900</d>
               </CD_nonclean>
            </DPM_nonclean>
            <BLM>
               <CL_max>2.37433733362147240000</CL_max>
            </BLM>
         </LGUP>
         <LGDN>
            <DPM_nonclean>
               <CD_nonclean>
                  <d>0.10573875505322093000</d>
                  <d>-0.02925826099911563500</d>
                  <d>0.04797179776921974000</d>
               </CD_nonclean>
            </DPM_nonclean>
            <BLM>
               <CL_max>2.37433733362147240000</CL_max>
            </BLM>
         </LGDN>
      </Configuration>
      <Configuration HLid="7">
         <HLPosition>0030</HLPosition>
         <name>flaps 30</name>
         <vfe>185</vfe>
         <LGDN>
            <DPM_nonclean>
               <CD_nonclean>
                  <d>0.13068066876355344000</d>
                  <d>-0.03693903728471995700</d>
                  <d>0.04770308446446628500</d>
               </CD_nonclean>
            </DPM_nonclean>
            <BLM>
               <CL_max>2.46066986551518240000</CL_max>
            </BLM>
         </LGDN>
      </Configuration>
      <Configuration HLid="8">
         <HLPosition>0040</HLPosition>
         <name>flaps 40</name>
         <vfe>170</vfe>
         <LGDN>
            <DPM_nonclean>
               <CD_nonclean>
                  <d>0.16773967706150636000</d>
                  <d>-0.02148483914704806000</d>
                  <d>0.04302477505238509100</d>
               </CD_nonclean>
            </DPM_nonclean>
            <BLM>
               <CL_max>2.59927241195239490000</CL_max>
            </BLM>
         </LGDN>
      </Configuration>
   </AFCM>
   <PFM>
      <MREF>52390</MREF>
      <LHV>43217000</LHV>
      <rho>810</rho>
      <n_eng>2</n_eng>
      <TFA>20</TFA>
      <TFM>
         <CT>
            <a>0.00000000000000000000</a>
            <a>-0.09999999995462455200</a>
            <a>0.00000000000000000000</a>
            <a>0.00000000000000000000</a>
            <a>0.00000000000000000000</a>
            <a>0.00000000000000000000</a>
            <a>0.29999999997470250000</a>
            <a>0.00000000000000000000</a>
            <a>0.00000000000000000000</a>
            <a>0.00000000000000000000</a>
            <a>0.00000000000000000000</a>
            <a>0.00000000000000000000</a>
            <a>0.00000000000000000000</a>
            <a>0.00000000000000000000</a>
            <a>0.00000000000000000000</a>
            <a>0.00000000000000000000</a>
            <a>0.00000000000000000000</a>
            <a>0.00000000000000000000</a>
            <a>0.00000000000000000000</a>
            <a>0.00000000000000000000</a>
            <a>0.00000000000000000000</a>
            <a>0.00000000000000000000</a>
            <a>0.00000000000000000000</a>
            <a>0.00000000000000000000</a>
            <a>0.00000000000000000000</a>
            <a>0.00000000000000000000</a>
            <a>0.00000000000000000000</a>
            <a>0.00000000000000000000</a>
            <a>0.00000000000000000000</a>
            <a>0.00000000000000000000</a>
            <a>0.00000000000000000000</a>
            <a>0.00000000000000000000</a>
            <a>0.00000000000000000000</a>
            <a>0.00000000000000000000</a>
            <a>0.00000000000000000000</a>
            <a>0.00000000000000000000</a>
         </CT>
         <CF>
            <f>0.03941055620868541600</f>
            <f>0.50615485531282400000</f>
            <f>24.83630083421660800000</f>
            <f>-163.59983105817903000000</f>
            <f>367.46098111048423000000</f>
            <f>0.09962621315099960700</f>
            <f>2.81951678400626230000</f>
            <f>-30.63436527926723900000</f>
            <f>202.58124504272183000000</f>
            <f>-448.77556093654937000000</f>
            <f>0.00000000000000000000</f>
            <f>0.00000000000000000000</f>
            <f>0.00000000000000000000</f>
            <f>0.00000000000000000000</f>
            <f>0.00000000000000000000</f>
            <f>0.00000000000000000000</f>
            <f>0.00000000000000000000</f>
            <f>0.00000000000000000000</f>
            <f>0.00000000000000000000</f>
            <f>0.00000000000000000000</f>
            <f>0.00000000000000000000</f>
            <f>0.00000000000000000000</f>
            <f>0.00000000000000000000</f>
            <f>0.00000000000000000000</f>
            <f>0.00000000000000000000</f>
         </CF>
         <MCRZ>
            <kink>-5</kink>
            <flat_rating>
               <b>1.82952356970824970000</b>
               <b>-3.67625147362985240000</b>
               <b>4.01143947882366360000</b>
               <b>0.00000000000000000000</b>
               <b>0.00000000000000000000</b>
               <b>0.00000000000000000000</b>
               <b>-8.75944070265746080000</b>
               <b>31.46155038712860000000</b>
               <b>-28.52672588170518300000</b>
               <b>0.00000000000000000000</b>
               <b>0.00000000000000000000</b>
               <b>0.00000000000000000000</b>
               <b>31.36675893333299600000</b>
               <b>-104.32346987756317000000</b>
               <b>94.54227407921879900000</b>
               <b>0.00000000000000000000</b>
               <b>0.00000000000000000000</b>
               <b>0.00000000000000000000</b>
               <b>-53.16638349870316900000</b>
               <b>164.46234253410893000000</b>
               <b>-154.12436474217483000000</b>
               <b>0.00000000000000000000</b>
               <b>0.00000000000000000000</b>
               <b>0.00000000000000000000</b>
               <b>41.67675751778527600000</b>
               <b>-119.42732612506070000000</b>
               <b>113.85430934594127000000</b>
               <b>0.00000000000000000000</b>
               <b>0.00000000000000000000</b>
               <b>0.00000000000000000000</b>
               <b>-12.26176014396688700000</b>
               <b>32.03612676289529300000</b>
               <b>-30.54133205332098200000</b>
               <b>0.00000000000000000000</b>
               <b>0.00000000000000000000</b>
               <b>0.00000000000000000000</b>
            </flat_rating>
            <temp_rating>
               <c>592.05302154435526000000</c>
               <c>-1933.56859577296930000000</c>
               <c>1411.34093288356210000000</c>
               <c>0.00000000000000000000</c>
               <c>0.00000000000000000000</c>
               <c>-2488.01767928651910000000</c>
               <c>8099.14525940066960000000</c>
               <c>-5951.07206560022680000000</c>
               <c>0.00000000000000000000</c>
               <c>0.00000000000000000000</c>
               <c>3912.90912823306600000000</c>
               <c>-12668.46780754835500000000</c>
               <c>9373.44227967547700000000</c>
               <c>0.00000000000000000000</c>
               <c>0.00000000000000000000</c>
               <c>-2722.89025762675830000000</c>
               <c>8764.73917993118270000000</c>
               <c>-6528.36401528580150000000</c>
               <c>0.00000000000000000000</c>
               <c>0.00000000000000000000</c>
               <c>706.94754134223228000000</c>
               <c>-2263.04145683721940000000</c>
               <c>1696.15848631879860000000</c>
               <c>0.00000000000000000000</c>
               <c>0.00000000000000000000</c>
               <c>-0.26417456049910526000</c>
               <c>0.56161565718456252000</c>
               <c>-1.26430236872389350000</c>
               <c>0.00000000000000000000</c>
               <c>0.00000000000000000000</c>
               <c>-2.14838073922918050000</c>
               <c>6.67746388884014320000</c>
               <c>-1.28950210147650560000</c>
               <c>0.00000000000000000000</c>
               <c>0.00000000000000000000</c>
               <c>4.15594316425138380000</c>
               <c>-11.02669295160101000000</c>
               <c>2.05896265589293480000</c>
               <c>0.00000000000000000000</c>
               <c>0.00000000000000000000</c>
               <c>-2.07679145195862080000</c>
               <c>5.03937216962848740000</c>
               <c>-0.90054094236803384000</c>
               <c>0.00000000000000000000</c>
               <c>0.00000000000000000000</c>
            </temp_rating>
         </MCRZ>
         <MCMB>
            <kink>-5</kink>
            <flat_rating>
               <b>1.00125881392566460000</b>
               <b>-3.45324250310815550000</b>
               <b>5.69480661908488010000</b>
               <b>0.00000000000000000000</b>
               <b>0.00000000000000000000</b>
               <b>0.00000000000000000000</b>
               <b>1.35750348232347150000</b>
               <b>27.28151083521841300000</b>
               <b>-45.36601485390043800000</b>
               <b>0.00000000000000000000</b>
               <b>0.00000000000000000000</b>
               <b>0.00000000000000000000</b>
               <b>-7.62332409205393000000</b>
               <b>-97.90865314538140800000</b>
               <b>174.63218154642516000000</b>
               <b>0.00000000000000000000</b>
               <b>0.00000000000000000000</b>
               <b>0.00000000000000000000</b>
               <b>12.32635849036525700000</b>
               <b>193.08117530200551000000</b>
               <b>-351.12937620484024000000</b>
               <b>0.00000000000000000000</b>
               <b>0.00000000000000000000</b>
               <b>0.00000000000000000000</b>
               <b>-6.57900464040272670000</b>
               <b>-194.51058464405486000000</b>
               <b>345.81503313253626000000</b>
               <b>0.00000000000000000000</b>
               <b>0.00000000000000000000</b>
               <b>0.00000000000000000000</b>
               <b>0.26814794510497558000</b>
               <b>75.89167308143513000000</b>
               <b>-130.12158882126880000000</b>
               <b>0.00000000000000000000</b>
               <b>0.00000000000000000000</b>
               <b>0.00000000000000000000</b>
            </flat_rating>
            <temp_rating>
               <c>-97.16672245697247900000</c>
               <c>74.96662131787657300000</c>
               <c>-15.55823720786029600000</c>
               <c>0.00000000000000000000</c>
               <c>0.00000000000000000000</c>
               <c>337.75660914539588000000</c>
               <c>-115.57278823216757000000</c>
               <c>-113.77544777936694000000</c>
               <c>0.00000000000000000000</c>
               <c>0.00000000000000000000</c>
               <c>-415.48978876400651000000</c>
               <c>-117.88221432938110000000</c>
               <c>452.45362393410431000000</c>
               <c>0.00000000000000000000</c>
               <c>0.00000000000000000000</c>
               <c>212.59087385230103000000</c>
               <c>277.81464882946227000000</c>
               <c>-495.04514866461744000000</c>
               <c>0.00000000000000000000</c>
               <c>0.00000000000000000000</c>
               <c>-36.72855403871097500000</c>
               <c>-119.80339524787961000000</c>
               <c>172.60980278011615000000</c>
               <c>0.00000000000000000000</c>
               <c>0.00000000000000000000</c>
               <c>0.43660709074609233000</c>
               <c>-4.54918279383342310000</c>
               <c>5.52370723612873600000</c>
               <c>0.00000000000000000000</c>
               <c>0.00000000000000000000</c>
               <c>-4.46687815330744000000</c>
               <c>23.33830676073281700000</c>
               <c>-24.28673996906299600000</c>
               <c>0.00000000000000000000</c>
               <c>0.00000000000000000000</c>
               <c>7.87654894158068600000</c>
               <c>-36.47977349960896700000</c>
               <c>36.81540020398342300000</c>
               <c>0.00000000000000000000</c>
               <c>0.00000000000000000000</c>
               <c>-4.11103319508790750000</c>
               <c>18.29960081838312300000</c>
               <c>-18.44181864448858500000</c>
               <c>0.00000000000000000000</c>
               <c>0.00000000000000000000</c>
            </temp_rating>
         </MCMB>
         <LIDL>
            <CT>
               <ti>0.02481685075047297000</ti>
               <ti>-0.14898853593307329000</ti>
               <ti>0.31101560772242043000</ti>
               <ti>-0.20125058420116010000</ti>
               <ti>-0.01355253587884048100</ti>
               <ti>0.21660847308295503000</ti>
               <ti>-0.72452852538542822000</ti>
               <ti>0.65923871413046387000</ti>
               <ti>0.01806109395101885800</ti>
               <ti>-0.30769982806045126000</ti>
               <ti>1.01118872653469260000</ti>
               <ti>-0.92264212438684734000</ti>
            </CT>
            <CF>
               <fi>-0.03949678238917593600</fi>
               <fi>0.14770445781252067000</fi>
               <fi>-0.02569815434679810500</fi>
               <fi>0.18711746200469162000</fi>
               <fi>-0.34065870241253998000</fi>
               <fi>0.13436448342998070000</fi>
               <fi>-0.12816796542848322000</fi>
               <fi>0.20627344664599445000</fi>
               <fi>0.02485309273241644400</fi>
            </CF>
         </LIDL>
         <throttle>
            <low>0.49709481110226594000</low>
            <high>1.37615791634311080000</high>
         </throttle>
      </TFM>
   </PFM>
   <OPM>
      <LGO>
         <Transition>
            <from>0</from>
            <to>1</to>
            <time>7.1</time>
         </Transition>
         <Transition>
            <from>1</from>
            <to>0</to>
            <time>5.5</time>
         </Transition>
      </LGO>
      <HLO>
         <Transition>
            <from>0</from>
            <to>1</to>
            <time>5.2</time>
         </Transition>
         <Transition>
            <from>1</from>
            <to>2</to>
            <time>11.3</time>
         </Transition>
         <Transition>
            <from>2</from>
            <to>3</to>
            <time>5.2</time>
         </Transition>
         <Transition>
            <from>3</from>
            <to>4</to>
            <time>5.1</time>
         </Transition>
         <Transition>
            <from>4</from>
            <to>5</to>
            <time>1.9</time>
         </Transition>
         <Transition>
            <from>5</from>
            <to>6</to>
            <time>1.2</time>
         </Transition>
         <Transition>
            <from>6</from>
            <to>7</to>
            <time>2.2</time>
         </Transition>
         <Transition>
            <from>7</from>
            <to>8</to>
            <time>3</time>
         </Transition>
         <Transition>
            <from>8</from>
            <to>7</to>
            <time>3</time>
         </Transition>
         <Transition>
            <from>7</from>
            <to>6</to>
            <time>2.2</time>
         </Transition>
         <Transition>
            <from>6</from>
            <to>5</to>
            <time>1.2</time>
         </Transition>
         <Transition>
            <from>5</from>
            <to>4</to>
            <time>1.9</time>
         </Transition>
         <Transition>
            <from>4</from>
            <to>3</to>
            <time>5.1</time>
         </Transition>
         <Transition>
            <from>3</from>
            <to>2</to>
            <time>5.2</time>
         </Transition>
         <Transition>
            <from>2</from>
            <to>1</to>
            <time>11.3</time>
         </Transition>
         <Transition>
            <from>1</from>
            <to>0</to>
            <time>5.2</time>
         </Transition>
      </HLO>
   </OPM>
   <ALM>
      <GLM>
         <hmo>37000</hmo>
         <mfa>20000</mfa>
      </GLM>
      <KLM>
         <mmo>0.84</mmo>
         <vmo>350</vmo>
         <mle>0.82</mle>
         <vle>320</vle>
         <mlo>0.82</mlo>
         <vloe>270</vloe>
         <vlor>235</vlor>
      </KLM>
      <ELM>
         <Tmin_f>
            <point>
               <Hp>-1000.0</Hp>
               <DeltaT>-70.00000000000000000000</DeltaT>
            </point>
            <point>
               <Hp>0.0</Hp>
               <DeltaT>-70.00000000000000000000</DeltaT>
            </point>
            <point>
               <Hp>1.0</Hp>
               <DeltaT>-89.00000000000000000000</DeltaT>
            </point>
            <point>
               <Hp>36089.0</Hp>
               <DeltaT>-17.50000000000000000000</DeltaT>
            </point>
            <point>
               <Hp>37000.0</Hp>
               <DeltaT>-17.50000000000000000000</DeltaT>
            </point>
         </Tmin_f>
         <Tmax_f>
            <point>
               <Hp>-1000.0</Hp>
               <DeltaT>32.00000000000000000000</DeltaT>
            </point>
            <point>
               <Hp>2500.0</Hp>
               <DeltaT>39.00000000000000000000</DeltaT>
            </point>
            <point>
               <Hp>8200.0</Hp>
               <DeltaT>39.00000000000000000000</DeltaT>
            </point>
            <point>
               <Hp>8201.0</Hp>
               <DeltaT>34.00000000000000000000</DeltaT>
            </point>
            <point>
               <Hp>37000.0</Hp>
               <DeltaT>34.00000000000000000000</DeltaT>
            </point>
         </Tmax_f>
         <Tmin_g>
            <point>
               <Hp>-1000.0</Hp>
               <DeltaT>-70.00000000000000000000</DeltaT>
            </point>
            <point>
               <Hp>0.0</Hp>
               <DeltaT>-70.00000000000000000000</DeltaT>
            </point>
            <point>
               <Hp>8200.0</Hp>
               <DeltaT>-52.70000000000000300000</DeltaT>
            </point>
         </Tmin_g>
         <Tmax_g>
            <point>
               <Hp>-1000.0</Hp>
               <DeltaT>32.00000000000000000000</DeltaT>
            </point>
            <point>
               <Hp>2500.0</Hp>
               <DeltaT>39.00000000000000000000</DeltaT>
            </point>
            <point>
               <Hp>8200.0</Hp>
               <DeltaT>39.00000000000000000000</DeltaT>
            </point>
         </Tmax_g>
      </ELM>
      <DLM>
         <MTW>52617</MTW>
         <MTOW>52390</MTOW>
         <MLW>46720</MLW>
         <MZFW>43092</MZFW>
         <OEW>27125</OEW>
         <MPL>15967</MPL>
         <MFL>18092</MFL>
         <n1>2.5</n1>
         <n3>-1</n3>
         <nf1>2</nf1>
         <nf3>0</nf3>
      </DLM>
   </ALM>
   <Ground>
      <Dimensions>
         <span>28.35</span>
         <length>30.53</length>
      </Dimensions>
      <Runway>
         <TOL>1850</TOL>
         <LDL>1450</LDL>
      </Runway>
   </Ground>
   <ARPM>
      <AeroConfSchedule>
         <AeroPhase>
            <name>TO</name>
            <HLid>3</HLid>
            <LG>UP</LG>
         </AeroPhase>
         <AeroPhase>
            <name>IC</name>
            <HLid>1</HLid>
            <LG>UP</LG>
         </AeroPhase>
         <AeroPhase>
            <name>CR</name>
            <HLid>0</HLid>
            <LG>UP</LG>
         </AeroPhase>
         <AeroPhase>
            <name>AP</name>
            <HLid>5</HLid>
            <LG>UP</LG>
         </AeroPhase>
         <AeroPhase>
            <name>LD</name>
            <HLid>7</HLid>
            <LG>DN</LG>
         </AeroPhase>
      </AeroConfSchedule>
      <SpeedScheduleList>
         <SpeedSchedule>
            <CompanyName>Default</CompanyName>
            <SpeedPhase>
               <name>Climb</name>
               <CAS1>280</CAS1>
               <CAS2>280</CAS2>
               <M>0.72</M>
            </SpeedPhase>
            <SpeedPhase>
               <name>Cruise</name>
               <CAS1>280</CAS1>
               <CAS2>280</CAS2>
               <M>0.72</M>
            </SpeedPhase>
            <SpeedPhase>
               <name>Descent</name>
               <CAS1>280</CAS1>
               <CAS2>280</CAS2>
               <M>0.70</M>
            </SpeedPhase>
         </SpeedSchedule>
      </SpeedScheduleList>
   </ARPM>
</bada40:ACM>