<?xml version="1.0" encoding="utf-8"?>
<bada40:ACM xmlns:bada40="http://www.eurocontrol.int/eec/public/standard_page/bada40">
   <model>A330-341</model>
   <type>JET</type>
   <engine>RR TRENT 768</engine>
   <description/>
   <ICAO>
      <designator>A333</designator>
      <WTC>H</WTC>
   </ICAO>
   <AFCM>
      <S>361.6</S>
      <Configuration HLid="0">
         <HLPosition>0000</HLPosition>
         <name>CLEAN</name>
         <vfe>330</vfe>
         <LGUP>
            <DPM_clean>
               <M_max>0.86</M_max>
               <scalar>9.835e-007</scalar>
               <CD_clean>
                  <d>-98734.95535459132200000000</d>
                  <d>293949.72210018942000000000</d>
                  <d>-279143.01406903693000000000</d>
                  <d>113830.83313418587000000000</d>
                  <d>-16362.59164902389600000000</d>
                  <d>46955.97433396866100000000</d>
                  <d>-16456.28951230458900000000</d>
                  <d>8194.94388105039430000000</d>
                  <d>-1673.24152629664560000000</d>
                  <d>107.68130105179262000000</d>
                  <d>-582.53435046500283000000</d>
                  <d>15550.48069053884300000000</d>
                  <d>-26380.25004721874200000000</d>
                  <d>14888.47947729476400000000</d>
                  <d>-2787.14518978773780000000</d>
               </CD_clean>
            </DPM_clean>
            <BLM_clean>
               <Mmin>0.3</Mmin>
               <Mmax>0.86</Mmax>
               <CL_Mach0>1.3851</CL_Mach0>
               <CL_clean>
                  <bf>2.72001105759259460000</bf>
                  <bf>-5.58430134483537620000</bf>
                  <bf>0.64401841362710166000</bf>
                  <bf>12.36158422052689500000</bf>
                  <bf>-10.15183455509559200000</bf>
               </CL_clean>
            </BLM_clean>
         </LGUP>
      </Configuration>
      <Configuration HLid="1">
         <HLPosition>1600</HLPosition>
         <name>CONF 1</name>
         <vfe>240</vfe>
         <LGUP>
            <DPM_nonclean>
               <CD_nonclean>
                  <d>0.031303</d>
                  <d>-0.029797</d>
                  <d>0.058024</d>
               </CD_nonclean>
            </DPM_nonclean>
            <BLM>
               <CL_max>1.8261</CL_max>
            </BLM>
         </LGUP>
      </Configuration>
      <Configuration HLid="2">
         <HLPosition>1608</HLPosition>
         <name>CONF 1+F</name>
         <vfe>215</vfe>
         <LGUP>
            <DPM_nonclean>
               <CD_nonclean>
                  <d>0.049339</d>
                  <d>-0.054384</d>
                  <d>0.06538</d>
               </CD_nonclean>
            </DPM_nonclean>
            <BLM>
               <CL_max>2.0813</CL_max>
            </BLM>
         </LGUP>
      </Configuration>
      <Configuration HLid="3">
         <HLPosition>2014</HLPosition>
         <name>CONF 2</name>
         <vfe>196</vfe>
         <LGUP>
            <DPM_nonclean>
               <CD_nonclean>
                  <d>0.070741</d>
                  <d>-0.077876</d>
                  <d>0.071856</d>
               </CD_nonclean>
            </DPM_nonclean>
            <BLM>
               <CL_max>2.3336</CL_max>
            </BLM>
         </LGUP>
      </Configuration>
      <Configuration HLid="4">
         <HLPosition>2322</HLPosition>
         <name>CONF 3</name>
         <vfe>186</vfe>
         <LGUP>
            <DPM_nonclean>
               <CD_nonclean>
                  <d>0.09599</d>
                  <d>-0.094175</d>
                  <d>0.072755</d>
               </CD_nonclean>
            </DPM_nonclean>
            <BLM>
               <CL_max>2.5029</CL_max>
            </BLM>
         </LGUP>
         <LGDN>
            <DPM_nonclean>
               <CD_nonclean>
                  <d>0.12501</d>
                  <d>-0.10843</d>
                  <d>0.079159</d>
               </CD_nonclean>
            </DPM_nonclean>
            <BLM>
               <CL_max>2.4704</CL_max>
            </BLM>
         </LGDN>
      </Configuration>
      <Configuration HLid="5">
         <HLPosition>2332</HLPosition>
         <name>FULL</name>
         <vfe>180</vfe>
         <LGUP>
            <DPM_nonclean>
               <CD_nonclean>
                  <d>0.13306</d>
                  <d>-0.12058</d>
                  <d>0.080185</d>
               </CD_nonclean>
            </DPM_nonclean>
            <BLM>
               <CL_max>2.6448</CL_max>
            </BLM>
         </LGUP>
         <LGDN>
            <DPM_nonclean>
               <CD_nonclean>
                  <d>0.15225</d>
                  <d>-0.11235</d>
                  <d>0.074047</d>
               </CD_nonclean>
            </DPM_nonclean>
            <BLM>
               <CL_max>2.6145</CL_max>
            </BLM>
         </LGDN>
      </Configuration>
   </AFCM>
   <PFM>
      <MREF>212000</MREF>
      <LHV>43217000</LHV>
      <rho>810</rho>
      <n_eng>2</n_eng>
      <TFA>25</TFA>
      <TFM>
         <CT>
            <a>0</a>
            <a>-0.09999999999111253100</a>
            <a>0</a>
            <a>0</a>
            <a>0</a>
            <a>0</a>
            <a>0.29999999999475591000</a>
            <a>0</a>
            <a>0</a>
            <a>0</a>
            <a>0</a>
            <a>0</a>
            <a>0</a>
            <a>0</a>
            <a>0</a>
            <a>0</a>
            <a>0</a>
            <a>0</a>
            <a>0</a>
            <a>0</a>
            <a>0</a>
            <a>0</a>
            <a>0</a>
            <a>0</a>
            <a>0</a>
            <a>0</a>
            <a>0</a>
            <a>0</a>
            <a>0</a>
            <a>0</a>
            <a>0</a>
            <a>0</a>
            <a>0</a>
            <a>0</a>
            <a>0</a>
            <a>0</a>
         </CT>
         <CF>
            <f>0.01357137913377601300</f>
            <f>1.74496519559048550000</f>
            <f>-13.38298525137700400000</f>
            <f>68.47009199271386100000</f>
            <f>-84.12423504222832100000</f>
            <f>0.05775178162879346400</f>
            <f>-0.09389605960227814800</f>
            <f>26.79972904731626200000</f>
            <f>-148.99005849601272000000</f>
            <f>242.79322974432549000000</f>
            <f>0</f>
            <f>0</f>
            <f>0</f>
            <f>0</f>
            <f>0</f>
            <f>0</f>
            <f>0</f>
            <f>0</f>
            <f>0</f>
            <f>0</f>
            <f>0</f>
            <f>0</f>
            <f>0</f>
            <f>0</f>
            <f>0</f>
         </CF>
         <MCRZ>
            <kink>10</kink>
            <flat_rating>
               <b>-4.27649477776341680000</b>
               <b>15.58124269068067300000</b>
               <b>-11.69239291043609300000</b>
               <b>0</b>
               <b>0</b>
               <b>0</b>
               <b>41.63658180650695300000</b>
               <b>-131.67418145686707000000</b>
               <b>109.81215452572536000000</b>
               <b>0</b>
               <b>0</b>
               <b>0</b>
               <b>-139.22575325345457000000</b>
               <b>469.36383933731736000000</b>
               <b>-421.59347822376742000000</b>
               <b>0</b>
               <b>0</b>
               <b>0</b>
               <b>233.52946981647969000000</b>
               <b>-838.98226789079172000000</b>
               <b>795.61638530033213000000</b>
               <b>0</b>
               <b>0</b>
               <b>0</b>
               <b>-196.08971538131613000000</b>
               <b>742.32110464947800000000</b>
               <b>-734.21112095959472000000</b>
               <b>0</b>
               <b>0</b>
               <b>0</b>
               <b>65.15867151353158700000</b>
               <b>-257.11848127205656000000</b>
               <b>262.74338356020149000000</b>
               <b>0</b>
               <b>0</b>
               <b>0</b>
            </flat_rating>
            <temp_rating>
               <c>322.96080558227953000000</c>
               <c>-1149.55852501808910000000</c>
               <c>1088.75563650112580000000</c>
               <c>0</c>
               <c>0</c>
               <c>-1332.19817669460420000000</c>
               <c>4798.28374224148500000000</c>
               <c>-4570.00508154059210000000</c>
               <c>0</c>
               <c>0</c>
               <c>2046.59250905567320000000</c>
               <c>-7454.47665784623130000000</c>
               <c>7164.63947571622980000000</c>
               <c>0</c>
               <c>0</c>
               <c>-1399.67206264888680000000</c>
               <c>5149.19590998229250000000</c>
               <c>-4993.61225825604740000000</c>
               <c>0</c>
               <c>0</c>
               <c>359.21693845121496000000</c>
               <c>-1334.66052013391250000000</c>
               <c>1305.56508387128540000000</c>
               <c>0</c>
               <c>0</c>
               <c>21.47248561899703700000</c>
               <c>-49.91961534989173500000</c>
               <c>27.38986407866724400000</c>
               <c>0</c>
               <c>0</c>
               <c>-44.79668839028443700000</c>
               <c>103.43427037957700000000</c>
               <c>-51.16461853969998700000</c>
               <c>0</c>
               <c>0</c>
               <c>39.77603040141894300000</c>
               <c>-87.37219202146359000000</c>
               <c>32.97012653129134900000</c>
               <c>0</c>
               <c>0</c>
               <c>-12.79391240717397900000</c>
               <c>25.47866131669967200000</c>
               <c>-4.34774533961989020000</c>
               <c>0</c>
               <c>0</c>
            </temp_rating>
         </MCRZ>
         <MCMB>
            <kink>10</kink>
            <flat_rating>
               <b>-3.65761747481492700000</b>
               <b>14.35269955152338300000</b>
               <b>-11.02327435490868300000</b>
               <b>0</b>
               <b>0</b>
               <b>0</b>
               <b>37.32255349486619900000</b>
               <b>-123.58301168196357000000</b>
               <b>106.16217991894776000000</b>
               <b>0</b>
               <b>0</b>
               <b>0</b>
               <b>-127.10981564441110000000</b>
               <b>450.43777965144085000000</b>
               <b>-415.60944148889445000000</b>
               <b>0</b>
               <b>0</b>
               <b>0</b>
               <b>218.06822693831765000000</b>
               <b>-822.31684869507058000000</b>
               <b>796.54201966282017000000</b>
               <b>0</b>
               <b>0</b>
               <b>0</b>
               <b>-186.99281416388115000000</b>
               <b>739.12804288335417000000</b>
               <b>-742.13462408144403000000</b>
               <b>0</b>
               <b>0</b>
               <b>0</b>
               <b>63.18315786130168000000</b>
               <b>-258.62184218318623000000</b>
               <b>266.81496456829205000000</b>
               <b>0</b>
               <b>0</b>
               <b>0</b>
            </flat_rating>
            <temp_rating>
               <c>43.71846667717868900000</c>
               <c>-316.98501177439806000000</c>
               <c>508.43251143883685000000</c>
               <c>0</c>
               <c>0</c>
               <c>-219.37692810555961000000</c>
               <c>1470.21215969407470000000</c>
               <c>-2243.93204205745810000000</c>
               <c>0</c>
               <c>0</c>
               <c>387.15412896530972000000</c>
               <c>-2474.56916772472410000000</c>
               <c>3673.20158900092060000000</c>
               <c>0</c>
               <c>0</c>
               <c>-301.13568909629834000000</c>
               <c>1840.34856885403700000000</c>
               <c>-2665.32940217147960000000</c>
               <c>0</c>
               <c>0</c>
               <c>86.81096069879068000000</c>
               <c>-510.84936268369438000000</c>
               <c>723.44182180838618000000</c>
               <c>0</c>
               <c>0</c>
               <c>20.03308822982271000000</c>
               <c>-45.63708271120681600000</c>
               <c>24.08106884578390300000</c>
               <c>0</c>
               <c>0</c>
               <c>-41.15912393510291200000</c>
               <c>92.01594567977827000000</c>
               <c>-42.01946218321217700000</c>
               <c>0</c>
               <c>0</c>
               <c>35.98156827663361700000</c>
               <c>-75.10999812250244600000</c>
               <c>23.02151643979306400000</c>
               <c>0</c>
               <c>0</c>
               <c>-11.37743582256055300000</c>
               <c>20.82199977920730700000</c>
               <c>-0.55755151215025445000</c>
               <c>0</c>
               <c>0</c>
            </temp_rating>
         </MCMB>
         <LIDL>
            <CT>
               <ti>0.01734539337916972400</ti>
               <ti>-0.05734792127739039200</ti>
               <ti>0.03084322147356195400</ti>
               <ti>-0.00583078180303728090</ti>
               <ti>-0.01691302203366906000</ti>
               <ti>0.01066978437269835500</ti>
               <ti>0.18010717191526635000</ti>
               <ti>-0.11249389296236728000</ti>
               <ti>0.00015134448912560743</ti>
               <ti>0.04566916698711909200</ti>
               <ti>-0.28757805256874647000</ti>
               <ti>0.16608724161485180000</ti>
            </CT>
            <CF>
               <fi>0.03334015422866230800</fi>
               <fi>-0.04284379673008548900</fi>
               <fi>0.02534567180638492100</fi>
               <fi>-0.04863965831812974000</fi>
               <fi>0.06591118316128999300</fi>
               <fi>0.03469854631693723000</fi>
               <fi>0.03358579789670537700</fi>
               <fi>-0.03497634490914295500</fi>
               <fi>-0.02611626388227643700</fi>
            </CF>
         </LIDL>
         <throttle>
            <low>0.5323088558</low>
            <high>1.212798951</high>
         </throttle>
      </TFM>
   </PFM>
   <OPM>
      <LGO>
         <Transition>
            <from>0</from>
            <to>1</to>
            <time>20</time>
         </Transition>
         <Transition>
            <from>1</from>
            <to>0</to>
            <time>20</time>
         </Transition>
      </LGO>
      <HLO>
         <Transition>
            <from>0</from>
            <to>1</to>
            <time>9.2</time>
         </Transition>
         <Transition>
            <from>1</from>
            <to>2</to>
            <time>13.1</time>
         </Transition>
         <Transition>
            <from>2</from>
            <to>3</to>
            <time>1.9</time>
         </Transition>
         <Transition>
            <from>3</from>
            <to>4</to>
            <time>2</time>
         </Transition>
         <Transition>
            <from>4</from>
            <to>5</to>
            <time>2.6</time>
         </Transition>
         <Transition>
            <from>5</from>
            <to>4</to>
            <time>2.3</time>
         </Transition>
         <Transition>
            <from>4</from>
            <to>3</to>
            <time>1.9</time>
         </Transition>
         <Transition>
            <from>3</from>
            <to>2</to>
            <time>1.9</time>
         </Transition>
         <Transition>
            <from>2</from>
            <to>1</to>
            <time>4</time>
         </Transition>
         <Transition>
            <from>1</from>
            <to>0</to>
            <time>9.2</time>
         </Transition>
      </HLO>
   </OPM>
   <ALM>
      <GLM>
         <hmo>41100</hmo>
         <mfa>20000</mfa>
      </GLM>
      <KLM>
         <mmo>0.86</mmo>
         <vmo>330</vmo>
         <mle>0.55</mle>
         <vle>250</vle>
         <mlo>0.55</mlo>
         <vloe>250</vloe>
         <vlor>250</vlor>
      </KLM>
      <ELM>
         <Tmin_f>
            <point>
               <Hp>-2000</Hp>
               <DeltaT>-73</DeltaT>
            </point>
            <point>
               <Hp>35000</Hp>
               <DeltaT>-19.7</DeltaT>
            </point>
            <point>
               <Hp>36089</Hp>
               <DeltaT>-17.5</DeltaT>
            </point>
            <point>
               <Hp>41100</Hp>
               <DeltaT>-17.5</DeltaT>
            </point>
         </Tmin_f>
         <Tmax_f>
            <point>
               <Hp>-2000</Hp>
               <DeltaT>36</DeltaT>
            </point>
            <point>
               <Hp>0</Hp>
               <DeltaT>40</DeltaT>
            </point>
            <point>
               <Hp>16600</Hp>
               <DeltaT>40</DeltaT>
            </point>
            <point>
               <Hp>16601</Hp>
               <DeltaT>35</DeltaT>
            </point>
            <point>
               <Hp>36089</Hp>
               <DeltaT>34.5</DeltaT>
            </point>
            <point>
               <Hp>41100</Hp>
               <DeltaT>24.5</DeltaT>
            </point>
         </Tmax_f>
         <Tmin_g>
            <point>
               <Hp>-2000</Hp>
               <DeltaT>-73</DeltaT>
            </point>
            <point>
               <Hp>6000</Hp>
               <DeltaT>-57.1</DeltaT>
            </point>
            <point>
               <Hp>14600</Hp>
               <DeltaT>-18.1</DeltaT>
            </point>
         </Tmin_g>
         <Tmax_g>
            <point>
               <Hp>-2000</Hp>
               <DeltaT>36</DeltaT>
            </point>
            <point>
               <Hp>0</Hp>
               <DeltaT>40</DeltaT>
            </point>
            <point>
               <Hp>14600</Hp>
               <DeltaT>40</DeltaT>
            </point>
         </Tmax_g>
      </ELM>
      <DLM>
         <MTW>212900</MTW>
         <MTOW>212000</MTOW>
         <MLW>174000</MLW>
         <MZFW>164000</MZFW>
         <OEW>126000</OEW>
         <MPL>38000</MPL>
         <MFL>77060</MFL>
         <n1>2.5</n1>
         <n3>-1</n3>
         <nf1>2</nf1>
         <nf3>0</nf3>
      </DLM>
   </ALM>
   <Ground>
      <Dimensions>
         <span>60.304</span>
         <length>63.689</length>
      </Dimensions>
      <Runway>
         <TOL>2270</TOL>
         <LDL>1660</LDL>
      </Runway>
   </Ground>
   <ARPM>
      <AeroConfSchedule>
         <AeroPhase>
            <name>TO</name>
            <HLid>3</HLid>
            <LG>UP</LG>
         </AeroPhase>
         <AeroPhase>
            <name>IC</name>
            <HLid>2</HLid>
            <LG>UP</LG>
         </AeroPhase>
         <AeroPhase>
            <name>CR</name>
            <HLid>0</HLid>
            <LG>UP</LG>
         </AeroPhase>
         <AeroPhase>
            <name>AP</name>
            <HLid>3</HLid>
            <LG>UP</LG>
         </AeroPhase>
         <AeroPhase>
            <name>LD</name>
            <HLid>5</HLid>
            <LG>DN</LG>
         </AeroPhase>
      </AeroConfSchedule>
      <SpeedScheduleList>
         <SpeedSchedule>
            <CompanyName>Default</CompanyName>
            <SpeedPhase>
               <name>Climb</name>
               <CAS1>310</CAS1>
               <CAS2>310</CAS2>
               <M>0.82</M>
            </SpeedPhase>
            <SpeedPhase>
               <name>Cruise</name>
               <CAS1>250</CAS1>
               <CAS2>330</CAS2>
               <M>0.82</M>
            </SpeedPhase>
            <SpeedPhase>
               <name>Descent</name>
               <CAS1>300</CAS1>
               <CAS2>300</CAS2>
               <M>0.82</M>
            </SpeedPhase>
         </SpeedSchedule>
      </SpeedScheduleList>
   </ARPM>
</bada40:ACM>