<?xml version="1.0" encoding="utf-8"?>
<bada40:ACM xmlns:bada40="http://www.eurocontrol.int/eec/public/standard_page/bada40">
   <model>Dummy-PST</model>
   <type>PISTON</type>
   <engine>IO-xxx</engine>
   <description/>
   <ICAO>
      <designator>DUMP</designator>
      <WTC>L</WTC>
   </ICAO>
   <AFCM>
      <S>12</S>
      <Configuration HLid="0">
         <HLPosition>0000</HLPosition>
         <name>flaps 0</name>
         <vfe>180</vfe>
         <LGUP>
            <DPM_clean>
               <M_max>1</M_max>
               <scalar>1</scalar>
               <CD_clean>
                  <d>0.02428420144979698300</d>
                  <d>0</d>
                  <d>0</d>
                  <d>0</d>
                  <d>0</d>
                  <d>0.05811143385343026800</d>
                  <d>0</d>
                  <d>0</d>
                  <d>0</d>
                  <d>0</d>
                  <d>0</d>
                  <d>0</d>
                  <d>0</d>
                  <d>0</d>
                  <d>0</d>
               </CD_clean>
            </DPM_clean>
            <BLM>
               <CL_max>1.4404</CL_max>
            </BLM>
         </LGUP>
         <LGDN>
            <DPM_nonclean>
               <CD_nonclean>
                  <d>0.02428420144979698300</d>
                  <d>0</d>
                  <d>0.05811143385343026800</d>
               </CD_nonclean>
            </DPM_nonclean>
            <BLM>
               <CL_max>1.4404</CL_max>
            </BLM>
         </LGDN>
      </Configuration>
      <Configuration HLid="1">
         <HLPosition>0050</HLPosition>
         <name>flaps 50</name>
         <vfe>115</vfe>
         <LGUP>
            <DPM_nonclean>
               <CD_nonclean>
                  <d>0.033396</d>
                  <d>-2.4025e-014</d>
                  <d>0.058111</d>
               </CD_nonclean>
            </DPM_nonclean>
            <BLM>
               <CL_max>1.6705</CL_max>
            </BLM>
         </LGUP>
         <LGDN>
            <DPM_nonclean>
               <CD_nonclean>
                  <d>0.033396</d>
                  <d>-2.4025e-014</d>
                  <d>0.058111</d>
               </CD_nonclean>
            </DPM_nonclean>
            <BLM>
               <CL_max>1.6705</CL_max>
            </BLM>
         </LGDN>
      </Configuration>
      <Configuration HLid="2">
         <HLPosition>0100</HLPosition>
         <name>flaps 100</name>
         <vfe>100</vfe>
         <LGUP>
            <DPM_nonclean>
               <CD_nonclean>
                  <d>0.054198</d>
                  <d>1.0479e-010</d>
                  <d>0.058111</d>
               </CD_nonclean>
            </DPM_nonclean>
            <BLM>
               <CL_max>1.9606</CL_max>
            </BLM>
         </LGUP>
         <LGDN>
            <DPM_nonclean>
               <CD_nonclean>
                  <d>0.054198</d>
                  <d>1.0479e-010</d>
                  <d>0.058111</d>
               </CD_nonclean>
            </DPM_nonclean>
            <BLM>
               <CL_max>1.9606</CL_max>
            </BLM>
         </LGDN>
      </Configuration>
   </AFCM>
   <PFM>
      <MREF>1400</MREF>
      <LHV>43710000</LHV>
      <rho>715</rho>
      <n_eng>1</n_eng>
      <PEM>
         <P>300</P>
         <prop_dia>1.9</prop_dia>
         <Hd_turbo>0</Hd_turbo>
         <max_eff>0.80004</max_eff>
         <CPSFC>3.5521</CPSFC>
      </PEM>
   </PFM>
   <OPM>
      <LGO>
         <Transition>
            <from>0</from>
            <to>1</to>
            <time>0</time>
         </Transition>
         <Transition>
            <from>1</from>
            <to>0</to>
            <time>0</time>
         </Transition>
      </LGO>
      <HLO>
         <Transition>
            <from>0</from>
            <to>1</to>
            <time>2</time>
         </Transition>
         <Transition>
            <from>1</from>
            <to>2</to>
            <time>2</time>
         </Transition>
         <Transition>
            <from>2</from>
            <to>1</to>
            <time>2</time>
         </Transition>
         <Transition>
            <from>1</from>
            <to>0</to>
            <time>2</time>
         </Transition>
      </HLO>
   </OPM>
   <ALM>
      <GLM>
         <hmo>15000</hmo>
      </GLM>
      <KLM>
         <vmo>180</vmo>
      </KLM>
      <ELM/>
      <DLM>
         <MTOW>1400</MTOW>
         <OEW>1000</OEW>
         <MFL>200</MFL>
         <n1>3.5</n1>
         <n3>-2</n3>
         <nf1>2</nf1>
         <nf3>0</nf3>
      </DLM>
   </ALM>
   <Ground>
      <Dimensions>
         <span>12.0</span>
         <length>8.0</length>
      </Dimensions>
      <Runway>
         <TOL>500</TOL>
         <LDL>700</LDL>
      </Runway>
   </Ground>
   <ARPM>
      <AeroConfSchedule>
         <AeroPhase>
            <name>TO</name>
            <HLid>1</HLid>
            <LG>UP</LG>
         </AeroPhase>
         <AeroPhase>
            <name>IC</name>
            <HLid>0</HLid>
            <LG>UP</LG>
         </AeroPhase>
         <AeroPhase>
            <name>CR</name>
            <HLid>0</HLid>
            <LG>UP</LG>
         </AeroPhase>
         <AeroPhase>
            <name>AP</name>
            <HLid>1</HLid>
            <LG>UP</LG>
         </AeroPhase>
         <AeroPhase>
            <name>LD</name>
            <HLid>2</HLid>
            <LG>DN</LG>
         </AeroPhase>
      </AeroConfSchedule>
      <SpeedScheduleList>
         <SpeedSchedule>
            <CompanyName>Default</CompanyName>
            <SpeedPhase>
               <name>Climb</name>
               <CAS1>90</CAS1>
               <CAS2>85</CAS2>
               <M>0.2</M>
            </SpeedPhase>
            <SpeedPhase>
               <name>Cruise</name>
               <CAS1>120</CAS1>
               <CAS2>120</CAS2>
               <M>0.25</M>
            </SpeedPhase>
            <SpeedPhase>
               <name>Descent</name>
               <CAS1>150</CAS1>
               <CAS2>150</CAS2>
               <M>0.4</M>
            </SpeedPhase>
         </SpeedSchedule>
      </SpeedScheduleList>
   </ARPM>
</bada40:ACM>