<?xml version="1.0" encoding="utf-8"?>
<bada40:ACM xmlns:bada40="http://www.eurocontrol.int/eec/public/standard_page/bada40">
   <model>MD-88</model>
   <type>JET</type>
   <engine>JT8D-219</engine>
   <description/>
   <ICAO>
      <designator>MD88</designator>
      <WTC>M</WTC>
   </ICAO>
   <AFCM>
      <S>112.31977536000001000000</S>
      <Configuration HLid="0">
         <HLPosition>0000</HLPosition>
         <name>flaps  0</name>
         <vfe>280</vfe>
         <LGUP>
            <DPM_clean>
               <M_max>0.82000</M_max>
               <scalar>9.835e-007</scalar>
               <CD_clean>
                  <d>185411.29325872011000000000</d>
                  <d>-520524.73014982551000000000</d>
                  <d>610842.57781662827000000000</d>
                  <d>-316023.39921463042000000000</d>
                  <d>61098.82676231606500000000</d>
                  <d>66394.31221439101500000000</d>
                  <d>-41863.91047703169200000000</d>
                  <d>26693.94461101559100000000</d>
                  <d>-6986.79233590644070000000</d>
                  <d>652.24096241573955000000</d>
                  <d>-7913.45242085108570000000</d>
                  <d>69369.78155931769300000000</d>
                  <d>-125580.63660875818000000000</d>
                  <d>75416.72041563688300000000</d>
                  <d>-14988.05898037291400000000</d>
               </CD_clean>
            </DPM_clean>
            <BLM_clean>
               <Mmin>0.36000</Mmin>
               <Mmax>0.82000</Mmax>
               <CL_Mach0>1.18783122984078940000</CL_Mach0>
               <CL_clean>
                  <bf>-2.86739810276989000000</bf>
                  <bf>37.27314926776963900000</bf>
                  <bf>-119.24114067357425000000</bf>
                  <bf>156.66190656169829000000</bf>
                  <bf>-73.94487244829954900000</bf>
               </CL_clean>
            </BLM_clean>
         </LGUP>
         <LGDN>
            <DPM_nonclean>
               <CD_nonclean>
                  <d>0.03683000000000000200</d>
                  <d>-0.00000000000000004163</d>
                  <d>0.04662000000000005000</d>
               </CD_nonclean>
            </DPM_nonclean>
            <BLM>
               <CL_max>1.14553798120399560000</CL_max>
            </BLM>
         </LGDN>
      </Configuration>
      <Configuration HLid="1">
         <HLPosition>0005</HLPosition>
         <name>flaps  5</name>
         <vfe>280</vfe>
         <LGUP>
            <DPM_nonclean>
               <CD_nonclean>
                  <d>0.02970000000000000100</d>
                  <d>-0.00000000000000001602</d>
                  <d>0.04164000000000001700</d>
               </CD_nonclean>
            </DPM_nonclean>
            <BLM>
               <CL_max>2.07777762472675230000</CL_max>
            </BLM>
         </LGUP>
         <LGDN>
            <DPM_nonclean>
               <CD_nonclean>
                  <d>0.04610000000000000900</d>
                  <d>-0.00000000000000002054</d>
                  <d>0.04164000000000002400</d>
               </CD_nonclean>
            </DPM_nonclean>
            <BLM>
               <CL_max>1.94994560289293410000</CL_max>
            </BLM>
         </LGDN>
      </Configuration>
      <Configuration HLid="2">
         <HLPosition>0011</HLPosition>
         <name>flaps 11</name>
         <vfe>280</vfe>
         <LGUP>
            <DPM_nonclean>
               <CD_nonclean>
                  <d>0.03268999999999999700</d>
                  <d>-0.00000000000000001602</d>
                  <d>0.04216000000000001700</d>
               </CD_nonclean>
            </DPM_nonclean>
            <BLM>
               <CL_max>2.23720934562055260000</CL_max>
            </BLM>
         </LGUP>
         <LGDN>
            <DPM_nonclean>
               <CD_nonclean>
                  <d>0.04768999999999999600</d>
                  <d>0.00000000000000004807</d>
                  <d>0.04215999999999997500</d>
               </CD_nonclean>
            </DPM_nonclean>
            <BLM>
               <CL_max>2.07777762472675230000</CL_max>
            </BLM>
         </LGDN>
      </Configuration>
      <Configuration HLid="3">
         <HLPosition>0013</HLPosition>
         <name>flaps 13</name>
         <vfe>280</vfe>
         <LGUP>
            <DPM_nonclean>
               <CD_nonclean>
                  <d>0.03243000000000000000</d>
                  <d>-0.00000000000000001602</d>
                  <d>0.04342000000000000700</d>
               </CD_nonclean>
            </DPM_nonclean>
            <BLM>
               <CL_max>2.27512747300453990000</CL_max>
            </BLM>
         </LGUP>
         <LGDN>
            <DPM_nonclean>
               <CD_nonclean>
                  <d>0.04692999999999999900</d>
                  <d>-0.00000000000000003205</d>
                  <d>0.04342000000000002800</d>
               </CD_nonclean>
            </DPM_nonclean>
            <BLM>
               <CL_max>2.11169996416144110000</CL_max>
            </BLM>
         </LGDN>
      </Configuration>
      <Configuration HLid="4">
         <HLPosition>0015</HLPosition>
         <name>flaps 15</name>
         <vfe>240</vfe>
         <LGUP>
            <DPM_nonclean>
               <CD_nonclean>
                  <d>0.04510000000000000100</d>
                  <d>-0.00000000000000003103</d>
                  <d>0.03878125000000001700</d>
               </CD_nonclean>
            </DPM_nonclean>
            <BLM>
               <CL_max>2.31401783668980650000</CL_max>
            </BLM>
         </LGUP>
         <LGDN>
            <DPM_nonclean>
               <CD_nonclean>
                  <d>0.05910000000000000000</d>
                  <d>-0.00000000000000006206</d>
                  <d>0.03878125000000003800</d>
               </CD_nonclean>
            </DPM_nonclean>
            <BLM>
               <CL_max>2.14645987354191180000</CL_max>
            </BLM>
         </LGDN>
      </Configuration>
      <Configuration HLid="5">
         <HLPosition>0020</HLPosition>
         <name>flaps 20</name>
         <vfe>240</vfe>
         <LGUP>
            <DPM_nonclean>
               <CD_nonclean>
                  <d>0.04950999999999999800</d>
                  <d>-0.00557379187089238930</d>
                  <d>0.04559396937893778200</d>
               </CD_nonclean>
            </DPM_nonclean>
            <BLM>
               <CL_max>2.43686495358961390000</CL_max>
            </BLM>
         </LGUP>
         <LGDN>
            <DPM_nonclean>
               <CD_nonclean>
                  <d>0.06221000000000000100</d>
                  <d>-0.00557379187089238930</d>
                  <d>0.04559396937893778200</d>
               </CD_nonclean>
            </DPM_nonclean>
            <BLM>
               <CL_max>2.27512747300453990000</CL_max>
            </BLM>
         </LGDN>
      </Configuration>
      <Configuration HLid="6">
         <HLPosition>0024</HLPosition>
         <name>flaps 24</name>
         <vfe>220</vfe>
         <LGUP>
            <DPM_nonclean>
               <CD_nonclean>
                  <d>0.05605000000000000300</d>
                  <d>-0.00001204591507133204</d>
                  <d>0.04019786738387244600</d>
               </CD_nonclean>
            </DPM_nonclean>
            <BLM>
               <CL_max>2.54686772622755920000</CL_max>
            </BLM>
         </LGUP>
         <LGDN>
            <DPM_nonclean>
               <CD_nonclean>
                  <d>0.06775000000000000500</d>
                  <d>-0.00001204591507130237</d>
                  <d>0.04019786738387242500</d>
               </CD_nonclean>
            </DPM_nonclean>
            <BLM>
               <CL_max>2.35391396104533660000</CL_max>
            </BLM>
         </LGDN>
      </Configuration>
      <Configuration HLid="7">
         <HLPosition>0028</HLPosition>
         <name>flaps 28</name>
         <vfe>200</vfe>
         <LGUP>
            <DPM_nonclean>
               <CD_nonclean>
                  <d>0.07896999999999997100</d>
                  <d>0.00000000000000002629</d>
                  <d>0.03599999999999999000</d>
               </CD_nonclean>
            </DPM_nonclean>
            <BLM>
               <CL_max>2.59296394430632130000</CL_max>
            </BLM>
         </LGUP>
         <LGDN>
            <DPM_nonclean>
               <CD_nonclean>
                  <d>0.08976999999999997500</d>
                  <d>-0.00000000000000001457</d>
                  <d>0.03600000000000001100</d>
               </CD_nonclean>
            </DPM_nonclean>
            <BLM>
               <CL_max>2.39485082796785640000</CL_max>
            </BLM>
         </LGDN>
      </Configuration>
      <Configuration HLid="8">
         <HLPosition>0040</HLPosition>
         <name>flaps 40</name>
         <vfe>195</vfe>
         <LGUP>
            <DPM_nonclean>
               <CD_nonclean>
                  <d>0.11364993190000469000</d>
                  <d>-0.00000791243301720311</d>
                  <d>0.03558401060438157200</d>
               </CD_nonclean>
            </DPM_nonclean>
            <BLM>
               <CL_max>2.73901824055198610000</CL_max>
            </BLM>
         </LGUP>
         <LGDN>
            <DPM_nonclean>
               <CD_nonclean>
                  <d>0.12149993190000473000</d>
                  <d>-0.00000791243301726443</d>
                  <d>0.03558401060438160700</d>
               </CD_nonclean>
            </DPM_nonclean>
            <BLM>
               <CL_max>2.54686772622755920000</CL_max>
            </BLM>
         </LGDN>
      </Configuration>
   </AFCM>
   <PFM>
      <MREF>67812</MREF>
      <LHV>43217000</LHV>
      <rho>810</rho>
      <n_eng>2</n_eng>
      <TFA>17.11</TFA>
      <TFM>
         <CT>
            <a>0.00000000000000000000</a>
            <a>-0.09999999999940767400</a>
            <a>0.00000000000000000000</a>
            <a>0.00000000000000000000</a>
            <a>0.00000000000000000000</a>
            <a>0.00000000000000000000</a>
            <a>0.29999999999388183000</a>
            <a>0.00000000000000000000</a>
            <a>0.00000000000000000000</a>
            <a>0.00000000000000000000</a>
            <a>0.00000000000000000000</a>
            <a>0.00000000000000000000</a>
            <a>0.00000000000000000000</a>
            <a>0.00000000000000000000</a>
            <a>0.00000000000000000000</a>
            <a>0.00000000000000000000</a>
            <a>0.00000000000000000000</a>
            <a>0.00000000000000000000</a>
            <a>0.00000000000000000000</a>
            <a>0.00000000000000000000</a>
            <a>0.00000000000000000000</a>
            <a>0.00000000000000000000</a>
            <a>0.00000000000000000000</a>
            <a>0.00000000000000000000</a>
            <a>0.00000000000000000000</a>
            <a>0.00000000000000000000</a>
            <a>0.00000000000000000000</a>
            <a>0.00000000000000000000</a>
            <a>0.00000000000000000000</a>
            <a>0.00000000000000000000</a>
            <a>0.00000000000000000000</a>
            <a>0.00000000000000000000</a>
            <a>0.00000000000000000000</a>
            <a>0.00000000000000000000</a>
            <a>0.00000000000000000000</a>
            <a>0.00000000000000000000</a>
         </CT>
         <CF>
            <f>-0.00033464665361994405</f>
            <f>1.39628549306196010000</f>
            <f>10.06648653358396400000</f>
            <f>-83.42551789867627600000</f>
            <f>204.38709322666281000000</f>
            <f>0.12987034140476270000</f>
            <f>1.64066577225689560000</f>
            <f>-24.14823162133690800000</f>
            <f>180.26625921689427000000</f>
            <f>-387.06498061158374000000</f>
            <f>0.00000000000000000000</f>
            <f>0.00000000000000000000</f>
            <f>0.00000000000000000000</f>
            <f>0.00000000000000000000</f>
            <f>0.00000000000000000000</f>
            <f>0.00000000000000000000</f>
            <f>0.00000000000000000000</f>
            <f>0.00000000000000000000</f>
            <f>0.00000000000000000000</f>
            <f>0.00000000000000000000</f>
            <f>0.00000000000000000000</f>
            <f>0.00000000000000000000</f>
            <f>0.00000000000000000000</f>
            <f>0.00000000000000000000</f>
            <f>0.00000000000000000000</f>
         </CF>
         <MCRZ>
            <kink>-15</kink>
            <flat_rating>
               <b>4.14098276583626390000</b>
               <b>-3.06321797648227800000</b>
               <b>-2.19490754634649180000</b>
               <b>0.00000000000000000000</b>
               <b>0.00000000000000000000</b>
               <b>0.00000000000000000000</b>
               <b>-23.20940405589803400000</b>
               <b>0.56003656715094374000</b>
               <b>51.29319138835460000000</b>
               <b>0.00000000000000000000</b>
               <b>0.00000000000000000000</b>
               <b>0.00000000000000000000</b>
               <b>60.34719561332038800000</b>
               <b>81.05842772367147100000</b>
               <b>-252.24716749138392000000</b>
               <b>0.00000000000000000000</b>
               <b>0.00000000000000000000</b>
               <b>0.00000000000000000000</b>
               <b>-69.57569168696713300000</b>
               <b>-250.67934035145944000000</b>
               <b>511.19364360420565000000</b>
               <b>0.00000000000000000000</b>
               <b>0.00000000000000000000</b>
               <b>0.00000000000000000000</b>
               <b>33.67746249034677000000</b>
               <b>276.64698577986331000000</b>
               <b>-464.20468570702786000000</b>
               <b>0.00000000000000000000</b>
               <b>0.00000000000000000000</b>
               <b>0.00000000000000000000</b>
               <b>-4.46681350562898680000</b>
               <b>-105.08561431195504000000</b>
               <b>156.91805141053567000000</b>
               <b>0.00000000000000000000</b>
               <b>0.00000000000000000000</b>
               <b>0.00000000000000000000</b>
            </flat_rating>
            <temp_rating>
               <c>-12.48820102940577400000</c>
               <c>681.06431691536920000000</c>
               <c>-1087.58279421662380000000</c>
               <c>0.00000000000000000000</c>
               <c>0.00000000000000000000</c>
               <c>138.02258702019881000000</c>
               <c>-3149.87547648360710000000</c>
               <c>4816.33107289170580000000</c>
               <c>0.00000000000000000000</c>
               <c>0.00000000000000000000</c>
               <c>-341.93398809500462000000</c>
               <c>5398.92418223654750000000</c>
               <c>-7950.85432329033760000000</c>
               <c>0.00000000000000000000</c>
               <c>0.00000000000000000000</c>
               <c>320.55390269842053000000</c>
               <c>-4054.20965936620000000000</c>
               <c>5786.32173638165930000000</c>
               <c>0.00000000000000000000</c>
               <c>0.00000000000000000000</c>
               <c>-104.26140107899505000000</c>
               <c>1128.02212148067930000000</c>
               <c>-1567.78952175585250000000</c>
               <c>0.00000000000000000000</c>
               <c>0.00000000000000000000</c>
               <c>6.36967626525659640000</c>
               <c>-32.63493770885315100000</c>
               <c>35.10686916291115300000</c>
               <c>0.00000000000000000000</c>
               <c>0.00000000000000000000</c>
               <c>-17.93644854880472600000</c>
               <c>94.02735965609419100000</c>
               <c>-105.14217909662131000000</c>
               <c>0.00000000000000000000</c>
               <c>0.00000000000000000000</c>
               <c>21.68208377567438200000</c>
               <c>-114.77161352413148000000</c>
               <c>131.78902187493375000000</c>
               <c>0.00000000000000000000</c>
               <c>0.00000000000000000000</c>
               <c>-9.41717547951131980000</c>
               <c>50.06271734844585100000</c>
               <c>-58.52988617429942800000</c>
               <c>0.00000000000000000000</c>
               <c>0.00000000000000000000</c>
            </temp_rating>
         </MCRZ>
         <MCMB>
            <kink>-15</kink>
            <flat_rating>
               <b>-3.40266016882232950000</b>
               <b>12.59907898538909500000</b>
               <b>-8.65847802620026030000</b>
               <b>0.00000000000000000000</b>
               <b>0.00000000000000000000</b>
               <b>0.00000000000000000000</b>
               <b>42.17676191284154200000</b>
               <b>-123.37155578592763000000</b>
               <b>91.63944035971056200000</b>
               <b>0.00000000000000000000</b>
               <b>0.00000000000000000000</b>
               <b>0.00000000000000000000</b>
               <b>-149.85204225658123000000</b>
               <b>436.15676461649213000000</b>
               <b>-330.04196573133152000000</b>
               <b>0.00000000000000000000</b>
               <b>0.00000000000000000000</b>
               <b>0.00000000000000000000</b>
               <b>252.34132728211429000000</b>
               <b>-734.72469179805069000000</b>
               <b>575.88401636231845000000</b>
               <b>0.00000000000000000000</b>
               <b>0.00000000000000000000</b>
               <b>0.00000000000000000000</b>
               <b>-205.21508335937858000000</b>
               <b>605.81595273341929000000</b>
               <b>-502.30836139755314000000</b>
               <b>0.00000000000000000000</b>
               <b>0.00000000000000000000</b>
               <b>0.00000000000000000000</b>
               <b>65.14812111036064800000</b>
               <b>-197.96412598183295000000</b>
               <b>175.49491131801042000000</b>
               <b>0.00000000000000000000</b>
               <b>0.00000000000000000000</b>
               <b>0.00000000000000000000</b>
            </flat_rating>
            <temp_rating>
               <c>-949.29561267958934000000</c>
               <c>2155.05078658444110000000</c>
               <c>-1163.98823863743180000000</c>
               <c>0.00000000000000000000</c>
               <c>0.00000000000000000000</c>
               <c>3866.45479996019690000000</c>
               <c>-8657.04997289904350000000</c>
               <c>4575.22764450339860000000</c>
               <c>0.00000000000000000000</c>
               <c>0.00000000000000000000</c>
               <c>-5875.54647596331050000000</c>
               <c>12985.57922515416400000000</c>
               <c>-6708.70354221807430000000</c>
               <c>0.00000000000000000000</c>
               <c>0.00000000000000000000</c>
               <c>3955.56026994087820000000</c>
               <c>-8628.95024725846270000000</c>
               <c>4358.12626428632030000000</c>
               <c>0.00000000000000000000</c>
               <c>0.00000000000000000000</c>
               <c>-996.09546922109041000000</c>
               <c>2145.04824837910660000000</c>
               <c>-1060.11757390799680000000</c>
               <c>0.00000000000000000000</c>
               <c>0.00000000000000000000</c>
               <c>-1.34943994631396550000</c>
               <c>1.44378623007705960000</c>
               <c>0.97535357650253485000</c>
               <c>0.00000000000000000000</c>
               <c>0.00000000000000000000</c>
               <c>2.41055627792505640000</c>
               <c>-0.66884353161669496000</c>
               <c>-5.46421075458268300000</c>
               <c>0.00000000000000000000</c>
               <c>0.00000000000000000000</c>
               <c>-1.51629162296503160000</c>
               <c>-3.32626765382855230000</c>
               <c>9.02680261119059860000</c>
               <c>0.00000000000000000000</c>
               <c>0.00000000000000000000</c>
               <c>0.26931185448136197000</c>
               <c>2.28288633454893790000</c>
               <c>-3.86927583445057980000</c>
               <c>0.00000000000000000000</c>
               <c>0.00000000000000000000</c>
            </temp_rating>
         </MCMB>
         <MTKF>
            <kink>-15</kink>
            <flat_rating>
               <b>8.71997961405468660000</b>
               <b>-19.62801710651135400000</b>
               <b>14.75271138788086500000</b>
               <b>0.00000000000000000000</b>
               <b>0.00000000000000000000</b>
               <b>0.00000000000000000000</b>
               <b>-37.19417994273942400000</b>
               <b>68.72928867247253500000</b>
               <b>-38.67351481640470500000</b>
               <b>0.00000000000000000000</b>
               <b>0.00000000000000000000</b>
               <b>0.00000000000000000000</b>
               <b>50.98645119524906000000</b>
               <b>11.56875484834095500000</b>
               <b>-70.86800679337298400000</b>
               <b>0.00000000000000000000</b>
               <b>0.00000000000000000000</b>
               <b>0.00000000000000000000</b>
               <b>5.36462579110764270000</b>
               <b>-306.24714557974170000000</b>
               <b>354.81059066907733000000</b>
               <b>0.00000000000000000000</b>
               <b>0.00000000000000000000</b>
               <b>0.00000000000000000000</b>
               <b>-55.75317378119809300000</b>
               <b>408.20429159409531000000</b>
               <b>-421.53175830419298000000</b>
               <b>0.00000000000000000000</b>
               <b>0.00000000000000000000</b>
               <b>0.00000000000000000000</b>
               <b>28.80124182118299100000</b>
               <b>-162.95504009019297000000</b>
               <b>162.18365429557792000000</b>
               <b>0.00000000000000000000</b>
               <b>0.00000000000000000000</b>
               <b>0.00000000000000000000</b>
            </flat_rating>
            <temp_rating>
               <c>-207.47202125249217000000</c>
               <c>1052.96395129149230000000</c>
               <c>-1445.46540395113990000000</c>
               <c>0.00000000000000000000</c>
               <c>0.00000000000000000000</c>
               <c>861.35587631070007000000</c>
               <c>-4301.69973552621100000000</c>
               <c>5945.34596564621820000000</c>
               <c>0.00000000000000000000</c>
               <c>0.00000000000000000000</c>
               <c>-1297.15671999265240000000</c>
               <c>6433.29948773611070000000</c>
               <c>-9001.37344170085630000000</c>
               <c>0.00000000000000000000</c>
               <c>0.00000000000000000000</c>
               <c>875.27041233472664000000</c>
               <c>-4290.84351428093400000000</c>
               <c>6064.88075408573510000000</c>
               <c>0.00000000000000000000</c>
               <c>0.00000000000000000000</c>
               <c>-223.37448027431245000000</c>
               <c>1077.17679638222310000000</c>
               <c>-1534.35832395941570000000</c>
               <c>0.00000000000000000000</c>
               <c>0.00000000000000000000</c>
               <c>-43.65322443048113900000</c>
               <c>167.97732119062016000000</c>
               <c>-169.76002296995452000000</c>
               <c>0.00000000000000000000</c>
               <c>0.00000000000000000000</c>
               <c>92.73244761202140300000</c>
               <c>-364.26339784793487000000</c>
               <c>380.30367828730039000000</c>
               <c>0.00000000000000000000</c>
               <c>0.00000000000000000000</c>
               <c>-86.58791973105003600000</c>
               <c>346.04076632371601000000</c>
               <c>-372.98413371167169000000</c>
               <c>0.00000000000000000000</c>
               <c>0.00000000000000000000</c>
               <c>29.89977326424440900000</c>
               <c>-121.35794848519178000000</c>
               <c>134.69971882845678000000</c>
               <c>0.00000000000000000000</c>
               <c>0.00000000000000000000</c>
            </temp_rating>
         </MTKF>
         <LIDL>
            <CT>
               <ti>0.01646469667553544800</ti>
               <ti>-0.04165966971255337400</ti>
               <ti>0.14147338065146689000</ti>
               <ti>-0.13638186703017338000</ti>
               <ti>-0.03871535964921674800</ti>
               <ti>0.35441413793005633000</ti>
               <ti>-1.18778481272004010000</ti>
               <ti>1.00193526223104330000</ti>
               <ti>0.06946526602338662400</ti>
               <ti>-0.65600310201068535000</ti>
               <ti>1.76658536218658970000</ti>
               <ti>-1.37300009367316460000</ti>
            </CT>
            <CF>
               <fi>0.06140981125100874300</fi>
               <fi>-0.08895887558926837700</fi>
               <fi>0.07293537313963066600</fi>
               <fi>-0.03552801590446352100</fi>
               <fi>-0.03468007565496232500</fi>
               <fi>0.07827024423102543800</fi>
               <fi>-0.02310509270982385300</fi>
               <fi>0.25722242994437222000</fi>
               <fi>-0.22749203023222506000</fi>
            </CF>
         </LIDL>
         <throttle>
            <low>0.49473015637533990000</low>
            <high>1.43061803219940310000</high>
         </throttle>
      </TFM>
   </PFM>
   <OPM>
      <LGO>
         <Transition>
            <from>0</from>
            <to>1</to>
            <time>12</time>
         </Transition>
         <Transition>
            <from>1</from>
            <to>0</to>
            <time>8.9</time>
         </Transition>
      </LGO>
      <HLO>
         <Transition>
            <from>0</from>
            <to>1</to>
            <time>1.5</time>
         </Transition>
         <Transition>
            <from>1</from>
            <to>2</to>
            <time>2.1</time>
         </Transition>
         <Transition>
            <from>2</from>
            <to>3</to>
            <time>0.8</time>
         </Transition>
         <Transition>
            <from>3</from>
            <to>4</to>
            <time>0.8</time>
         </Transition>
         <Transition>
            <from>4</from>
            <to>5</to>
            <time>2.2</time>
         </Transition>
         <Transition>
            <from>5</from>
            <to>6</to>
            <time>2</time>
         </Transition>
         <Transition>
            <from>6</from>
            <to>7</to>
            <time>2</time>
         </Transition>
         <Transition>
            <from>7</from>
            <to>8</to>
            <time>6.6</time>
         </Transition>
         <Transition>
            <from>8</from>
            <to>7</to>
            <time>6.1</time>
         </Transition>
         <Transition>
            <from>7</from>
            <to>6</to>
            <time>2.1</time>
         </Transition>
         <Transition>
            <from>6</from>
            <to>5</to>
            <time>2.2</time>
         </Transition>
         <Transition>
            <from>5</from>
            <to>4</to>
            <time>2.9</time>
         </Transition>
         <Transition>
            <from>4</from>
            <to>3</to>
            <time>1.4</time>
         </Transition>
         <Transition>
            <from>3</from>
            <to>2</to>
            <time>2</time>
         </Transition>
         <Transition>
            <from>2</from>
            <to>1</to>
            <time>3.6</time>
         </Transition>
         <Transition>
            <from>1</from>
            <to>0</to>
            <time>3.5</time>
         </Transition>
      </HLO>
   </OPM>
   <ALM>
      <GLM>
         <hmo>37000</hmo>
         <mfa>20000</mfa>
      </GLM>
      <KLM>
         <mmo>0.82</mmo>
         <vmo>340</vmo>
         <mle>0.7</mle>
         <vle>300</vle>
         <mlo>0.7</mlo>
         <vloe>300</vloe>
         <vlor>250</vlor>
      </KLM>
      <ELM>
         <Tmin_f>
            <point>
               <Hp>-2000.0</Hp>
               <DeltaT>-69.00000000000000000000</DeltaT>
            </point>
            <point>
               <Hp>8500.0</Hp>
               <DeltaT>-69.00000000000000000000</DeltaT>
            </point>
            <point>
               <Hp>8501.0</Hp>
               <DeltaT>-74.00000000000000000000</DeltaT>
            </point>
            <point>
               <Hp>36089.0</Hp>
               <DeltaT>-20.00000000000000000000</DeltaT>
            </point>
            <point>
               <Hp>37000.0</Hp>
               <DeltaT>-20.00000000000000000000</DeltaT>
            </point>
         </Tmin_f>
         <Tmax_f>
            <point>
               <Hp>-2000.0</Hp>
               <DeltaT>35.00000000000000000000</DeltaT>
            </point>
            <point>
               <Hp>2500.0</Hp>
               <DeltaT>35.00000000000000000000</DeltaT>
            </point>
            <point>
               <Hp>2501.0</Hp>
               <DeltaT>40.00000000000000000000</DeltaT>
            </point>
            <point>
               <Hp>8500.0</Hp>
               <DeltaT>40.00000000000000000000</DeltaT>
            </point>
            <point>
               <Hp>8501.0</Hp>
               <DeltaT>35.00000000000000000000</DeltaT>
            </point>
            <point>
               <Hp>37000.0</Hp>
               <DeltaT>35.00000000000000000000</DeltaT>
            </point>
         </Tmax_f>
         <Tmin_g>
            <point>
               <Hp>-2000.0</Hp>
               <DeltaT>-69.00000000000000000000</DeltaT>
            </point>
            <point>
               <Hp>8500.0</Hp>
               <DeltaT>-69.00000000000000000000</DeltaT>
            </point>
         </Tmin_g>
         <Tmax_g>
            <point>
               <Hp>-2000.0</Hp>
               <DeltaT>35.00000000000000000000</DeltaT>
            </point>
            <point>
               <Hp>2500.0</Hp>
               <DeltaT>35.00000000000000000000</DeltaT>
            </point>
            <point>
               <Hp>2501.0</Hp>
               <DeltaT>40.00000000000000000000</DeltaT>
            </point>
            <point>
               <Hp>8500.0</Hp>
               <DeltaT>40.00000000000000000000</DeltaT>
            </point>
         </Tmax_g>
      </ELM>
      <DLM>
         <MTW>68266</MTW>
         <MTOW>67812</MTOW>
         <MLW>58967</MLW>
         <MZFW>55338</MZFW>
         <OEW>35369</OEW>
         <MPL>19969</MPL>
         <MFL>22129</MFL>
         <n1>2.5</n1>
         <n3>-1</n3>
         <nf1>2</nf1>
         <nf3>0</nf3>
      </DLM>
   </ALM>
   <Ground>
      <Dimensions>
         <span>32.85</span>
         <length>45.02</length>
      </Dimensions>
      <Runway>
         <TOL>2250</TOL>
         <LDL>1450</LDL>
      </Runway>
   </Ground>
   <ARPM>
      <AeroConfSchedule>
         <AeroPhase>
            <name>TO</name>
            <HLid>2</HLid>
            <LG>UP</LG>
         </AeroPhase>
         <AeroPhase>
            <name>IC</name>
            <HLid>0</HLid>
            <LG>UP</LG>
         </AeroPhase>
         <AeroPhase>
            <name>CR</name>
            <HLid>0</HLid>
            <LG>UP</LG>
         </AeroPhase>
         <AeroPhase>
            <name>AP</name>
            <HLid>6</HLid>
            <LG>UP</LG>
         </AeroPhase>
         <AeroPhase>
            <name>LD</name>
            <HLid>8</HLid>
            <LG>DN</LG>
         </AeroPhase>
      </AeroConfSchedule>
      <SpeedScheduleList>
         <SpeedSchedule>
            <CompanyName>Default</CompanyName>
            <SpeedPhase>
               <name>Climb</name>
               <CAS1>250</CAS1>
               <CAS2>310</CAS2>
               <M>0.76</M>
            </SpeedPhase>
            <SpeedPhase>
               <name>Cruise</name>
               <CAS1>250</CAS1>
               <CAS2>290</CAS2>
               <M>0.76</M>
            </SpeedPhase>
            <SpeedPhase>
               <name>Descent</name>
               <CAS1>250</CAS1>
               <CAS2>290</CAS2>
               <M>0.76</M>
            </SpeedPhase>
         </SpeedSchedule>
      </SpeedScheduleList>
   </ARPM>
</bada40:ACM>