<?xml version="1.0" encoding="utf-8"?>
<bada40:ACM xmlns:bada40="http://www.eurocontrol.int/eec/public/standard_page/bada40">
   <model>757-300</model>
   <type>JET</type>
   <engine>RB211-535E4B</engine>
   <description>no winglets</description>
   <ICAO>
      <designator>B753</designator>
      <WTC>M</WTC>
   </ICAO>
   <AFCM>
      <S>181.25383104000002000000</S>
      <Configuration HLid="0">
         <HLPosition>0000</HLPosition>
         <name>flaps  0</name>
         <vfe>350</vfe>
         <LGUP>
            <DPM_clean>
               <M_max>0.84000</M_max>
               <scalar>9.835e-007</scalar>
               <CD_clean>
                  <d>-1296390.64728202690000000000</d>
                  <d>3667958.97728744290000000000</d>
                  <d>-3802072.19579783500000000000</d>
                  <d>1732539.69330126980000000000</d>
                  <d>-292562.49808170821000000000</d>
                  <d>120054.54485679150000000000</d>
                  <d>-114323.04829488929000000000</d>
                  <d>59089.06251162717700000000</d>
                  <d>-12706.75417865398800000000</d>
                  <d>944.81271051299336000000</d>
                  <d>-4525.23336425580870000000</d>
                  <d>43350.06409757834600000000</d>
                  <d>-78611.78356693843700000000</d>
                  <d>47688.34572816520800000000</d>
                  <d>-9641.32793800577930000000</d>
               </CD_clean>
            </DPM_clean>
            <BLM_clean>
               <Mmin>0.40000</Mmin>
               <Mmax>0.86000</Mmax>
               <CL_Mach0>1.05390209420605330000</CL_Mach0>
               <CL_clean>
                  <bf>-5.78326393153934680000</bf>
                  <bf>52.52981011567666100000</bf>
                  <bf>-143.63715617049786000000</bf>
                  <bf>167.50353563060088000000</bf>
                  <bf>-71.55420927900134100000</bf>
               </CL_clean>
            </BLM_clean>
         </LGUP>
         <LGDN>
            <DPM_nonclean>
               <CD_nonclean>
                  <d>0.05437301857585134800</d>
                  <d>-0.01877334881320933500</d>
                  <d>0.05846594427244570400</d>
               </CD_nonclean>
            </DPM_nonclean>
            <BLM>
               <CL_max>1.05390209420605330000</CL_max>
            </BLM>
         </LGDN>
      </Configuration>
      <Configuration HLid="1">
         <HLPosition>0001</HLPosition>
         <name>flaps  1</name>
         <vfe>245</vfe>
         <LGUP>
            <DPM_nonclean>
               <CD_nonclean>
                  <d>0.03792190023041638900</d>
                  <d>-0.04361710442484532900</d>
                  <d>0.07364200523693356600</d>
               </CD_nonclean>
            </DPM_nonclean>
            <BLM>
               <CL_max>1.48945036542396810000</CL_max>
            </BLM>
         </LGUP>
         <LGDN>
            <DPM_nonclean>
               <CD_nonclean>
                  <d>0.07547058970064994500</d>
                  <d>-0.05690908454310014000</d>
                  <d>0.07757742497958646000</d>
               </CD_nonclean>
            </DPM_nonclean>
            <BLM>
               <CL_max>1.48945036542396810000</CL_max>
            </BLM>
         </LGDN>
      </Configuration>
      <Configuration HLid="2">
         <HLPosition>0005</HLPosition>
         <name>flaps  5</name>
         <vfe>225</vfe>
         <LGUP>
            <DPM_nonclean>
               <CD_nonclean>
                  <d>0.04225986693297967300</d>
                  <d>-0.03892446427016407800</d>
                  <d>0.06407412485947867900</d>
               </CD_nonclean>
            </DPM_nonclean>
            <BLM>
               <CL_max>1.69624473839134590000</CL_max>
            </BLM>
         </LGUP>
         <LGDN>
            <DPM_nonclean>
               <CD_nonclean>
                  <d>0.07936250179717746500</d>
                  <d>-0.05334593871331819200</d>
                  <d>0.06713322877934063700</d>
               </CD_nonclean>
            </DPM_nonclean>
            <BLM>
               <CL_max>1.69624473839134590000</CL_max>
            </BLM>
         </LGDN>
      </Configuration>
      <Configuration HLid="3">
         <HLPosition>0015</HLPosition>
         <name>flaps 15</name>
         <vfe>215</vfe>
         <LGUP>
            <DPM_nonclean>
               <CD_nonclean>
                  <d>0.05432342123094296300</d>
                  <d>-0.05083195369847543600</d>
                  <d>0.06629373235460192500</d>
               </CD_nonclean>
            </DPM_nonclean>
            <BLM>
               <CL_max>1.83028487005318440000</CL_max>
            </BLM>
         </LGUP>
         <LGDN>
            <DPM_nonclean>
               <CD_nonclean>
                  <d>0.09067320091988365100</d>
                  <d>-0.06433357378724745300</d>
                  <d>0.06891064549099776300</d>
               </CD_nonclean>
            </DPM_nonclean>
            <BLM>
               <CL_max>1.83028487005318440000</CL_max>
            </BLM>
         </LGDN>
      </Configuration>
      <Configuration HLid="4">
         <HLPosition>0020</HLPosition>
         <name>flaps 20</name>
         <vfe>205</vfe>
         <LGUP>
            <DPM_nonclean>
               <CD_nonclean>
                  <d>0.06659976138868130300</d>
                  <d>-0.05052942460064463500</d>
                  <d>0.06252681007631913400</d>
               </CD_nonclean>
            </DPM_nonclean>
            <BLM>
               <CL_max>1.98086436801217760000</CL_max>
            </BLM>
         </LGUP>
         <LGDN>
            <DPM_nonclean>
               <CD_nonclean>
                  <d>0.10213492718711839000</d>
                  <d>-0.06253255924300074600</d>
                  <d>0.06416815449627502600</d>
               </CD_nonclean>
            </DPM_nonclean>
            <BLM>
               <CL_max>1.98086436801217760000</CL_max>
            </BLM>
         </LGDN>
      </Configuration>
      <Configuration HLid="5">
         <HLPosition>0025</HLPosition>
         <name>flaps 25</name>
         <vfe>190</vfe>
         <LGDN>
            <DPM_nonclean>
               <CD_nonclean>
                  <d>0.15909821200058955000</d>
                  <d>-0.09769424443461567600</d>
                  <d>0.07520890461447725400</d>
               </CD_nonclean>
            </DPM_nonclean>
            <BLM>
               <CL_max>2.22498141007778250000</CL_max>
            </BLM>
         </LGDN>
      </Configuration>
      <Configuration HLid="6">
         <HLPosition>0030</HLPosition>
         <name>flaps 30</name>
         <vfe>168</vfe>
         <LGDN>
            <DPM_nonclean>
               <CD_nonclean>
                  <d>0.18886313017838688000</d>
                  <d>-0.09875788883974602500</d>
                  <d>0.07453575114256212600</d>
               </CD_nonclean>
            </DPM_nonclean>
            <BLM>
               <CL_max>2.38529019676990520000</CL_max>
            </BLM>
         </LGDN>
      </Configuration>
   </AFCM>
   <PFM>
      <MREF>122470</MREF>
      <LHV>43217000</LHV>
      <rho>810</rho>
      <n_eng>2</n_eng>
      <TFA>18</TFA>
      <TFM>
         <CT>
            <a>0.00000000000000000000</a>
            <a>-0.10000000003957293000</a>
            <a>0.00000000000000000000</a>
            <a>0.00000000000000000000</a>
            <a>0.00000000000000000000</a>
            <a>0.00000000000000000000</a>
            <a>0.30000000008481431000</a>
            <a>0.00000000000000000000</a>
            <a>0.00000000000000000000</a>
            <a>0.00000000000000000000</a>
            <a>0.00000000000000000000</a>
            <a>0.00000000000000000000</a>
            <a>0.00000000000000000000</a>
            <a>0.00000000000000000000</a>
            <a>0.00000000000000000000</a>
            <a>0.00000000000000000000</a>
            <a>0.00000000000000000000</a>
            <a>0.00000000000000000000</a>
            <a>0.00000000000000000000</a>
            <a>0.00000000000000000000</a>
            <a>0.00000000000000000000</a>
            <a>0.00000000000000000000</a>
            <a>0.00000000000000000000</a>
            <a>0.00000000000000000000</a>
            <a>0.00000000000000000000</a>
            <a>0.00000000000000000000</a>
            <a>0.00000000000000000000</a>
            <a>0.00000000000000000000</a>
            <a>0.00000000000000000000</a>
            <a>0.00000000000000000000</a>
            <a>0.00000000000000000000</a>
            <a>0.00000000000000000000</a>
            <a>0.00000000000000000000</a>
            <a>0.00000000000000000000</a>
            <a>0.00000000000000000000</a>
            <a>0.00000000000000000000</a>
         </CT>
         <CF>
            <f>-0.02513626398726103900</f>
            <f>3.01214572456729580000</f>
            <f>-26.24308256224940900000</f>
            <f>143.66574487085001000000</f>
            <f>-254.61473788879141000000</f>
            <f>0.14421536507652763000</f>
            <f>-1.46542083672126360000</f>
            <f>36.34331465525316700000</f>
            <f>-193.82708289505450000000</f>
            <f>348.90344582328515000000</f>
            <f>0.00000000000000000000</f>
            <f>0.00000000000000000000</f>
            <f>0.00000000000000000000</f>
            <f>0.00000000000000000000</f>
            <f>0.00000000000000000000</f>
            <f>0.00000000000000000000</f>
            <f>0.00000000000000000000</f>
            <f>0.00000000000000000000</f>
            <f>0.00000000000000000000</f>
            <f>0.00000000000000000000</f>
            <f>0.00000000000000000000</f>
            <f>0.00000000000000000000</f>
            <f>0.00000000000000000000</f>
            <f>0.00000000000000000000</f>
            <f>0.00000000000000000000</f>
         </CF>
         <MCRZ>
            <kink>10</kink>
            <flat_rating>
               <b>4.22163749928845440000</b>
               <b>-7.52771052484935680000</b>
               <b>3.36518242058645620000</b>
               <b>0.00000000000000000000</b>
               <b>0.00000000000000000000</b>
               <b>0.00000000000000000000</b>
               <b>-29.56935422707319100000</b>
               <b>64.67937470408834600000</b>
               <b>-17.93802608987066800000</b>
               <b>0.00000000000000000000</b>
               <b>0.00000000000000000000</b>
               <b>0.00000000000000000000</b>
               <b>96.36865062975263600000</b>
               <b>-184.29110018248076000000</b>
               <b>-2.18420707906491090000</b>
               <b>0.00000000000000000000</b>
               <b>0.00000000000000000000</b>
               <b>0.00000000000000000000</b>
               <b>-143.89788729152406000000</b>
               <b>202.96622810241848000000</b>
               <b>141.58212654819675000000</b>
               <b>0.00000000000000000000</b>
               <b>0.00000000000000000000</b>
               <b>0.00000000000000000000</b>
               <b>97.41512176279647400000</b>
               <b>-61.59718800144236200000</b>
               <b>-239.29402526457554000000</b>
               <b>0.00000000000000000000</b>
               <b>0.00000000000000000000</b>
               <b>0.00000000000000000000</b>
               <b>-23.60094769882545800000</b>
               <b>-16.04454257443334300000</b>
               <b>116.75816507925592000000</b>
               <b>0.00000000000000000000</b>
               <b>0.00000000000000000000</b>
               <b>0.00000000000000000000</b>
            </flat_rating>
            <temp_rating>
               <c>-327.72853089748696000000</c>
               <c>1218.59276772560500000000</c>
               <c>-1271.88705035038790000000</c>
               <c>0.00000000000000000000</c>
               <c>0.00000000000000000000</c>
               <c>1356.86679879433150000000</c>
               <c>-5017.64397293374900000000</c>
               <c>5218.60782786036630000000</c>
               <c>0.00000000000000000000</c>
               <c>0.00000000000000000000</c>
               <c>-2088.73189200920390000000</c>
               <c>7726.52796410811520000000</c>
               <c>-8007.91671945580670000000</c>
               <c>0.00000000000000000000</c>
               <c>0.00000000000000000000</c>
               <c>1420.32386836091700000000</c>
               <c>-5267.93038272958260000000</c>
               <c>5443.11126532376060000000</c>
               <c>0.00000000000000000000</c>
               <c>0.00000000000000000000</c>
               <c>-360.67052365418334000000</c>
               <c>1342.52153978663820000000</c>
               <c>-1383.51775665561810000000</c>
               <c>0.00000000000000000000</c>
               <c>0.00000000000000000000</c>
               <c>4.15548956092265160000</c>
               <c>-16.66795603895483800000</c>
               <c>16.12604716602275800000</c>
               <c>0.00000000000000000000</c>
               <c>0.00000000000000000000</c>
               <c>-10.45913075104000000000</c>
               <c>45.76042068744649800000</c>
               <c>-44.72937248455028200000</c>
               <c>0.00000000000000000000</c>
               <c>0.00000000000000000000</c>
               <c>11.69704626110019100000</c>
               <c>-53.99828787339236400000</c>
               <c>53.29011229646287300000</c>
               <c>0.00000000000000000000</c>
               <c>0.00000000000000000000</c>
               <c>-4.67966520491527050000</c>
               <c>22.34394749793685300000</c>
               <c>-22.12391155900543500000</c>
               <c>0.00000000000000000000</c>
               <c>0.00000000000000000000</c>
            </temp_rating>
         </MCRZ>
         <MCMB>
            <kink>10</kink>
            <flat_rating>
               <b>5.21275755265384430000</b>
               <b>-9.20532645468221840000</b>
               <b>4.16165214317702150000</b>
               <b>0.00000000000000000000</b>
               <b>0.00000000000000000000</b>
               <b>0.00000000000000000000</b>
               <b>-36.20457475551489800000</b>
               <b>72.55969312370021400000</b>
               <b>-19.63466736748132700000</b>
               <b>0.00000000000000000000</b>
               <b>0.00000000000000000000</b>
               <b>0.00000000000000000000</b>
               <b>111.63365157983800000000</b>
               <b>-187.05323244253049000000</b>
               <b>-10.90753666702854100000</b>
               <b>0.00000000000000000000</b>
               <b>0.00000000000000000000</b>
               <b>0.00000000000000000000</b>
               <b>-157.30549959861969000000</b>
               <b>175.12824018832825000000</b>
               <b>170.55435151546098000000</b>
               <b>0.00000000000000000000</b>
               <b>0.00000000000000000000</b>
               <b>0.00000000000000000000</b>
               <b>100.39988675923009000000</b>
               <b>-21.23495707433312100000</b>
               <b>-266.67254159578238000000</b>
               <b>0.00000000000000000000</b>
               <b>0.00000000000000000000</b>
               <b>0.00000000000000000000</b>
               <b>-22.72776153694747600000</b>
               <b>-32.00504139042894300000</b>
               <b>124.70349700208276000000</b>
               <b>0.00000000000000000000</b>
               <b>0.00000000000000000000</b>
               <b>0.00000000000000000000</b>
            </flat_rating>
            <temp_rating>
               <c>-166.02361675831116000000</c>
               <c>522.89518426726625000000</c>
               <c>-509.03157263860686000000</c>
               <c>0.00000000000000000000</c>
               <c>0.00000000000000000000</c>
               <c>656.59773608268665000000</c>
               <c>-2051.36863213616200000000</c>
               <c>1991.87898203962730000000</c>
               <c>0.00000000000000000000</c>
               <c>0.00000000000000000000</c>
               <c>-959.85786387484836000000</c>
               <c>3007.34380089604380000000</c>
               <c>-2911.08818686703400000000</c>
               <c>0.00000000000000000000</c>
               <c>0.00000000000000000000</c>
               <c>617.76849489534879000000</c>
               <c>-1948.48468607284710000000</c>
               <c>1880.93148863083730000000</c>
               <c>0.00000000000000000000</c>
               <c>0.00000000000000000000</c>
               <c>-148.21615857330795000000</c>
               <c>471.27670590166838000000</c>
               <c>-453.90605625371325000000</c>
               <c>0.00000000000000000000</c>
               <c>0.00000000000000000000</c>
               <c>2.91208399998529140000</c>
               <c>-13.04511131116683100000</c>
               <c>13.04227184105937300000</c>
               <c>0.00000000000000000000</c>
               <c>0.00000000000000000000</c>
               <c>-7.12896828376662310000</c>
               <c>35.65288836747540600000</c>
               <c>-36.54658905883518100000</c>
               <c>0.00000000000000000000</c>
               <c>0.00000000000000000000</c>
               <c>8.42226607151523330000</c>
               <c>-43.71212726373237700000</c>
               <c>45.45993336915124400000</c>
               <c>0.00000000000000000000</c>
               <c>0.00000000000000000000</c>
               <c>-3.62551510323754210000</c>
               <c>18.92324138654142000000</c>
               <c>-19.75725734334147900000</c>
               <c>0.00000000000000000000</c>
               <c>0.00000000000000000000</c>
            </temp_rating>
         </MCMB>
         <MTKF>
            <kink>10</kink>
            <flat_rating>
               <b>24.85580578293255300000</b>
               <b>-67.73039833705082900000</b>
               <b>45.32172425817741900000</b>
               <b>0.00000000000000000000</b>
               <b>0.00000000000000000000</b>
               <b>0.00000000000000000000</b>
               <b>-185.08570156952217000000</b>
               <b>515.83592388440957000000</b>
               <b>-333.47253805357485000000</b>
               <b>0.00000000000000000000</b>
               <b>0.00000000000000000000</b>
               <b>0.00000000000000000000</b>
               <b>559.65539538273515000000</b>
               <b>-1539.44121678736220000000</b>
               <b>979.28914623932258000000</b>
               <b>0.00000000000000000000</b>
               <b>0.00000000000000000000</b>
               <b>0.00000000000000000000</b>
               <b>-831.49375464268167000000</b>
               <b>2277.52663958639960000000</b>
               <b>-1459.08315128434290000000</b>
               <b>0.00000000000000000000</b>
               <b>0.00000000000000000000</b>
               <b>0.00000000000000000000</b>
               <b>614.92597393603455000000</b>
               <b>-1705.32063120349200000000</b>
               <b>1134.95594925414340000000</b>
               <b>0.00000000000000000000</b>
               <b>0.00000000000000000000</b>
               <b>0.00000000000000000000</b>
               <b>-182.68305077785396000000</b>
               <b>523.55205388364448000000</b>
               <b>-373.47414687166747000000</b>
               <b>0.00000000000000000000</b>
               <b>0.00000000000000000000</b>
               <b>0.00000000000000000000</b>
            </flat_rating>
            <temp_rating>
               <c>2112.86124803717350000000</c>
               <c>-8612.71075762907280000000</c>
               <c>9248.58836067323500000000</c>
               <c>0.00000000000000000000</c>
               <c>0.00000000000000000000</c>
               <c>-8490.12533042208090000000</c>
               <c>34687.63462519013400000000</c>
               <c>-37277.66246453139300000000</c>
               <c>0.00000000000000000000</c>
               <c>0.00000000000000000000</c>
               <c>12773.39906355111600000000</c>
               <c>-52297.45778110429800000000</c>
               <c>56252.55283878436600000000</c>
               <c>0.00000000000000000000</c>
               <c>0.00000000000000000000</c>
               <c>-8522.83641043348140000000</c>
               <c>34976.59158766189600000000</c>
               <c>-37667.31344221787000000000</c>
               <c>0.00000000000000000000</c>
               <c>0.00000000000000000000</c>
               <c>2128.67968724596040000000</c>
               <c>-8759.16014778714270000000</c>
               <c>9446.14832292951360000000</c>
               <c>0.00000000000000000000</c>
               <c>0.00000000000000000000</c>
               <c>-2.99805284308859620000</c>
               <c>9.40576793819545290000</c>
               <c>15.13687546604197300000</c>
               <c>0.00000000000000000000</c>
               <c>0.00000000000000000000</c>
               <c>-1.26984391535396560000</c>
               <c>28.48264447406815200000</c>
               <c>-101.19467948637083000000</c>
               <c>0.00000000000000000000</c>
               <c>0.00000000000000000000</c>
               <c>14.67388414565977500000</c>
               <c>-102.21860627335094000000</c>
               <c>194.82467568066883000000</c>
               <c>0.00000000000000000000</c>
               <c>0.00000000000000000000</c>
               <c>-12.53362763047861600000</c>
               <c>75.43000129973661700000</c>
               <c>-118.69719199201786000000</c>
               <c>0.00000000000000000000</c>
               <c>0.00000000000000000000</c>
            </temp_rating>
         </MTKF>
         <LIDL>
            <CT>
               <ti>0.06509750964576965800</ti>
               <ti>-0.23198835474747123000</ti>
               <ti>0.31997303619878287000</ti>
               <ti>-0.14518944518275284000</ti>
               <ti>-0.07886205820421254800</ti>
               <ti>0.36370040134176146000</ti>
               <ti>-0.58244840432629641000</ti>
               <ti>0.28782226616036433000</ti>
               <ti>0.04010687374492507400</ti>
               <ti>-0.30397505572844974000</ti>
               <ti>0.45827232092064391000</ti>
               <ti>-0.22275452237508503000</ti>
            </CT>
            <CF>
               <fi>0.04792431937175625100</fi>
               <fi>0.00621311138481009470</fi>
               <fi>-0.01561777627678056500</fi>
               <fi>-0.01358454457474955700</fi>
               <fi>-0.13763658854079711000</fi>
               <fi>0.12550189339077164000</fi>
               <fi>0.00358560441626144510</fi>
               <fi>0.09601970289426521600</fi>
               <fi>-0.08897821621780775700</fi>
            </CF>
         </LIDL>
         <throttle>
            <low>0.51447100119338529000</low>
            <high>1.23248792259501450000</high>
         </throttle>
      </TFM>
   </PFM>
   <OPM>
      <LGO>
         <Transition>
            <from>0</from>
            <to>1</to>
            <time>18</time>
         </Transition>
         <Transition>
            <from>1</from>
            <to>0</to>
            <time>18</time>
         </Transition>
      </LGO>
      <HLO>
         <Transition>
            <from>0</from>
            <to>1</to>
            <time>11.7</time>
         </Transition>
         <Transition>
            <from>1</from>
            <to>2</to>
            <time>14.2</time>
         </Transition>
         <Transition>
            <from>2</from>
            <to>3</to>
            <time>7</time>
         </Transition>
         <Transition>
            <from>3</from>
            <to>4</to>
            <time>3</time>
         </Transition>
         <Transition>
            <from>4</from>
            <to>5</to>
            <time>3.5</time>
         </Transition>
         <Transition>
            <from>5</from>
            <to>6</to>
            <time>4.9</time>
         </Transition>
         <Transition>
            <from>6</from>
            <to>5</to>
            <time>4.9</time>
         </Transition>
         <Transition>
            <from>5</from>
            <to>4</to>
            <time>3.5</time>
         </Transition>
         <Transition>
            <from>4</from>
            <to>3</to>
            <time>3</time>
         </Transition>
         <Transition>
            <from>3</from>
            <to>2</to>
            <time>7</time>
         </Transition>
         <Transition>
            <from>2</from>
            <to>1</to>
            <time>14.2</time>
         </Transition>
         <Transition>
            <from>1</from>
            <to>0</to>
            <time>11.7</time>
         </Transition>
      </HLO>
   </OPM>
   <ALM>
      <GLM>
         <hmo>42000</hmo>
         <mfa>20000</mfa>
      </GLM>
      <KLM>
         <mmo>0.84</mmo>
         <vmo>350</vmo>
         <mle>0.82</mle>
         <vle>270</vle>
         <mlo>0.82</mlo>
         <vloe>270</vloe>
         <vlor>270</vlor>
      </KLM>
      <ELM>
         <Tmin_f>
            <point>
               <Hp>-2000.0</Hp>
               <DeltaT>-81.00000000000000000000</DeltaT>
            </point>
            <point>
               <Hp>0.0</Hp>
               <DeltaT>-77.00000000000000000000</DeltaT>
            </point>
            <point>
               <Hp>32500.0</Hp>
               <DeltaT>-24.75000000000000000000</DeltaT>
            </point>
            <point>
               <Hp>42000.0</Hp>
               <DeltaT>-17.75000000000000000000</DeltaT>
            </point>
         </Tmin_f>
         <Tmax_f>
            <point>
               <Hp>-2000.0</Hp>
               <DeltaT>35.50000000000000000000</DeltaT>
            </point>
            <point>
               <Hp>0.0</Hp>
               <DeltaT>39.39999999999999900000</DeltaT>
            </point>
            <point>
               <Hp>10000.0</Hp>
               <DeltaT>39.39999999999999900000</DeltaT>
            </point>
            <point>
               <Hp>10001.0</Hp>
               <DeltaT>34.00000000000000000000</DeltaT>
            </point>
            <point>
               <Hp>36089.0</Hp>
               <DeltaT>34.00000000000000000000</DeltaT>
            </point>
            <point>
               <Hp>42000.0</Hp>
               <DeltaT>22.25000000000000000000</DeltaT>
            </point>
         </Tmax_f>
         <Tmin_g>
            <point>
               <Hp>-2000.0</Hp>
               <DeltaT>-73.00000000000000000000</DeltaT>
            </point>
            <point>
               <Hp>9500.0</Hp>
               <DeltaT>-50.00000000000000000000</DeltaT>
            </point>
         </Tmin_g>
         <Tmax_g>
            <point>
               <Hp>-2000.0</Hp>
               <DeltaT>35.50000000000000000000</DeltaT>
            </point>
            <point>
               <Hp>0.0</Hp>
               <DeltaT>39.39999999999999900000</DeltaT>
            </point>
            <point>
               <Hp>9500.0</Hp>
               <DeltaT>39.39999999999999900000</DeltaT>
            </point>
         </Tmax_g>
      </ELM>
      <DLM>
         <MTW>122930</MTW>
         <MTOW>122470</MTOW>
         <MLW>101610</MLW>
         <MZFW>95260</MZFW>
         <OEW>64580</OEW>
         <MPL>30690</MPL>
         <MFL>43495</MFL>
         <n1>2.5</n1>
         <n3>-1</n3>
         <nf1>2</nf1>
         <nf3>0</nf3>
      </DLM>
   </ALM>
   <Ground>
      <Dimensions>
         <span>38.06</span>
         <length>54.43</length>
      </Dimensions>
      <Runway>
         <TOL>2450</TOL>
         <LDL>1700</LDL>
      </Runway>
   </Ground>
   <ARPM>
      <AeroConfSchedule>
         <AeroPhase>
            <name>TO</name>
            <HLid>2</HLid>
            <LG>UP</LG>
         </AeroPhase>
         <AeroPhase>
            <name>IC</name>
            <HLid>1</HLid>
            <LG>UP</LG>
         </AeroPhase>
         <AeroPhase>
            <name>CR</name>
            <HLid>0</HLid>
            <LG>UP</LG>
         </AeroPhase>
         <AeroPhase>
            <name>AP</name>
            <HLid>3</HLid>
            <LG>UP</LG>
         </AeroPhase>
         <AeroPhase>
            <name>LD</name>
            <HLid>6</HLid>
            <LG>DN</LG>
         </AeroPhase>
      </AeroConfSchedule>
      <SpeedScheduleList>
         <SpeedSchedule>
            <CompanyName>Default</CompanyName>
            <SpeedPhase>
               <name>Climb</name>
               <CAS1>300</CAS1>
               <CAS2>300</CAS2>
               <M>0.78</M>
            </SpeedPhase>
            <SpeedPhase>
               <name>Cruise</name>
               <CAS1>300</CAS1>
               <CAS2>300</CAS2>
               <M>0.79</M>
            </SpeedPhase>
            <SpeedPhase>
               <name>Descent</name>
               <CAS1>300</CAS1>
               <CAS2>300</CAS2>
               <M>0.80</M>
            </SpeedPhase>
         </SpeedSchedule>
      </SpeedScheduleList>
   </ARPM>
</bada40:ACM>