<?xml version="1.0" encoding="utf-8"?>
<bada40:ACM xmlns:bada40="http://www.eurocontrol.int/eec/public/standard_page/bada40">
   <model>747-8F</model>
   <type>JET</type>
   <engine>GENX-2B67</engine>
   <description>freighter</description>
   <ICAO>
      <designator>B748</designator>
      <WTC>H</WTC>
   </ICAO>
   <AFCM>
      <S>510.96672000000001000000</S>
      <Configuration HLid="0">
         <HLPosition>0000</HLPosition>
         <name>flaps  0</name>
         <vfe>365</vfe>
         <LGUP>
            <DPM_clean>
               <M_max>0.90000</M_max>
               <scalar>9.835e-007</scalar>
               <CD_clean>
                  <d>147673.02418891777000000000</d>
                  <d>-344189.44557444891000000000</d>
                  <d>331664.39580118225000000000</d>
                  <d>-140807.39630262836000000000</d>
                  <d>22460.30824905088200000000</d>
                  <d>38221.32463606136300000000</d>
                  <d>3608.15318115507080000000</d>
                  <d>-1498.53898205643240000000</d>
                  <d>148.65691194513795000000</d>
                  <d>-3.88092541908528870000</d>
                  <d>9854.63874400225000000000</d>
                  <d>842.87704018300224000000</d>
                  <d>-1250.30717932329250000000</d>
                  <d>625.73809720075519000000</d>
                  <d>-104.85687680821660000000</d>
               </CD_clean>
            </DPM_clean>
            <BLM_clean>
               <Mmin>0.42000</Mmin>
               <Mmax>0.94000</Mmax>
               <CL_Mach0>1.01445618791867910000</CL_Mach0>
               <CL_clean>
                  <bf>-8.35733088217921250000</bf>
                  <bf>65.45191109745967100000</bf>
                  <bf>-166.45879270433036000000</bf>
                  <bf>182.77575407817258000000</bf>
                  <bf>-73.75875732163147800000</bf>
               </CL_clean>
            </BLM_clean>
         </LGUP>
         <LGDN>
            <DPM_nonclean>
               <CD_nonclean>
                  <d>0.05070524153583016300</d>
                  <d>-0.01320410562455755600</d>
                  <d>0.04898178986908761900</d>
               </CD_nonclean>
            </DPM_nonclean>
            <BLM>
               <CL_max>1.01445618791867910000</CL_max>
            </BLM>
         </LGDN>
      </Configuration>
      <Configuration HLid="1">
         <HLPosition>0001</HLPosition>
         <name>flaps  1</name>
         <vfe>285</vfe>
         <LGUP>
            <DPM_nonclean>
               <CD_nonclean>
                  <d>0.05099441895702325200</d>
                  <d>-0.07006039657322142600</d>
                  <d>0.09182314822534118300</d>
               </CD_nonclean>
            </DPM_nonclean>
            <BLM>
               <CL_max>1.62658765791998210000</CL_max>
            </BLM>
         </LGUP>
         <LGDN>
            <DPM_nonclean>
               <CD_nonclean>
                  <d>0.08149520189778311500</d>
                  <d>-0.06825331941744290600</d>
                  <d>0.08733470986987523800</d>
               </CD_nonclean>
            </DPM_nonclean>
            <BLM>
               <CL_max>1.62658765791998210000</CL_max>
            </BLM>
         </LGDN>
      </Configuration>
      <Configuration HLid="2">
         <HLPosition>0005</HLPosition>
         <name>flaps  5</name>
         <vfe>265</vfe>
         <LGUP>
            <DPM_nonclean>
               <CD_nonclean>
                  <d>0.05507590357211109000</d>
                  <d>-0.06763822344901090900</d>
                  <d>0.08620292728058760700</d>
               </CD_nonclean>
            </DPM_nonclean>
            <BLM>
               <CL_max>1.70302541774990620000</CL_max>
            </BLM>
         </LGUP>
         <LGDN>
            <DPM_nonclean>
               <CD_nonclean>
                  <d>0.08519014857380048700</d>
                  <d>-0.06799856709976889700</d>
                  <d>0.08318408480538618000</d>
               </CD_nonclean>
            </DPM_nonclean>
            <BLM>
               <CL_max>1.70302541774990620000</CL_max>
            </BLM>
         </LGDN>
      </Configuration>
      <Configuration HLid="3">
         <HLPosition>0010</HLPosition>
         <name>flaps 10</name>
         <vfe>245</vfe>
         <LGUP>
            <DPM_nonclean>
               <CD_nonclean>
                  <d>0.05902582851817971700</d>
                  <d>-0.05729001973587093100</d>
                  <d>0.07246810808977884000</d>
               </CD_nonclean>
            </DPM_nonclean>
            <BLM>
               <CL_max>1.81753981821896300000</CL_max>
            </BLM>
         </LGUP>
         <LGDN>
            <DPM_nonclean>
               <CD_nonclean>
                  <d>0.08877547081890115000</d>
                  <d>-0.05984294630241734900</d>
                  <d>0.07087375825730234100</d>
               </CD_nonclean>
            </DPM_nonclean>
            <BLM>
               <CL_max>1.81753981821896300000</CL_max>
            </BLM>
         </LGDN>
      </Configuration>
      <Configuration HLid="4">
         <HLPosition>0020</HLPosition>
         <name>flaps 20</name>
         <vfe>235</vfe>
         <LGUP>
            <DPM_nonclean>
               <CD_nonclean>
                  <d>0.08811431161679554600</d>
                  <d>-0.05882114333863539000</d>
                  <d>0.06543301835992330900</d>
               </CD_nonclean>
            </DPM_nonclean>
            <BLM>
               <CL_max>2.02743514183129080000</CL_max>
            </BLM>
         </LGUP>
         <LGDN>
            <DPM_nonclean>
               <CD_nonclean>
                  <d>0.11611729163944837000</d>
                  <d>-0.06360893779202397800</d>
                  <d>0.06542951790764263400</d>
               </CD_nonclean>
            </DPM_nonclean>
            <BLM>
               <CL_max>2.02743514183129080000</CL_max>
            </BLM>
         </LGDN>
      </Configuration>
      <Configuration HLid="5">
         <HLPosition>0025</HLPosition>
         <name>flaps 25</name>
         <vfe>210</vfe>
         <LGDN>
            <DPM_nonclean>
               <CD_nonclean>
                  <d>0.17979405150506769000</d>
                  <d>-0.10087033158765152000</d>
                  <d>0.07562420860704426000</d>
               </CD_nonclean>
            </DPM_nonclean>
            <BLM>
               <CL_max>2.21125250886083080000</CL_max>
            </BLM>
         </LGDN>
      </Configuration>
      <Configuration HLid="6">
         <HLPosition>0030</HLPosition>
         <name>flaps 30</name>
         <vfe>185</vfe>
         <LGDN>
            <DPM_nonclean>
               <CD_nonclean>
                  <d>0.18660029537016257000</d>
                  <d>-0.07515318289584942100</d>
                  <d>0.06452720627990914100</d>
               </CD_nonclean>
            </DPM_nonclean>
            <BLM>
               <CL_max>2.25295820267567890000</CL_max>
            </BLM>
         </LGDN>
      </Configuration>
   </AFCM>
   <PFM>
      <MREF>442253</MREF>
      <LHV>43217000</LHV>
      <rho>810</rho>
      <n_eng>4</n_eng>
      <TFA>42.34</TFA>
      <TFM>
         <CT>
            <a>0.00000000000000000000</a>
            <a>-0.10000000000826859000</a>
            <a>0.00000000000000000000</a>
            <a>0.00000000000000000000</a>
            <a>0.00000000000000000000</a>
            <a>0.00000000000000000000</a>
            <a>0.30000000000065996000</a>
            <a>0.00000000000000000000</a>
            <a>0.00000000000000000000</a>
            <a>0.00000000000000000000</a>
            <a>0.00000000000000000000</a>
            <a>0.00000000000000000000</a>
            <a>0.00000000000000000000</a>
            <a>0.00000000000000000000</a>
            <a>0.00000000000000000000</a>
            <a>0.00000000000000000000</a>
            <a>0.00000000000000000000</a>
            <a>0.00000000000000000000</a>
            <a>0.00000000000000000000</a>
            <a>0.00000000000000000000</a>
            <a>0.00000000000000000000</a>
            <a>0.00000000000000000000</a>
            <a>0.00000000000000000000</a>
            <a>0.00000000000000000000</a>
            <a>0.00000000000000000000</a>
            <a>0.00000000000000000000</a>
            <a>0.00000000000000000000</a>
            <a>0.00000000000000000000</a>
            <a>0.00000000000000000000</a>
            <a>0.00000000000000000000</a>
            <a>0.00000000000000000000</a>
            <a>0.00000000000000000000</a>
            <a>0.00000000000000000000</a>
            <a>0.00000000000000000000</a>
            <a>0.00000000000000000000</a>
            <a>0.00000000000000000000</a>
         </CT>
         <CF>
            <f>-0.01341911068523416600</f>
            <f>1.95459628962252370000</f>
            <f>-21.47302505178318900000</f>
            <f>140.75295943187353000000</f>
            <f>-277.54861389030009000000</f>
            <f>0.09266484561609318600</f>
            <f>-0.68767783963145879000</f>
            <f>37.22144230877169200000</f>
            <f>-230.38158993855842000000</f>
            <f>443.08456010569967000000</f>
            <f>0.00000000000000000000</f>
            <f>0.00000000000000000000</f>
            <f>0.00000000000000000000</f>
            <f>0.00000000000000000000</f>
            <f>0.00000000000000000000</f>
            <f>0.00000000000000000000</f>
            <f>0.00000000000000000000</f>
            <f>0.00000000000000000000</f>
            <f>0.00000000000000000000</f>
            <f>0.00000000000000000000</f>
            <f>0.00000000000000000000</f>
            <f>0.00000000000000000000</f>
            <f>0.00000000000000000000</f>
            <f>0.00000000000000000000</f>
            <f>0.00000000000000000000</f>
         </CF>
         <MCRZ>
            <kink>10</kink>
            <flat_rating>
               <b>1.12574388757587920000</b>
               <b>-3.58308865370592370000</b>
               <b>3.25522796459665690000</b>
               <b>0.00000000000000000000</b>
               <b>0.00000000000000000000</b>
               <b>0.00000000000000000000</b>
               <b>-4.38517626793011670000</b>
               <b>34.96777945104757600000</b>
               <b>-23.92573755686682100000</b>
               <b>0.00000000000000000000</b>
               <b>0.00000000000000000000</b>
               <b>0.00000000000000000000</b>
               <b>13.82197289737835200000</b>
               <b>-100.69430289338520000000</b>
               <b>44.72199610525326100000</b>
               <b>0.00000000000000000000</b>
               <b>0.00000000000000000000</b>
               <b>0.00000000000000000000</b>
               <b>-8.57400526217586290000</b>
               <b>84.36348460209349300000</b>
               <b>29.52490483362950300000</b>
               <b>0.00000000000000000000</b>
               <b>0.00000000000000000000</b>
               <b>0.00000000000000000000</b>
               <b>-13.36777990596121900000</b>
               <b>31.20580876504846700000</b>
               <b>-135.79730288971132000000</b>
               <b>0.00000000000000000000</b>
               <b>0.00000000000000000000</b>
               <b>0.00000000000000000000</b>
               <b>12.36164292909123600000</b>
               <b>-47.73043297786521300000</b>
               <b>83.79675733198462200000</b>
               <b>0.00000000000000000000</b>
               <b>0.00000000000000000000</b>
               <b>0.00000000000000000000</b>
            </flat_rating>
            <temp_rating>
               <c>324.58482797602221000000</c>
               <c>-1052.25337086539320000000</c>
               <c>699.83837587213714000000</c>
               <c>0.00000000000000000000</c>
               <c>0.00000000000000000000</c>
               <c>-1224.57817998736980000000</c>
               <c>3975.80312414259520000000</c>
               <c>-2619.82947843652210000000</c>
               <c>0.00000000000000000000</c>
               <c>0.00000000000000000000</c>
               <c>1739.19085941053850000000</c>
               <c>-5636.67231523752620000000</c>
               <c>3685.92446346049160000000</c>
               <c>0.00000000000000000000</c>
               <c>0.00000000000000000000</c>
               <c>-1099.54333681826550000000</c>
               <c>3551.62466042412050000000</c>
               <c>-2306.15564644435560000000</c>
               <c>0.00000000000000000000</c>
               <c>0.00000000000000000000</c>
               <c>260.73074335792660000000</c>
               <c>-839.04518120927469000000</c>
               <c>541.31612291329850000000</c>
               <c>0.00000000000000000000</c>
               <c>0.00000000000000000000</c>
               <c>-0.56608773535095547000</c>
               <c>9.30997756714030440000</c>
               <c>-9.43860147136382290000</c>
               <c>0.00000000000000000000</c>
               <c>0.00000000000000000000</c>
               <c>7.24410545019151360000</c>
               <c>-40.51628482917303100000</c>
               <c>38.43213272842215400000</c>
               <c>0.00000000000000000000</c>
               <c>0.00000000000000000000</c>
               <c>-13.19488900524777700000</c>
               <c>62.31638351967168900000</c>
               <c>-58.26417665437445900000</c>
               <c>0.00000000000000000000</c>
               <c>0.00000000000000000000</c>
               <c>6.91457343019640280000</c>
               <c>-30.82983718111922000000</c>
               <c>28.61684572653556600000</c>
               <c>0.00000000000000000000</c>
               <c>0.00000000000000000000</c>
            </temp_rating>
         </MCRZ>
         <MCMB>
            <kink>10</kink>
            <flat_rating>
               <b>0.02371182183536399100</b>
               <b>-0.20682611362327163000</b>
               <b>0.82221606991419605000</b>
               <b>0.00000000000000000000</b>
               <b>0.00000000000000000000</b>
               <b>0.00000000000000000000</b>
               <b>7.04457243426077890000</b>
               <b>1.06004850302131710000</b>
               <b>0.66782240686368533000</b>
               <b>0.00000000000000000000</b>
               <b>0.00000000000000000000</b>
               <b>0.00000000000000000000</b>
               <b>-27.16500067402094500000</b>
               <b>19.70798293205362500000</b>
               <b>-40.12383154792280500000</b>
               <b>0.00000000000000000000</b>
               <b>0.00000000000000000000</b>
               <b>0.00000000000000000000</b>
               <b>57.97174910935505200000</b>
               <b>-104.75835904723060000000</b>
               <b>154.66236429488094000000</b>
               <b>0.00000000000000000000</b>
               <b>0.00000000000000000000</b>
               <b>0.00000000000000000000</b>
               <b>-62.69309051074478100000</b>
               <b>162.63969927692693000000</b>
               <b>-212.61698845208676000000</b>
               <b>0.00000000000000000000</b>
               <b>0.00000000000000000000</b>
               <b>0.00000000000000000000</b>
               <b>25.75584941698646100000</b>
               <b>-79.45638186811658000000</b>
               <b>97.59484561854171100000</b>
               <b>0.00000000000000000000</b>
               <b>0.00000000000000000000</b>
               <b>0.00000000000000000000</b>
            </flat_rating>
            <temp_rating>
               <c>-99.68245843793654600000</c>
               <c>478.92033824515011000000</c>
               <c>-660.35210986606194000000</c>
               <c>0.00000000000000000000</c>
               <c>0.00000000000000000000</c>
               <c>434.81664801426012000000</c>
               <c>-2030.75040956188580000000</c>
               <c>2718.01946718842010000000</c>
               <c>0.00000000000000000000</c>
               <c>0.00000000000000000000</c>
               <c>-691.41012969178860000000</c>
               <c>3190.53851265539240000000</c>
               <c>-4161.58478689017190000000</c>
               <c>0.00000000000000000000</c>
               <c>0.00000000000000000000</c>
               <c>481.39954085901411000000</c>
               <c>-2209.56329726724020000000</c>
               <c>2817.87875924958010000000</c>
               <c>0.00000000000000000000</c>
               <c>0.00000000000000000000</c>
               <c>-124.56226357255044000000</c>
               <c>569.91602837540574000000</c>
               <c>-712.51980316864899000000</c>
               <c>0.00000000000000000000</c>
               <c>0.00000000000000000000</c>
               <c>-1.02922817760230710000</c>
               <c>10.51104976166808100000</c>
               <c>-10.65942020112791900000</c>
               <c>0.00000000000000000000</c>
               <c>0.00000000000000000000</c>
               <c>7.64758183470917000000</c>
               <c>-41.42396102975693100000</c>
               <c>40.48530866076892900000</c>
               <c>0.00000000000000000000</c>
               <c>0.00000000000000000000</c>
               <c>-12.94415906732471200000</c>
               <c>61.40931574467029500000</c>
               <c>-59.39488548586231100000</c>
               <c>0.00000000000000000000</c>
               <c>0.00000000000000000000</c>
               <c>6.58098635148571010000</c>
               <c>-29.77711574914869900000</c>
               <c>28.54989046467706600000</c>
               <c>0.00000000000000000000</c>
               <c>0.00000000000000000000</c>
            </temp_rating>
         </MCMB>
         <MTKF>
            <kink>10</kink>
            <flat_rating>
               <b>32.17970478663264800000</b>
               <b>-101.53240041315314000000</b>
               <b>77.68974146781529600000</b>
               <b>0.00000000000000000000</b>
               <b>0.00000000000000000000</b>
               <b>0.00000000000000000000</b>
               <b>-231.47902858941342000000</b>
               <b>752.10978817131388000000</b>
               <b>-568.01379666324908000000</b>
               <b>0.00000000000000000000</b>
               <b>0.00000000000000000000</b>
               <b>0.00000000000000000000</b>
               <b>655.05732455172904000000</b>
               <b>-2132.77168425754280000000</b>
               <b>1590.02174871118470000000</b>
               <b>0.00000000000000000000</b>
               <b>0.00000000000000000000</b>
               <b>0.00000000000000000000</b>
               <b>-888.96487049914822000000</b>
               <b>2897.98690672670590000000</b>
               <b>-2128.00561110939680000000</b>
               <b>0.00000000000000000000</b>
               <b>0.00000000000000000000</b>
               <b>0.00000000000000000000</b>
               <b>583.67786966559140000000</b>
               <b>-1904.19144741526970000000</b>
               <b>1372.04425124545060000000</b>
               <b>0.00000000000000000000</b>
               <b>0.00000000000000000000</b>
               <b>0.00000000000000000000</b>
               <b>-149.59910455909613000000</b>
               <b>488.41995864730654000000</b>
               <b>-344.48513674900198000000</b>
               <b>0.00000000000000000000</b>
               <b>0.00000000000000000000</b>
               <b>0.00000000000000000000</b>
            </flat_rating>
            <temp_rating>
               <c>755.25883203873229000000</c>
               <c>-2988.35699297688050000000</c>
               <c>3086.30864019469750000000</c>
               <c>0.00000000000000000000</c>
               <c>0.00000000000000000000</c>
               <c>-2791.90511532271600000000</c>
               <c>11283.23077005240200000000</c>
               <c>-11868.04959968218800000000</c>
               <c>0.00000000000000000000</c>
               <c>0.00000000000000000000</c>
               <c>3958.48258515944010000000</c>
               <c>-16249.98191585195300000000</c>
               <c>17341.05363230556000000000</c>
               <c>0.00000000000000000000</c>
               <c>0.00000000000000000000</c>
               <c>-2478.02443570697910000000</c>
               <c>10354.40700363631700000000</c>
               <c>-11231.30764661103600000000</c>
               <c>0.00000000000000000000</c>
               <c>0.00000000000000000000</c>
               <c>577.97062822031614000000</c>
               <c>-2465.04355703151580000000</c>
               <c>2722.40095677328960000000</c>
               <c>0.00000000000000000000</c>
               <c>0.00000000000000000000</c>
               <c>-134.68130255377667000000</c>
               <c>415.79202805711031000000</c>
               <c>-314.99787578893813000000</c>
               <c>0.00000000000000000000</c>
               <c>0.00000000000000000000</c>
               <c>310.82148910233587000000</c>
               <c>-952.79993978706841000000</c>
               <c>718.42649108608805000000</c>
               <c>0.00000000000000000000</c>
               <c>0.00000000000000000000</c>
               <c>-303.79572320304038000000</c>
               <c>926.06597448816729000000</c>
               <c>-694.03733119326444000000</c>
               <c>0.00000000000000000000</c>
               <c>0.00000000000000000000</c>
               <c>106.57134033435833000000</c>
               <c>-322.27497630679375000000</c>
               <c>238.71828410735208000000</c>
               <c>0.00000000000000000000</c>
               <c>0.00000000000000000000</c>
            </temp_rating>
         </MTKF>
         <LIDL>
            <CT>
               <ti>0.02505212365967744400</ti>
               <ti>-0.06724956040435163500</ti>
               <ti>0.08841576570348434700</ti>
               <ti>-0.04843186910469760700</ti>
               <ti>-0.05468104961730124700</ti>
               <ti>0.25670339292174987000</ti>
               <ti>-0.40638032027011251000</ti>
               <ti>0.24915172158612811000</ti>
               <ti>0.03904347661090321700</ti>
               <ti>-0.27034812770525951000</ti>
               <ti>0.36991135071950704000</ti>
               <ti>-0.23363689598142093000</ti>
            </CT>
            <CF>
               <fi>0.02794387811165005900</fi>
               <fi>-0.04129361731668410000</fi>
               <fi>0.03853846825893707300</fi>
               <fi>-0.03338166999567374800</fi>
               <fi>0.09639586808758317200</fi>
               <fi>-0.06358302176149073500</fi>
               <fi>0.01478343592525554200</fi>
               <fi>-0.04864016070646395200</fi>
               <fi>0.03645790364365324900</fi>
            </CF>
         </LIDL>
         <throttle>
            <low>0.55826037423347330000</low>
            <high>1.19381743655625930000</high>
         </throttle>
      </TFM>
   </PFM>
   <OPM>
      <LGO>
         <Transition>
            <from>0</from>
            <to>1</to>
            <time>19.8</time>
         </Transition>
         <Transition>
            <from>1</from>
            <to>0</to>
            <time>19.8</time>
         </Transition>
      </LGO>
      <HLO>
         <Transition>
            <from>0</from>
            <to>1</to>
            <time>12</time>
         </Transition>
         <Transition>
            <from>1</from>
            <to>2</to>
            <time>20</time>
         </Transition>
         <Transition>
            <from>2</from>
            <to>3</to>
            <time>12</time>
         </Transition>
         <Transition>
            <from>3</from>
            <to>4</to>
            <time>20</time>
         </Transition>
         <Transition>
            <from>4</from>
            <to>5</to>
            <time>6</time>
         </Transition>
         <Transition>
            <from>5</from>
            <to>6</to>
            <time>6</time>
         </Transition>
         <Transition>
            <from>6</from>
            <to>5</to>
            <time>6</time>
         </Transition>
         <Transition>
            <from>5</from>
            <to>4</to>
            <time>6</time>
         </Transition>
         <Transition>
            <from>4</from>
            <to>3</to>
            <time>20</time>
         </Transition>
         <Transition>
            <from>3</from>
            <to>2</to>
            <time>12</time>
         </Transition>
         <Transition>
            <from>2</from>
            <to>1</to>
            <time>20</time>
         </Transition>
         <Transition>
            <from>1</from>
            <to>0</to>
            <time>12</time>
         </Transition>
      </HLO>
   </OPM>
   <ALM>
      <GLM>
         <hmo>42100</hmo>
         <mfa>20000</mfa>
      </GLM>
      <KLM>
         <mmo>0.9</mmo>
         <vmo>365</vmo>
         <mle>0.82</mle>
         <vle>270</vle>
         <mlo>0.82</mlo>
         <vloe>270</vloe>
         <vlor>270</vlor>
      </KLM>
      <ELM>
         <Tmin_f>
            <point>
               <Hp>-2000.0</Hp>
               <DeltaT>-72.95999999999999400000</DeltaT>
            </point>
            <point>
               <Hp>20000.0</Hp>
               <DeltaT>-29.37999999999999900000</DeltaT>
            </point>
            <point>
               <Hp>40000.0</Hp>
               <DeltaT>-23.50000000000000000000</DeltaT>
            </point>
            <point>
               <Hp>45100.0</Hp>
               <DeltaT>-23.50000000000000000000</DeltaT>
            </point>
         </Tmin_f>
         <Tmax_f>
            <point>
               <Hp>-2000.0</Hp>
               <DeltaT>35.03999999999999900000</DeltaT>
            </point>
            <point>
               <Hp>0.0</Hp>
               <DeltaT>39.39999999999999900000</DeltaT>
            </point>
            <point>
               <Hp>14000.0</Hp>
               <DeltaT>39.39999999999999900000</DeltaT>
            </point>
            <point>
               <Hp>14001.0</Hp>
               <DeltaT>33.74000000000000200000</DeltaT>
            </point>
            <point>
               <Hp>36089.0</Hp>
               <DeltaT>33.74000000000000200000</DeltaT>
            </point>
            <point>
               <Hp>44000.0</Hp>
               <DeltaT>16.50000000000000000000</DeltaT>
            </point>
            <point>
               <Hp>45100.0</Hp>
               <DeltaT>16.50000000000000000000</DeltaT>
            </point>
         </Tmax_f>
         <Tmin_g>
            <point>
               <Hp>-2000.0</Hp>
               <DeltaT>-72.95999999999999400000</DeltaT>
            </point>
            <point>
               <Hp>10000.0</Hp>
               <DeltaT>-49.20000000000000300000</DeltaT>
            </point>
         </Tmin_g>
         <Tmax_g>
            <point>
               <Hp>-2000.0</Hp>
               <DeltaT>35.03999999999999900000</DeltaT>
            </point>
            <point>
               <Hp>0.0</Hp>
               <DeltaT>39.39999999999999900000</DeltaT>
            </point>
            <point>
               <Hp>10000.0</Hp>
               <DeltaT>39.39999999999999900000</DeltaT>
            </point>
         </Tmax_g>
      </ELM>
      <DLM>
         <MTW>443614</MTW>
         <MTOW>442253</MTOW>
         <MLW>345184</MLW>
         <MZFW>328854</MZFW>
         <OEW>197131</OEW>
         <MPL>131723</MPL>
         <MFL>229980</MFL>
         <n1>2.5</n1>
         <n3>-1</n3>
         <nf1>2</nf1>
         <nf3>0</nf3>
      </DLM>
   </ALM>
   <Ground>
      <Dimensions>
         <span>68.40</span>
         <length>76.25</length>
      </Dimensions>
      <Runway>
         <TOL>3230</TOL>
         <LDL>2380</LDL>
      </Runway>
   </Ground>
   <ARPM>
      <AeroConfSchedule>
         <AeroPhase>
            <name>TO</name>
            <HLid>2</HLid>
            <LG>UP</LG>
         </AeroPhase>
         <AeroPhase>
            <name>IC</name>
            <HLid>1</HLid>
            <LG>UP</LG>
         </AeroPhase>
         <AeroPhase>
            <name>CR</name>
            <HLid>0</HLid>
            <LG>UP</LG>
         </AeroPhase>
         <AeroPhase>
            <name>AP</name>
            <HLid>4</HLid>
            <LG>UP</LG>
         </AeroPhase>
         <AeroPhase>
            <name>LD</name>
            <HLid>6</HLid>
            <LG>DN</LG>
         </AeroPhase>
      </AeroConfSchedule>
      <SpeedScheduleList>
         <SpeedSchedule>
            <CompanyName>Default</CompanyName>
            <SpeedPhase>
               <name>Climb</name>
               <CAS1>335</CAS1>
               <CAS2>335</CAS2>
               <M>0.86</M>
            </SpeedPhase>
            <SpeedPhase>
               <name>Cruise</name>
               <CAS1>320</CAS1>
               <CAS2>320</CAS2>
               <M>0.84</M>
            </SpeedPhase>
            <SpeedPhase>
               <name>Descent</name>
               <CAS1>335</CAS1>
               <CAS2>335</CAS2>
               <M>0.86</M>
            </SpeedPhase>
         </SpeedSchedule>
      </SpeedScheduleList>
   </ARPM>
</bada40:ACM>