<?xml version="1.0" encoding="utf-8"?>
<bada40:ACM xmlns:bada40="http://www.eurocontrol.int/eec/public/standard_page/bada40">
   <model>737-500</model>
   <type>JET</type>
   <engine>CFM56-3B1 (18.5K)</engine>
   <description>no winglets</description>
   <ICAO>
      <designator>B735</designator>
      <WTC>M</WTC>
   </ICAO>
   <AFCM>
      <S>91.04497920000000000000</S>
      <Configuration HLid="0">
         <HLPosition>0000</HLPosition>
         <name>flaps  0</name>
         <vfe>340</vfe>
         <LGUP>
            <DPM_clean>
               <M_max>0.82000</M_max>
               <scalar>9.835e-007</scalar>
               <CD_clean>
                  <d>1647480.89188317000000000000</d>
                  <d>-4830598.03469300270000000000</d>
                  <d>5340194.35934319630000000000</d>
                  <d>-2603774.86246809600000000000</d>
                  <d>473012.14815711824000000000</d>
                  <d>13707.48700278858800000000</d>
                  <d>59372.26723442338000000000</d>
                  <d>-41440.15501221935800000000</d>
                  <d>10535.84903685408600000000</d>
                  <d>-851.44802900709215000000</d>
                  <d>-1918.34975094534390000000</d>
                  <d>33880.98291939675300000000</d>
                  <d>-63046.23870906938800000000</d>
                  <d>39269.26195047971900000000</d>
                  <d>-8152.60098680303600000000</d>
               </CD_clean>
            </DPM_clean>
            <BLM_clean>
               <Mmin>0.30000</Mmin>
               <Mmax>0.82000</Mmax>
               <CL_Mach0>1.31223655700365360000</CL_Mach0>
               <CL_clean>
                  <bf>3.91582731910368940000</bf>
                  <bf>-15.22575294359138500000</bf>
                  <bf>28.80836662752305300000</bf>
                  <bf>-18.72490838081144900000</bf>
                  <bf>0.00000000000000000000</bf>
               </CL_clean>
            </BLM_clean>
         </LGUP>
         <LGDN>
            <DPM_nonclean>
               <CD_nonclean>
                  <d>0.05675073910071618000</d>
                  <d>-0.01867827870070424100</d>
                  <d>0.05925346964248558200</d>
               </CD_nonclean>
            </DPM_nonclean>
            <BLM>
               <CL_max>1.31223655700365360000</CL_max>
            </BLM>
         </LGDN>
      </Configuration>
      <Configuration HLid="1">
         <HLPosition>0001</HLPosition>
         <name>flaps  1</name>
         <vfe>230</vfe>
         <LGUP>
            <DPM_nonclean>
               <CD_nonclean>
                  <d>0.05519369421343041400</d>
                  <d>-0.05711750084119376900</d>
                  <d>0.07229504729484344200</d>
               </CD_nonclean>
            </DPM_nonclean>
            <BLM>
               <CL_max>1.87971439103553740000</CL_max>
            </BLM>
         </LGUP>
         <LGDN>
            <DPM_nonclean>
               <CD_nonclean>
                  <d>0.08409369421343035300</d>
                  <d>-0.05711750084119370700</d>
                  <d>0.07229504729484340100</d>
               </CD_nonclean>
            </DPM_nonclean>
            <BLM>
               <CL_max>1.87971439103553740000</CL_max>
            </BLM>
         </LGDN>
      </Configuration>
      <Configuration HLid="2">
         <HLPosition>0005</HLPosition>
         <name>flaps  5</name>
         <vfe>225</vfe>
         <LGUP>
            <DPM_nonclean>
               <CD_nonclean>
                  <d>0.06138639122778710000</d>
                  <d>-0.05156346709118696200</d>
                  <d>0.06339840450394425300</d>
               </CD_nonclean>
            </DPM_nonclean>
            <BLM>
               <CL_max>2.00396017007157170000</CL_max>
            </BLM>
         </LGUP>
         <LGDN>
            <DPM_nonclean>
               <CD_nonclean>
                  <d>0.08858639122778706700</d>
                  <d>-0.05156346709118690000</d>
                  <d>0.06339840450394422500</d>
               </CD_nonclean>
            </DPM_nonclean>
            <BLM>
               <CL_max>2.00396017007157170000</CL_max>
            </BLM>
         </LGDN>
      </Configuration>
      <Configuration HLid="3">
         <HLPosition>0015</HLPosition>
         <name>flaps 15</name>
         <vfe>195</vfe>
         <LGUP>
            <DPM_nonclean>
               <CD_nonclean>
                  <d>0.10136289189336237000</d>
                  <d>-0.07586348858423115600</d>
                  <d>0.06609858355687242600</d>
               </CD_nonclean>
            </DPM_nonclean>
            <BLM>
               <CL_max>2.28451676831751540000</CL_max>
            </BLM>
         </LGUP>
         <LGDN>
            <DPM_nonclean>
               <CD_nonclean>
                  <d>0.12406289189336232000</d>
                  <d>-0.07586348858423111500</d>
                  <d>0.06609858355687243900</d>
               </CD_nonclean>
            </DPM_nonclean>
            <BLM>
               <CL_max>2.23765613102500800000</CL_max>
            </BLM>
         </LGDN>
      </Configuration>
      <Configuration HLid="4">
         <HLPosition>0030</HLPosition>
         <name>flaps 30</name>
         <vfe>185</vfe>
         <LGDN>
            <DPM_nonclean>
               <CD_nonclean>
                  <d>0.19940681318681372000</d>
                  <d>-0.11797936690175566000</d>
                  <d>0.07418402493029378800</d>
               </CD_nonclean>
            </DPM_nonclean>
            <BLM>
               <CL_max>2.59446562165029130000</CL_max>
            </BLM>
         </LGDN>
      </Configuration>
      <Configuration HLid="5">
         <HLPosition>0040</HLPosition>
         <name>flaps 40</name>
         <vfe>158</vfe>
         <LGDN>
            <DPM_nonclean>
               <CD_nonclean>
                  <d>0.31030761297526122000</d>
                  <d>-0.18031160995867007000</d>
                  <d>0.08778946543652464700</d>
               </CD_nonclean>
            </DPM_nonclean>
            <BLM>
               <CL_max>2.74992411909406890000</CL_max>
            </BLM>
         </LGDN>
      </Configuration>
   </AFCM>
   <PFM>
      <MREF>60555</MREF>
      <LHV>43217000</LHV>
      <rho>810</rho>
      <n_eng>2</n_eng>
      <TFA>11.34</TFA>
      <TFM>
         <CT>
            <a>0.00000000000000000000</a>
            <a>-0.10000000062246264000</a>
            <a>0.00000000000000000000</a>
            <a>0.00000000000000000000</a>
            <a>0.00000000000000000000</a>
            <a>0.00000000000000000000</a>
            <a>0.30000000044283742000</a>
            <a>0.00000000000000000000</a>
            <a>0.00000000000000000000</a>
            <a>0.00000000000000000000</a>
            <a>0.00000000000000000000</a>
            <a>0.00000000000000000000</a>
            <a>0.00000000000000000000</a>
            <a>0.00000000000000000000</a>
            <a>0.00000000000000000000</a>
            <a>0.00000000000000000000</a>
            <a>0.00000000000000000000</a>
            <a>0.00000000000000000000</a>
            <a>0.00000000000000000000</a>
            <a>0.00000000000000000000</a>
            <a>0.00000000000000000000</a>
            <a>0.00000000000000000000</a>
            <a>0.00000000000000000000</a>
            <a>0.00000000000000000000</a>
            <a>0.00000000000000000000</a>
            <a>0.00000000000000000000</a>
            <a>0.00000000000000000000</a>
            <a>0.00000000000000000000</a>
            <a>0.00000000000000000000</a>
            <a>0.00000000000000000000</a>
            <a>0.00000000000000000000</a>
            <a>0.00000000000000000000</a>
            <a>0.00000000000000000000</a>
            <a>0.00000000000000000000</a>
            <a>0.00000000000000000000</a>
            <a>0.00000000000000000000</a>
         </CT>
         <CF>
            <f>0.01608354294133785800</f>
            <f>2.27336018002839110000</f>
            <f>-12.75178247965022600000</f>
            <f>54.26744777985963700000</f>
            <f>-69.43268948495793300000</f>
            <f>0.09403832951068411000</f>
            <f>-1.40702806938217510000</f>
            <f>41.21739394713819100000</f>
            <f>-198.98107898065786000000</f>
            <f>307.31207000641388000000</f>
            <f>0.00000000000000000000</f>
            <f>0.00000000000000000000</f>
            <f>0.00000000000000000000</f>
            <f>0.00000000000000000000</f>
            <f>0.00000000000000000000</f>
            <f>0.00000000000000000000</f>
            <f>0.00000000000000000000</f>
            <f>0.00000000000000000000</f>
            <f>0.00000000000000000000</f>
            <f>0.00000000000000000000</f>
            <f>0.00000000000000000000</f>
            <f>0.00000000000000000000</f>
            <f>0.00000000000000000000</f>
            <f>0.00000000000000000000</f>
            <f>0.00000000000000000000</f>
         </CF>
         <MCRZ>
            <kink>10</kink>
            <flat_rating>
               <b>3.46541356587648820000</b>
               <b>-6.15217562951544930000</b>
               <b>3.93825211382149650000</b>
               <b>0.00000000000000000000</b>
               <b>0.00000000000000000000</b>
               <b>0.00000000000000000000</b>
               <b>-19.53567157365217700000</b>
               <b>48.79044096170035500000</b>
               <b>-24.29667633101599500000</b>
               <b>0.00000000000000000000</b>
               <b>0.00000000000000000000</b>
               <b>0.00000000000000000000</b>
               <b>63.53461457671993200000</b>
               <b>-152.59364621607168000000</b>
               <b>55.80357257330218300000</b>
               <b>0.00000000000000000000</b>
               <b>0.00000000000000000000</b>
               <b>0.00000000000000000000</b>
               <b>-98.29623226029978900000</b>
               <b>209.16884608468160000000</b>
               <b>-30.54469683792081400000</b>
               <b>0.00000000000000000000</b>
               <b>0.00000000000000000000</b>
               <b>0.00000000000000000000</b>
               <b>70.70118445647668200000</b>
               <b>-121.36260147825277000000</b>
               <b>-35.48058792309827700000</b>
               <b>0.00000000000000000000</b>
               <b>0.00000000000000000000</b>
               <b>0.00000000000000000000</b>
               <b>-18.99991037273815000000</b>
               <b>21.54207421827017300000</b>
               <b>31.24231725109542200000</b>
               <b>0.00000000000000000000</b>
               <b>0.00000000000000000000</b>
               <b>0.00000000000000000000</b>
            </flat_rating>
            <temp_rating>
               <c>-377.37282198784771000000</c>
               <c>1464.30523074554590000000</c>
               <c>-1449.28062800078920000000</c>
               <c>0.00000000000000000000</c>
               <c>0.00000000000000000000</c>
               <c>1503.47518737022190000000</c>
               <c>-5833.81725168268350000000</c>
               <c>5793.86796738580510000000</c>
               <c>0.00000000000000000000</c>
               <c>0.00000000000000000000</c>
               <c>-2230.38461552248780000000</c>
               <c>8694.29185180962300000000</c>
               <c>-8662.90195010378740000000</c>
               <c>0.00000000000000000000</c>
               <c>0.00000000000000000000</c>
               <c>1466.34459857297610000000</c>
               <c>-5751.47455206044110000000</c>
               <c>5749.50049111824410000000</c>
               <c>0.00000000000000000000</c>
               <c>0.00000000000000000000</c>
               <c>-360.92926547081379000000</c>
               <c>1425.15922078574750000000</c>
               <c>-1429.49822471479340000000</c>
               <c>0.00000000000000000000</c>
               <c>0.00000000000000000000</c>
               <c>-0.75308001565154870000</c>
               <c>4.17481226995132550000</c>
               <c>-4.13967508370476090000</c>
               <c>0.00000000000000000000</c>
               <c>0.00000000000000000000</c>
               <c>1.53873478455733230000</c>
               <c>-9.45226804128714630000</c>
               <c>11.45211586094696300000</c>
               <c>0.00000000000000000000</c>
               <c>0.00000000000000000000</c>
               <c>-1.64579538341554520000</c>
               <c>10.51200505830771800000</c>
               <c>-14.00198770604999300000</c>
               <c>0.00000000000000000000</c>
               <c>0.00000000000000000000</c>
               <c>0.57395184821022072000</c>
               <c>-3.81499849015213500000</c>
               <c>5.37746105937586720000</c>
               <c>0.00000000000000000000</c>
               <c>0.00000000000000000000</c>
            </temp_rating>
         </MCRZ>
         <MCMB>
            <kink>10</kink>
            <flat_rating>
               <b>2.83851626311062730000</b>
               <b>-4.41227183106050270000</b>
               <b>2.74396944958901880000</b>
               <b>0.00000000000000000000</b>
               <b>0.00000000000000000000</b>
               <b>0.00000000000000000000</b>
               <b>-11.67797264016462000000</b>
               <b>25.83548709860789200000</b>
               <b>-7.34875866565174900000</b>
               <b>0.00000000000000000000</b>
               <b>0.00000000000000000000</b>
               <b>0.00000000000000000000</b>
               <b>31.12948032163136200000</b>
               <b>-54.81431992095952700000</b>
               <b>-16.84828117862321100000</b>
               <b>0.00000000000000000000</b>
               <b>0.00000000000000000000</b>
               <b>0.00000000000000000000</b>
               <b>-37.02432836989006400000</b>
               <b>23.63307979618625200000</b>
               <b>105.88065747564255000000</b>
               <b>0.00000000000000000000</b>
               <b>0.00000000000000000000</b>
               <b>0.00000000000000000000</b>
               <b>16.52503128417949100000</b>
               <b>41.33200908167896200000</b>
               <b>-152.85879324942999000000</b>
               <b>0.00000000000000000000</b>
               <b>0.00000000000000000000</b>
               <b>0.00000000000000000000</b>
               <b>-0.81507150520963689000</b>
               <b>-32.36009781957601200000</b>
               <b>69.23596054168690700000</b>
               <b>0.00000000000000000000</b>
               <b>0.00000000000000000000</b>
               <b>0.00000000000000000000</b>
            </flat_rating>
            <temp_rating>
               <c>-63.13394965231725600000</c>
               <c>52.74193403674122700000</c>
               <c>83.17146847095584400000</c>
               <c>0.00000000000000000000</c>
               <c>0.00000000000000000000</c>
               <c>246.06955998344171000000</c>
               <c>-173.28775858071404000000</c>
               <c>-371.54765343966830000000</c>
               <c>0.00000000000000000000</c>
               <c>0.00000000000000000000</c>
               <c>-346.28811424763666000000</c>
               <c>196.21340916038622000000</c>
               <c>620.39881975355092000000</c>
               <c>0.00000000000000000000</c>
               <c>0.00000000000000000000</c>
               <c>213.46959237010344000000</c>
               <c>-89.18090295827192900000</c>
               <c>-452.95220146701496000000</c>
               <c>0.00000000000000000000</c>
               <c>0.00000000000000000000</c>
               <c>-48.99383532178673300000</c>
               <c>12.47604005983969300000</c>
               <c>121.90422719740958000000</c>
               <c>0.00000000000000000000</c>
               <c>0.00000000000000000000</c>
               <c>0.00406469068008073840</c>
               <c>-1.51220421637172180000</c>
               <c>3.72338141613470700000</c>
               <c>0.00000000000000000000</c>
               <c>0.00000000000000000000</c>
               <c>-1.33759110780005770000</c>
               <c>10.57647122667117900000</c>
               <c>-15.68916354170639200000</c>
               <c>0.00000000000000000000</c>
               <c>0.00000000000000000000</c>
               <c>2.58657178287478380000</c>
               <c>-17.47748274408038300000</c>
               <c>23.44722142273650400000</c>
               <c>0.00000000000000000000</c>
               <c>0.00000000000000000000</c>
               <c>-1.48182259822754880000</c>
               <c>9.36164692082186530000</c>
               <c>-12.12599630473283900000</c>
               <c>0.00000000000000000000</c>
               <c>0.00000000000000000000</c>
            </temp_rating>
         </MCMB>
         <MTKF>
            <kink>10</kink>
            <flat_rating>
               <b>15.35563393608431000000</b>
               <b>-70.24350572571536600000</b>
               <b>81.78634725406456600000</b>
               <b>0.00000000000000000000</b>
               <b>0.00000000000000000000</b>
               <b>0.00000000000000000000</b>
               <b>-82.58864399026011000000</b>
               <b>413.65228870246239000000</b>
               <b>-485.61757381871473000000</b>
               <b>0.00000000000000000000</b>
               <b>0.00000000000000000000</b>
               <b>0.00000000000000000000</b>
               <b>190.89051921940913000000</b>
               <b>-976.44706439558058000000</b>
               <b>1157.31250345320650000000</b>
               <b>0.00000000000000000000</b>
               <b>0.00000000000000000000</b>
               <b>0.00000000000000000000</b>
               <b>-222.10240839312902000000</b>
               <b>1154.57676627356070000000</b>
               <b>-1383.61524062575750000000</b>
               <b>0.00000000000000000000</b>
               <b>0.00000000000000000000</b>
               <b>0.00000000000000000000</b>
               <b>129.26939657233157000000</b>
               <b>-682.13870865936849000000</b>
               <b>826.36163382617235000000</b>
               <b>0.00000000000000000000</b>
               <b>0.00000000000000000000</b>
               <b>0.00000000000000000000</b>
               <b>-30.02907081274115000000</b>
               <b>160.71356872989995000000</b>
               <b>-196.66535425422884000000</b>
               <b>0.00000000000000000000</b>
               <b>0.00000000000000000000</b>
               <b>0.00000000000000000000</b>
            </flat_rating>
            <temp_rating>
               <c>6640.93891331697160000000</c>
               <c>-39670.56366033068500000000</c>
               <c>54920.60151654756200000000</c>
               <c>0.00000000000000000000</c>
               <c>0.00000000000000000000</c>
               <c>-25363.02564398721000000000</c>
               <c>151795.19135172982000000000</c>
               <c>-210561.86105240198000000000</c>
               <c>0.00000000000000000000</c>
               <c>0.00000000000000000000</c>
               <c>36367.52619401492800000000</c>
               <c>-217880.19719689016000000000</c>
               <c>302723.85459339549000000000</c>
               <c>0.00000000000000000000</c>
               <c>0.00000000000000000000</c>
               <c>-23145.81503068444400000000</c>
               <c>138821.26347033269000000000</c>
               <c>-193196.25766740489000000000</c>
               <c>0.00000000000000000000</c>
               <c>0.00000000000000000000</c>
               <c>5516.70596383365590000000</c>
               <c>-33128.03624075630800000000</c>
               <c>46180.60806987492100000000</c>
               <c>0.00000000000000000000</c>
               <c>0.00000000000000000000</c>
               <c>-71.11173942459156200000</c>
               <c>286.59269791765269000000</c>
               <c>-307.03640775239523000000</c>
               <c>0.00000000000000000000</c>
               <c>0.00000000000000000000</c>
               <c>121.49339072857781000000</c>
               <c>-486.69598481899300000000</c>
               <c>519.80698864350620000000</c>
               <c>0.00000000000000000000</c>
               <c>0.00000000000000000000</c>
               <c>-91.96638353045527500000</c>
               <c>365.16806222032415000000</c>
               <c>-388.66886749545978000000</c>
               <c>0.00000000000000000000</c>
               <c>0.00000000000000000000</c>
               <c>25.99479227369528500000</c>
               <c>-101.98951182537841000000</c>
               <c>107.92371318968029000000</c>
               <c>0.00000000000000000000</c>
               <c>0.00000000000000000000</c>
            </temp_rating>
         </MTKF>
         <LIDL>
            <CT>
               <ti>-0.01208624361092826800</ti>
               <ti>0.12305813366677365000</ti>
               <ti>-0.11818239070674495000</ti>
               <ti>0.00818810685315447300</ti>
               <ti>0.02342894844530238700</ti>
               <ti>-0.26068130307955711000</ti>
               <ti>0.01657713794903518900</ti>
               <ti>0.28709105214753650000</ti>
               <ti>0.00113403515585233410</ti>
               <ti>-0.00081437949435804588</ti>
               <ti>0.50659145180115128000</ti>
               <ti>-0.64458569617870787000</ti>
            </CT>
            <CF>
               <fi>0.00310214383723862860</fi>
               <fi>0.06380253780752288800</fi>
               <fi>-0.00982680794241705580</fi>
               <fi>0.01540559724281905100</fi>
               <fi>-0.05808889043089887600</fi>
               <fi>0.04472242846767519900</fi>
               <fi>-0.01404260059188669500</fi>
               <fi>0.06520916338354623700</fi>
               <fi>-0.05315014988256418200</fi>
            </CF>
         </LIDL>
         <throttle>
            <low>0.63443455148512773000</low>
            <high>1.30403798730387500000</high>
         </throttle>
      </TFM>
   </PFM>
   <OPM>
      <LGO>
         <Transition>
            <from>0</from>
            <to>1</to>
            <time>5.5</time>
         </Transition>
         <Transition>
            <from>1</from>
            <to>0</to>
            <time>10.1</time>
         </Transition>
      </LGO>
      <HLO>
         <Transition>
            <from>0</from>
            <to>1</to>
            <time>10.8</time>
         </Transition>
         <Transition>
            <from>1</from>
            <to>2</to>
            <time>21.2</time>
         </Transition>
         <Transition>
            <from>2</from>
            <to>3</to>
            <time>9.4</time>
         </Transition>
         <Transition>
            <from>3</from>
            <to>4</to>
            <time>4.8</time>
         </Transition>
         <Transition>
            <from>4</from>
            <to>5</to>
            <time>4.2</time>
         </Transition>
         <Transition>
            <from>5</from>
            <to>4</to>
            <time>4</time>
         </Transition>
         <Transition>
            <from>4</from>
            <to>3</to>
            <time>4.6</time>
         </Transition>
         <Transition>
            <from>3</from>
            <to>2</to>
            <time>13.2</time>
         </Transition>
         <Transition>
            <from>2</from>
            <to>1</to>
            <time>16.3</time>
         </Transition>
         <Transition>
            <from>1</from>
            <to>0</to>
            <time>8.7</time>
         </Transition>
      </HLO>
   </OPM>
   <ALM>
      <GLM>
         <hmo>37000</hmo>
         <mfa>20000</mfa>
      </GLM>
      <KLM>
         <mmo>0.82</mmo>
         <vmo>340</vmo>
         <mle>0.82</mle>
         <vle>320</vle>
         <mlo>0.82</mlo>
         <vloe>270</vloe>
         <vlor>235</vlor>
      </KLM>
      <ELM>
         <Tmin_f>
            <point>
               <Hp>-1000.0</Hp>
               <DeltaT>-71.00000000000000000000</DeltaT>
            </point>
            <point>
               <Hp>0.0</Hp>
               <DeltaT>-69.00000000000000000000</DeltaT>
            </point>
            <point>
               <Hp>1.0</Hp>
               <DeltaT>-89.00000000000000000000</DeltaT>
            </point>
            <point>
               <Hp>36089.0</Hp>
               <DeltaT>-17.50000000000000000000</DeltaT>
            </point>
            <point>
               <Hp>41000.0</Hp>
               <DeltaT>-17.50000000000000000000</DeltaT>
            </point>
         </Tmin_f>
         <Tmax_f>
            <point>
               <Hp>-1000.0</Hp>
               <DeltaT>37.39999999999999900000</DeltaT>
            </point>
            <point>
               <Hp>0.0</Hp>
               <DeltaT>39.39999999999999900000</DeltaT>
            </point>
            <point>
               <Hp>8500.0</Hp>
               <DeltaT>39.39999999999999900000</DeltaT>
            </point>
            <point>
               <Hp>8501.0</Hp>
               <DeltaT>34.00000000000000000000</DeltaT>
            </point>
            <point>
               <Hp>37000.0</Hp>
               <DeltaT>34.00000000000000000000</DeltaT>
            </point>
         </Tmax_f>
         <Tmin_g>
            <point>
               <Hp>-1000.0</Hp>
               <DeltaT>-71.00000000000000000000</DeltaT>
            </point>
            <point>
               <Hp>8500.0</Hp>
               <DeltaT>-52.00000000000000000000</DeltaT>
            </point>
         </Tmin_g>
         <Tmax_g>
            <point>
               <Hp>-1000.0</Hp>
               <DeltaT>37.39999999999999900000</DeltaT>
            </point>
            <point>
               <Hp>0.0</Hp>
               <DeltaT>39.39999999999999900000</DeltaT>
            </point>
            <point>
               <Hp>8500.0</Hp>
               <DeltaT>39.39999999999999900000</DeltaT>
            </point>
         </Tmax_g>
      </ELM>
      <DLM>
         <MTW>60782</MTW>
         <MTOW>60555</MTOW>
         <MLW>49896</MLW>
         <MZFW>46494</MZFW>
         <OEW>31312</OEW>
         <MPL>15182</MPL>
         <MFL>23168</MFL>
         <n1>2.5</n1>
         <n3>-1</n3>
         <nf1>2</nf1>
         <nf3>0</nf3>
      </DLM>
   </ALM>
   <Ground>
      <Dimensions>
         <span>28.88</span>
         <length>31.01</length>
      </Dimensions>
      <Runway>
         <TOL>2550</TOL>
         <LDL>1550</LDL>
      </Runway>
   </Ground>
   <ARPM>
      <AeroConfSchedule>
         <AeroPhase>
            <name>TO</name>
            <HLid>2</HLid>
            <LG>UP</LG>
         </AeroPhase>
         <AeroPhase>
            <name>IC</name>
            <HLid>1</HLid>
            <LG>UP</LG>
         </AeroPhase>
         <AeroPhase>
            <name>CR</name>
            <HLid>0</HLid>
            <LG>UP</LG>
         </AeroPhase>
         <AeroPhase>
            <name>AP</name>
            <HLid>3</HLid>
            <LG>UP</LG>
         </AeroPhase>
         <AeroPhase>
            <name>LD</name>
            <HLid>4</HLid>
            <LG>DN</LG>
         </AeroPhase>
      </AeroConfSchedule>
      <SpeedScheduleList>
         <SpeedSchedule>
            <CompanyName>Default</CompanyName>
            <SpeedPhase>
               <name>Climb</name>
               <CAS1>290</CAS1>
               <CAS2>290</CAS2>
               <M>0.74</M>
            </SpeedPhase>
            <SpeedPhase>
               <name>Cruise</name>
               <CAS1>300</CAS1>
               <CAS2>300</CAS2>
               <M>0.76</M>
            </SpeedPhase>
            <SpeedPhase>
               <name>Descent</name>
               <CAS1>280</CAS1>
               <CAS2>280</CAS2>
               <M>0.74</M>
            </SpeedPhase>
         </SpeedSchedule>
      </SpeedScheduleList>
   </ARPM>
</bada40:ACM>