<?xml version="1.0" encoding="utf-8"?>
<bada40:ACM xmlns:bada40="http://www.eurocontrol.int/eec/public/standard_page/bada40">
   <model>767-300ER</model>
   <type>JET</type>
   <engine>CF6-80C2B6</engine>
   <description>extended range</description>
   <ICAO>
      <designator>B763</designator>
      <WTC>H</WTC>
   </ICAO>
   <AFCM>
      <S>283.35427200000004000000</S>
      <Configuration HLid="0">
         <HLPosition>0000</HLPosition>
         <name>flaps  0</name>
         <vfe>360</vfe>
         <LGUP>
            <DPM_clean>
               <M_max>0.86000</M_max>
               <scalar>9.835e-007</scalar>
               <CD_clean>
                  <d>114229.47273732413000000000</d>
                  <d>-337496.43036678358000000000</d>
                  <d>408603.52489119122000000000</d>
                  <d>-210755.22602261967000000000</d>
                  <d>39572.80628950070200000000</d>
                  <d>73320.89476906576600000000</d>
                  <d>-35842.14071341723300000000</d>
                  <d>11450.97242661926400000000</d>
                  <d>-1563.11119281526930000000</d>
                  <d>80.63014266191407800000</d>
                  <d>6526.22622232916460000000</d>
                  <d>10721.69064834618800000000</d>
                  <d>-18128.28021558230800000000</d>
                  <d>10242.96252381652300000000</d>
                  <d>-1921.78332452311970000000</d>
               </CD_clean>
            </DPM_clean>
            <BLM_clean>
               <Mmin>0.40000</Mmin>
               <Mmax>0.85000</Mmax>
               <CL_Mach0>0.96963750449515396000</CL_Mach0>
               <CL_clean>
                  <bf>3.22818142224560760000</bf>
                  <bf>-12.90074450286916300000</bf>
                  <bf>23.79018994337129200000</bf>
                  <bf>-14.52421612027816200000</bf>
                  <bf>0.00000000000000000000</bf>
               </CL_clean>
            </BLM_clean>
         </LGUP>
         <LGDN>
            <DPM_nonclean>
               <CD_nonclean>
                  <d>0.03949270729270734600</d>
                  <d>-0.00863436563436577490</d>
                  <d>0.05860139860139868700</d>
               </CD_nonclean>
            </DPM_nonclean>
            <BLM>
               <CL_max>0.96963750449515396000</CL_max>
            </BLM>
         </LGDN>
      </Configuration>
      <Configuration HLid="1">
         <HLPosition>0001</HLPosition>
         <name>flaps  1</name>
         <vfe>250</vfe>
         <LGUP>
            <DPM_nonclean>
               <CD_nonclean>
                  <d>0.02065403752411255200</d>
                  <d>-0.01297970843033866500</d>
                  <d>0.05975224117823416100</d>
               </CD_nonclean>
            </DPM_nonclean>
            <BLM>
               <CL_max>1.53257747839313210000</CL_max>
            </BLM>
         </LGUP>
         <LGDN>
            <DPM_nonclean>
               <CD_nonclean>
                  <d>0.04465403752411258000</d>
                  <d>-0.01297970843033870900</d>
                  <d>0.05975224117823418200</d>
               </CD_nonclean>
            </DPM_nonclean>
            <BLM>
               <CL_max>1.53257747839313210000</CL_max>
            </BLM>
         </LGDN>
      </Configuration>
      <Configuration HLid="2">
         <HLPosition>0005</HLPosition>
         <name>flaps  5</name>
         <vfe>230</vfe>
         <LGUP>
            <DPM_nonclean>
               <CD_nonclean>
                  <d>0.03429304474387187600</d>
                  <d>-0.02203152417538025900</d>
                  <d>0.05880646541026481700</d>
               </CD_nonclean>
            </DPM_nonclean>
            <BLM>
               <CL_max>1.81875768210833910000</CL_max>
            </BLM>
         </LGUP>
         <LGDN>
            <DPM_nonclean>
               <CD_nonclean>
                  <d>0.05829304474387181400</d>
                  <d>-0.02203152417538010700</d>
                  <d>0.05880646541026471300</d>
               </CD_nonclean>
            </DPM_nonclean>
            <BLM>
               <CL_max>1.81875768210833910000</CL_max>
            </BLM>
         </LGDN>
      </Configuration>
      <Configuration HLid="3">
         <HLPosition>0015</HLPosition>
         <name>flaps 15</name>
         <vfe>210</vfe>
         <LGUP>
            <DPM_nonclean>
               <CD_nonclean>
                  <d>0.04277244494635813000</d>
                  <d>-0.02764130434782628000</d>
                  <d>0.05993506493506500800</d>
               </CD_nonclean>
            </DPM_nonclean>
            <BLM>
               <CL_max>1.91939973574524240000</CL_max>
            </BLM>
         </LGUP>
         <LGDN>
            <DPM_nonclean>
               <CD_nonclean>
                  <d>0.06657244494635804200</d>
                  <d>-0.02764130434782613400</d>
                  <d>0.05993506493506493800</d>
               </CD_nonclean>
            </DPM_nonclean>
            <BLM>
               <CL_max>1.91939973574524240000</CL_max>
            </BLM>
         </LGDN>
      </Configuration>
      <Configuration HLid="4">
         <HLPosition>0020</HLPosition>
         <name>flaps 20</name>
         <vfe>210</vfe>
         <LGUP>
            <DPM_nonclean>
               <CD_nonclean>
                  <d>0.06364918815935402500</d>
                  <d>-0.04645343646031805500</d>
                  <d>0.06487835592621335500</d>
               </CD_nonclean>
            </DPM_nonclean>
            <BLM>
               <CL_max>1.97984958093834210000</CL_max>
            </BLM>
         </LGUP>
         <LGDN>
            <DPM_nonclean>
               <CD_nonclean>
                  <d>0.08754918815935429400</d>
                  <d>-0.04645343646031845100</d>
                  <d>0.06487835592621353500</d>
               </CD_nonclean>
            </DPM_nonclean>
            <BLM>
               <CL_max>1.97189039469871760000</CL_max>
            </BLM>
         </LGDN>
      </Configuration>
      <Configuration HLid="5">
         <HLPosition>0025</HLPosition>
         <name>flaps 25</name>
         <vfe>180</vfe>
         <LGDN>
            <DPM_nonclean>
               <CD_nonclean>
                  <d>0.15464889705882542000</d>
                  <d>-0.10649866946778981000</d>
                  <d>0.08294817927170967900</d>
               </CD_nonclean>
            </DPM_nonclean>
            <BLM>
               <CL_max>1.94829869801656770000</CL_max>
            </BLM>
         </LGDN>
      </Configuration>
      <Configuration HLid="6">
         <HLPosition>0030</HLPosition>
         <name>flaps 30</name>
         <vfe>170</vfe>
         <LGDN>
            <DPM_nonclean>
               <CD_nonclean>
                  <d>0.19306193334646748000</d>
                  <d>-0.13204261476827295000</d>
                  <d>0.08961524259871377100</d>
               </CD_nonclean>
            </DPM_nonclean>
            <BLM>
               <CL_max>1.96792878767358650000</CL_max>
            </BLM>
         </LGDN>
      </Configuration>
   </AFCM>
   <PFM>
      <MREF>186880</MREF>
      <LHV>43217000</LHV>
      <rho>810</rho>
      <n_eng>2</n_eng>
      <TFA>20</TFA>
      <TFM>
         <CT>
            <a>0.00000000000000000000</a>
            <a>-0.10000000137428842000</a>
            <a>0.00000000000000000000</a>
            <a>0.00000000000000000000</a>
            <a>0.00000000000000000000</a>
            <a>0.00000000000000000000</a>
            <a>0.30000000106794117000</a>
            <a>0.00000000000000000000</a>
            <a>0.00000000000000000000</a>
            <a>0.00000000000000000000</a>
            <a>0.00000000000000000000</a>
            <a>0.00000000000000000000</a>
            <a>0.00000000000000000000</a>
            <a>0.00000000000000000000</a>
            <a>0.00000000000000000000</a>
            <a>0.00000000000000000000</a>
            <a>0.00000000000000000000</a>
            <a>0.00000000000000000000</a>
            <a>0.00000000000000000000</a>
            <a>0.00000000000000000000</a>
            <a>0.00000000000000000000</a>
            <a>0.00000000000000000000</a>
            <a>0.00000000000000000000</a>
            <a>0.00000000000000000000</a>
            <a>0.00000000000000000000</a>
            <a>0.00000000000000000000</a>
            <a>0.00000000000000000000</a>
            <a>0.00000000000000000000</a>
            <a>0.00000000000000000000</a>
            <a>0.00000000000000000000</a>
            <a>0.00000000000000000000</a>
            <a>0.00000000000000000000</a>
            <a>0.00000000000000000000</a>
            <a>0.00000000000000000000</a>
            <a>0.00000000000000000000</a>
            <a>0.00000000000000000000</a>
         </CT>
         <CF>
            <f>-0.00994629489782025870</f>
            <f>2.13704816210154650000</f>
            <f>-15.71450113861593900000</f>
            <f>74.29698515167785900000</f>
            <f>-94.29843889702863200000</f>
            <f>0.09009917247477630700</f>
            <f>-1.01177081883520660000</f>
            <f>33.43800482909848200000</f>
            <f>-166.73908736579642000000</f>
            <f>261.08072091563480000000</f>
            <f>0.00000000000000000000</f>
            <f>0.00000000000000000000</f>
            <f>0.00000000000000000000</f>
            <f>0.00000000000000000000</f>
            <f>0.00000000000000000000</f>
            <f>0.00000000000000000000</f>
            <f>0.00000000000000000000</f>
            <f>0.00000000000000000000</f>
            <f>0.00000000000000000000</f>
            <f>0.00000000000000000000</f>
            <f>0.00000000000000000000</f>
            <f>0.00000000000000000000</f>
            <f>0.00000000000000000000</f>
            <f>0.00000000000000000000</f>
            <f>0.00000000000000000000</f>
         </CF>
         <MCRZ>
            <kink>10</kink>
            <flat_rating>
               <b>-3.37743695379008190000</b>
               <b>10.34573214248097300000</b>
               <b>-6.57700989398431620000</b>
               <b>0.00000000000000000000</b>
               <b>0.00000000000000000000</b>
               <b>0.00000000000000000000</b>
               <b>34.86531792624157300000</b>
               <b>-81.07173541572406400000</b>
               <b>54.97917908771307100000</b>
               <b>0.00000000000000000000</b>
               <b>0.00000000000000000000</b>
               <b>0.00000000000000000000</b>
               <b>-104.21602135851101000000</b>
               <b>238.28032255550312000000</b>
               <b>-168.15415230872088000000</b>
               <b>0.00000000000000000000</b>
               <b>0.00000000000000000000</b>
               <b>0.00000000000000000000</b>
               <b>148.25846967546056000000</b>
               <b>-342.90276903596049000000</b>
               <b>251.18472384241377000000</b>
               <b>0.00000000000000000000</b>
               <b>0.00000000000000000000</b>
               <b>0.00000000000000000000</b>
               <b>-102.51449508682416000000</b>
               <b>243.25882079332831000000</b>
               <b>-185.21435893476050000000</b>
               <b>0.00000000000000000000</b>
               <b>0.00000000000000000000</b>
               <b>0.00000000000000000000</b>
               <b>27.71838226095182700000</b>
               <b>-68.41927938511025800000</b>
               <b>54.36683693855094600000</b>
               <b>0.00000000000000000000</b>
               <b>0.00000000000000000000</b>
               <b>0.00000000000000000000</b>
            </flat_rating>
            <temp_rating>
               <c>233.49101545004734000000</c>
               <c>-1141.16358332316330000000</c>
               <c>1124.67703819037680000000</c>
               <c>0.00000000000000000000</c>
               <c>0.00000000000000000000</c>
               <c>-1011.81324940598690000000</c>
               <c>4802.02490754605510000000</c>
               <c>-4683.83430164237870000000</c>
               <c>0.00000000000000000000</c>
               <c>0.00000000000000000000</c>
               <c>1633.70918334680410000000</c>
               <c>-7534.45011230839190000000</c>
               <c>7292.39791481640530000000</c>
               <c>0.00000000000000000000</c>
               <c>0.00000000000000000000</c>
               <c>-1162.86223245301270000000</c>
               <c>5225.99320384410380000000</c>
               <c>-5027.70381365380940000000</c>
               <c>0.00000000000000000000</c>
               <c>0.00000000000000000000</c>
               <c>307.73705739097784000000</c>
               <c>-1352.31639560012040000000</c>
               <c>1294.81410035613890000000</c>
               <c>0.00000000000000000000</c>
               <c>0.00000000000000000000</c>
               <c>6.80289406926717800000</c>
               <c>-10.25157178098473300000</c>
               <c>4.95372079955196300000</c>
               <c>0.00000000000000000000</c>
               <c>0.00000000000000000000</c>
               <c>-18.92925757071415700000</c>
               <c>25.56748215108869400000</c>
               <c>-5.08937185903788690000</c>
               <c>0.00000000000000000000</c>
               <c>0.00000000000000000000</c>
               <c>19.33251985299191800000</c>
               <c>-17.95924639831002900000</c>
               <c>-9.36427221318025540000</c>
               <c>0.00000000000000000000</c>
               <c>0.00000000000000000000</c>
               <c>-6.55349476170115340000</c>
               <c>1.40408235311407090000</c>
               <c>10.86091008299655600000</c>
               <c>0.00000000000000000000</c>
               <c>0.00000000000000000000</c>
            </temp_rating>
         </MCRZ>
         <MCMB>
            <kink>10</kink>
            <flat_rating>
               <b>-2.16682908037951630000</b>
               <b>8.08075836700534470000</b>
               <b>-5.68230823824867230000</b>
               <b>0.00000000000000000000</b>
               <b>0.00000000000000000000</b>
               <b>0.00000000000000000000</b>
               <b>25.39558629266685200000</b>
               <b>-71.88275183836982800000</b>
               <b>59.60451555162579500000</b>
               <b>0.00000000000000000000</b>
               <b>0.00000000000000000000</b>
               <b>0.00000000000000000000</b>
               <b>-79.03075666376135200000</b>
               <b>246.58364447266433000000</b>
               <b>-223.79825866854588000000</b>
               <b>0.00000000000000000000</b>
               <b>0.00000000000000000000</b>
               <b>0.00000000000000000000</b>
               <b>120.22999531368862000000</b>
               <b>-415.12770808918020000000</b>
               <b>398.99111949567998000000</b>
               <b>0.00000000000000000000</b>
               <b>0.00000000000000000000</b>
               <b>0.00000000000000000000</b>
               <b>-90.16688736955940400000</b>
               <b>339.08133852351989000000</b>
               <b>-338.75987850392090000000</b>
               <b>0.00000000000000000000</b>
               <b>0.00000000000000000000</b>
               <b>0.00000000000000000000</b>
               <b>26.55480670972395200000</b>
               <b>-107.35313542196478000000</b>
               <b>110.34253427003081000000</b>
               <b>0.00000000000000000000</b>
               <b>0.00000000000000000000</b>
               <b>0.00000000000000000000</b>
            </flat_rating>
            <temp_rating>
               <c>128.89278446861832000000</c>
               <c>-679.18550645545463000000</c>
               <c>659.73169122072238000000</c>
               <c>0.00000000000000000000</c>
               <c>0.00000000000000000000</c>
               <c>-570.92163295296371000000</c>
               <c>2827.60972059338060000000</c>
               <c>-2706.11584964953410000000</c>
               <c>0.00000000000000000000</c>
               <c>0.00000000000000000000</c>
               <c>942.78937920456622000000</c>
               <c>-4400.24670882729520000000</c>
               <c>4162.86101992413300000000</c>
               <c>0.00000000000000000000</c>
               <c>0.00000000000000000000</c>
               <c>-685.92560015497702000000</c>
               <c>3039.12089796396960000000</c>
               <c>-2848.14893479906500000000</c>
               <c>0.00000000000000000000</c>
               <c>0.00000000000000000000</c>
               <c>185.25242964832094000000</c>
               <c>-785.61937470725161000000</c>
               <c>730.48447759409919000000</c>
               <c>0.00000000000000000000</c>
               <c>0.00000000000000000000</c>
               <c>8.92284976154751770000</c>
               <c>-24.72288699098173500000</c>
               <c>19.36777047144786200000</c>
               <c>0.00000000000000000000</c>
               <c>0.00000000000000000000</c>
               <c>-26.31725948473505400000</c>
               <c>72.39762683101092500000</c>
               <c>-51.97326003563947700000</c>
               <c>0.00000000000000000000</c>
               <c>0.00000000000000000000</c>
               <c>29.91182498510610400000</c>
               <c>-80.56769600629280600000</c>
               <c>53.66708716183569500000</c>
               <c>0.00000000000000000000</c>
               <c>0.00000000000000000000</c>
               <c>-11.74819452732122300000</c>
               <c>30.61273936998571100000</c>
               <c>-18.69824178269042400000</c>
               <c>0.00000000000000000000</c>
               <c>0.00000000000000000000</c>
            </temp_rating>
         </MCMB>
         <MTKF>
            <kink>10</kink>
            <flat_rating>
               <b>138.55068873034892000000</b>
               <b>-1052.34718702590860000000</b>
               <b>1509.58371640891280000000</b>
               <b>0.00000000000000000000</b>
               <b>0.00000000000000000000</b>
               <b>0.00000000000000000000</b>
               <b>-878.06480003812351000000</b>
               <b>6578.11329410493450000000</b>
               <b>-9437.75551825728690000000</b>
               <b>0.00000000000000000000</b>
               <b>0.00000000000000000000</b>
               <b>0.00000000000000000000</b>
               <b>2232.98806306344480000000</b>
               <b>-16402.56975911432200000000</b>
               <b>23527.18748323896900000000</b>
               <b>0.00000000000000000000</b>
               <b>0.00000000000000000000</b>
               <b>0.00000000000000000000</b>
               <b>-2824.43028589408960000000</b>
               <b>20372.92008503191000000000</b>
               <b>-29205.12298694181700000000</b>
               <b>0.00000000000000000000</b>
               <b>0.00000000000000000000</b>
               <b>0.00000000000000000000</b>
               <b>1776.16083804392630000000</b>
               <b>-12601.09943998726700000000</b>
               <b>18048.32777615867600000000</b>
               <b>0.00000000000000000000</b>
               <b>0.00000000000000000000</b>
               <b>0.00000000000000000000</b>
               <b>-444.24618116747422000000</b>
               <b>3104.42057904236070000000</b>
               <b>-4441.53722226543780000000</b>
               <b>0.00000000000000000000</b>
               <b>0.00000000000000000000</b>
               <b>0.00000000000000000000</b>
            </flat_rating>
            <temp_rating>
               <c>42769.33782727255300000000</c>
               <c>-234932.72401069279000000000</c>
               <c>321014.91699174256000000000</c>
               <c>0.00000000000000000000</c>
               <c>0.00000000000000000000</c>
               <c>-162025.39869532944000000000</c>
               <c>890162.46003628417000000000</c>
               <c>-1216876.29805037800000000000</c>
               <c>0.00000000000000000000</c>
               <c>0.00000000000000000000</c>
               <c>229569.30085850842000000000</c>
               <c>-1261444.70658892860000000000</c>
               <c>1725272.50887104190000000000</c>
               <c>0.00000000000000000000</c>
               <c>0.00000000000000000000</c>
               <c>-144488.05313113905000000000</c>
               <c>794069.11690274917000000000</c>
               <c>-1086563.65617041870000000000</c>
               <c>0.00000000000000000000</c>
               <c>0.00000000000000000000</c>
               <c>34083.84564010064800000000</c>
               <c>-187350.30179750692000000000</c>
               <c>256480.33474862869000000000</c>
               <c>0.00000000000000000000</c>
               <c>0.00000000000000000000</c>
               <c>447.46206447713126000000</c>
               <c>-2440.91217147503180000000</c>
               <c>3247.57508566428580000000</c>
               <c>0.00000000000000000000</c>
               <c>0.00000000000000000000</c>
               <c>-807.74277337774367000000</c>
               <c>4387.57268709137500000000</c>
               <c>-5823.23908595456670000000</c>
               <c>0.00000000000000000000</c>
               <c>0.00000000000000000000</c>
               <c>642.54481183737607000000</c>
               <c>-3478.15232354326100000000</c>
               <c>4606.89637745899020000000</c>
               <c>0.00000000000000000000</c>
               <c>0.00000000000000000000</c>
               <c>-190.44854583896023000000</c>
               <c>1028.07888305112400000000</c>
               <c>-1359.71243940469730000000</c>
               <c>0.00000000000000000000</c>
               <c>0.00000000000000000000</c>
            </temp_rating>
         </MTKF>
         <LIDL>
            <CT>
               <ti>0.01723142486265309300</ti>
               <ti>-0.05513396184389101500</ti>
               <ti>0.07836068203067343700</ti>
               <ti>-0.02001123599587964800</ti>
               <ti>-0.05161614610815117700</ti>
               <ti>0.19177846713743193000</ti>
               <ti>-0.18617883520160067000</ti>
               <ti>-0.02917292628423800300</ti>
               <ti>0.04327529473354203200</ti>
               <ti>-0.20303159447962227000</ti>
               <ti>0.12205126874579213000</ti>
               <ti>0.08714901344034808900</ti>
            </CT>
            <CF>
               <fi>-0.00618737064295292810</fi>
               <fi>0.05935858941475686400</fi>
               <fi>-0.02335535788700553900</fi>
               <fi>0.01458338099601428800</fi>
               <fi>-0.01368470003797360100</fi>
               <fi>-0.02715003516654521500</fi>
               <fi>0.00115939976782868360</fi>
               <fi>-0.03167616124138705100</fi>
               <fi>0.05804455183186205800</fi>
            </CF>
         </LIDL>
         <throttle>
            <low>0.56360269686149489000</low>
            <high>1.21236063471831650000</high>
         </throttle>
      </TFM>
   </PFM>
   <OPM>
      <LGO>
         <Transition>
            <from>0</from>
            <to>1</to>
            <time>18.3</time>
         </Transition>
         <Transition>
            <from>1</from>
            <to>0</to>
            <time>18.3</time>
         </Transition>
      </LGO>
      <HLO>
         <Transition>
            <from>0</from>
            <to>1</to>
            <time>7</time>
         </Transition>
         <Transition>
            <from>1</from>
            <to>2</to>
            <time>27.9</time>
         </Transition>
         <Transition>
            <from>2</from>
            <to>3</to>
            <time>3.5</time>
         </Transition>
         <Transition>
            <from>3</from>
            <to>4</to>
            <time>2.9</time>
         </Transition>
         <Transition>
            <from>4</from>
            <to>5</to>
            <time>7.4</time>
         </Transition>
         <Transition>
            <from>5</from>
            <to>6</to>
            <time>2.1</time>
         </Transition>
         <Transition>
            <from>6</from>
            <to>5</to>
            <time>2.1</time>
         </Transition>
         <Transition>
            <from>5</from>
            <to>4</to>
            <time>7.4</time>
         </Transition>
         <Transition>
            <from>4</from>
            <to>3</to>
            <time>2.9</time>
         </Transition>
         <Transition>
            <from>3</from>
            <to>2</to>
            <time>3.5</time>
         </Transition>
         <Transition>
            <from>2</from>
            <to>1</to>
            <time>27.9</time>
         </Transition>
         <Transition>
            <from>1</from>
            <to>0</to>
            <time>7</time>
         </Transition>
      </HLO>
   </OPM>
   <ALM>
      <GLM>
         <hmo>43100</hmo>
         <mfa>20000</mfa>
      </GLM>
      <KLM>
         <mmo>0.86</mmo>
         <vmo>360</vmo>
         <mle>0.82</mle>
         <vle>270</vle>
         <mlo>0.82</mlo>
         <vloe>270</vloe>
         <vlor>270</vlor>
      </KLM>
      <ELM>
         <Tmin_f>
            <point>
               <Hp>-1000.0</Hp>
               <DeltaT>-71.00000000000000000000</DeltaT>
            </point>
            <point>
               <Hp>0.0</Hp>
               <DeltaT>-69.00000000000000000000</DeltaT>
            </point>
            <point>
               <Hp>25000.0</Hp>
               <DeltaT>-36.50000000000000000000</DeltaT>
            </point>
            <point>
               <Hp>35000.0</Hp>
               <DeltaT>-19.50000000000000000000</DeltaT>
            </point>
            <point>
               <Hp>36089.0</Hp>
               <DeltaT>-17.50000000000000000000</DeltaT>
            </point>
            <point>
               <Hp>43100.0</Hp>
               <DeltaT>-17.50000000000000000000</DeltaT>
            </point>
         </Tmin_f>
         <Tmax_f>
            <point>
               <Hp>-1000.0</Hp>
               <DeltaT>37.39999999999999900000</DeltaT>
            </point>
            <point>
               <Hp>0.0</Hp>
               <DeltaT>39.39999999999999900000</DeltaT>
            </point>
            <point>
               <Hp>10000.0</Hp>
               <DeltaT>39.39999999999999900000</DeltaT>
            </point>
            <point>
               <Hp>10001.0</Hp>
               <DeltaT>33.89999999999999900000</DeltaT>
            </point>
            <point>
               <Hp>36089.0</Hp>
               <DeltaT>33.89999999999999900000</DeltaT>
            </point>
            <point>
               <Hp>43100.0</Hp>
               <DeltaT>20.00000000000000000000</DeltaT>
            </point>
         </Tmax_f>
         <Tmin_g>
            <point>
               <Hp>-1000.0</Hp>
               <DeltaT>-71.00000000000000000000</DeltaT>
            </point>
            <point>
               <Hp>0.0</Hp>
               <DeltaT>-69.00000000000000000000</DeltaT>
            </point>
            <point>
               <Hp>8500.0</Hp>
               <DeltaT>-52.10000000000000100000</DeltaT>
            </point>
         </Tmin_g>
         <Tmax_g>
            <point>
               <Hp>-1000.0</Hp>
               <DeltaT>37.39999999999999900000</DeltaT>
            </point>
            <point>
               <Hp>0.0</Hp>
               <DeltaT>39.39999999999999900000</DeltaT>
            </point>
            <point>
               <Hp>8500.0</Hp>
               <DeltaT>39.39999999999999900000</DeltaT>
            </point>
         </Tmax_g>
      </ELM>
      <DLM>
         <MTW>187334</MTW>
         <MTOW>186880</MTOW>
         <MLW>145150</MLW>
         <MZFW>133810</MZFW>
         <OEW>90011</OEW>
         <MPL>43799</MPL>
         <MFL>91380</MFL>
         <n1>2.5</n1>
         <n3>-1</n3>
         <nf1>2</nf1>
         <nf3>0</nf3>
      </DLM>
   </ALM>
   <Ground>
      <Dimensions>
         <span>47.57</span>
         <length>54.94</length>
      </Dimensions>
      <Runway>
         <TOL>2700</TOL>
         <LDL>1600</LDL>
      </Runway>
   </Ground>
   <ARPM>
      <AeroConfSchedule>
         <AeroPhase>
            <name>TO</name>
            <HLid>3</HLid>
            <LG>UP</LG>
         </AeroPhase>
         <AeroPhase>
            <name>IC</name>
            <HLid>1</HLid>
            <LG>UP</LG>
         </AeroPhase>
         <AeroPhase>
            <name>CR</name>
            <HLid>0</HLid>
            <LG>UP</LG>
         </AeroPhase>
         <AeroPhase>
            <name>AP</name>
            <HLid>4</HLid>
            <LG>UP</LG>
         </AeroPhase>
         <AeroPhase>
            <name>LD</name>
            <HLid>6</HLid>
            <LG>DN</LG>
         </AeroPhase>
      </AeroConfSchedule>
      <SpeedScheduleList>
         <SpeedSchedule>
            <CompanyName>Default</CompanyName>
            <SpeedPhase>
               <name>Climb</name>
               <CAS1>310</CAS1>
               <CAS2>310</CAS2>
               <M>0.80</M>
            </SpeedPhase>
            <SpeedPhase>
               <name>Cruise</name>
               <CAS1>310</CAS1>
               <CAS2>310</CAS2>
               <M>0.80</M>
            </SpeedPhase>
            <SpeedPhase>
               <name>Descent</name>
               <CAS1>310</CAS1>
               <CAS2>310</CAS2>
               <M>0.80</M>
            </SpeedPhase>
         </SpeedSchedule>
      </SpeedScheduleList>
   </ARPM>
</bada40:ACM>