<?xml version="1.0" encoding="utf-8"?>
<bada40:ACM xmlns:bada40="http://www.eurocontrol.int/eec/public/standard_page/bada40">
   <model>777-200</model>
   <type>JET</type>
   <engine>Trent892</engine>
   <description/>
   <ICAO>
      <designator>B772</designator>
      <WTC>H</WTC>
   </ICAO>
   <AFCM>
      <S>427.81849920000002000000</S>
      <Configuration HLid="0">
         <HLPosition>0000</HLPosition>
         <name>flaps  0</name>
         <vfe>330</vfe>
         <LGUP>
            <DPM_clean>
               <M_max>0.87000</M_max>
               <scalar>9.835e-007</scalar>
               <CD_clean>
                  <d>79196.58868331825900000000</d>
                  <d>-183221.07055427655000000000</d>
                  <d>188985.75649547589000000000</d>
                  <d>-85486.56604051917400000000</d>
                  <d>14522.08454799734700000000</d>
                  <d>62533.71780307445400000000</d>
                  <d>-20818.71667655717800000000</d>
                  <d>7027.54273995277530000000</d>
                  <d>-1105.96495096959100000000</d>
                  <d>61.20123831197379600000</d>
                  <d>696.86944047091947000000</d>
                  <d>26234.62857813234600000000</d>
                  <d>-41681.77513669795000000000</d>
                  <d>22099.30569198084000000000</d>
                  <d>-3904.07482745883950000000</d>
               </CD_clean>
            </DPM_clean>
            <BLM_clean>
               <Mmin>0.28000</Mmin>
               <Mmax>0.86000</Mmax>
               <CL_Mach0>1.11714233778581920000</CL_Mach0>
               <CL_clean>
                  <bf>0.40933542739744333000</bf>
                  <bf>8.36139640688874410000</bf>
                  <bf>-29.79603104816177600000</bf>
                  <bf>39.31971042259188900000</bf>
                  <bf>-18.00318831050433100000</bf>
               </CL_clean>
            </BLM_clean>
         </LGUP>
         <LGDN>
            <DPM_nonclean>
               <CD_nonclean>
                  <d>0.04630551960784320300</d>
                  <d>-0.01247029411764722900</d>
                  <d>0.05395098039215700400</d>
               </CD_nonclean>
            </DPM_nonclean>
            <BLM>
               <CL_max>1.11714233778581920000</CL_max>
            </BLM>
         </LGDN>
      </Configuration>
      <Configuration HLid="1">
         <HLPosition>0001</HLPosition>
         <name>flaps 1</name>
         <vfe>240</vfe>
         <LGUP>
            <DPM_nonclean>
               <CD_nonclean>
                  <d>0.03367491687717306900</d>
                  <d>-0.04801286457249821800</d>
                  <d>0.07822116556212652100</d>
               </CD_nonclean>
            </DPM_nonclean>
            <BLM>
               <CL_max>1.59143377776150370000</CL_max>
            </BLM>
         </LGUP>
         <LGDN>
            <DPM_nonclean>
               <CD_nonclean>
                  <d>0.06152491687717304100</d>
                  <d>-0.04801286457249818300</d>
                  <d>0.07822116556212652100</d>
               </CD_nonclean>
            </DPM_nonclean>
            <BLM>
               <CL_max>1.59143377776150370000</CL_max>
            </BLM>
         </LGDN>
      </Configuration>
      <Configuration HLid="2">
         <HLPosition>0005</HLPosition>
         <name>flaps 5</name>
         <vfe>220</vfe>
         <LGUP>
            <DPM_nonclean>
               <CD_nonclean>
                  <d>0.03356165358512994800</d>
                  <d>-0.03135775113695248700</d>
                  <d>0.06106354448458134500</d>
               </CD_nonclean>
            </DPM_nonclean>
            <BLM>
               <CL_max>1.81851113011747210000</CL_max>
            </BLM>
         </LGUP>
         <LGDN>
            <DPM_nonclean>
               <CD_nonclean>
                  <d>0.06175156843156857200</d>
                  <d>-0.03485029970029993700</d>
                  <d>0.06240509490509501400</d>
               </CD_nonclean>
            </DPM_nonclean>
            <BLM>
               <CL_max>1.81851113011747210000</CL_max>
            </BLM>
         </LGDN>
      </Configuration>
      <Configuration HLid="3">
         <HLPosition>0015</HLPosition>
         <name>flaps 15</name>
         <vfe>200</vfe>
         <LGUP>
            <DPM_nonclean>
               <CD_nonclean>
                  <d>0.04497471848126243600</d>
                  <d>-0.04113258816316925400</d>
                  <d>0.06260731668339214500</d>
               </CD_nonclean>
            </DPM_nonclean>
            <BLM>
               <CL_max>1.92012518901871190000</CL_max>
            </BLM>
         </LGUP>
         <LGDN>
            <DPM_nonclean>
               <CD_nonclean>
                  <d>0.07451762237762268900</d>
                  <d>-0.04819725274725328300</d>
                  <d>0.06501148851148876000</d>
               </CD_nonclean>
            </DPM_nonclean>
            <BLM>
               <CL_max>1.92012518901871190000</CL_max>
            </BLM>
         </LGDN>
      </Configuration>
      <Configuration HLid="4">
         <HLPosition>0020</HLPosition>
         <name>flaps 20</name>
         <vfe>190</vfe>
         <LGUP>
            <DPM_nonclean>
               <CD_nonclean>
                  <d>0.05796776352138575300</d>
                  <d>-0.04716954866430186200</d>
                  <d>0.06256279673209826100</d>
               </CD_nonclean>
            </DPM_nonclean>
            <BLM>
               <CL_max>2.01415837497941830000</CL_max>
            </BLM>
         </LGUP>
         <LGDN>
            <DPM_nonclean>
               <CD_nonclean>
                  <d>0.07706776352138589000</d>
                  <d>-0.04716954866430211900</d>
                  <d>0.06256279673209837200</d>
               </CD_nonclean>
            </DPM_nonclean>
            <BLM>
               <CL_max>2.01415837497941830000</CL_max>
            </BLM>
         </LGDN>
      </Configuration>
      <Configuration HLid="5">
         <HLPosition>0025</HLPosition>
         <name>flaps 25</name>
         <vfe>180</vfe>
         <LGDN>
            <DPM_nonclean>
               <CD_nonclean>
                  <d>0.11518292997198833000</d>
                  <d>-0.05744847707503992300</d>
                  <d>0.06429632905793875000</d>
               </CD_nonclean>
            </DPM_nonclean>
            <BLM>
               <CL_max>2.22419557409388440000</CL_max>
            </BLM>
         </LGDN>
      </Configuration>
      <Configuration HLid="6">
         <HLPosition>0030</HLPosition>
         <name>flaps 30</name>
         <vfe>170</vfe>
         <LGDN>
            <DPM_nonclean>
               <CD_nonclean>
                  <d>0.14704211528822045000</d>
                  <d>-0.06057749373433571300</d>
                  <d>0.06285213032581449300</d>
               </CD_nonclean>
            </DPM_nonclean>
            <BLM>
               <CL_max>2.30155314905494810000</CL_max>
            </BLM>
         </LGDN>
      </Configuration>
   </AFCM>
   <PFM>
      <MREF>286900</MREF>
      <LHV>43217000</LHV>
      <rho>810</rho>
      <n_eng>2</n_eng>
      <TFA>27</TFA>
      <TFM>
         <CT>
            <a>0.00000000000000000000</a>
            <a>-0.09999999999558931200</a>
            <a>0.00000000000000000000</a>
            <a>0.00000000000000000000</a>
            <a>0.00000000000000000000</a>
            <a>0.00000000000000000000</a>
            <a>0.29999999999458171000</a>
            <a>0.00000000000000000000</a>
            <a>0.00000000000000000000</a>
            <a>0.00000000000000000000</a>
            <a>0.00000000000000000000</a>
            <a>0.00000000000000000000</a>
            <a>0.00000000000000000000</a>
            <a>0.00000000000000000000</a>
            <a>0.00000000000000000000</a>
            <a>0.00000000000000000000</a>
            <a>0.00000000000000000000</a>
            <a>0.00000000000000000000</a>
            <a>0.00000000000000000000</a>
            <a>0.00000000000000000000</a>
            <a>0.00000000000000000000</a>
            <a>0.00000000000000000000</a>
            <a>0.00000000000000000000</a>
            <a>0.00000000000000000000</a>
            <a>0.00000000000000000000</a>
            <a>0.00000000000000000000</a>
            <a>0.00000000000000000000</a>
            <a>0.00000000000000000000</a>
            <a>0.00000000000000000000</a>
            <a>0.00000000000000000000</a>
            <a>0.00000000000000000000</a>
            <a>0.00000000000000000000</a>
            <a>0.00000000000000000000</a>
            <a>0.00000000000000000000</a>
            <a>0.00000000000000000000</a>
            <a>0.00000000000000000000</a>
         </CT>
         <CF>
            <f>-0.02493051800222987100</f>
            <f>2.01886999944826240000</f>
            <f>-11.83330594515564500000</f>
            <f>56.75200613561128200000</f>
            <f>-80.65994931217042600000</f>
            <f>0.11103768876296582000</f>
            <f>-0.55611793391710995000</f>
            <f>22.73233505804895000000</f>
            <f>-115.13259252514251000000</f>
            <f>196.73922885022685000000</f>
            <f>0.00000000000000000000</f>
            <f>0.00000000000000000000</f>
            <f>0.00000000000000000000</f>
            <f>0.00000000000000000000</f>
            <f>0.00000000000000000000</f>
            <f>0.00000000000000000000</f>
            <f>0.00000000000000000000</f>
            <f>0.00000000000000000000</f>
            <f>0.00000000000000000000</f>
            <f>0.00000000000000000000</f>
            <f>0.00000000000000000000</f>
            <f>0.00000000000000000000</f>
            <f>0.00000000000000000000</f>
            <f>0.00000000000000000000</f>
            <f>0.00000000000000000000</f>
         </CF>
         <MCRZ>
            <kink>10</kink>
            <flat_rating>
               <b>-4.53723839848916380000</b>
               <b>16.40391116613323100000</b>
               <b>-12.11029908530400500000</b>
               <b>0.00000000000000000000</b>
               <b>0.00000000000000000000</b>
               <b>0.00000000000000000000</b>
               <b>56.01245125382931200000</b>
               <b>-180.56011764951333000000</b>
               <b>142.91650210510409000000</b>
               <b>0.00000000000000000000</b>
               <b>0.00000000000000000000</b>
               <b>0.00000000000000000000</b>
               <b>-225.48297822513706000000</b>
               <b>751.68143053222559000000</b>
               <b>-609.04535764947104000000</b>
               <b>0.00000000000000000000</b>
               <b>0.00000000000000000000</b>
               <b>0.00000000000000000000</b>
               <b>425.03569524072054000000</b>
               <b>-1450.54502833987020000000</b>
               <b>1186.80893826761670000000</b>
               <b>0.00000000000000000000</b>
               <b>0.00000000000000000000</b>
               <b>0.00000000000000000000</b>
               <b>-377.72197229515291000000</b>
               <b>1307.80636817005600000000</b>
               <b>-1075.24153599326970000000</b>
               <b>0.00000000000000000000</b>
               <b>0.00000000000000000000</b>
               <b>0.00000000000000000000</b>
               <b>127.64760689542464000000</b>
               <b>-446.16297204172872000000</b>
               <b>367.90152698366370000000</b>
               <b>0.00000000000000000000</b>
               <b>0.00000000000000000000</b>
               <b>0.00000000000000000000</b>
            </flat_rating>
            <temp_rating>
               <c>190.53773710903539000000</c>
               <c>-912.40877351850315000000</c>
               <c>1109.89096514694960000000</c>
               <c>0.00000000000000000000</c>
               <c>0.00000000000000000000</c>
               <c>-750.43128952243001000000</c>
               <c>3622.05340071282760000000</c>
               <c>-4412.94592110297340000000</c>
               <c>0.00000000000000000000</c>
               <c>0.00000000000000000000</c>
               <c>1115.41429316073850000000</c>
               <c>-5403.73541535047390000000</c>
               <c>6598.37320106103380000000</c>
               <c>0.00000000000000000000</c>
               <c>0.00000000000000000000</c>
               <c>-739.95258514438444000000</c>
               <c>3584.22236990244390000000</c>
               <c>-4384.09683162427790000000</c>
               <c>0.00000000000000000000</c>
               <c>0.00000000000000000000</c>
               <c>184.31474205975815000000</c>
               <c>-891.25073055881523000000</c>
               <c>1091.51569253041860000000</c>
               <c>0.00000000000000000000</c>
               <c>0.00000000000000000000</c>
               <c>1.89799058744264330000</c>
               <c>13.61221841957646300000</c>
               <c>-20.30816010262173100000</c>
               <c>0.00000000000000000000</c>
               <c>0.00000000000000000000</c>
               <c>-0.64701476125990209000</c>
               <c>-42.67344310193114200000</c>
               <c>61.13293948533578300000</c>
               <c>0.00000000000000000000</c>
               <c>0.00000000000000000000</c>
               <c>-1.89592597324633360000</c>
               <c>54.01493730024833400000</c>
               <c>-78.72790184562627800000</c>
               <c>0.00000000000000000000</c>
               <c>0.00000000000000000000</c>
               <c>1.57998076002567810000</c>
               <c>-24.85161565965450200000</c>
               <c>36.86193058837816500000</c>
               <c>0.00000000000000000000</c>
               <c>0.00000000000000000000</c>
            </temp_rating>
         </MCRZ>
         <MCMB>
            <kink>10</kink>
            <flat_rating>
               <b>-4.89780953306951350000</b>
               <b>17.67944628809923600000</b>
               <b>-13.07788532467638200000</b>
               <b>0.00000000000000000000</b>
               <b>0.00000000000000000000</b>
               <b>0.00000000000000000000</b>
               <b>60.37767067028863000000</b>
               <b>-194.69221458054372000000</b>
               <b>154.18495640989349000000</b>
               <b>0.00000000000000000000</b>
               <b>0.00000000000000000000</b>
               <b>0.00000000000000000000</b>
               <b>-242.92304301792328000000</b>
               <b>810.23472702195772000000</b>
               <b>-657.06133738004166000000</b>
               <b>0.00000000000000000000</b>
               <b>0.00000000000000000000</b>
               <b>0.00000000000000000000</b>
               <b>457.81015282639805000000</b>
               <b>-1563.60895990306290000000</b>
               <b>1280.87653603187300000000</b>
               <b>0.00000000000000000000</b>
               <b>0.00000000000000000000</b>
               <b>0.00000000000000000000</b>
               <b>-406.84301880605460000000</b>
               <b>1410.09828073528300000000</b>
               <b>-1161.13209482810160000000</b>
               <b>0.00000000000000000000</b>
               <b>0.00000000000000000000</b>
               <b>0.00000000000000000000</b>
               <b>137.50619712844522000000</b>
               <b>-481.24201292280162000000</b>
               <b>397.56272955029948000000</b>
               <b>0.00000000000000000000</b>
               <b>0.00000000000000000000</b>
               <b>0.00000000000000000000</b>
            </flat_rating>
            <temp_rating>
               <c>190.58346100845756000000</c>
               <c>-921.15294293263423000000</c>
               <c>1133.72422293790620000000</c>
               <c>0.00000000000000000000</c>
               <c>0.00000000000000000000</c>
               <c>-750.00268611644572000000</c>
               <c>3655.99328199662930000000</c>
               <c>-4507.11652130659880000000</c>
               <c>0.00000000000000000000</c>
               <c>0.00000000000000000000</c>
               <c>1113.81305050752780000000</c>
               <c>-5452.35675335247110000000</c>
               <c>6738.21064316703000000000</c>
               <c>0.00000000000000000000</c>
               <c>0.00000000000000000000</c>
               <c>-738.54659879442386000000</c>
               <c>3615.45758468200980000000</c>
               <c>-4476.56086493738440000000</c>
               <c>0.00000000000000000000</c>
               <c>0.00000000000000000000</c>
               <c>183.91375019781827000000</c>
               <c>-898.81493190132051000000</c>
               <c>1114.44901410377250000000</c>
               <c>0.00000000000000000000</c>
               <c>0.00000000000000000000</c>
               <c>2.86954521628883440000</c>
               <c>12.10701590501297900000</c>
               <c>-20.24459124328664600000</c>
               <c>0.00000000000000000000</c>
               <c>0.00000000000000000000</c>
               <c>-2.72926548691582970000</c>
               <c>-39.91768717359945400000</c>
               <c>62.34339990111769900000</c>
               <c>0.00000000000000000000</c>
               <c>0.00000000000000000000</c>
               <c>0.00113779637300662860</c>
               <c>52.44501843625569400000</c>
               <c>-82.01297857102130700000</c>
               <c>0.00000000000000000000</c>
               <c>0.00000000000000000000</c>
               <c>0.98111079264981882000</c>
               <c>-24.91029685882949000000</c>
               <c>39.07793849561619500000</c>
               <c>0.00000000000000000000</c>
               <c>0.00000000000000000000</c>
            </temp_rating>
         </MCMB>
         <MTKF>
            <kink>10</kink>
            <flat_rating>
               <b>8.95794806865207250000</b>
               <b>-25.69134699315296500000</b>
               <b>21.56823337333213800000</b>
               <b>0.00000000000000000000</b>
               <b>0.00000000000000000000</b>
               <b>0.00000000000000000000</b>
               <b>-59.21870546845061500000</b>
               <b>181.89815513794909000000</b>
               <b>-150.85461858203999000000</b>
               <b>0.00000000000000000000</b>
               <b>0.00000000000000000000</b>
               <b>0.00000000000000000000</b>
               <b>163.50550536593082000000</b>
               <b>-488.49595270358196000000</b>
               <b>414.72744056753538000000</b>
               <b>0.00000000000000000000</b>
               <b>0.00000000000000000000</b>
               <b>0.00000000000000000000</b>
               <b>-222.67252289581762000000</b>
               <b>664.72104161095092000000</b>
               <b>-602.42584178747722000000</b>
               <b>0.00000000000000000000</b>
               <b>0.00000000000000000000</b>
               <b>0.00000000000000000000</b>
               <b>157.25369087834170000000</b>
               <b>-493.07294697386715000000</b>
               <b>492.39782381422202000000</b>
               <b>0.00000000000000000000</b>
               <b>0.00000000000000000000</b>
               <b>0.00000000000000000000</b>
               <b>-47.14128603594487300000</b>
               <b>161.85127811446910000000</b>
               <b>-177.76542352985766000000</b>
               <b>0.00000000000000000000</b>
               <b>0.00000000000000000000</b>
               <b>0.00000000000000000000</b>
            </flat_rating>
            <temp_rating>
               <c>445.95750896265434000000</c>
               <c>-762.21643832598795000000</c>
               <c>-1.26626854211797140000</c>
               <c>0.00000000000000000000</c>
               <c>0.00000000000000000000</c>
               <c>-1429.77807437346880000000</c>
               <c>1980.63705180464650000000</c>
               <c>798.43232522322478000000</c>
               <c>0.00000000000000000000</c>
               <c>0.00000000000000000000</c>
               <c>1638.47393041518720000000</c>
               <c>-1454.63621106092640000000</c>
               <c>-2297.16074022018210000000</c>
               <c>0.00000000000000000000</c>
               <c>0.00000000000000000000</c>
               <c>-759.30517939356344000000</c>
               <c>-33.62214170564359300000</c>
               <c>2257.77753929637540000000</c>
               <c>0.00000000000000000000</c>
               <c>0.00000000000000000000</c>
               <c>108.86419293998449000000</c>
               <c>252.08673351837712000000</c>
               <c>-740.33012557452173000000</c>
               <c>0.00000000000000000000</c>
               <c>0.00000000000000000000</c>
               <c>-29.64316509996685800000</c>
               <c>127.41996474859909000000</c>
               <c>-115.48217047435143000000</c>
               <c>0.00000000000000000000</c>
               <c>0.00000000000000000000</c>
               <c>81.46929105665394400000</c>
               <c>-315.49273803282853000000</c>
               <c>269.44332585687619000000</c>
               <c>0.00000000000000000000</c>
               <c>0.00000000000000000000</c>
               <c>-85.50294125648977700000</c>
               <c>304.95703332766971000000</c>
               <c>-238.91579411729802000000</c>
               <c>0.00000000000000000000</c>
               <c>0.00000000000000000000</c>
               <c>29.71140462825220400000</c>
               <c>-95.85508547834419300000</c>
               <c>63.39540129804044000000</c>
               <c>0.00000000000000000000</c>
               <c>0.00000000000000000000</c>
            </temp_rating>
         </MTKF>
         <LIDL>
            <CT>
               <ti>-0.05739746823756200500</ti>
               <ti>0.40136253768415753000</ti>
               <ti>-0.45440548430870265000</ti>
               <ti>0.11596495288775382000</ti>
               <ti>0.14068043311427969000</ti>
               <ti>-0.78575756746811465000</ti>
               <ti>0.30839979767294079000</ti>
               <ti>0.35103003951539091000</ti>
               <ti>-0.05719702981032563600</ti>
               <ti>0.11435822859385872000</ti>
               <ti>0.82748265140872979000</ti>
               <ti>-0.95295710952358992000</ti>
            </CT>
            <CF>
               <fi>0.04400956633192706200</fi>
               <fi>-0.10319014536912191000</fi>
               <fi>0.08855692231670972400</fi>
               <fi>-0.09775622984597333300</fi>
               <fi>0.35293107847210325000</fi>
               <fi>-0.29702025243612623000</fi>
               <fi>0.06574905136704900500</fi>
               <fi>-0.25428672418971593000</fi>
               <fi>0.22815141927759033000</fi>
            </CF>
         </LIDL>
         <throttle>
            <low>0.50791323571703373000</low>
            <high>1.16410191851539600000</high>
         </throttle>
      </TFM>
   </PFM>
   <OPM>
      <LGO>
         <Transition>
            <from>0</from>
            <to>1</to>
            <time>21</time>
         </Transition>
         <Transition>
            <from>1</from>
            <to>0</to>
            <time>21</time>
         </Transition>
      </LGO>
      <HLO>
         <Transition>
            <from>0</from>
            <to>1</to>
            <time>11</time>
         </Transition>
         <Transition>
            <from>1</from>
            <to>2</to>
            <time>18</time>
         </Transition>
         <Transition>
            <from>2</from>
            <to>3</to>
            <time>6</time>
         </Transition>
         <Transition>
            <from>3</from>
            <to>4</to>
            <time>6</time>
         </Transition>
         <Transition>
            <from>4</from>
            <to>5</to>
            <time>14</time>
         </Transition>
         <Transition>
            <from>5</from>
            <to>6</to>
            <time>7</time>
         </Transition>
         <Transition>
            <from>6</from>
            <to>5</to>
            <time>7</time>
         </Transition>
         <Transition>
            <from>5</from>
            <to>4</to>
            <time>14</time>
         </Transition>
         <Transition>
            <from>4</from>
            <to>3</to>
            <time>6</time>
         </Transition>
         <Transition>
            <from>3</from>
            <to>2</to>
            <time>6</time>
         </Transition>
         <Transition>
            <from>2</from>
            <to>1</to>
            <time>18</time>
         </Transition>
         <Transition>
            <from>1</from>
            <to>0</to>
            <time>11</time>
         </Transition>
      </HLO>
   </OPM>
   <ALM>
      <GLM>
         <hmo>43100</hmo>
         <mfa>20000</mfa>
      </GLM>
      <KLM>
         <mmo>0.87</mmo>
         <vmo>330</vmo>
         <mle>0.82</mle>
         <vle>270</vle>
         <mlo>0.82</mlo>
         <vloe>270</vloe>
         <vlor>270</vlor>
      </KLM>
      <ELM>
         <Tmin_f>
            <point>
               <Hp>-2000.0</Hp>
               <DeltaT>-81.00000000000000000000</DeltaT>
            </point>
            <point>
               <Hp>0.0</Hp>
               <DeltaT>-77.00000000000000000000</DeltaT>
            </point>
            <point>
               <Hp>32000.0</Hp>
               <DeltaT>-26.60000000000000100000</DeltaT>
            </point>
            <point>
               <Hp>36089.0</Hp>
               <DeltaT>-18.50000000000000000000</DeltaT>
            </point>
            <point>
               <Hp>43100.0</Hp>
               <DeltaT>-18.50000000000000000000</DeltaT>
            </point>
         </Tmin_f>
         <Tmax_f>
            <point>
               <Hp>-2000.0</Hp>
               <DeltaT>35.03999999999999900000</DeltaT>
            </point>
            <point>
               <Hp>0.0</Hp>
               <DeltaT>39.39999999999999900000</DeltaT>
            </point>
            <point>
               <Hp>10000.0</Hp>
               <DeltaT>39.39999999999999900000</DeltaT>
            </point>
            <point>
               <Hp>10001.0</Hp>
               <DeltaT>34.00000000000000000000</DeltaT>
            </point>
            <point>
               <Hp>36089.0</Hp>
               <DeltaT>34.00000000000000000000</DeltaT>
            </point>
            <point>
               <Hp>43100.0</Hp>
               <DeltaT>20.00000000000000000000</DeltaT>
            </point>
         </Tmax_f>
         <Tmin_g>
            <point>
               <Hp>-2000.0</Hp>
               <DeltaT>-73.00000000000000000000</DeltaT>
            </point>
            <point>
               <Hp>6500.0</Hp>
               <DeltaT>-56.00000000000000000000</DeltaT>
            </point>
            <point>
               <Hp>8500.0</Hp>
               <DeltaT>-43.00000000000000000000</DeltaT>
            </point>
         </Tmin_g>
         <Tmax_g>
            <point>
               <Hp>-2000.0</Hp>
               <DeltaT>35.03999999999999900000</DeltaT>
            </point>
            <point>
               <Hp>0.0</Hp>
               <DeltaT>39.39999999999999900000</DeltaT>
            </point>
            <point>
               <Hp>8500.0</Hp>
               <DeltaT>39.39999999999999900000</DeltaT>
            </point>
         </Tmax_g>
      </ELM>
      <DLM>
         <MTW>287800</MTW>
         <MTOW>286900</MTOW>
         <MLW>206350</MLW>
         <MZFW>195000</MZFW>
         <OEW>135600</OEW>
         <MPL>59430</MPL>
         <MFL>171100</MFL>
         <n1>2.5</n1>
         <n3>-1</n3>
         <nf1>2</nf1>
         <nf3>0</nf3>
      </DLM>
   </ALM>
   <Ground>
      <Dimensions>
         <span>60.93</span>
         <length>63.73</length>
      </Dimensions>
      <Runway>
         <TOL>2750</TOL>
         <LDL>1550</LDL>
      </Runway>
   </Ground>
   <ARPM>
      <AeroConfSchedule>
         <AeroPhase>
            <name>TO</name>
            <HLid>2</HLid>
            <LG>UP</LG>
         </AeroPhase>
         <AeroPhase>
            <name>IC</name>
            <HLid>1</HLid>
            <LG>UP</LG>
         </AeroPhase>
         <AeroPhase>
            <name>CR</name>
            <HLid>0</HLid>
            <LG>UP</LG>
         </AeroPhase>
         <AeroPhase>
            <name>AP</name>
            <HLid>3</HLid>
            <LG>UP</LG>
         </AeroPhase>
         <AeroPhase>
            <name>LD</name>
            <HLid>6</HLid>
            <LG>DN</LG>
         </AeroPhase>
      </AeroConfSchedule>
      <SpeedScheduleList>
         <SpeedSchedule>
            <CompanyName>Default</CompanyName>
            <SpeedPhase>
               <name>Climb</name>
               <CAS1>310</CAS1>
               <CAS2>310</CAS2>
               <M>0.84</M>
            </SpeedPhase>
            <SpeedPhase>
               <name>Cruise</name>
               <CAS1>310</CAS1>
               <CAS2>310</CAS2>
               <M>0.84</M>
            </SpeedPhase>
            <SpeedPhase>
               <name>Descent</name>
               <CAS1>300</CAS1>
               <CAS2>300</CAS2>
               <M>0.84</M>
            </SpeedPhase>
         </SpeedSchedule>
      </SpeedScheduleList>
   </ARPM>
</bada40:ACM>