<?xml version="1.0" encoding="utf-8"?>
<bada40:ACM xmlns:bada40="http://www.eurocontrol.int/eec/public/standard_page/bada40">
   <model>A321-111</model>
   <type>JET</type>
   <engine>CFM56-5B</engine>
   <description/>
   <ICAO>
      <designator>A321</designator>
      <WTC>M</WTC>
   </ICAO>
   <AFCM>
      <S>122.6</S>
      <Configuration HLid="0">
         <HLPosition>0000</HLPosition>
         <name>CLEAN</name>
         <vfe>350</vfe>
         <LGUP>
            <DPM_clean>
               <M_max>0.82</M_max>
               <scalar>9.835e-007</scalar>
               <CD_clean>
                  <d>316644.73186093388000000000</d>
                  <d>-916830.61293186457000000000</d>
                  <d>1059640.60479403360000000000</d>
                  <d>-541067.83001556376000000000</d>
                  <d>103356.91275426770000000000</d>
                  <d>33253.12282248768300000000</d>
                  <d>14703.05789179676100000000</d>
                  <d>-10806.17789680021100000000</d>
                  <d>2429.38254284278080000000</d>
                  <d>-179.95946759589640000000</d>
                  <d>-1667.70122656001290000000</d>
                  <d>29011.32994150638500000000</d>
                  <d>-48782.90766097336700000000</d>
                  <d>27275.29193451236300000000</d>
                  <d>-5055.19990615980530000000</d>
               </CD_clean>
            </DPM_clean>
            <BLM_clean>
               <Mmin>0.3</Mmin>
               <Mmax>0.82</Mmax>
               <CL_Mach0>1.5085</CL_Mach0>
               <CL_clean>
                  <bf>1.63154299196204590000</bf>
                  <bf>2.65658181498200510000</bf>
                  <bf>-21.99389808779449100000</bf>
                  <bf>39.52070888658705200000</bf>
                  <bf>-22.19454708920012500000</bf>
               </CL_clean>
            </BLM_clean>
         </LGUP>
      </Configuration>
      <Configuration HLid="1">
         <HLPosition>1800</HLPosition>
         <name>CONF 1</name>
         <vfe>230</vfe>
         <LGUP>
            <DPM_nonclean>
               <CD_nonclean>
                  <d>0.039728</d>
                  <d>-0.035832</d>
                  <d>0.066106</d>
               </CD_nonclean>
            </DPM_nonclean>
            <BLM>
               <CL_max>1.9167</CL_max>
            </BLM>
         </LGUP>
      </Configuration>
      <Configuration HLid="2">
         <HLPosition>1810</HLPosition>
         <name>CONF 1+F</name>
         <vfe>215</vfe>
         <LGUP>
            <DPM_nonclean>
               <CD_nonclean>
                  <d>0.050048</d>
                  <d>-0.035873</d>
                  <d>0.058421</d>
               </CD_nonclean>
            </DPM_nonclean>
            <BLM>
               <CL_max>2.3083</CL_max>
            </BLM>
         </LGUP>
      </Configuration>
      <Configuration HLid="3">
         <HLPosition>2214</HLPosition>
         <name>CONF 2</name>
         <vfe>205</vfe>
         <LGUP>
            <DPM_nonclean>
               <CD_nonclean>
                  <d>0.073741</d>
                  <d>-0.058949</d>
                  <d>0.063524</d>
               </CD_nonclean>
            </DPM_nonclean>
            <BLM>
               <CL_max>2.64</CL_max>
            </BLM>
         </LGUP>
      </Configuration>
      <Configuration HLid="4">
         <HLPosition>2221</HLPosition>
         <name>CONF 3</name>
         <vfe>195</vfe>
         <LGUP>
            <DPM_nonclean>
               <CD_nonclean>
                  <d>0.089889</d>
                  <d>-0.060797</d>
                  <d>0.06114</d>
               </CD_nonclean>
            </DPM_nonclean>
            <BLM>
               <CL_max>2.8333</CL_max>
            </BLM>
         </LGUP>
         <LGDN>
            <DPM_nonclean>
               <CD_nonclean>
                  <d>0.11671</d>
                  <d>-0.055317</d>
                  <d>0.058457</d>
               </CD_nonclean>
            </DPM_nonclean>
            <BLM>
               <CL_max>2.7731</CL_max>
            </BLM>
         </LGDN>
      </Configuration>
      <Configuration HLid="5">
         <HLPosition>2725</HLPosition>
         <name>FULL</name>
         <vfe>190</vfe>
         <LGUP>
            <DPM_nonclean>
               <CD_nonclean>
                  <d>0.10311</d>
                  <d>-0.054492</d>
                  <d>0.056821</d>
               </CD_nonclean>
            </DPM_nonclean>
            <BLM>
               <CL_max>3.0487</CL_max>
            </BLM>
         </LGUP>
         <LGDN>
            <DPM_nonclean>
               <CD_nonclean>
                  <d>0.12045</d>
                  <d>-0.040599</d>
                  <d>0.051552</d>
               </CD_nonclean>
            </DPM_nonclean>
            <BLM>
               <CL_max>3.0093</CL_max>
            </BLM>
         </LGDN>
      </Configuration>
   </AFCM>
   <PFM>
      <MREF>83000</MREF>
      <LHV>43217000</LHV>
      <rho>810</rho>
      <n_eng>2</n_eng>
      <TFA>13.5</TFA>
      <TFM>
         <CT>
            <a>0</a>
            <a>-0.09999999999435481300</a>
            <a>0</a>
            <a>0</a>
            <a>0</a>
            <a>0</a>
            <a>0.29999999999620836000</a>
            <a>0</a>
            <a>0</a>
            <a>0</a>
            <a>0</a>
            <a>0</a>
            <a>0</a>
            <a>0</a>
            <a>0</a>
            <a>0</a>
            <a>0</a>
            <a>0</a>
            <a>0</a>
            <a>0</a>
            <a>0</a>
            <a>0</a>
            <a>0</a>
            <a>0</a>
            <a>0</a>
            <a>0</a>
            <a>0</a>
            <a>0</a>
            <a>0</a>
            <a>0</a>
            <a>0</a>
            <a>0</a>
            <a>0</a>
            <a>0</a>
            <a>0</a>
            <a>0</a>
         </CT>
         <CF>
            <f>-0.00324643006355006780</f>
            <f>1.60317041164022520000</f>
            <f>-1.44527501692211310000</f>
            <f>-7.70500353603749930000</f>
            <f>30.77881212957811400000</f>
            <f>0.12539412505088021000</f>
            <f>-0.29360802311118994000</f>
            <f>12.03736973563875700000</f>
            <f>-28.97512778015860800000</f>
            <f>26.80550999145009800000</f>
            <f>0</f>
            <f>0</f>
            <f>0</f>
            <f>0</f>
            <f>0</f>
            <f>0</f>
            <f>0</f>
            <f>0</f>
            <f>0</f>
            <f>0</f>
            <f>0</f>
            <f>0</f>
            <f>0</f>
            <f>0</f>
            <f>0</f>
         </CF>
         <MCRZ>
            <kink>10</kink>
            <flat_rating>
               <b>-0.40643080675003612000</b>
               <b>0.87983034527214454000</b>
               <b>1.82520123805889180000</b>
               <b>0</b>
               <b>0</b>
               <b>0</b>
               <b>8.45607557799039890000</b>
               <b>3.57888200213688280000</b>
               <b>-20.30040196111969300000</b>
               <b>0</b>
               <b>0</b>
               <b>0</b>
               <b>-12.67384119710094300000</b>
               <b>-53.86838406959934400000</b>
               <b>84.88171427298313200000</b>
               <b>0</b>
               <b>0</b>
               <b>0</b>
               <b>-3.35510946514248380000</b>
               <b>133.14676177029148000000</b>
               <b>-142.81040268460831000000</b>
               <b>0</b>
               <b>0</b>
               <b>0</b>
               <b>14.94574342888651900000</b>
               <b>-114.06351816810553000000</b>
               <b>91.47182857603220900000</b>
               <b>0</b>
               <b>0</b>
               <b>0</b>
               <b>-6.34031633496346280000</b>
               <b>30.57600462687991400000</b>
               <b>-15.35972412645613800000</b>
               <b>0</b>
               <b>0</b>
               <b>0</b>
            </flat_rating>
            <temp_rating>
               <c>517.00279249189202000000</c>
               <c>-1661.45233964909900000000</c>
               <c>1509.62093568204930000000</c>
               <c>0</c>
               <c>0</c>
               <c>-2078.08384565431200000000</c>
               <c>6707.21335684999210000000</c>
               <c>-6070.06393430702790000000</c>
               <c>0</c>
               <c>0</c>
               <c>3133.81591211684240000000</c>
               <c>-10160.24485256777900000000</c>
               <c>9180.46273223778730000000</c>
               <c>0</c>
               <c>0</c>
               <c>-2103.51931159497830000000</c>
               <c>6848.14934108959910000000</c>
               <c>-6182.96226487320380000000</c>
               <c>0</c>
               <c>0</c>
               <c>529.74018050824805000000</c>
               <c>-1732.54932321147200000000</c>
               <c>1564.18093872263560000000</c>
               <c>0</c>
               <c>0</c>
               <c>12.29910635871840400000</c>
               <c>-10.75818785892780700000</c>
               <c>-4.45880711805498110000</c>
               <c>0</c>
               <c>0</c>
               <c>-28.19233841631586700000</c>
               <c>21.46952528545291400000</c>
               <c>17.79423718015373300000</c>
               <c>0</c>
               <c>0</c>
               <c>25.57032537568139900000</c>
               <c>-8.96972984001213190000</c>
               <c>-32.66590581111876200000</c>
               <c>0</c>
               <c>0</c>
               <c>-7.99763760698320960000</c>
               <c>-2.34784690757060370000</c>
               <c>17.83955688247266400000</c>
               <c>0</c>
               <c>0</c>
            </temp_rating>
         </MCRZ>
         <MCMB>
            <kink>10</kink>
            <flat_rating>
               <b>1.18951570976215690000</b>
               <b>-3.70259782919739820000</b>
               <b>4.99776937626075760000</b>
               <b>0</b>
               <b>0</b>
               <b>0</b>
               <b>-9.52176777610114480000</b>
               <b>55.61087854886711300000</b>
               <b>-55.10769308156692900000</b>
               <b>0</b>
               <b>0</b>
               <b>0</b>
               <b>56.00778583334024300000</b>
               <b>-246.80327761961655000000</b>
               <b>210.66531131168992000000</b>
               <b>0</b>
               <b>0</b>
               <b>0</b>
               <b>-119.54632750852278000000</b>
               <b>449.46023879862986000000</b>
               <b>-341.71565311786594000000</b>
               <b>0</b>
               <b>0</b>
               <b>0</b>
               <b>105.82579080241021000000</b>
               <b>-352.90161644417083000000</b>
               <b>234.59282674869925000000</b>
               <b>0</b>
               <b>0</b>
               <b>0</b>
               <b>-33.25704159325638900000</b>
               <b>98.57617609962528600000</b>
               <b>-53.70122952301382200000</b>
               <b>0</b>
               <b>0</b>
               <b>0</b>
            </flat_rating>
            <temp_rating>
               <c>265.22841686340627000000</c>
               <c>-1026.40066437808900000000</c>
               <c>1062.90781596159790000000</c>
               <c>0</c>
               <c>0</c>
               <c>-1080.97330720727720000000</c>
               <c>4191.09635602003980000000</c>
               <c>-4311.45887118639620000000</c>
               <c>0</c>
               <c>0</c>
               <c>1650.25071497239010000000</c>
               <c>-6405.89748558697100000000</c>
               <c>6567.38240725846390000000</c>
               <c>0</c>
               <c>0</c>
               <c>-1121.58121307675990000000</c>
               <c>4352.39119726246740000000</c>
               <c>-4448.51900082949120000000</c>
               <c>0</c>
               <c>0</c>
               <c>285.77084793466815000000</c>
               <c>-1108.90480175968720000000</c>
               <c>1130.31369893992450000000</c>
               <c>0</c>
               <c>0</c>
               <c>13.36841263102797400000</c>
               <c>-14.44065527214091900000</c>
               <c>-3.19740733015884260000</c>
               <c>0</c>
               <c>0</c>
               <c>-28.36266272858699000000</c>
               <c>21.74002917833527700000</c>
               <c>21.28209794806761200000</c>
               <c>0</c>
               <c>0</c>
               <c>23.81522289441943800000</c>
               <c>-2.41635192734827700000</c>
               <c>-41.33111373707030400000</c>
               <c>0</c>
               <c>0</c>
               <c>-6.78055327688738000000</c>
               <c>-6.73803344360843410000</c>
               <c>22.45646099524471900000</c>
               <c>0</c>
               <c>0</c>
            </temp_rating>
         </MCMB>
         <LIDL>
            <CT>
               <ti>-0.04548429553412627200</ti>
               <ti>0.44238952854347074000</ti>
               <ti>-0.82825153429883502000</ti>
               <ti>0.40196742987888839000</ti>
               <ti>0.19347993563285523000</ti>
               <ti>-1.67343270053468720000</ti>
               <ti>3.09393208879942040000</ti>
               <ti>-1.48098457466046440000</ti>
               <ti>-0.16053556268074654000</ti>
               <ti>1.31304076133527260000</ti>
               <ti>-2.45026140991010210000</ti>
               <ti>1.10948159019433250000</ti>
            </CT>
            <CF>
               <fi>0.01562287643304563500</fi>
               <fi>-0.09854085710735803500</fi>
               <fi>0.13822536825222262000</fi>
               <fi>-0.09716298677481288700</fi>
               <fi>0.71151095604849468000</fi>
               <fi>-0.74117537416844725000</fi>
               <fi>0.10972886336273842000</fi>
               <fi>-0.66598285687473591000</fi>
               <fi>0.72524844103634034000</fi>
            </CF>
         </LIDL>
         <throttle>
            <low>0.5626914488</low>
            <high>1.253875861</high>
         </throttle>
      </TFM>
   </PFM>
   <OPM>
      <LGO>
         <Transition>
            <from>0</from>
            <to>1</to>
            <time>20</time>
         </Transition>
         <Transition>
            <from>1</from>
            <to>0</to>
            <time>20</time>
         </Transition>
      </LGO>
      <HLO>
         <Transition>
            <from>0</from>
            <to>1</to>
            <time>13.2</time>
         </Transition>
         <Transition>
            <from>1</from>
            <to>2</to>
            <time>7.8</time>
         </Transition>
         <Transition>
            <from>2</from>
            <to>3</to>
            <time>4</time>
         </Transition>
         <Transition>
            <from>3</from>
            <to>4</to>
            <time>4</time>
         </Transition>
         <Transition>
            <from>4</from>
            <to>5</to>
            <time>4.8</time>
         </Transition>
         <Transition>
            <from>5</from>
            <to>4</to>
            <time>4.9</time>
         </Transition>
         <Transition>
            <from>4</from>
            <to>3</to>
            <time>3.4</time>
         </Transition>
         <Transition>
            <from>3</from>
            <to>2</to>
            <time>4</time>
         </Transition>
         <Transition>
            <from>2</from>
            <to>1</to>
            <time>2</time>
         </Transition>
         <Transition>
            <from>1</from>
            <to>0</to>
            <time>11.2</time>
         </Transition>
      </HLO>
   </OPM>
   <ALM>
      <GLM>
         <hmo>39800</hmo>
         <mfa>20000</mfa>
      </GLM>
      <KLM>
         <mmo>0.82</mmo>
         <vmo>350</vmo>
         <mle>0.67</mle>
         <vle>280</vle>
         <vloe>250</vloe>
         <vlor>220</vlor>
      </KLM>
      <ELM>
         <Tmin_f>
            <point>
               <Hp>-2000</Hp>
               <DeltaT>-57.5</DeltaT>
            </point>
            <point>
               <Hp>0</Hp>
               <DeltaT>-55</DeltaT>
            </point>
            <point>
               <Hp>36089</Hp>
               <DeltaT>-10.7</DeltaT>
            </point>
            <point>
               <Hp>39800</Hp>
               <DeltaT>-13.5</DeltaT>
            </point>
         </Tmin_f>
         <Tmax_f>
            <point>
               <Hp>-2000</Hp>
               <DeltaT>36</DeltaT>
            </point>
            <point>
               <Hp>0</Hp>
               <DeltaT>40</DeltaT>
            </point>
            <point>
               <Hp>14100</Hp>
               <DeltaT>40</DeltaT>
            </point>
            <point>
               <Hp>14101</Hp>
               <DeltaT>35</DeltaT>
            </point>
            <point>
               <Hp>36089</Hp>
               <DeltaT>35</DeltaT>
            </point>
            <point>
               <Hp>39800</Hp>
               <DeltaT>27.6</DeltaT>
            </point>
         </Tmax_f>
         <Tmin_g>
            <point>
               <Hp>-2000</Hp>
               <DeltaT>-57.5</DeltaT>
            </point>
            <point>
               <Hp>14100</Hp>
               <DeltaT>-37.7</DeltaT>
            </point>
         </Tmin_g>
         <Tmax_g>
            <point>
               <Hp>-2000</Hp>
               <DeltaT>36</DeltaT>
            </point>
            <point>
               <Hp>0</Hp>
               <DeltaT>40</DeltaT>
            </point>
            <point>
               <Hp>14100</Hp>
               <DeltaT>40</DeltaT>
            </point>
         </Tmax_g>
      </ELM>
      <DLM>
         <MTW>83400</MTW>
         <MTOW>83000</MTOW>
         <MLW>73500</MLW>
         <MZFW>69500</MZFW>
         <OEW>47000</OEW>
         <MPL>22500</MPL>
         <MFL>24044</MFL>
         <n1>2.5</n1>
         <n3>-1</n3>
         <nf1>2</nf1>
         <nf3>0</nf3>
      </DLM>
   </ALM>
   <Ground>
      <Dimensions>
         <span>34.15</span>
         <length>44.50</length>
      </Dimensions>
      <Runway>
         <TOL>2280</TOL>
         <LDL>1540</LDL>
      </Runway>
   </Ground>
   <ARPM>
      <AeroConfSchedule>
         <AeroPhase>
            <name>TO</name>
            <HLid>3</HLid>
            <LG>UP</LG>
         </AeroPhase>
         <AeroPhase>
            <name>IC</name>
            <HLid>2</HLid>
            <LG>UP</LG>
         </AeroPhase>
         <AeroPhase>
            <name>CR</name>
            <HLid>0</HLid>
            <LG>UP</LG>
         </AeroPhase>
         <AeroPhase>
            <name>AP</name>
            <HLid>3</HLid>
            <LG>UP</LG>
         </AeroPhase>
         <AeroPhase>
            <name>LD</name>
            <HLid>5</HLid>
            <LG>DN</LG>
         </AeroPhase>
      </AeroConfSchedule>
      <SpeedScheduleList>
         <SpeedSchedule>
            <CompanyName>Default</CompanyName>
            <SpeedPhase>
               <name>Climb</name>
               <CAS1>310</CAS1>
               <CAS2>310</CAS2>
               <M>0.78</M>
            </SpeedPhase>
            <SpeedPhase>
               <name>Cruise</name>
               <CAS1>250</CAS1>
               <CAS2>300</CAS2>
               <M>0.78</M>
            </SpeedPhase>
            <SpeedPhase>
               <name>Descent</name>
               <CAS1>300</CAS1>
               <CAS2>300</CAS2>
               <M>0.78</M>
            </SpeedPhase>
         </SpeedSchedule>
      </SpeedScheduleList>
   </ARPM>
</bada40:ACM>