<?xml version="1.0" encoding="utf-8"?>
<bada40:ACM xmlns:bada40="http://www.eurocontrol.int/eec/public/standard_page/bada40">
   <model>A340-313</model>
   <type>JET</type>
   <engine>CFM56-5C4</engine>
   <description/>
   <ICAO>
      <designator>A343</designator>
      <WTC>H</WTC>
   </ICAO>
   <AFCM>
      <S>361.6</S>
      <Configuration HLid="0">
         <HLPosition>0000</HLPosition>
         <name>CLEAN</name>
         <vfe>330</vfe>
         <LGUP>
            <DPM_clean>
               <M_max>0.86</M_max>
               <scalar>9.835e-007</scalar>
               <CD_clean>
                  <d>-191440.31171034591000000000</d>
                  <d>633462.13910461846000000000</d>
                  <d>-710916.38919431088000000000</d>
                  <d>345973.13694610633000000000</d>
                  <d>-61215.60309690973400000000</d>
                  <d>48040.30840667890200000000</d>
                  <d>-19664.90609322457000000000</d>
                  <d>11643.71276640729600000000</d>
                  <d>-3010.55312756875360000000</d>
                  <d>243.58836196131378000000</d>
                  <d>1204.43792402199140000000</d>
                  <d>14680.21776973614900000000</d>
                  <d>-24744.61871235736900000000</d>
                  <d>14005.75263738625700000000</d>
                  <d>-2648.54604099671540000000</d>
               </CD_clean>
            </DPM_clean>
            <BLM_clean>
               <Mmin>0.3</Mmin>
               <Mmax>0.86</Mmax>
               <CL_Mach0>1.3572</CL_Mach0>
               <CL_clean>
                  <bf>0.55624496825450953000</bf>
                  <bf>10.91901387751795300000</bf>
                  <bf>-44.37066969540886400000</bf>
                  <bf>64.41154043533455800000</bf>
                  <bf>-31.87202330777430600000</bf>
               </CL_clean>
            </BLM_clean>
         </LGUP>
      </Configuration>
      <Configuration HLid="1">
         <HLPosition>2000</HLPosition>
         <name>CONF 1</name>
         <vfe>240</vfe>
         <LGUP>
            <DPM_nonclean>
               <CD_nonclean>
                  <d>0.04899</d>
                  <d>-0.062682</d>
                  <d>0.076542</d>
               </CD_nonclean>
            </DPM_nonclean>
            <BLM>
               <CL_max>1.9943</CL_max>
            </BLM>
         </LGUP>
      </Configuration>
      <Configuration HLid="2">
         <HLPosition>2017</HLPosition>
         <name>CONF 1+F</name>
         <vfe>215</vfe>
         <LGUP>
            <DPM_nonclean>
               <CD_nonclean>
                  <d>0.062724</d>
                  <d>-0.063082</d>
                  <d>0.066828</d>
               </CD_nonclean>
            </DPM_nonclean>
            <BLM>
               <CL_max>2.3432</CL_max>
            </BLM>
         </LGUP>
      </Configuration>
      <Configuration HLid="3">
         <HLPosition>2322</HLPosition>
         <name>CONF 2</name>
         <vfe>196</vfe>
         <LGUP>
            <DPM_nonclean>
               <CD_nonclean>
                  <d>0.088846</d>
                  <d>-0.088325</d>
                  <d>0.072738</d>
               </CD_nonclean>
            </DPM_nonclean>
            <BLM>
               <CL_max>2.5616</CL_max>
            </BLM>
         </LGUP>
      </Configuration>
      <Configuration HLid="4">
         <HLPosition>2326</HLPosition>
         <name>CONF 3</name>
         <vfe>186</vfe>
         <LGUP>
            <DPM_nonclean>
               <CD_nonclean>
                  <d>0.091022</d>
                  <d>-0.081723</d>
                  <d>0.068946</d>
               </CD_nonclean>
            </DPM_nonclean>
            <BLM>
               <CL_max>2.5921</CL_max>
            </BLM>
         </LGUP>
         <LGDN>
            <DPM_nonclean>
               <CD_nonclean>
                  <d>0.1139</d>
                  <d>-0.074722</d>
                  <d>0.065287</d>
               </CD_nonclean>
            </DPM_nonclean>
            <BLM>
               <CL_max>2.5616</CL_max>
            </BLM>
         </LGDN>
      </Configuration>
      <Configuration HLid="5">
         <HLPosition>2332</HLPosition>
         <name>FULL</name>
         <vfe>180</vfe>
         <LGUP>
            <DPM_nonclean>
               <CD_nonclean>
                  <d>0.10588</d>
                  <d>-0.072966</d>
                  <d>0.061329</d>
               </CD_nonclean>
            </DPM_nonclean>
            <BLM>
               <CL_max>2.6917</CL_max>
            </BLM>
         </LGUP>
         <LGDN>
            <DPM_nonclean>
               <CD_nonclean>
                  <d>0.12775</d>
                  <d>-0.068985</d>
                  <d>0.059654</d>
               </CD_nonclean>
            </DPM_nonclean>
            <BLM>
               <CL_max>2.664</CL_max>
            </BLM>
         </LGDN>
      </Configuration>
   </AFCM>
   <PFM>
      <MREF>257000</MREF>
      <LHV>43217000</LHV>
      <rho>810</rho>
      <n_eng>4</n_eng>
      <TFA>25</TFA>
      <TFM>
         <CT>
            <a>0</a>
            <a>-0.09999999994615520200</a>
            <a>0</a>
            <a>0</a>
            <a>0</a>
            <a>0</a>
            <a>0.29999999995894316000</a>
            <a>0</a>
            <a>0</a>
            <a>0</a>
            <a>0</a>
            <a>0</a>
            <a>0</a>
            <a>0</a>
            <a>0</a>
            <a>0</a>
            <a>0</a>
            <a>0</a>
            <a>0</a>
            <a>0</a>
            <a>0</a>
            <a>0</a>
            <a>0</a>
            <a>0</a>
            <a>0</a>
            <a>0</a>
            <a>0</a>
            <a>0</a>
            <a>0</a>
            <a>0</a>
            <a>0</a>
            <a>0</a>
            <a>0</a>
            <a>0</a>
            <a>0</a>
            <a>0</a>
         </CT>
         <CF>
            <f>-0.00183846108110007090</f>
            <f>1.24477821823711170000</f>
            <f>1.17921148770996020000</f>
            <f>-47.58992471282624600000</f>
            <f>229.49155107630591000000</f>
            <f>0.07757023695910883500</f>
            <f>-0.22227844023928026000</f>
            <f>23.55649702957012400000</f>
            <f>-108.10718729272834000000</f>
            <f>93.58060977489650200000</f>
            <f>0</f>
            <f>0</f>
            <f>0</f>
            <f>0</f>
            <f>0</f>
            <f>0</f>
            <f>0</f>
            <f>0</f>
            <f>0</f>
            <f>0</f>
            <f>0</f>
            <f>0</f>
            <f>0</f>
            <f>0</f>
            <f>0</f>
         </CF>
         <MCRZ>
            <kink>10</kink>
            <flat_rating>
               <b>-7.22356106635021610000</b>
               <b>21.39028493500273200000</b>
               <b>-14.55090558501915200000</b>
               <b>0</b>
               <b>0</b>
               <b>0</b>
               <b>64.92606828383620200000</b>
               <b>-184.95062952488888000000</b>
               <b>138.13782343629640000000</b>
               <b>0</b>
               <b>0</b>
               <b>0</b>
               <b>-210.63554147473806000000</b>
               <b>648.75044926968883000000</b>
               <b>-520.65933809037358000000</b>
               <b>0</b>
               <b>0</b>
               <b>0</b>
               <b>339.50123172787085000000</b>
               <b>-1132.77174284065040000000</b>
               <b>961.23336915078914000000</b>
               <b>0</b>
               <b>0</b>
               <b>0</b>
               <b>-273.54993095207828000000</b>
               <b>977.63052277446366000000</b>
               <b>-866.40029677880932000000</b>
               <b>0</b>
               <b>0</b>
               <b>0</b>
               <b>87.31760252144798100000</b>
               <b>-329.15911843564976000000</b>
               <b>301.27273474968575000000</b>
               <b>0</b>
               <b>0</b>
               <b>0</b>
            </flat_rating>
            <temp_rating>
               <c>-1213.47118266918320000000</c>
               <c>2636.02324739936560000000</c>
               <c>-1315.52221442452830000000</c>
               <c>0</c>
               <c>0</c>
               <c>4777.07058181735920000000</c>
               <c>-10360.94129981850500000000</c>
               <c>5109.69225265986280000000</c>
               <c>0</c>
               <c>0</c>
               <c>-7038.11120387841670000000</c>
               <c>15253.92697866517300000000</c>
               <c>-7421.23063591829210000000</c>
               <c>0</c>
               <c>0</c>
               <c>4598.47012610650020000000</c>
               <c>-9964.44090246750420000000</c>
               <c>4779.09170707054910000000</c>
               <c>0</c>
               <c>0</c>
               <c>-1124.49852206121230000000</c>
               <c>2436.73160609652270000000</c>
               <c>-1151.41429399990280000000</c>
               <c>0</c>
               <c>0</c>
               <c>8.77961995699014430000</c>
               <c>-10.97154402038493100000</c>
               <c>-2.64720060892552040000</c>
               <c>0</c>
               <c>0</c>
               <c>-20.98755429824095100000</c>
               <c>19.52384416543237600000</c>
               <c>20.52265071155315800000</c>
               <c>0</c>
               <c>0</c>
               <c>18.75562651270516700000</c>
               <c>-3.20412464282361100000</c>
               <c>-44.66776760935445600000</c>
               <c>0</c>
               <c>0</c>
               <c>-5.82670807259183650000</c>
               <c>-4.99945471586470890000</c>
               <c>24.85424447861309000000</c>
               <c>0</c>
               <c>0</c>
            </temp_rating>
         </MCRZ>
         <MCMB>
            <kink>10</kink>
            <flat_rating>
               <b>-6.08127738456403220000</b>
               <b>16.82865557897320800000</b>
               <b>-10.60856919663562600000</b>
               <b>0</b>
               <b>0</b>
               <b>0</b>
               <b>51.75087340408897100000</b>
               <b>-131.90643023677140000000</b>
               <b>93.24094593818649900000</b>
               <b>0</b>
               <b>0</b>
               <b>0</b>
               <b>-157.26254251751146000000</b>
               <b>432.31273345720734000000</b>
               <b>-338.43106176183915000000</b>
               <b>0</b>
               <b>0</b>
               <b>0</b>
               <b>242.65355268099441000000</b>
               <b>-734.31388708160512000000</b>
               <b>628.86785751436844000000</b>
               <b>0</b>
               <b>0</b>
               <b>0</b>
               <b>-191.79601059092360000000</b>
               <b>637.32097669704910000000</b>
               <b>-586.06427871631149000000</b>
               <b>0</b>
               <b>0</b>
               <b>0</b>
               <b>61.06905973351619800000</b>
               <b>-219.07069912034035000000</b>
               <b>211.83091093871201000000</b>
               <b>0</b>
               <b>0</b>
               <b>0</b>
            </flat_rating>
            <temp_rating>
               <c>-929.40194984663617000000</c>
               <c>2758.09321547614720000000</c>
               <c>-2153.57610296283520000000</c>
               <c>0</c>
               <c>0</c>
               <c>3668.59750654778140000000</c>
               <c>-10942.10143865076900000000</c>
               <c>8565.86044278645390000000</c>
               <c>0</c>
               <c>0</c>
               <c>-5419.15909745570660000000</c>
               <c>16251.23968023136500000000</c>
               <c>-12739.36721597441100000000</c>
               <c>0</c>
               <c>0</c>
               <c>3547.20743913828660000000</c>
               <c>-10694.81346939176900000000</c>
               <c>8391.23053571720080000000</c>
               <c>0</c>
               <c>0</c>
               <c>-868.42808849631888000000</c>
               <c>2631.35194874487340000000</c>
               <c>-2065.55728378380990000000</c>
               <c>0</c>
               <c>0</c>
               <c>12.58959926331131900000</c>
               <c>-25.03071516584740800000</c>
               <c>9.73182988691512210000</c>
               <c>0</c>
               <c>0</c>
               <c>-28.72006279642818100000</c>
               <c>50.17684940162489900000</c>
               <c>-8.47299349209767170000</c>
               <c>0</c>
               <c>0</c>
               <c>25.79675069862468100000</c>
               <c>-33.10885306853369800000</c>
               <c>-14.45772474006256700000</c>
               <c>0</c>
               <c>0</c>
               <c>-8.27290310164808500000</c>
               <c>6.03214439680880150000</c>
               <c>13.09093837331773700000</c>
               <c>0</c>
               <c>0</c>
            </temp_rating>
         </MCMB>
         <LIDL>
            <CT>
               <ti>-0.07716873552408441700</ti>
               <ti>0.47430274747138540000</ti>
               <ti>-0.69903425991073842000</ti>
               <ti>0.24154590677577317000</ti>
               <ti>0.24810256952534832000</ti>
               <ti>-1.47311424567130220000</ti>
               <ti>2.05518528498188900000</ti>
               <ti>-0.48875254090177261000</ti>
               <ti>-0.14209551999864309000</ti>
               <ti>0.68047039489652006000</ti>
               <ti>-0.41059491803819093000</ti>
               <ti>-0.64901219201132232000</ti>
            </CT>
            <CF>
               <fi>-0.04758315677657320300</fi>
               <fi>0.12733931911197297000</fi>
               <fi>-0.05407166905197064600</fi>
               <fi>0.01012619382576167300</fi>
               <fi>0.27927815727658556000</fi>
               <fi>-0.33846957108753584000</fi>
               <fi>0.07035489169310499300</fi>
               <fi>-0.49542749888864468000</fi>
               <fi>0.48653947628340116000</fi>
            </CF>
         </LIDL>
         <throttle>
            <low>0.4049892768</low>
            <high>1.065188379</high>
         </throttle>
      </TFM>
   </PFM>
   <OPM>
      <LGO>
         <Transition>
            <from>0</from>
            <to>1</to>
            <time>20</time>
         </Transition>
         <Transition>
            <from>1</from>
            <to>0</to>
            <time>20</time>
         </Transition>
      </LGO>
      <HLO>
         <Transition>
            <from>0</from>
            <to>1</to>
            <time>11.6</time>
         </Transition>
         <Transition>
            <from>1</from>
            <to>2</to>
            <time>16</time>
         </Transition>
         <Transition>
            <from>2</from>
            <to>3</to>
            <time>1.6</time>
         </Transition>
         <Transition>
            <from>3</from>
            <to>4</to>
            <time>1.2</time>
         </Transition>
         <Transition>
            <from>4</from>
            <to>5</to>
            <time>1.6</time>
         </Transition>
         <Transition>
            <from>5</from>
            <to>4</to>
            <time>1.4</time>
         </Transition>
         <Transition>
            <from>4</from>
            <to>3</to>
            <time>1</time>
         </Transition>
         <Transition>
            <from>3</from>
            <to>2</to>
            <time>1.6</time>
         </Transition>
         <Transition>
            <from>2</from>
            <to>1</to>
            <time>4.8</time>
         </Transition>
         <Transition>
            <from>1</from>
            <to>0</to>
            <time>11.4</time>
         </Transition>
      </HLO>
   </OPM>
   <ALM>
      <GLM>
         <hmo>41500</hmo>
         <mfa>20000</mfa>
      </GLM>
      <KLM>
         <mmo>0.86</mmo>
         <vmo>330</vmo>
         <mle>0.55</mle>
         <vle>250</vle>
         <mlo>0.55</mlo>
         <vloe>250</vloe>
         <vlor>250</vlor>
      </KLM>
      <ELM>
         <Tmin_f>
            <point>
               <Hp>-2000</Hp>
               <DeltaT>-81</DeltaT>
            </point>
            <point>
               <Hp>0</Hp>
               <DeltaT>-77</DeltaT>
            </point>
            <point>
               <Hp>32500</Hp>
               <DeltaT>-30.6</DeltaT>
            </point>
            <point>
               <Hp>36089</Hp>
               <DeltaT>-23.5</DeltaT>
            </point>
            <point>
               <Hp>41500</Hp>
               <DeltaT>-23.5</DeltaT>
            </point>
         </Tmin_f>
         <Tmax_f>
            <point>
               <Hp>-2000</Hp>
               <DeltaT>36</DeltaT>
            </point>
            <point>
               <Hp>0</Hp>
               <DeltaT>40</DeltaT>
            </point>
            <point>
               <Hp>16600</Hp>
               <DeltaT>40</DeltaT>
            </point>
            <point>
               <Hp>16601</Hp>
               <DeltaT>35</DeltaT>
            </point>
            <point>
               <Hp>36089</Hp>
               <DeltaT>34.5</DeltaT>
            </point>
            <point>
               <Hp>41100</Hp>
               <DeltaT>24.5</DeltaT>
            </point>
            <point>
               <Hp>41500</Hp>
               <DeltaT>23.7</DeltaT>
            </point>
         </Tmax_f>
         <Tmin_g>
            <point>
               <Hp>-2000</Hp>
               <DeltaT>-73</DeltaT>
            </point>
            <point>
               <Hp>6000</Hp>
               <DeltaT>-57.1</DeltaT>
            </point>
            <point>
               <Hp>14600</Hp>
               <DeltaT>-18.1</DeltaT>
            </point>
         </Tmin_g>
         <Tmax_g>
            <point>
               <Hp>-2000</Hp>
               <DeltaT>36</DeltaT>
            </point>
            <point>
               <Hp>0</Hp>
               <DeltaT>40</DeltaT>
            </point>
            <point>
               <Hp>14600</Hp>
               <DeltaT>40</DeltaT>
            </point>
         </Tmax_g>
      </ELM>
      <DLM>
         <MTW>257900</MTW>
         <MTOW>257000</MTOW>
         <MLW>186000</MLW>
         <MZFW>174000</MZFW>
         <OEW>131000</OEW>
         <MPL>43000</MPL>
         <MFL>108831</MFL>
         <n1>2.5</n1>
         <n3>-1</n3>
         <nf1>2</nf1>
         <nf3>0</nf3>
      </DLM>
   </ALM>
   <Ground>
      <Dimensions>
         <span>60.304</span>
         <length>63.689</length>
      </Dimensions>
      <Runway>
         <TOL>2770</TOL>
         <LDL>1830</LDL>
      </Runway>
   </Ground>
   <ARPM>
      <AeroConfSchedule>
         <AeroPhase>
            <name>TO</name>
            <HLid>3</HLid>
            <LG>UP</LG>
         </AeroPhase>
         <AeroPhase>
            <name>IC</name>
            <HLid>2</HLid>
            <LG>UP</LG>
         </AeroPhase>
         <AeroPhase>
            <name>CR</name>
            <HLid>0</HLid>
            <LG>UP</LG>
         </AeroPhase>
         <AeroPhase>
            <name>AP</name>
            <HLid>3</HLid>
            <LG>UP</LG>
         </AeroPhase>
         <AeroPhase>
            <name>LD</name>
            <HLid>5</HLid>
            <LG>DN</LG>
         </AeroPhase>
      </AeroConfSchedule>
      <SpeedScheduleList>
         <SpeedSchedule>
            <CompanyName>Default</CompanyName>
            <SpeedPhase>
               <name>Climb</name>
               <CAS1>290</CAS1>
               <CAS2>290</CAS2>
               <M>0.80</M>
            </SpeedPhase>
            <SpeedPhase>
               <name>Cruise</name>
               <CAS1>250</CAS1>
               <CAS2>310</CAS2>
               <M>0.80</M>
            </SpeedPhase>
            <SpeedPhase>
               <name>Descent</name>
               <CAS1>300</CAS1>
               <CAS2>300</CAS2>
               <M>0.82</M>
            </SpeedPhase>
         </SpeedSchedule>
      </SpeedScheduleList>
   </ARPM>
</bada40:ACM>