<?xml version="1.0" encoding="utf-8"?>
<bada40:ACM xmlns:bada40="http://www.eurocontrol.int/eec/public/standard_page/bada40">
   <model>A330-321</model>
   <type>JET</type>
   <engine>PW4164</engine>
   <description/>
   <ICAO>
      <designator>A333</designator>
      <WTC>H</WTC>
   </ICAO>
   <AFCM>
      <S>361.6</S>
      <Configuration HLid="0">
         <HLPosition>0000</HLPosition>
         <name>CLEAN</name>
         <vfe>330</vfe>
         <LGUP>
            <DPM_clean>
               <M_max>0.86</M_max>
               <scalar>9.835e-007</scalar>
               <CD_clean>
                  <d>197724.85480533596000000000</d>
                  <d>-569960.13147143903000000000</d>
                  <d>642505.91981710237000000000</d>
                  <d>-313560.82085646578000000000</d>
                  <d>56407.09262353819200000000</d>
                  <d>42653.87193507660400000000</d>
                  <d>-5355.34625227005020000000</d>
                  <d>1220.55342552676510000000</d>
                  <d>-59.92819633563694700000</d>
                  <d>-8.80226279974712970000</d>
                  <d>-350.08893439070920000000</d>
                  <d>13359.19829110751900000000</d>
                  <d>-22271.02161484296400000000</d>
                  <d>12312.30630401623100000000</d>
                  <d>-2250.57163632325050000000</d>
               </CD_clean>
            </DPM_clean>
            <BLM_clean>
               <Mmin>0.3</Mmin>
               <Mmax>0.86</Mmax>
               <CL_Mach0>1.4347</CL_Mach0>
               <CL_clean>
                  <bf>3.14510490315329290000</bf>
                  <bf>-8.59473522924189480000</bf>
                  <bf>8.38992073980113060000</bf>
                  <bf>3.75486554457391320000</bf>
                  <bf>-6.65724825236070930000</bf>
               </CL_clean>
            </BLM_clean>
         </LGUP>
      </Configuration>
      <Configuration HLid="1">
         <HLPosition>1600</HLPosition>
         <name>CONF 1</name>
         <vfe>240</vfe>
         <LGUP>
            <DPM_nonclean>
               <CD_nonclean>
                  <d>0.032075</d>
                  <d>-0.031332</d>
                  <d>0.058126</d>
               </CD_nonclean>
            </DPM_nonclean>
            <BLM>
               <CL_max>1.8261</CL_max>
            </BLM>
         </LGUP>
      </Configuration>
      <Configuration HLid="2">
         <HLPosition>1608</HLPosition>
         <name>CONF 1+F</name>
         <vfe>215</vfe>
         <LGUP>
            <DPM_nonclean>
               <CD_nonclean>
                  <d>0.041507</d>
                  <d>-0.03987</d>
                  <d>0.059493</d>
               </CD_nonclean>
            </DPM_nonclean>
            <BLM>
               <CL_max>2.0813</CL_max>
            </BLM>
         </LGUP>
      </Configuration>
      <Configuration HLid="3">
         <HLPosition>2014</HLPosition>
         <name>CONF 2</name>
         <vfe>196</vfe>
         <LGUP>
            <DPM_nonclean>
               <CD_nonclean>
                  <d>0.063485</d>
                  <d>-0.069152</d>
                  <d>0.068972</d>
               </CD_nonclean>
            </DPM_nonclean>
            <BLM>
               <CL_max>2.3336</CL_max>
            </BLM>
         </LGUP>
      </Configuration>
      <Configuration HLid="4">
         <HLPosition>2322</HLPosition>
         <name>CONF 3</name>
         <vfe>186</vfe>
         <LGUP>
            <DPM_nonclean>
               <CD_nonclean>
                  <d>0.090219</d>
                  <d>-0.089515</d>
                  <d>0.071818</d>
               </CD_nonclean>
            </DPM_nonclean>
            <BLM>
               <CL_max>2.5029</CL_max>
            </BLM>
         </LGUP>
         <LGDN>
            <DPM_nonclean>
               <CD_nonclean>
                  <d>0.11937</d>
                  <d>-0.10406</d>
                  <d>0.078377</d>
               </CD_nonclean>
            </DPM_nonclean>
            <BLM>
               <CL_max>2.4704</CL_max>
            </BLM>
         </LGDN>
      </Configuration>
      <Configuration HLid="5">
         <HLPosition>2332</HLPosition>
         <name>FULL</name>
         <vfe>180</vfe>
         <LGUP>
            <DPM_nonclean>
               <CD_nonclean>
                  <d>0.13713</d>
                  <d>-0.13104</d>
                  <d>0.084449</d>
               </CD_nonclean>
            </DPM_nonclean>
            <BLM>
               <CL_max>2.6448</CL_max>
            </BLM>
         </LGUP>
         <LGDN>
            <DPM_nonclean>
               <CD_nonclean>
                  <d>0.15626</d>
                  <d>-0.1226</d>
                  <d>0.078378</d>
               </CD_nonclean>
            </DPM_nonclean>
            <BLM>
               <CL_max>2.6145</CL_max>
            </BLM>
         </LGDN>
      </Configuration>
   </AFCM>
   <PFM>
      <MREF>212000</MREF>
      <LHV>43217000</LHV>
      <rho>810</rho>
      <n_eng>2</n_eng>
      <TFA>25</TFA>
      <TFM>
         <CT>
            <a>0</a>
            <a>-0.10000000000974531000</a>
            <a>0</a>
            <a>0</a>
            <a>0</a>
            <a>0</a>
            <a>0.30000000001042848000</a>
            <a>0</a>
            <a>0</a>
            <a>0</a>
            <a>0</a>
            <a>0</a>
            <a>0</a>
            <a>0</a>
            <a>0</a>
            <a>0</a>
            <a>0</a>
            <a>0</a>
            <a>0</a>
            <a>0</a>
            <a>0</a>
            <a>0</a>
            <a>0</a>
            <a>0</a>
            <a>0</a>
            <a>0</a>
            <a>0</a>
            <a>0</a>
            <a>0</a>
            <a>0</a>
            <a>0</a>
            <a>0</a>
            <a>0</a>
            <a>0</a>
            <a>0</a>
            <a>0</a>
         </CT>
         <CF>
            <f>-0.00123690767215761150</f>
            <f>1.45137134799950300000</f>
            <f>-3.04894735397667740000</f>
            <f>0.01113704235246348400</f>
            <f>54.95080892315378000000</f>
            <f>0.08702013307922230900</f>
            <f>0.72342086455631216000</f>
            <f>2.92230528394366650000</f>
            <f>-1.66153452225772510000</f>
            <f>-38.79321088555799700000</f>
            <f>0</f>
            <f>0</f>
            <f>0</f>
            <f>0</f>
            <f>0</f>
            <f>0</f>
            <f>0</f>
            <f>0</f>
            <f>0</f>
            <f>0</f>
            <f>0</f>
            <f>0</f>
            <f>0</f>
            <f>0</f>
            <f>0</f>
         </CF>
         <MCRZ>
            <kink>10</kink>
            <flat_rating>
               <b>-0.71760123135654419000</b>
               <b>1.84507442846822830000</b>
               <b>0.97020182108966979000</b>
               <b>0</b>
               <b>0</b>
               <b>0</b>
               <b>15.23178686430745000000</b>
               <b>-10.95173266398527200000</b>
               <b>-13.08187443133933800000</b>
               <b>0</b>
               <b>0</b>
               <b>0</b>
               <b>-44.10196551165166300000</b>
               <b>-18.98658369713336900000</b>
               <b>96.03975043337280200000</b>
               <b>0</b>
               <b>0</b>
               <b>0</b>
               <b>40.18488116610113500000</b>
               <b>170.17466123294349000000</b>
               <b>-278.52457109647651000000</b>
               <b>0</b>
               <b>0</b>
               <b>0</b>
               <b>-2.99211305530514200000</b>
               <b>-245.75921418917781000000</b>
               <b>310.48715538061975000000</b>
               <b>0</b>
               <b>0</b>
               <b>0</b>
               <b>-7.26902622714065580000</b>
               <b>104.12274401348117000000</b>
               <b>-115.93520468986110000000</b>
               <b>0</b>
               <b>0</b>
               <b>0</b>
            </flat_rating>
            <temp_rating>
               <c>1392.68336702710780000000</c>
               <c>-4458.69424720231290000000</c>
               <c>3510.57032042609940000000</c>
               <c>0</c>
               <c>0</c>
               <c>-5370.64495949754930000000</c>
               <c>17166.54088142348700000000</c>
               <c>-13496.36294958169500000000</c>
               <c>0</c>
               <c>0</c>
               <c>7756.72666568013850000000</c>
               <c>-24718.48912291454700000000</c>
               <c>19408.12254498378000000000</c>
               <c>0</c>
               <c>0</c>
               <c>-4966.26484475155120000000</c>
               <c>15770.48295159770200000000</c>
               <c>-12367.88436751741400000000</c>
               <c>0</c>
               <c>0</c>
               <c>1189.49249298615930000000</c>
               <c>-3763.65495899009150000000</c>
               <c>2948.77666609181280000000</c>
               <c>0</c>
               <c>0</c>
               <c>-4.62360290618653650000</c>
               <c>8.79163824354200510000</c>
               <c>-6.39006401756055190000</c>
               <c>0</c>
               <c>0</c>
               <c>3.81015212757879330000</c>
               <c>-1.51414511719336240000</c>
               <c>5.27148192869222230000</c>
               <c>0</c>
               <c>0</c>
               <c>-2.42209709422870970000</c>
               <c>5.83557767231128640000</c>
               <c>-18.23455942774015500000</c>
               <c>0</c>
               <c>0</c>
               <c>1.68791296851773140000</c>
               <c>-9.15735135783369710000</c>
               <c>16.82305657283937000000</c>
               <c>0</c>
               <c>0</c>
            </temp_rating>
         </MCRZ>
         <MCMB>
            <kink>10</kink>
            <flat_rating>
               <b>-3.47205215526593800000</b>
               <b>11.43210718594561600000</b>
               <b>-6.80691188544318940000</b>
               <b>0</b>
               <b>0</b>
               <b>0</b>
               <b>40.68611912342250700000</b>
               <b>-103.00482892212854000000</b>
               <b>64.53865108073313200000</b>
               <b>0</b>
               <b>0</b>
               <b>0</b>
               <b>-136.15590496550749000000</b>
               <b>329.72634265191545000000</b>
               <b>-205.80540410040419000000</b>
               <b>0</b>
               <b>0</b>
               <b>0</b>
               <b>205.84812000509237000000</b>
               <b>-473.51420032283272000000</b>
               <b>288.43401234182926000000</b>
               <b>0</b>
               <b>0</b>
               <b>0</b>
               <b>-146.67982540805829000000</b>
               <b>320.10742752861171000000</b>
               <b>-193.13373295672702000000</b>
               <b>0</b>
               <b>0</b>
               <b>0</b>
               <b>40.40165848325066400000</b>
               <b>-84.82246982799297500000</b>
               <b>53.12503243660175700000</b>
               <b>0</b>
               <b>0</b>
               <b>0</b>
            </flat_rating>
            <temp_rating>
               <c>985.76291641608248000000</c>
               <c>-3218.68990578977400000000</c>
               <c>2597.58836772582030000000</c>
               <c>0</c>
               <c>0</c>
               <c>-3767.78392562027560000000</c>
               <c>12300.83794553563000000000</c>
               <c>-9937.04664977051290000000</c>
               <c>0</c>
               <c>0</c>
               <c>5391.17785538227330000000</c>
               <c>-17570.98789563381800000000</c>
               <c>14217.08526846995100000000</c>
               <c>0</c>
               <c>0</c>
               <c>-3416.68629762369800000000</c>
               <c>11112.23332060978800000000</c>
               <c>-9009.26357510390520000000</c>
               <c>0</c>
               <c>0</c>
               <c>809.10482287037769000000</c>
               <c>-2625.90404953974670000000</c>
               <c>2134.11388505374180000000</c>
               <c>0</c>
               <c>0</c>
               <c>-3.22401492276109680000</c>
               <c>8.40180397075399730000</c>
               <c>-9.18052228556662440000</c>
               <c>0</c>
               <c>0</c>
               <c>5.39037029346993710000</c>
               <c>-18.27774065845426000000</c>
               <c>27.61579502042244300000</c>
               <c>0</c>
               <c>0</c>
               <c>-7.22906186475832870000</c>
               <c>33.79981189381773300000</c>
               <c>-50.27513487300734600000</c>
               <c>0</c>
               <c>0</c>
               <c>4.21795685477244310000</c>
               <c>-21.84002315954197500000</c>
               <c>30.49314385153723400000</c>
               <c>0</c>
               <c>0</c>
            </temp_rating>
         </MCMB>
         <LIDL>
            <CT>
               <ti>-0.00583357769754396740</ti>
               <ti>0.05925329237395300700</ti>
               <ti>-0.02091508557234620500</ti>
               <ti>-0.06314171562655029900</ti>
               <ti>0.04846979687998617700</ti>
               <ti>-0.21243400069882634000</ti>
               <ti>-0.16590445098961856000</ti>
               <ti>0.49770611120995062000</ti>
               <ti>-0.02808510734690771200</ti>
               <ti>0.00878378102430080880</ti>
               <ti>0.61683549042427777000</ti>
               <ti>-0.83883682130104853000</ti>
            </CT>
            <CF>
               <fi>0.02875003713428074500</fi>
               <fi>0.00375146016096289650</fi>
               <fi>0.00047649603390275471</fi>
               <fi>-0.02978148570123139600</fi>
               <fi>-0.11702773292425726000</fi>
               <fi>0.10232785956096789000</fi>
               <fi>0.00646678634194545330</fi>
               <fi>0.21267131990217591000</fi>
               <fi>-0.15544690379656581000</fi>
            </CF>
         </LIDL>
         <throttle>
            <low>0.3853937014</low>
            <high>1.199480325</high>
         </throttle>
      </TFM>
   </PFM>
   <OPM>
      <LGO>
         <Transition>
            <from>0</from>
            <to>1</to>
            <time>20</time>
         </Transition>
         <Transition>
            <from>1</from>
            <to>0</to>
            <time>20</time>
         </Transition>
      </LGO>
      <HLO>
         <Transition>
            <from>0</from>
            <to>1</to>
            <time>9.2</time>
         </Transition>
         <Transition>
            <from>1</from>
            <to>2</to>
            <time>13.1</time>
         </Transition>
         <Transition>
            <from>2</from>
            <to>3</to>
            <time>1.9</time>
         </Transition>
         <Transition>
            <from>3</from>
            <to>4</to>
            <time>2</time>
         </Transition>
         <Transition>
            <from>4</from>
            <to>5</to>
            <time>2.6</time>
         </Transition>
         <Transition>
            <from>5</from>
            <to>4</to>
            <time>2.3</time>
         </Transition>
         <Transition>
            <from>4</from>
            <to>3</to>
            <time>1.9</time>
         </Transition>
         <Transition>
            <from>3</from>
            <to>2</to>
            <time>1.9</time>
         </Transition>
         <Transition>
            <from>2</from>
            <to>1</to>
            <time>4</time>
         </Transition>
         <Transition>
            <from>1</from>
            <to>0</to>
            <time>9.2</time>
         </Transition>
      </HLO>
   </OPM>
   <ALM>
      <GLM>
         <hmo>41500</hmo>
         <mfa>20000</mfa>
      </GLM>
      <KLM>
         <mmo>0.86</mmo>
         <vmo>330</vmo>
         <mle>0.55</mle>
         <vle>250</vle>
         <mlo>0.55</mlo>
         <vloe>250</vloe>
         <vlor>250</vlor>
      </KLM>
      <ELM>
         <Tmin_f>
            <point>
               <Hp>-2000</Hp>
               <DeltaT>-81</DeltaT>
            </point>
            <point>
               <Hp>0</Hp>
               <DeltaT>-77</DeltaT>
            </point>
            <point>
               <Hp>32500</Hp>
               <DeltaT>-30.6</DeltaT>
            </point>
            <point>
               <Hp>36089</Hp>
               <DeltaT>-23.5</DeltaT>
            </point>
            <point>
               <Hp>41500</Hp>
               <DeltaT>-23.5</DeltaT>
            </point>
         </Tmin_f>
         <Tmax_f>
            <point>
               <Hp>-2000</Hp>
               <DeltaT>36</DeltaT>
            </point>
            <point>
               <Hp>0</Hp>
               <DeltaT>40</DeltaT>
            </point>
            <point>
               <Hp>16600</Hp>
               <DeltaT>40</DeltaT>
            </point>
            <point>
               <Hp>16601</Hp>
               <DeltaT>35</DeltaT>
            </point>
            <point>
               <Hp>36089</Hp>
               <DeltaT>34.5</DeltaT>
            </point>
            <point>
               <Hp>41100</Hp>
               <DeltaT>24.5</DeltaT>
            </point>
            <point>
               <Hp>41500</Hp>
               <DeltaT>23.7</DeltaT>
            </point>
         </Tmax_f>
         <Tmin_g>
            <point>
               <Hp>-2000</Hp>
               <DeltaT>-73</DeltaT>
            </point>
            <point>
               <Hp>6000</Hp>
               <DeltaT>-57.1</DeltaT>
            </point>
            <point>
               <Hp>14600</Hp>
               <DeltaT>-18.1</DeltaT>
            </point>
         </Tmin_g>
         <Tmax_g>
            <point>
               <Hp>-2000</Hp>
               <DeltaT>36</DeltaT>
            </point>
            <point>
               <Hp>0</Hp>
               <DeltaT>40</DeltaT>
            </point>
            <point>
               <Hp>14600</Hp>
               <DeltaT>40</DeltaT>
            </point>
         </Tmax_g>
      </ELM>
      <DLM>
         <MTW>212900</MTW>
         <MTOW>212000</MTOW>
         <MLW>174000</MLW>
         <MZFW>164000</MZFW>
         <OEW>126000</OEW>
         <MPL>38000</MPL>
         <MFL>77060</MFL>
         <n1>2.5</n1>
         <n3>-1</n3>
         <nf1>2</nf1>
         <nf3>0</nf3>
      </DLM>
   </ALM>
   <Ground>
      <Dimensions>
         <span>60.304</span>
         <length>63.689</length>
      </Dimensions>
      <Runway>
         <TOL>2270</TOL>
         <LDL>1660</LDL>
      </Runway>
   </Ground>
   <ARPM>
      <AeroConfSchedule>
         <AeroPhase>
            <name>TO</name>
            <HLid>3</HLid>
            <LG>UP</LG>
         </AeroPhase>
         <AeroPhase>
            <name>IC</name>
            <HLid>2</HLid>
            <LG>UP</LG>
         </AeroPhase>
         <AeroPhase>
            <name>CR</name>
            <HLid>0</HLid>
            <LG>UP</LG>
         </AeroPhase>
         <AeroPhase>
            <name>AP</name>
            <HLid>3</HLid>
            <LG>UP</LG>
         </AeroPhase>
         <AeroPhase>
            <name>LD</name>
            <HLid>5</HLid>
            <LG>DN</LG>
         </AeroPhase>
      </AeroConfSchedule>
      <SpeedScheduleList>
         <SpeedSchedule>
            <CompanyName>Default</CompanyName>
            <SpeedPhase>
               <name>Climb</name>
               <CAS1>310</CAS1>
               <CAS2>310</CAS2>
               <M>0.82</M>
            </SpeedPhase>
            <SpeedPhase>
               <name>Cruise</name>
               <CAS1>250</CAS1>
               <CAS2>330</CAS2>
               <M>0.82</M>
            </SpeedPhase>
            <SpeedPhase>
               <name>Descent</name>
               <CAS1>300</CAS1>
               <CAS2>300</CAS2>
               <M>0.82</M>
            </SpeedPhase>
         </SpeedSchedule>
      </SpeedScheduleList>
   </ARPM>
</bada40:ACM>