<?xml version="1.0" encoding="utf-8"?>
<bada40:ACM xmlns:bada40="http://www.eurocontrol.int/eec/public/standard_page/bada40">
   <model>A340-213</model>
   <type>JET</type>
   <engine>CFM56-5C4</engine>
   <description/>
   <ICAO>
      <designator>A342</designator>
      <WTC>H</WTC>
   </ICAO>
   <AFCM>
      <S>361.6</S>
      <Configuration HLid="0">
         <HLPosition>0000</HLPosition>
         <name>CLEAN</name>
         <vfe>330</vfe>
         <LGUP>
            <DPM_clean>
               <M_max>0.86</M_max>
               <scalar>9.835e-007</scalar>
               <CD_clean>
                  <d>7771.52223116700040000000</d>
                  <d>74219.11227777412600000000</d>
                  <d>-129874.12340574202000000000</d>
                  <d>80870.16165056673300000000</d>
                  <d>-16392.30408306922300000000</d>
                  <d>24675.04628384603300000000</d>
                  <d>14386.29898826232800000000</d>
                  <d>-4677.92860555414790000000</d>
                  <d>65.04040914290956700000</d>
                  <d>48.18628548108910100000</d>
                  <d>2513.61611892885870000000</d>
                  <d>3317.52802225861110000000</d>
                  <d>-4061.65567604979380000000</d>
                  <d>1557.90201146086320000000</d>
                  <d>-171.69838856129371000000</d>
               </CD_clean>
            </DPM_clean>
            <BLM_clean>
               <Mmin>0.3</Mmin>
               <Mmax>0.86</Mmax>
               <CL_Mach0>1.3497</CL_Mach0>
               <CL_clean>
                  <bf>0.55841776021562739000</bf>
                  <bf>10.82889166754251400000</bf>
                  <bf>-44.07028580061109600000</bf>
                  <bf>64.01827426923485100000</bf>
                  <bf>-31.68950679060867500000</bf>
               </CL_clean>
            </BLM_clean>
         </LGUP>
      </Configuration>
      <Configuration HLid="1">
         <HLPosition>2000</HLPosition>
         <name>CONF 1</name>
         <vfe>240</vfe>
         <LGUP>
            <DPM_nonclean>
               <CD_nonclean>
                  <d>0.049165</d>
                  <d>-0.063744</d>
                  <d>0.077341</d>
               </CD_nonclean>
            </DPM_nonclean>
            <BLM>
               <CL_max>1.9869</CL_max>
            </BLM>
         </LGUP>
      </Configuration>
      <Configuration HLid="2">
         <HLPosition>2017</HLPosition>
         <name>CONF 1+F</name>
         <vfe>215</vfe>
         <LGUP>
            <DPM_nonclean>
               <CD_nonclean>
                  <d>0.062852</d>
                  <d>-0.062964</d>
                  <d>0.06706</d>
               </CD_nonclean>
            </DPM_nonclean>
            <BLM>
               <CL_max>2.3337</CL_max>
            </BLM>
         </LGUP>
      </Configuration>
      <Configuration HLid="3">
         <HLPosition>2322</HLPosition>
         <name>CONF 2</name>
         <vfe>196</vfe>
         <LGUP>
            <DPM_nonclean>
               <CD_nonclean>
                  <d>0.088703</d>
                  <d>-0.087728</d>
                  <d>0.072762</d>
               </CD_nonclean>
            </DPM_nonclean>
            <BLM>
               <CL_max>2.5495</CL_max>
            </BLM>
         </LGUP>
      </Configuration>
      <Configuration HLid="4">
         <HLPosition>2326</HLPosition>
         <name>CONF 3</name>
         <vfe>186</vfe>
         <LGUP>
            <DPM_nonclean>
               <CD_nonclean>
                  <d>0.090995</d>
                  <d>-0.081346</d>
                  <d>0.069041</d>
               </CD_nonclean>
            </DPM_nonclean>
            <BLM>
               <CL_max>2.5812</CL_max>
            </BLM>
         </LGUP>
         <LGDN>
            <DPM_nonclean>
               <CD_nonclean>
                  <d>0.11366</d>
                  <d>-0.073923</d>
                  <d>0.065175</d>
               </CD_nonclean>
            </DPM_nonclean>
            <BLM>
               <CL_max>2.5495</CL_max>
            </BLM>
         </LGDN>
      </Configuration>
      <Configuration HLid="5">
         <HLPosition>2332</HLPosition>
         <name>FULL</name>
         <vfe>180</vfe>
         <LGUP>
            <DPM_nonclean>
               <CD_nonclean>
                  <d>0.10657</d>
                  <d>-0.073588</d>
                  <d>0.061919</d>
               </CD_nonclean>
            </DPM_nonclean>
            <BLM>
               <CL_max>2.6801</CL_max>
            </BLM>
         </LGUP>
         <LGDN>
            <DPM_nonclean>
               <CD_nonclean>
                  <d>0.1283</d>
                  <d>-0.069415</d>
                  <d>0.060161</d>
               </CD_nonclean>
            </DPM_nonclean>
            <BLM>
               <CL_max>2.6503</CL_max>
            </BLM>
         </LGDN>
      </Configuration>
   </AFCM>
   <PFM>
      <MREF>257000</MREF>
      <LHV>43217000</LHV>
      <rho>810</rho>
      <n_eng>4</n_eng>
      <TFA>25</TFA>
      <TFM>
         <CT>
            <a>0</a>
            <a>-0.09999999999232329900</a>
            <a>0</a>
            <a>0</a>
            <a>0</a>
            <a>0</a>
            <a>0.29999999999431931000</a>
            <a>0</a>
            <a>0</a>
            <a>0</a>
            <a>0</a>
            <a>0</a>
            <a>0</a>
            <a>0</a>
            <a>0</a>
            <a>0</a>
            <a>0</a>
            <a>0</a>
            <a>0</a>
            <a>0</a>
            <a>0</a>
            <a>0</a>
            <a>0</a>
            <a>0</a>
            <a>0</a>
            <a>0</a>
            <a>0</a>
            <a>0</a>
            <a>0</a>
            <a>0</a>
            <a>0</a>
            <a>0</a>
            <a>0</a>
            <a>0</a>
            <a>0</a>
            <a>0</a>
         </CT>
         <CF>
            <f>-0.00081313456120961575</f>
            <f>1.14071340605044540000</f>
            <f>3.13394404036047900000</f>
            <f>-54.96198753143198700000</f>
            <f>224.67023353509705000000</f>
            <f>0.07695048084893776900</f>
            <f>0.11185635699902556000</f>
            <f>15.70425724775442700000</f>
            <f>-59.56650101619129600000</f>
            <f>14.09196793292690100000</f>
            <f>0</f>
            <f>0</f>
            <f>0</f>
            <f>0</f>
            <f>0</f>
            <f>0</f>
            <f>0</f>
            <f>0</f>
            <f>0</f>
            <f>0</f>
            <f>0</f>
            <f>0</f>
            <f>0</f>
            <f>0</f>
            <f>0</f>
         </CF>
         <MCRZ>
            <kink>10</kink>
            <flat_rating>
               <b>-1.28181138669596130000</b>
               <b>6.04013239318039560000</b>
               <b>-4.55222508750604240000</b>
               <b>0</b>
               <b>0</b>
               <b>0</b>
               <b>12.13067427442471800000</b>
               <b>-47.76528805249051100000</b>
               <b>47.64396911549029300000</b>
               <b>0</b>
               <b>0</b>
               <b>0</b>
               <b>-32.64590934015296900000</b>
               <b>183.78882944918251000000</b>
               <b>-209.17086126273253000000</b>
               <b>0</b>
               <b>0</b>
               <b>0</b>
               <b>52.68710895565524100000</b>
               <b>-377.56900486220081000000</b>
               <b>443.72290318196718000000</b>
               <b>0</b>
               <b>0</b>
               <b>0</b>
               <b>-48.40693937955308000000</b>
               <b>375.09761057036962000000</b>
               <b>-438.85335454519219000000</b>
               <b>0</b>
               <b>0</b>
               <b>0</b>
               <b>18.20442439904277200000</b>
               <b>-140.27742465838631000000</b>
               <b>161.94199106358553000000</b>
               <b>0</b>
               <b>0</b>
               <b>0</b>
            </flat_rating>
            <temp_rating>
               <c>-1156.85905450706670000000</c>
               <c>2908.73038855428920000000</c>
               <c>-1889.19688426847920000000</c>
               <c>0</c>
               <c>0</c>
               <c>4564.22608835489430000000</c>
               <c>-11472.89036339479200000000</c>
               <c>7417.86202985362620000000</c>
               <c>0</c>
               <c>0</c>
               <c>-6739.17743597498700000000</c>
               <c>16953.45876533650200000000</c>
               <c>-10904.05022849529300000000</c>
               <c>0</c>
               <c>0</c>
               <c>4412.96950852314510000000</c>
               <c>-11118.71735755789800000000</c>
               <c>7114.89339290626780000000</c>
               <c>0</c>
               <c>0</c>
               <c>-1081.77867671345050000000</c>
               <c>2731.26032924931720000000</c>
               <c>-1739.43838742484080000000</c>
               <c>0</c>
               <c>0</c>
               <c>7.62879637136477480000</c>
               <c>-9.38598279319402630000</c>
               <c>-2.78588758294333830000</c>
               <c>0</c>
               <c>0</c>
               <c>-15.13118696243642700000</c>
               <c>6.88387953792011500000</c>
               <c>26.47504807799297700000</c>
               <c>0</c>
               <c>0</c>
               <c>11.64186800346704400000</c>
               <c>11.44801187368318400000</c>
               <c>-50.20798996658349700000</c>
               <c>0</c>
               <c>0</c>
               <c>-2.78497253404661600000</c>
               <c>-11.49354147928356400000</c>
               <c>27.62904487737932900000</c>
               <c>0</c>
               <c>0</c>
            </temp_rating>
         </MCRZ>
         <MCMB>
            <kink>10</kink>
            <flat_rating>
               <b>-1.69222173194531320000</b>
               <b>6.46990734805994450000</b>
               <b>-4.34078790572389560000</b>
               <b>0</b>
               <b>0</b>
               <b>0</b>
               <b>16.78478107841539200000</b>
               <b>-50.95541077653775400000</b>
               <b>44.00913109153157200000</b>
               <b>0</b>
               <b>0</b>
               <b>0</b>
               <b>-48.25171818258002800000</b>
               <b>181.57382790847853000000</b>
               <b>-180.81478585057511000000</b>
               <b>0</b>
               <b>0</b>
               <b>0</b>
               <b>74.97023432987201400000</b>
               <b>-342.67962602077017000000</b>
               <b>365.15340960348811000000</b>
               <b>0</b>
               <b>0</b>
               <b>0</b>
               <b>-61.80002517072534800000</b>
               <b>319.37268361743855000000</b>
               <b>-350.14286331432152000000</b>
               <b>0</b>
               <b>0</b>
               <b>0</b>
               <b>20.74993481891599200000</b>
               <b>-114.46779440750844000000</b>
               <b>126.93652651363843000000</b>
               <b>0</b>
               <b>0</b>
               <b>0</b>
            </flat_rating>
            <temp_rating>
               <c>-750.82893116985554000000</c>
               <c>2448.39948226382280000000</c>
               <c>-2175.14921860251890000000</c>
               <c>0</c>
               <c>0</c>
               <c>2976.13266307443520000000</c>
               <c>-9779.27728319634660000000</c>
               <c>8730.24963509426200000000</c>
               <c>0</c>
               <c>0</c>
               <c>-4415.71866441007660000000</c>
               <c>14633.02343621169300000000</c>
               <c>-13115.47380045325000000000</c>
               <c>0</c>
               <c>0</c>
               <c>2905.33049924038870000000</c>
               <c>-9712.42798670050800000000</c>
               <c>8738.94190079574580000000</c>
               <c>0</c>
               <c>0</c>
               <c>-715.65081871347184000000</c>
               <c>2413.10792869786930000000</c>
               <c>-2179.52820774931160000000</c>
               <c>0</c>
               <c>0</c>
               <c>9.25979691991891580000</c>
               <c>-17.91287476754155600000</c>
               <c>6.46468445411272530000</c>
               <c>0</c>
               <c>0</c>
               <c>-20.23668294837597900000</c>
               <c>32.88895035041471700000</c>
               <c>-2.07793307009111890000</c>
               <c>0</c>
               <c>0</c>
               <c>18.12251533783770100000</c>
               <c>-20.87316953598767800000</c>
               <c>-14.48508527839144500000</c>
               <c>0</c>
               <c>0</c>
               <c>-5.61423265305998860000</c>
               <c>2.39532922408654290000</c>
               <c>12.23447847690666600000</c>
               <c>0</c>
               <c>0</c>
            </temp_rating>
         </MCMB>
         <LIDL>
            <CT>
               <ti>-0.04185452404986714200</ti>
               <ti>0.26507709401638807000</ti>
               <ti>-0.33839630565254186000</ti>
               <ti>0.04605709287518386400</ti>
               <ti>0.14790477901007859000</ti>
               <ti>-0.83855996489259721000</ti>
               <ti>0.91061207474693173000</ti>
               <ti>0.16246027724277295000</ti>
               <ti>-0.07199201736460993100</ti>
               <ti>0.21181060033408594000</ti>
               <ti>0.46829807147244795000</ti>
               <ti>-1.17467959321992920000</ti>
            </CT>
            <CF>
               <fi>-0.05713565717639578600</fi>
               <fi>0.15003039657120315000</fi>
               <fi>-0.06062798738789299700</fi>
               <fi>0.07833937007425188800</fi>
               <fi>0.10290271419419957000</fi>
               <fi>-0.26414401100325480000</fi>
               <fi>0.00427875652666315570</fi>
               <fi>-0.33511873352199667000</fi>
               <fi>0.43837684011080147000</fi>
            </CF>
         </LIDL>
         <throttle>
            <low>0.4848327091</low>
            <high>1.065505212</high>
         </throttle>
      </TFM>
   </PFM>
   <OPM>
      <LGO>
         <Transition>
            <from>0</from>
            <to>1</to>
            <time>20</time>
         </Transition>
         <Transition>
            <from>1</from>
            <to>0</to>
            <time>20</time>
         </Transition>
      </LGO>
      <HLO>
         <Transition>
            <from>0</from>
            <to>1</to>
            <time>11.6</time>
         </Transition>
         <Transition>
            <from>1</from>
            <to>2</to>
            <time>16</time>
         </Transition>
         <Transition>
            <from>2</from>
            <to>3</to>
            <time>1.6</time>
         </Transition>
         <Transition>
            <from>3</from>
            <to>4</to>
            <time>1.2</time>
         </Transition>
         <Transition>
            <from>4</from>
            <to>5</to>
            <time>1.6</time>
         </Transition>
         <Transition>
            <from>5</from>
            <to>4</to>
            <time>1.4</time>
         </Transition>
         <Transition>
            <from>4</from>
            <to>3</to>
            <time>1</time>
         </Transition>
         <Transition>
            <from>3</from>
            <to>2</to>
            <time>1.6</time>
         </Transition>
         <Transition>
            <from>2</from>
            <to>1</to>
            <time>4.8</time>
         </Transition>
         <Transition>
            <from>1</from>
            <to>0</to>
            <time>11.4</time>
         </Transition>
      </HLO>
   </OPM>
   <ALM>
      <GLM>
         <hmo>41500</hmo>
         <mfa>20000</mfa>
      </GLM>
      <KLM>
         <mmo>0.86</mmo>
         <vmo>330</vmo>
         <mle>0.55</mle>
         <vle>250</vle>
         <mlo>0.55</mlo>
         <vloe>250</vloe>
         <vlor>250</vlor>
      </KLM>
      <ELM>
         <Tmin_f>
            <point>
               <Hp>-2000</Hp>
               <DeltaT>-81</DeltaT>
            </point>
            <point>
               <Hp>0</Hp>
               <DeltaT>-77</DeltaT>
            </point>
            <point>
               <Hp>32500</Hp>
               <DeltaT>-30.6</DeltaT>
            </point>
            <point>
               <Hp>36089</Hp>
               <DeltaT>-23.5</DeltaT>
            </point>
            <point>
               <Hp>41500</Hp>
               <DeltaT>-23.5</DeltaT>
            </point>
         </Tmin_f>
         <Tmax_f>
            <point>
               <Hp>-2000</Hp>
               <DeltaT>36</DeltaT>
            </point>
            <point>
               <Hp>0</Hp>
               <DeltaT>40</DeltaT>
            </point>
            <point>
               <Hp>16600</Hp>
               <DeltaT>40</DeltaT>
            </point>
            <point>
               <Hp>16601</Hp>
               <DeltaT>35</DeltaT>
            </point>
            <point>
               <Hp>36089</Hp>
               <DeltaT>34.5</DeltaT>
            </point>
            <point>
               <Hp>41100</Hp>
               <DeltaT>24.5</DeltaT>
            </point>
            <point>
               <Hp>41500</Hp>
               <DeltaT>23.7</DeltaT>
            </point>
         </Tmax_f>
         <Tmin_g>
            <point>
               <Hp>-2000</Hp>
               <DeltaT>-73</DeltaT>
            </point>
            <point>
               <Hp>6000</Hp>
               <DeltaT>-57.1</DeltaT>
            </point>
            <point>
               <Hp>14600</Hp>
               <DeltaT>-18.1</DeltaT>
            </point>
         </Tmin_g>
         <Tmax_g>
            <point>
               <Hp>-2000</Hp>
               <DeltaT>36</DeltaT>
            </point>
            <point>
               <Hp>0</Hp>
               <DeltaT>40</DeltaT>
            </point>
            <point>
               <Hp>14600</Hp>
               <DeltaT>40</DeltaT>
            </point>
         </Tmax_g>
      </ELM>
      <DLM>
         <MTW>257900</MTW>
         <MTOW>257000</MTOW>
         <MLW>181000</MLW>
         <MZFW>169000</MZFW>
         <OEW>126000</OEW>
         <MPL>43000</MPL>
         <MFL>121700</MFL>
         <n1>2.5</n1>
         <n3>-1</n3>
         <nf1>2</nf1>
         <nf3>0</nf3>
      </DLM>
   </ALM>
   <Ground>
      <Dimensions>
         <span>60.304</span>
         <length>59.422</length>
      </Dimensions>
      <Runway>
         <TOL>2770</TOL>
         <LDL>1830</LDL>
      </Runway>
   </Ground>
   <ARPM>
      <AeroConfSchedule>
         <AeroPhase>
            <name>TO</name>
            <HLid>3</HLid>
            <LG>UP</LG>
         </AeroPhase>
         <AeroPhase>
            <name>IC</name>
            <HLid>2</HLid>
            <LG>UP</LG>
         </AeroPhase>
         <AeroPhase>
            <name>CR</name>
            <HLid>0</HLid>
            <LG>UP</LG>
         </AeroPhase>
         <AeroPhase>
            <name>AP</name>
            <HLid>3</HLid>
            <LG>UP</LG>
         </AeroPhase>
         <AeroPhase>
            <name>LD</name>
            <HLid>5</HLid>
            <LG>DN</LG>
         </AeroPhase>
      </AeroConfSchedule>
      <SpeedScheduleList>
         <SpeedSchedule>
            <CompanyName>Default</CompanyName>
            <SpeedPhase>
               <name>Climb</name>
               <CAS1>290</CAS1>
               <CAS2>290</CAS2>
               <M>0.80</M>
            </SpeedPhase>
            <SpeedPhase>
               <name>Cruise</name>
               <CAS1>250</CAS1>
               <CAS2>310</CAS2>
               <M>0.80</M>
            </SpeedPhase>
            <SpeedPhase>
               <name>Descent</name>
               <CAS1>300</CAS1>
               <CAS2>300</CAS2>
               <M>0.82</M>
            </SpeedPhase>
         </SpeedSchedule>
      </SpeedScheduleList>
   </ARPM>
</bada40:ACM>