<?xml version="1.0" encoding="utf-8"?>
<bada40:ACM xmlns:bada40="http://www.eurocontrol.int/eec/public/standard_page/bada40">
   <model>737-800</model>
   <type>JET</type>
   <engine>CFM56-7B26/27</engine>
   <description>winglets</description>
   <ICAO>
      <designator>B738</designator>
      <WTC>M</WTC>
   </ICAO>
   <AFCM>
      <S>124.58297664000001000000</S>
      <Configuration HLid="0">
         <HLPosition>0000</HLPosition>
         <name>flaps  0</name>
         <vfe>340</vfe>
         <LGUP>
            <DPM_clean>
               <M_max>0.82000</M_max>
               <scalar>9.835e-007</scalar>
               <CD_clean>
                  <d>-465258.87887745176000000000</d>
                  <d>1364165.57968342050000000000</d>
                  <d>-1423807.76984199370000000000</d>
                  <d>652845.10852786130000000000</d>
                  <d>-110493.30511216611000000000</d>
                  <d>159461.78200211233000000000</d>
                  <d>-176469.91048906624000000000</d>
                  <d>84373.55729103021400000000</d>
                  <d>-17298.37855592927000000000</d>
                  <d>1263.13887957659150000000</d>
                  <d>-3999.70498556890200000000</d>
                  <d>97112.04935544736500000000</d>
                  <d>-177822.04355896573000000000</d>
                  <d>108527.30883088232000000000</d>
                  <d>-22048.48031141689700000000</d>
               </CD_clean>
            </DPM_clean>
            <BLM_clean>
               <Mmin>0.20000</Mmin>
               <Mmax>0.82000</Mmax>
               <CL_Mach0>1.09902122116106620000</CL_Mach0>
               <CL_clean>
                  <bf>0.80997641210963323000</bf>
                  <bf>6.71458412743515610000</bf>
                  <bf>-27.43592649977708200000</bf>
                  <bf>40.35601557301324500000</bf>
                  <bf>-20.82647449681334700000</bf>
               </CL_clean>
            </BLM_clean>
         </LGUP>
         <LGDN>
            <DPM_nonclean>
               <CD_nonclean>
                  <d>0.05409857142857146100</d>
                  <d>-0.01996082251082255400</d>
                  <d>0.05070346320346321600</d>
               </CD_nonclean>
            </DPM_nonclean>
            <BLM>
               <CL_max>1.09902122116106620000</CL_max>
            </BLM>
         </LGDN>
      </Configuration>
      <Configuration HLid="1">
         <HLPosition>0001</HLPosition>
         <name>flaps  1</name>
         <vfe>250</vfe>
         <LGUP>
            <DPM_nonclean>
               <CD_nonclean>
                  <d>0.05264886877828052500</d>
                  <d>-0.05236489980607622600</d>
                  <d>0.06307530704589527100</d>
               </CD_nonclean>
            </DPM_nonclean>
            <BLM>
               <CL_max>1.70199039484498240000</CL_max>
            </BLM>
         </LGUP>
         <LGDN>
            <DPM_nonclean>
               <CD_nonclean>
                  <d>0.08322895927601813000</d>
                  <d>-0.05994427925016161000</d>
                  <d>0.06405785391079507600</d>
               </CD_nonclean>
            </DPM_nonclean>
            <BLM>
               <CL_max>1.70199039484498240000</CL_max>
            </BLM>
         </LGDN>
      </Configuration>
      <Configuration HLid="2">
         <HLPosition>0005</HLPosition>
         <name>flaps  5</name>
         <vfe>250</vfe>
         <LGUP>
            <DPM_nonclean>
               <CD_nonclean>
                  <d>0.06272730769230765200</d>
                  <d>-0.05600631868131861900</d>
                  <d>0.06166208791208788900</d>
               </CD_nonclean>
            </DPM_nonclean>
            <BLM>
               <CL_max>1.78023272188073150000</CL_max>
            </BLM>
         </LGUP>
         <LGDN>
            <DPM_nonclean>
               <CD_nonclean>
                  <d>0.09093049773755651500</d>
                  <d>-0.06096515837104063400</d>
                  <d>0.06183257918552031300</d>
               </CD_nonclean>
            </DPM_nonclean>
            <BLM>
               <CL_max>1.78023272188073150000</CL_max>
            </BLM>
         </LGDN>
      </Configuration>
      <Configuration HLid="3">
         <HLPosition>0010</HLPosition>
         <name>flaps 10</name>
         <vfe>210</vfe>
         <LGUP>
            <DPM_nonclean>
               <CD_nonclean>
                  <d>0.06899236344537780500</d>
                  <d>-0.03914709383753450100</d>
                  <d>0.05393032212885132100</d>
               </CD_nonclean>
            </DPM_nonclean>
            <BLM>
               <CL_max>1.90811379906495750000</CL_max>
            </BLM>
         </LGUP>
         <LGDN>
            <DPM_nonclean>
               <CD_nonclean>
                  <d>0.09692320378151236800</d>
                  <d>-0.04479352240896326100</d>
                  <d>0.05465511204481778000</d>
               </CD_nonclean>
            </DPM_nonclean>
            <BLM>
               <CL_max>1.90811379906495750000</CL_max>
            </BLM>
         </LGDN>
      </Configuration>
      <Configuration HLid="4">
         <HLPosition>0015</HLPosition>
         <name>flaps 15</name>
         <vfe>200</vfe>
         <LGUP>
            <DPM_nonclean>
               <CD_nonclean>
                  <d>0.07651192226890762800</d>
                  <d>-0.04351418067226903900</d>
                  <d>0.05473214285714292400</d>
               </CD_nonclean>
            </DPM_nonclean>
            <BLM>
               <CL_max>2.00117900976111680000</CL_max>
            </BLM>
         </LGUP>
         <LGDN>
            <DPM_nonclean>
               <CD_nonclean>
                  <d>0.10315243051066605000</d>
                  <d>-0.04695108274078897700</d>
                  <d>0.05439479638009062800</d>
               </CD_nonclean>
            </DPM_nonclean>
            <BLM>
               <CL_max>1.92316789299087070000</CL_max>
            </BLM>
         </LGDN>
      </Configuration>
      <Configuration HLid="5">
         <HLPosition>0025</HLPosition>
         <name>flaps 25</name>
         <vfe>190</vfe>
         <LGUP>
            <DPM_nonclean>
               <CD_nonclean>
                  <d>0.08080582983193279600</d>
                  <d>-0.03668252801120454300</d>
                  <d>0.05057948179271713100</d>
               </CD_nonclean>
            </DPM_nonclean>
            <BLM>
               <CL_max>2.08403486603398140000</CL_max>
            </BLM>
         </LGUP>
         <LGDN>
            <DPM_nonclean>
               <CD_nonclean>
                  <d>0.10865105042016815000</d>
                  <d>-0.04346610644257718800</d>
                  <d>0.05184173669467794000</d>
               </CD_nonclean>
            </DPM_nonclean>
            <BLM>
               <CL_max>2.08403486603398140000</CL_max>
            </BLM>
         </LGDN>
      </Configuration>
      <Configuration HLid="6">
         <HLPosition>0030</HLPosition>
         <name>flaps 30</name>
         <vfe>175</vfe>
         <LGDN>
            <DPM_nonclean>
               <CD_nonclean>
                  <d>0.12122513574660647000</d>
                  <d>-0.03809626696832595100</d>
                  <d>0.04957902391725926100</d>
               </CD_nonclean>
            </DPM_nonclean>
            <BLM>
               <CL_max>2.15408159347569490000</CL_max>
            </BLM>
         </LGDN>
      </Configuration>
      <Configuration HLid="7">
         <HLPosition>0040</HLPosition>
         <name>flaps 40</name>
         <vfe>162</vfe>
         <LGDN>
            <DPM_nonclean>
               <CD_nonclean>
                  <d>0.15664441499676793000</d>
                  <d>-0.03185677117000640400</d>
                  <d>0.04501535229476402700</d>
               </CD_nonclean>
            </DPM_nonclean>
            <BLM>
               <CL_max>2.26596354343268300000</CL_max>
            </BLM>
         </LGDN>
      </Configuration>
   </AFCM>
   <PFM>
      <MREF>79016</MREF>
      <LHV>43217000</LHV>
      <rho>810</rho>
      <n_eng>2</n_eng>
      <TFA>12</TFA>
      <TFM>
         <CT>
            <a>0.00000000000000000000</a>
            <a>-0.09999999989513842800</a>
            <a>0.00000000000000000000</a>
            <a>0.00000000000000000000</a>
            <a>0.00000000000000000000</a>
            <a>0.00000000000000000000</a>
            <a>0.29999999991294579000</a>
            <a>0.00000000000000000000</a>
            <a>0.00000000000000000000</a>
            <a>0.00000000000000000000</a>
            <a>0.00000000000000000000</a>
            <a>0.00000000000000000000</a>
            <a>0.00000000000000000000</a>
            <a>0.00000000000000000000</a>
            <a>0.00000000000000000000</a>
            <a>0.00000000000000000000</a>
            <a>0.00000000000000000000</a>
            <a>0.00000000000000000000</a>
            <a>0.00000000000000000000</a>
            <a>0.00000000000000000000</a>
            <a>0.00000000000000000000</a>
            <a>0.00000000000000000000</a>
            <a>0.00000000000000000000</a>
            <a>0.00000000000000000000</a>
            <a>0.00000000000000000000</a>
            <a>0.00000000000000000000</a>
            <a>0.00000000000000000000</a>
            <a>0.00000000000000000000</a>
            <a>0.00000000000000000000</a>
            <a>0.00000000000000000000</a>
            <a>0.00000000000000000000</a>
            <a>0.00000000000000000000</a>
            <a>0.00000000000000000000</a>
            <a>0.00000000000000000000</a>
            <a>0.00000000000000000000</a>
            <a>0.00000000000000000000</a>
         </CT>
         <CF>
            <f>0.00106102707511787890</f>
            <f>1.99474007083711100000</f>
            <f>-13.08081920234893800000</f>
            <f>69.33549738593802700000</f>
            <f>-111.76792351669594000000</f>
            <f>0.09872367421654090800</f>
            <f>-0.94933344920347851000</f>
            <f>36.23444168867423100000</f>
            <f>-197.66783145670078000000</f>
            <f>357.26600364010454000000</f>
            <f>0.00000000000000000000</f>
            <f>0.00000000000000000000</f>
            <f>0.00000000000000000000</f>
            <f>0.00000000000000000000</f>
            <f>0.00000000000000000000</f>
            <f>0.00000000000000000000</f>
            <f>0.00000000000000000000</f>
            <f>0.00000000000000000000</f>
            <f>0.00000000000000000000</f>
            <f>0.00000000000000000000</f>
            <f>0.00000000000000000000</f>
            <f>0.00000000000000000000</f>
            <f>0.00000000000000000000</f>
            <f>0.00000000000000000000</f>
            <f>0.00000000000000000000</f>
         </CF>
         <MCRZ>
            <kink>10</kink>
            <flat_rating>
               <b>3.28996113850890290000</b>
               <b>-7.68723443402081230000</b>
               <b>4.93842260264608510000</b>
               <b>0.00000000000000000000</b>
               <b>0.00000000000000000000</b>
               <b>0.00000000000000000000</b>
               <b>-25.63795187947348400000</b>
               <b>73.80358503866894200000</b>
               <b>-35.35447973824135200000</b>
               <b>0.00000000000000000000</b>
               <b>0.00000000000000000000</b>
               <b>0.00000000000000000000</b>
               <b>102.10604210023358000000</b>
               <b>-262.77919823722476000000</b>
               <b>93.07176407524585200000</b>
               <b>0.00000000000000000000</b>
               <b>0.00000000000000000000</b>
               <b>0.00000000000000000000</b>
               <b>-188.37636076016071000000</b>
               <b>438.76957841531913000000</b>
               <b>-109.10976538854668000000</b>
               <b>0.00000000000000000000</b>
               <b>0.00000000000000000000</b>
               <b>0.00000000000000000000</b>
               <b>164.36263430554135000000</b>
               <b>-356.65444584315344000000</b>
               <b>60.63955719569607100000</b>
               <b>0.00000000000000000000</b>
               <b>0.00000000000000000000</b>
               <b>0.00000000000000000000</b>
               <b>-55.25419411537696800000</b>
               <b>114.85228364021194000000</b>
               <b>-14.20352633255295900000</b>
               <b>0.00000000000000000000</b>
               <b>0.00000000000000000000</b>
               <b>0.00000000000000000000</b>
            </flat_rating>
            <temp_rating>
               <c>-320.05599885614146000000</c>
               <c>1035.18023057455930000000</c>
               <c>-1018.10603279801030000000</c>
               <c>0.00000000000000000000</c>
               <c>0.00000000000000000000</c>
               <c>1297.86442583936580000000</c>
               <c>-4230.77960767959210000000</c>
               <c>4174.61127722119180000000</c>
               <c>0.00000000000000000000</c>
               <c>0.00000000000000000000</c>
               <c>-1966.74470029372150000000</c>
               <c>6480.39920093936230000000</c>
               <c>-6402.80896941820360000000</c>
               <c>0.00000000000000000000</c>
               <c>0.00000000000000000000</c>
               <c>1316.98838721403810000000</c>
               <c>-4394.89508586716150000000</c>
               <c>4347.76960220964880000000</c>
               <c>0.00000000000000000000</c>
               <c>0.00000000000000000000</c>
               <c>-329.44229601229904000000</c>
               <c>1113.98206891103430000000</c>
               <c>-1103.42980382671950000000</c>
               <c>0.00000000000000000000</c>
               <c>0.00000000000000000000</c>
               <c>14.73852764997008300000</c>
               <c>-33.62198632335336900000</c>
               <c>23.88985958984773100000</c>
               <c>0.00000000000000000000</c>
               <c>0.00000000000000000000</c>
               <c>-37.57540331040143400000</c>
               <c>96.99266639007245800000</c>
               <c>-75.07144872274838600000</c>
               <c>0.00000000000000000000</c>
               <c>0.00000000000000000000</c>
               <c>42.53375678790548200000</c>
               <c>-120.05207626836612000000</c>
               <c>98.30578673614708400000</c>
               <c>0.00000000000000000000</c>
               <c>0.00000000000000000000</c>
               <c>-17.72027987269931200000</c>
               <c>53.30653882418830800000</c>
               <c>-45.34008693215599800000</c>
               <c>0.00000000000000000000</c>
               <c>0.00000000000000000000</c>
            </temp_rating>
         </MCRZ>
         <MCMB>
            <kink>10</kink>
            <flat_rating>
               <b>1.85817796020524510000</b>
               <b>-3.04306118898774130000</b>
               <b>1.93099007665886410000</b>
               <b>0.00000000000000000000</b>
               <b>0.00000000000000000000</b>
               <b>0.00000000000000000000</b>
               <b>-9.52939359997456670000</b>
               <b>26.12861630533781100000</b>
               <b>-7.04710931415550680000</b>
               <b>0.00000000000000000000</b>
               <b>0.00000000000000000000</b>
               <b>0.00000000000000000000</b>
               <b>40.47095367529726700000</b>
               <b>-94.64463050941266400000</b>
               <b>8.97178933459552040000</b>
               <b>0.00000000000000000000</b>
               <b>0.00000000000000000000</b>
               <b>0.00000000000000000000</b>
               <b>-81.19485262926406200000</b>
               <b>173.47468877850187000000</b>
               <b>-6.76052423661337270000</b>
               <b>0.00000000000000000000</b>
               <b>0.00000000000000000000</b>
               <b>0.00000000000000000000</b>
               <b>77.89097017035550200000</b>
               <b>-164.59717468661051000000</b>
               <b>13.45426330568904100000</b>
               <b>0.00000000000000000000</b>
               <b>0.00000000000000000000</b>
               <b>0.00000000000000000000</b>
               <b>-28.90494171869988100000</b>
               <b>63.05453207899375900000</b>
               <b>-10.72791470934615500000</b>
               <b>0.00000000000000000000</b>
               <b>0.00000000000000000000</b>
               <b>0.00000000000000000000</b>
            </flat_rating>
            <temp_rating>
               <c>427.88632053561986000000</c>
               <c>-1559.49655055573290000000</c>
               <c>1433.32101465674600000000</c>
               <c>0.00000000000000000000</c>
               <c>0.00000000000000000000</c>
               <c>-1739.42080621044780000000</c>
               <c>6323.67538787052580000000</c>
               <c>-5812.89427047843490000000</c>
               <c>0.00000000000000000000</c>
               <c>0.00000000000000000000</c>
               <c>2644.42718084179480000000</c>
               <c>-9575.14146728836750000000</c>
               <c>8815.23173650264290000000</c>
               <c>0.00000000000000000000</c>
               <c>0.00000000000000000000</c>
               <c>-1784.61908849222960000000</c>
               <c>6431.27534539982480000000</c>
               <c>-5931.01163499177620000000</c>
               <c>0.00000000000000000000</c>
               <c>0.00000000000000000000</c>
               <c>450.58319897660294000000</c>
               <c>-1616.58408204911550000000</c>
               <c>1493.50575060366440000000</c>
               <c>0.00000000000000000000</c>
               <c>0.00000000000000000000</c>
               <c>14.55281282348790700000</c>
               <c>-35.16786801178158600000</c>
               <c>24.99862522742480300000</c>
               <c>0.00000000000000000000</c>
               <c>0.00000000000000000000</c>
               <c>-38.15906482088143300000</c>
               <c>102.58274001791651000000</c>
               <c>-77.49291035351875200000</c>
               <c>0.00000000000000000000</c>
               <c>0.00000000000000000000</c>
               <c>43.79966809727913100000</c>
               <c>-126.34612074244006000000</c>
               <c>99.35059358602596500000</c>
               <c>0.00000000000000000000</c>
               <c>0.00000000000000000000</c>
               <c>-18.36217526772476200000</c>
               <c>55.59180071964230800000</c>
               <c>-44.96779246661555600000</c>
               <c>0.00000000000000000000</c>
               <c>0.00000000000000000000</c>
            </temp_rating>
         </MCMB>
         <MTKF>
            <kink>10</kink>
            <flat_rating>
               <b>-7.91715030664776620000</b>
               <b>119.11524575975606000000</b>
               <b>-173.86783804210683000000</b>
               <b>0.00000000000000000000</b>
               <b>0.00000000000000000000</b>
               <b>0.00000000000000000000</b>
               <b>68.47550312283686900000</b>
               <b>-879.57923459983044000000</b>
               <b>1279.42558158212610000000</b>
               <b>0.00000000000000000000</b>
               <b>0.00000000000000000000</b>
               <b>0.00000000000000000000</b>
               <b>-190.71752032660339000000</b>
               <b>2483.22812719827880000000</b>
               <b>-3618.12412126731940000000</b>
               <b>0.00000000000000000000</b>
               <b>0.00000000000000000000</b>
               <b>0.00000000000000000000</b>
               <b>244.88298324624952000000</b>
               <b>-3366.41116921392220000000</b>
               <b>4932.30048523384720000000</b>
               <b>0.00000000000000000000</b>
               <b>0.00000000000000000000</b>
               <b>0.00000000000000000000</b>
               <b>-143.22047549851342000000</b>
               <b>2187.53893144341780000000</b>
               <b>-3238.31247661794210000000</b>
               <b>0.00000000000000000000</b>
               <b>0.00000000000000000000</b>
               <b>0.00000000000000000000</b>
               <b>29.38995523868807800000</b>
               <b>-543.74575158378946000000</b>
               <b>817.92809029852572000000</b>
               <b>0.00000000000000000000</b>
               <b>0.00000000000000000000</b>
               <b>0.00000000000000000000</b>
            </flat_rating>
            <temp_rating>
               <c>3746.42539351835690000000</c>
               <c>-14485.05246605605500000000</c>
               <c>13614.44998689837500000000</c>
               <c>0.00000000000000000000</c>
               <c>0.00000000000000000000</c>
               <c>-14474.28711595651100000000</c>
               <c>56175.18293447169000000000</c>
               <c>-52977.58292270534700000000</c>
               <c>0.00000000000000000000</c>
               <c>0.00000000000000000000</c>
               <c>20806.45593823255000000000</c>
               <c>-81029.28673929940900000000</c>
               <c>76692.02139676213800000000</c>
               <c>0.00000000000000000000</c>
               <c>0.00000000000000000000</c>
               <c>-13258.27802284354400000000</c>
               <c>51804.22525573843400000000</c>
               <c>-49207.34792131442400000000</c>
               <c>0.00000000000000000000</c>
               <c>0.00000000000000000000</c>
               <c>3160.43987507799470000000</c>
               <c>-12389.08222678890300000000</c>
               <c>11809.87678789500400000000</c>
               <c>0.00000000000000000000</c>
               <c>0.00000000000000000000</c>
               <c>109.99406251608485000000</c>
               <c>-425.70683775341053000000</c>
               <c>391.93938358694822000000</c>
               <c>0.00000000000000000000</c>
               <c>0.00000000000000000000</c>
               <c>-216.03875136362524000000</c>
               <c>856.88256545371291000000</c>
               <c>-802.20320642759157000000</c>
               <c>0.00000000000000000000</c>
               <c>0.00000000000000000000</c>
               <c>185.00647689744406000000</c>
               <c>-753.55666323006062000000</c>
               <c>720.29135946114263000000</c>
               <c>0.00000000000000000000</c>
               <c>0.00000000000000000000</c>
               <c>-59.19654765475534900000</c>
               <c>248.32475085412452000000</c>
               <c>-243.53621090566199000000</c>
               <c>0.00000000000000000000</c>
               <c>0.00000000000000000000</c>
            </temp_rating>
         </MTKF>
         <LIDL>
            <CT>
               <ti>0.00184348766023666480</ti>
               <ti>0.10720142289383149000</ti>
               <ti>-0.25531779568958629000</ti>
               <ti>0.14752881674485122000</ti>
               <ti>0.03989454609377873800</ti>
               <ti>-0.57869501188597638000</ti>
               <ti>1.27250673900460680000</ti>
               <ti>-0.69153758449880398000</ti>
               <ti>-0.04998154068639093500</ti>
               <ti>0.52804089848191360000</ti>
               <ti>-1.17691948812002180000</ti>
               <ti>0.59394948040282813000</ti>
            </CT>
            <CF>
               <fi>-0.02244382010261258500</fi>
               <fi>0.10377942749727601000</fi>
               <fi>-0.04435953855968172800</fi>
               <fi>0.10896595411445850000</fi>
               <fi>-0.19984800829553148000</fi>
               <fi>0.09159448059381888900</fi>
               <fi>-0.07490305325480101100</fi>
               <fi>0.09180772442847469400</fi>
               <fi>-0.00434563471044113660</fi>
            </CF>
         </LIDL>
         <throttle>
            <low>0.55957301085222433000</low>
            <high>1.22900186381769380000</high>
         </throttle>
      </TFM>
   </PFM>
   <OPM>
      <LGO>
         <Transition>
            <from>0</from>
            <to>1</to>
            <time>20</time>
         </Transition>
         <Transition>
            <from>1</from>
            <to>0</to>
            <time>11</time>
         </Transition>
      </LGO>
      <HLO>
         <Transition>
            <from>0</from>
            <to>1</to>
            <time>16</time>
         </Transition>
         <Transition>
            <from>1</from>
            <to>2</to>
            <time>7.6</time>
         </Transition>
         <Transition>
            <from>2</from>
            <to>3</to>
            <time>4.5</time>
         </Transition>
         <Transition>
            <from>3</from>
            <to>4</to>
            <time>4.5</time>
         </Transition>
         <Transition>
            <from>4</from>
            <to>5</to>
            <time>3.4</time>
         </Transition>
         <Transition>
            <from>5</from>
            <to>6</to>
            <time>4.2</time>
         </Transition>
         <Transition>
            <from>6</from>
            <to>7</to>
            <time>3.8</time>
         </Transition>
         <Transition>
            <from>7</from>
            <to>6</to>
            <time>3.8</time>
         </Transition>
         <Transition>
            <from>6</from>
            <to>5</to>
            <time>4.2</time>
         </Transition>
         <Transition>
            <from>5</from>
            <to>4</to>
            <time>3.4</time>
         </Transition>
         <Transition>
            <from>4</from>
            <to>3</to>
            <time>2.5</time>
         </Transition>
         <Transition>
            <from>3</from>
            <to>2</to>
            <time>8</time>
         </Transition>
         <Transition>
            <from>2</from>
            <to>1</to>
            <time>7.1</time>
         </Transition>
         <Transition>
            <from>1</from>
            <to>0</to>
            <time>14</time>
         </Transition>
      </HLO>
   </OPM>
   <ALM>
      <GLM>
         <hmo>41000</hmo>
         <mfa>20000</mfa>
      </GLM>
      <KLM>
         <mmo>0.82</mmo>
         <vmo>340</vmo>
         <mle>0.82</mle>
         <vle>320</vle>
         <mlo>0.82</mlo>
         <vloe>270</vloe>
         <vlor>235</vlor>
      </KLM>
      <ELM>
         <Tmin_f>
            <point>
               <Hp>-2000.0</Hp>
               <DeltaT>-72.95999999999999400000</DeltaT>
            </point>
            <point>
               <Hp>0.0</Hp>
               <DeltaT>-69.00000000000000000000</DeltaT>
            </point>
            <point>
               <Hp>1.0</Hp>
               <DeltaT>-77.00000000000000000000</DeltaT>
            </point>
            <point>
               <Hp>36089.0</Hp>
               <DeltaT>-16.50000000000000000000</DeltaT>
            </point>
            <point>
               <Hp>41000.0</Hp>
               <DeltaT>-16.50000000000000000000</DeltaT>
            </point>
         </Tmin_f>
         <Tmax_f>
            <point>
               <Hp>-2000.0</Hp>
               <DeltaT>35.03999999999999900000</DeltaT>
            </point>
            <point>
               <Hp>0.0</Hp>
               <DeltaT>39.39999999999999900000</DeltaT>
            </point>
            <point>
               <Hp>13500.0</Hp>
               <DeltaT>39.39999999999999900000</DeltaT>
            </point>
            <point>
               <Hp>13501.0</Hp>
               <DeltaT>34.00000000000000000000</DeltaT>
            </point>
            <point>
               <Hp>36089.0</Hp>
               <DeltaT>34.00000000000000000000</DeltaT>
            </point>
            <point>
               <Hp>41000.0</Hp>
               <DeltaT>24.50000000000000000000</DeltaT>
            </point>
         </Tmax_f>
         <Tmin_g>
            <point>
               <Hp>-2000.0</Hp>
               <DeltaT>-72.95999999999999400000</DeltaT>
            </point>
            <point>
               <Hp>8500.0</Hp>
               <DeltaT>-52.20000000000000300000</DeltaT>
            </point>
         </Tmin_g>
         <Tmax_g>
            <point>
               <Hp>-2000.0</Hp>
               <DeltaT>35.03999999999999900000</DeltaT>
            </point>
            <point>
               <Hp>0.0</Hp>
               <DeltaT>39.39999999999999900000</DeltaT>
            </point>
            <point>
               <Hp>8500.0</Hp>
               <DeltaT>39.39999999999999900000</DeltaT>
            </point>
         </Tmax_g>
      </ELM>
      <DLM>
         <MTW>79243</MTW>
         <MTOW>79016</MTOW>
         <MLW>66361</MLW>
         <MZFW>62732</MZFW>
         <OEW>41413</OEW>
         <MPL>21319</MPL>
         <MFL>26022</MFL>
         <n1>2.5</n1>
         <n3>-1</n3>
         <nf1>2</nf1>
         <nf3>0</nf3>
      </DLM>
   </ALM>
   <Ground>
      <Dimensions>
         <span>35.79</span>
         <length>39.47</length>
      </Dimensions>
      <Runway>
         <TOL>2200</TOL>
         <LDL>1500</LDL>
      </Runway>
   </Ground>
   <ARPM>
      <AeroConfSchedule>
         <AeroPhase>
            <name>TO</name>
            <HLid>2</HLid>
            <LG>UP</LG>
         </AeroPhase>
         <AeroPhase>
            <name>IC</name>
            <HLid>1</HLid>
            <LG>UP</LG>
         </AeroPhase>
         <AeroPhase>
            <name>CR</name>
            <HLid>0</HLid>
            <LG>UP</LG>
         </AeroPhase>
         <AeroPhase>
            <name>AP</name>
            <HLid>4</HLid>
            <LG>UP</LG>
         </AeroPhase>
         <AeroPhase>
            <name>LD</name>
            <HLid>6</HLid>
            <LG>DN</LG>
         </AeroPhase>
      </AeroConfSchedule>
      <SpeedScheduleList>
         <SpeedSchedule>
            <CompanyName>Default</CompanyName>
            <SpeedPhase>
               <name>Climb</name>
               <CAS1>300</CAS1>
               <CAS2>300</CAS2>
               <M>0.78</M>
            </SpeedPhase>
            <SpeedPhase>
               <name>Cruise</name>
               <CAS1>280</CAS1>
               <CAS2>280</CAS2>
               <M>0.78</M>
            </SpeedPhase>
            <SpeedPhase>
               <name>Descent</name>
               <CAS1>290</CAS1>
               <CAS2>290</CAS2>
               <M>0.78</M>
            </SpeedPhase>
         </SpeedSchedule>
      </SpeedScheduleList>
   </ARPM>
</bada40:ACM>