<?xml version="1.0" encoding="utf-8"?>
<bada40:ACM xmlns:bada40="http://www.eurocontrol.int/eec/public/standard_page/bada40">
   <model>787-8</model>
   <type>JET</type>
   <engine>Trent 1000-E</engine>
   <description/>
   <ICAO>
      <designator>B788</designator>
      <WTC>H</WTC>
   </ICAO>
   <AFCM>
      <S>360.46379520000005000000</S>
      <Configuration HLid="0">
         <HLPosition>0000</HLPosition>
         <name>flaps  0</name>
         <vfe>350</vfe>
         <LGUP>
            <DPM_clean>
               <M_max>0.90000</M_max>
               <scalar>9.835e-007</scalar>
               <CD_clean>
                  <d>106033.36850729969000000000</d>
                  <d>-230105.73153655912000000000</d>
                  <d>213526.33376232558000000000</d>
                  <d>-87180.66028878281900000000</d>
                  <d>13412.99134031863500000000</d>
                  <d>38982.90226737337800000000</d>
                  <d>2061.51495111540270000000</d>
                  <d>-1634.69232558911810000000</d>
                  <d>195.78145167048385000000</d>
                  <d>-5.36124424513128870000</d>
                  <d>2166.58694150882960000000</d>
                  <d>3504.82012706558180000000</d>
                  <d>-4937.86586552370320000000</d>
                  <d>2332.71119430115550000000</d>
                  <d>-368.33768427409268000000</d>
               </CD_clean>
            </DPM_clean>
            <BLM_clean>
               <Mmin>0.20000</Mmin>
               <Mmax>0.90000</Mmax>
               <CL_Mach0>0.94854403110464103000</CL_Mach0>
               <CL_clean>
                  <bf>0.72791157056869626000</bf>
                  <bf>7.00747687772456640000</bf>
                  <bf>-29.49624469350723300000</bf>
                  <bf>42.75276010637230000000</bf>
                  <bf>-20.76739815148994900000</bf>
               </CL_clean>
            </BLM_clean>
         </LGUP>
         <LGDN>
            <DPM_nonclean>
               <CD_nonclean>
                  <d>0.04862464535464543900</d>
                  <d>-0.02786753246753267300</d>
                  <d>0.06366433566433581100</d>
               </CD_nonclean>
            </DPM_nonclean>
            <BLM>
               <CL_max>0.94854403110464103000</CL_max>
            </BLM>
         </LGDN>
      </Configuration>
      <Configuration HLid="1">
         <HLPosition>0001</HLPosition>
         <name>flaps 1</name>
         <vfe>250</vfe>
         <LGUP>
            <DPM_nonclean>
               <CD_nonclean>
                  <d>0.02557294315898922200</d>
                  <d>-0.03191083412944808300</d>
                  <d>0.06763474916404342600</d>
               </CD_nonclean>
            </DPM_nonclean>
            <BLM>
               <CL_max>1.40598580088065560000</CL_max>
            </BLM>
         </LGUP>
         <LGDN>
            <DPM_nonclean>
               <CD_nonclean>
                  <d>0.05501209100343991400</d>
                  <d>-0.03947886413248150700</d>
                  <d>0.06888684021167663900</d>
               </CD_nonclean>
            </DPM_nonclean>
            <BLM>
               <CL_max>1.40598580088065560000</CL_max>
            </BLM>
         </LGDN>
      </Configuration>
      <Configuration HLid="2">
         <HLPosition>0005</HLPosition>
         <name>flaps 5</name>
         <vfe>230</vfe>
         <LGUP>
            <DPM_nonclean>
               <CD_nonclean>
                  <d>0.04824397737765821800</d>
                  <d>-0.06092146093416685200</d>
                  <d>0.07250302931279557800</d>
               </CD_nonclean>
            </DPM_nonclean>
            <BLM>
               <CL_max>1.74998353003314810000</CL_max>
            </BLM>
         </LGUP>
         <LGDN>
            <DPM_nonclean>
               <CD_nonclean>
                  <d>0.07953854334937228400</d>
                  <d>-0.07673994405440530400</d>
                  <d>0.07738304958506317400</d>
               </CD_nonclean>
            </DPM_nonclean>
            <BLM>
               <CL_max>1.74998353003314810000</CL_max>
            </BLM>
         </LGDN>
      </Configuration>
      <Configuration HLid="3">
         <HLPosition>0015</HLPosition>
         <name>flaps 15</name>
         <vfe>215</vfe>
         <LGUP>
            <DPM_nonclean>
               <CD_nonclean>
                  <d>0.05981129814139683800</d>
                  <d>-0.07227905801457291900</d>
                  <d>0.07453574096987121400</d>
               </CD_nonclean>
            </DPM_nonclean>
            <BLM>
               <CL_max>1.82365905191389510000</CL_max>
            </BLM>
         </LGUP>
         <LGDN>
            <DPM_nonclean>
               <CD_nonclean>
                  <d>0.09444421578421569000</d>
                  <d>-0.09664025974025959600</d>
                  <d>0.08321778221778215700</d>
               </CD_nonclean>
            </DPM_nonclean>
            <BLM>
               <CL_max>1.82365905191389510000</CL_max>
            </BLM>
         </LGDN>
      </Configuration>
      <Configuration HLid="4">
         <HLPosition>0020</HLPosition>
         <name>flaps 20</name>
         <vfe>210</vfe>
         <LGUP>
            <DPM_nonclean>
               <CD_nonclean>
                  <d>0.07657146087580762900</d>
                  <d>-0.06768953098827471000</d>
                  <d>0.06647331897583153000</d>
               </CD_nonclean>
            </DPM_nonclean>
            <BLM>
               <CL_max>1.93857717206202620000</CL_max>
            </BLM>
         </LGUP>
         <LGDN>
            <DPM_nonclean>
               <CD_nonclean>
                  <d>0.10154823779795703000</d>
                  <d>-0.07946923139289792400</d>
                  <d>0.07059254905140272000</d>
               </CD_nonclean>
            </DPM_nonclean>
            <BLM>
               <CL_max>1.95097411679769330000</CL_max>
            </BLM>
         </LGDN>
      </Configuration>
      <Configuration HLid="5">
         <HLPosition>0025</HLPosition>
         <name>flaps 25</name>
         <vfe>180</vfe>
         <LGDN>
            <DPM_nonclean>
               <CD_nonclean>
                  <d>0.13634547212047801000</d>
                  <d>-0.12673610466452312000</d>
                  <d>0.09132407038143927600</d>
               </CD_nonclean>
            </DPM_nonclean>
            <BLM>
               <CL_max>2.05121525586516910000</CL_max>
            </BLM>
         </LGDN>
      </Configuration>
      <Configuration HLid="6">
         <HLPosition>0030</HLPosition>
         <name>flaps 30</name>
         <vfe>170</vfe>
         <LGDN>
            <DPM_nonclean>
               <CD_nonclean>
                  <d>0.22843519741848675000</d>
                  <d>-0.22200836196939727000</d>
                  <d>0.11722632551832254000</d>
               </CD_nonclean>
            </DPM_nonclean>
            <BLM>
               <CL_max>2.06132389890405450000</CL_max>
            </BLM>
         </LGDN>
      </Configuration>
   </AFCM>
   <PFM>
      <MREF>227930</MREF>
      <LHV>43217000</LHV>
      <rho>810</rho>
      <n_eng>2</n_eng>
      <TFA>18.9</TFA>
      <TFM>
         <CT>
            <a>0.00000000000000000000</a>
            <a>-0.10000000003057492000</a>
            <a>0.00000000000000000000</a>
            <a>0.00000000000000000000</a>
            <a>0.00000000000000000000</a>
            <a>0.00000000000000000000</a>
            <a>0.30000000000650068000</a>
            <a>0.00000000000000000000</a>
            <a>0.00000000000000000000</a>
            <a>0.00000000000000000000</a>
            <a>0.00000000000000000000</a>
            <a>0.00000000000000000000</a>
            <a>0.00000000000000000000</a>
            <a>0.00000000000000000000</a>
            <a>0.00000000000000000000</a>
            <a>0.00000000000000000000</a>
            <a>0.00000000000000000000</a>
            <a>0.00000000000000000000</a>
            <a>0.00000000000000000000</a>
            <a>0.00000000000000000000</a>
            <a>0.00000000000000000000</a>
            <a>0.00000000000000000000</a>
            <a>0.00000000000000000000</a>
            <a>0.00000000000000000000</a>
            <a>0.00000000000000000000</a>
            <a>0.00000000000000000000</a>
            <a>0.00000000000000000000</a>
            <a>0.00000000000000000000</a>
            <a>0.00000000000000000000</a>
            <a>0.00000000000000000000</a>
            <a>0.00000000000000000000</a>
            <a>0.00000000000000000000</a>
            <a>0.00000000000000000000</a>
            <a>0.00000000000000000000</a>
            <a>0.00000000000000000000</a>
            <a>0.00000000000000000000</a>
         </CT>
         <CF>
            <f>-0.00122734230662170300</f>
            <f>1.38659498950539660000</f>
            <f>-11.97009502166216400000</f>
            <f>77.78372714730191700000</f>
            <f>-142.15945808022832000000</f>
            <f>0.07114433683810855700</f>
            <f>-0.36557555236288014000</f>
            <f>32.23610741126133700000</f>
            <f>-204.29416600305967000000</f>
            <f>397.85599651843222000000</f>
            <f>0.00000000000000000000</f>
            <f>0.00000000000000000000</f>
            <f>0.00000000000000000000</f>
            <f>0.00000000000000000000</f>
            <f>0.00000000000000000000</f>
            <f>0.00000000000000000000</f>
            <f>0.00000000000000000000</f>
            <f>0.00000000000000000000</f>
            <f>0.00000000000000000000</f>
            <f>0.00000000000000000000</f>
            <f>0.00000000000000000000</f>
            <f>0.00000000000000000000</f>
            <f>0.00000000000000000000</f>
            <f>0.00000000000000000000</f>
            <f>0.00000000000000000000</f>
         </CF>
         <MCRZ>
            <kink>10</kink>
            <flat_rating>
               <b>0.69932319404507015000</b>
               <b>0.64158689230511157000</b>
               <b>-0.73660232286487426000</b>
               <b>0.00000000000000000000</b>
               <b>0.00000000000000000000</b>
               <b>0.00000000000000000000</b>
               <b>3.64390544432947870000</b>
               <b>-18.29124888415304900000</b>
               <b>21.62453662140245200000</b>
               <b>0.00000000000000000000</b>
               <b>0.00000000000000000000</b>
               <b>0.00000000000000000000</b>
               <b>-16.89022716610604000000</b>
               <b>93.79433911040527500000</b>
               <b>-103.97951781636364000000</b>
               <b>0.00000000000000000000</b>
               <b>0.00000000000000000000</b>
               <b>0.00000000000000000000</b>
               <b>27.45194892256566300000</b>
               <b>-178.53949740919958000000</b>
               <b>186.20891732738241000000</b>
               <b>0.00000000000000000000</b>
               <b>0.00000000000000000000</b>
               <b>0.00000000000000000000</b>
               <b>-18.93230264669239600000</b>
               <b>146.21576196765290000000</b>
               <b>-142.28112484200543000000</b>
               <b>0.00000000000000000000</b>
               <b>0.00000000000000000000</b>
               <b>0.00000000000000000000</b>
               <b>4.79038875841440870000</b>
               <b>-44.67063294363594400000</b>
               <b>39.79295273542916100000</b>
               <b>0.00000000000000000000</b>
               <b>0.00000000000000000000</b>
               <b>0.00000000000000000000</b>
            </flat_rating>
            <temp_rating>
               <c>-338.26941143708996000000</c>
               <c>1133.06486763401150000000</c>
               <c>-1131.04170782339160000000</c>
               <c>0.00000000000000000000</c>
               <c>0.00000000000000000000</c>
               <c>1391.05786627094630000000</c>
               <c>-4653.32220191328450000000</c>
               <c>4648.61769457929680000000</c>
               <c>0.00000000000000000000</c>
               <c>0.00000000000000000000</c>
               <c>-2146.76594849540700000000</c>
               <c>7199.12185150306410000000</c>
               <c>-7186.78761803132150000000</c>
               <c>0.00000000000000000000</c>
               <c>0.00000000000000000000</c>
               <c>1471.10143828346800000000</c>
               <c>-4963.09289950705810000000</c>
               <c>4952.47836740221560000000</c>
               <c>0.00000000000000000000</c>
               <c>0.00000000000000000000</c>
               <c>-378.13488367801619000000</c>
               <c>1286.15828579773300000000</c>
               <c>-1283.51994443584590000000</c>
               <c>0.00000000000000000000</c>
               <c>0.00000000000000000000</c>
               <c>11.91231926386473100000</c>
               <c>-20.87473347813745800000</c>
               <c>11.60000787660636200000</c>
               <c>0.00000000000000000000</c>
               <c>0.00000000000000000000</c>
               <c>-29.56703233104710500000</c>
               <c>59.11418532837093000000</c>
               <c>-35.01849910391415900000</c>
               <c>0.00000000000000000000</c>
               <c>0.00000000000000000000</c>
               <c>29.93295352979500700000</c>
               <c>-60.93179372293690900000</c>
               <c>34.34982391610824200000</c>
               <c>0.00000000000000000000</c>
               <c>0.00000000000000000000</c>
               <c>-10.24004457402851300000</c>
               <c>18.89203446311254500000</c>
               <c>-8.29523814044364020000</c>
               <c>0.00000000000000000000</c>
               <c>0.00000000000000000000</c>
            </temp_rating>
         </MCRZ>
         <MCMB>
            <kink>10</kink>
            <flat_rating>
               <b>0.26441188383238606000</b>
               <b>2.07969796009938830000</b>
               <b>-1.76193780440114270000</b>
               <b>0.00000000000000000000</b>
               <b>0.00000000000000000000</b>
               <b>0.00000000000000000000</b>
               <b>8.29859644757145180000</b>
               <b>-32.40915351423495800000</b>
               <b>31.95997195112218500000</b>
               <b>0.00000000000000000000</b>
               <b>0.00000000000000000000</b>
               <b>0.00000000000000000000</b>
               <b>-32.98558189740474200000</b>
               <b>144.54798523199793000000</b>
               <b>-141.94577427032476000000</b>
               <b>0.00000000000000000000</b>
               <b>0.00000000000000000000</b>
               <b>0.00000000000000000000</b>
               <b>53.52019689697746000000</b>
               <b>-263.86488925328769000000</b>
               <b>250.35391520791481000000</b>
               <b>0.00000000000000000000</b>
               <b>0.00000000000000000000</b>
               <b>0.00000000000000000000</b>
               <b>-39.07853539523337400000</b>
               <b>214.11724554363425000000</b>
               <b>-192.98104201753782000000</b>
               <b>0.00000000000000000000</b>
               <b>0.00000000000000000000</b>
               <b>0.00000000000000000000</b>
               <b>10.81022013980893500000</b>
               <b>-65.44158607207288000000</b>
               <b>55.07301244853770300000</b>
               <b>0.00000000000000000000</b>
               <b>0.00000000000000000000</b>
               <b>0.00000000000000000000</b>
            </flat_rating>
            <temp_rating>
               <c>-361.32156419466020000000</c>
               <c>1213.09276486392010000000</c>
               <c>-1229.51392236558080000000</c>
               <c>0.00000000000000000000</c>
               <c>0.00000000000000000000</c>
               <c>1487.23764930895780000000</c>
               <c>-4989.47906574898750000000</c>
               <c>5059.37945050773210000000</c>
               <c>0.00000000000000000000</c>
               <c>0.00000000000000000000</c>
               <c>-2297.83146180038150000000</c>
               <c>7731.92281173630000000000</c>
               <c>-7830.98905257605110000000</c>
               <c>0.00000000000000000000</c>
               <c>0.00000000000000000000</c>
               <c>1576.45020293091120000000</c>
               <c>-5338.97436559625480000000</c>
               <c>5402.03734913206970000000</c>
               <c>0.00000000000000000000</c>
               <c>0.00000000000000000000</c>
               <c>-405.67082286497322000000</c>
               <c>1385.62942412359920000000</c>
               <c>-1401.23049850437950000000</c>
               <c>0.00000000000000000000</c>
               <c>0.00000000000000000000</c>
               <c>13.23924995517656100000</c>
               <c>-23.39359038034717000000</c>
               <c>12.42631404666380700000</c>
               <c>0.00000000000000000000</c>
               <c>0.00000000000000000000</c>
               <c>-32.70464766503334200000</c>
               <c>64.56495925908042500000</c>
               <c>-35.60262148461223600000</c>
               <c>0.00000000000000000000</c>
               <c>0.00000000000000000000</c>
               <c>32.75696007499269100000</c>
               <c>-64.33252095844011400000</c>
               <c>31.98127354907106900000</c>
               <c>0.00000000000000000000</c>
               <c>0.00000000000000000000</c>
               <c>-11.03088792804043200000</c>
               <c>18.82619363490284000000</c>
               <c>-5.79843380713005980000</c>
               <c>0.00000000000000000000</c>
               <c>0.00000000000000000000</c>
            </temp_rating>
         </MCMB>
         <MTKF>
            <kink>10</kink>
            <flat_rating>
               <b>54.23666460681413800000</b>
               <b>-311.49161520132481000000</b>
               <b>402.64895441630421000000</b>
               <b>0.00000000000000000000</b>
               <b>0.00000000000000000000</b>
               <b>0.00000000000000000000</b>
               <b>-409.45070753838121000000</b>
               <b>2400.86511997576280000000</b>
               <b>-3107.14447452337160000000</b>
               <b>0.00000000000000000000</b>
               <b>0.00000000000000000000</b>
               <b>0.00000000000000000000</b>
               <b>1240.71589818189000000000</b>
               <b>-7286.82124929659680000000</b>
               <b>9440.63485087803930000000</b>
               <b>0.00000000000000000000</b>
               <b>0.00000000000000000000</b>
               <b>0.00000000000000000000</b>
               <b>-1856.11895280344360000000</b>
               <b>10887.86231542058500000000</b>
               <b>-14114.73462853747700000000</b>
               <b>0.00000000000000000000</b>
               <b>0.00000000000000000000</b>
               <b>0.00000000000000000000</b>
               <b>1367.19123137220750000000</b>
               <b>-7999.58147199625000000000</b>
               <b>10370.88512403834800000000</b>
               <b>0.00000000000000000000</b>
               <b>0.00000000000000000000</b>
               <b>0.00000000000000000000</b>
               <b>-395.97633910352982000000</b>
               <b>2309.52732382000430000000</b>
               <b>-2993.15329712228500000000</b>
               <b>0.00000000000000000000</b>
               <b>0.00000000000000000000</b>
               <b>0.00000000000000000000</b>
            </flat_rating>
            <temp_rating>
               <c>4412.75694501990530000000</c>
               <c>-20263.68531739742300000000</c>
               <c>22294.30643155651700000000</c>
               <c>0.00000000000000000000</c>
               <c>0.00000000000000000000</c>
               <c>-16651.00206148522900000000</c>
               <c>76516.56197950885700000000</c>
               <c>-84152.41787474083000000000</c>
               <c>0.00000000000000000000</c>
               <c>0.00000000000000000000</c>
               <c>23581.54539154670400000000</c>
               <c>-108355.12526850488000000000</c>
               <c>119077.53372581961000000000</c>
               <c>0.00000000000000000000</c>
               <c>0.00000000000000000000</c>
               <c>-14823.92259732290800000000</c>
               <c>68096.81546975979300000000</c>
               <c>-74781.96688450330100000000</c>
               <c>0.00000000000000000000</c>
               <c>0.00000000000000000000</c>
               <c>3489.55357370608450000000</c>
               <c>-16024.38883146468500000000</c>
               <c>17585.52686556772100000000</c>
               <c>0.00000000000000000000</c>
               <c>0.00000000000000000000</c>
               <c>-46.43146752626340400000</c>
               <c>165.11944280618854000000</c>
               <c>-124.81437575830350000000</c>
               <c>0.00000000000000000000</c>
               <c>0.00000000000000000000</c>
               <c>96.05314043966335200000</c>
               <c>-338.65672651231824000000</c>
               <c>256.75871668983740000000</c>
               <c>0.00000000000000000000</c>
               <c>0.00000000000000000000</c>
               <c>-86.91699340953391600000</c>
               <c>306.66660911786732000000</c>
               <c>-235.72223568497830000000</c>
               <c>0.00000000000000000000</c>
               <c>0.00000000000000000000</c>
               <c>29.26040495476471300000</c>
               <c>-104.18361255529852000000</c>
               <c>81.92142706787801400000</c>
               <c>0.00000000000000000000</c>
               <c>0.00000000000000000000</c>
            </temp_rating>
         </MTKF>
         <LIDL>
            <CT>
               <ti>0.06932551037946847700</ti>
               <ti>-0.23114728360292719000</ti>
               <ti>0.23354494042384413000</ti>
               <ti>-0.09205640057301546500</ti>
               <ti>-0.18778197610060085000</ti>
               <ti>0.65221031926855888000</ti>
               <ti>-0.58427284353113251000</ti>
               <ti>0.23915116942123646000</ti>
               <ti>0.10963272736410588000</ti>
               <ti>-0.33787067797967552000</ti>
               <ti>0.01070222401325215800</ti>
               <ti>0.02056058039141553400</ti>
            </CT>
            <CF>
               <fi>0.07806104126723696600</fi>
               <fi>-0.15725355354396084000</fi>
               <fi>0.08956050946920379700</fi>
               <fi>-0.16335266472794532000</fi>
               <fi>0.34661353022355101000</fi>
               <fi>-0.12726201948185253000</fi>
               <fi>0.07993988786413579200</fi>
               <fi>-0.09287306398240922900</fi>
               <fi>-0.06603773301197946000</fi>
            </CF>
         </LIDL>
         <throttle>
            <low>0.47576178768512278000</low>
            <high>1.15535312402962860000</high>
         </throttle>
      </TFM>
   </PFM>
   <OPM>
      <LGO>
         <Transition>
            <from>0</from>
            <to>1</to>
            <time>20</time>
         </Transition>
         <Transition>
            <from>1</from>
            <to>0</to>
            <time>20</time>
         </Transition>
      </LGO>
      <HLO>
         <Transition>
            <from>0</from>
            <to>1</to>
            <time>13.9</time>
         </Transition>
         <Transition>
            <from>1</from>
            <to>2</to>
            <time>15.4</time>
         </Transition>
         <Transition>
            <from>2</from>
            <to>3</to>
            <time>8.2</time>
         </Transition>
         <Transition>
            <from>3</from>
            <to>4</to>
            <time>6.3</time>
         </Transition>
         <Transition>
            <from>4</from>
            <to>5</to>
            <time>7.2</time>
         </Transition>
         <Transition>
            <from>5</from>
            <to>6</to>
            <time>6.6</time>
         </Transition>
         <Transition>
            <from>6</from>
            <to>5</to>
            <time>6.6</time>
         </Transition>
         <Transition>
            <from>5</from>
            <to>4</to>
            <time>7.2</time>
         </Transition>
         <Transition>
            <from>4</from>
            <to>3</to>
            <time>6.3</time>
         </Transition>
         <Transition>
            <from>3</from>
            <to>2</to>
            <time>8.2</time>
         </Transition>
         <Transition>
            <from>2</from>
            <to>1</to>
            <time>15.4</time>
         </Transition>
         <Transition>
            <from>1</from>
            <to>0</to>
            <time>13.9</time>
         </Transition>
      </HLO>
   </OPM>
   <ALM>
      <GLM>
         <hmo>43100</hmo>
         <mfa>20000</mfa>
      </GLM>
      <KLM>
         <mmo>0.9</mmo>
         <vmo>350</vmo>
         <mle>0.82</mle>
         <vle>270</vle>
         <mlo>0.82</mlo>
         <vloe>270</vloe>
         <vlor>270</vlor>
      </KLM>
      <ELM>
         <Tmin_f>
            <point>
               <Hp>-2000.0</Hp>
               <DeltaT>-81.00000000000000000000</DeltaT>
            </point>
            <point>
               <Hp>0.0</Hp>
               <DeltaT>-77.00000000000000000000</DeltaT>
            </point>
            <point>
               <Hp>32808.0</Hp>
               <DeltaT>-30.00000000000000000000</DeltaT>
            </point>
            <point>
               <Hp>36089.0</Hp>
               <DeltaT>-23.50000000000000000000</DeltaT>
            </point>
            <point>
               <Hp>43100.0</Hp>
               <DeltaT>-23.50000000000000000000</DeltaT>
            </point>
         </Tmin_f>
         <Tmax_f>
            <point>
               <Hp>-2000.0</Hp>
               <DeltaT>35.03999999999999900000</DeltaT>
            </point>
            <point>
               <Hp>0.0</Hp>
               <DeltaT>39.39999999999999900000</DeltaT>
            </point>
            <point>
               <Hp>10000.0</Hp>
               <DeltaT>39.39999999999999900000</DeltaT>
            </point>
            <point>
               <Hp>10001.0</Hp>
               <DeltaT>34.00000000000000000000</DeltaT>
            </point>
            <point>
               <Hp>36089.0</Hp>
               <DeltaT>34.00000000000000000000</DeltaT>
            </point>
            <point>
               <Hp>43100.0</Hp>
               <DeltaT>20.00000000000000000000</DeltaT>
            </point>
         </Tmax_f>
         <Tmin_g>
            <point>
               <Hp>-2000.0</Hp>
               <DeltaT>-73.00000000000000000000</DeltaT>
            </point>
            <point>
               <Hp>6500.0</Hp>
               <DeltaT>-56.00000000000000000000</DeltaT>
            </point>
            <point>
               <Hp>8500.0</Hp>
               <DeltaT>-43.00000000000000000000</DeltaT>
            </point>
         </Tmin_g>
         <Tmax_g>
            <point>
               <Hp>-2000.0</Hp>
               <DeltaT>35.03999999999999900000</DeltaT>
            </point>
            <point>
               <Hp>0.0</Hp>
               <DeltaT>39.39999999999999900000</DeltaT>
            </point>
            <point>
               <Hp>8500.0</Hp>
               <DeltaT>39.39999999999999900000</DeltaT>
            </point>
         </Tmax_g>
      </ELM>
      <DLM>
         <MTW>228384</MTW>
         <MTOW>227930</MTOW>
         <MLW>172365</MLW>
         <MZFW>161025</MZFW>
         <OEW>111493</OEW>
         <MPL>43091</MPL>
         <MFL>126903</MFL>
         <n1>2.5</n1>
         <n3>-1</n3>
         <nf1>2</nf1>
         <nf3>0</nf3>
      </DLM>
   </ALM>
   <Ground>
      <Dimensions>
         <span>60.12</span>
         <length>56.72</length>
      </Dimensions>
      <Runway>
         <TOL>2820</TOL>
         <LDL>1520</LDL>
      </Runway>
   </Ground>
   <ARPM>
      <AeroConfSchedule>
         <AeroPhase>
            <name>TO</name>
            <HLid>2</HLid>
            <LG>UP</LG>
         </AeroPhase>
         <AeroPhase>
            <name>IC</name>
            <HLid>1</HLid>
            <LG>UP</LG>
         </AeroPhase>
         <AeroPhase>
            <name>CR</name>
            <HLid>0</HLid>
            <LG>UP</LG>
         </AeroPhase>
         <AeroPhase>
            <name>AP</name>
            <HLid>3</HLid>
            <LG>UP</LG>
         </AeroPhase>
         <AeroPhase>
            <name>LD</name>
            <HLid>6</HLid>
            <LG>DN</LG>
         </AeroPhase>
      </AeroConfSchedule>
      <SpeedScheduleList>
         <SpeedSchedule>
            <CompanyName>Default</CompanyName>
            <SpeedPhase>
               <name>Climb</name>
               <CAS1>310</CAS1>
               <CAS2>310</CAS2>
               <M>0.84</M>
            </SpeedPhase>
            <SpeedPhase>
               <name>Cruise</name>
               <CAS1>310</CAS1>
               <CAS2>310</CAS2>
               <M>0.84</M>
            </SpeedPhase>
            <SpeedPhase>
               <name>Descent</name>
               <CAS1>310</CAS1>
               <CAS2>310</CAS2>
               <M>0.84</M>
            </SpeedPhase>
         </SpeedSchedule>
      </SpeedScheduleList>
   </ARPM>
</bada40:ACM>