<?xml version="1.0" encoding="utf-8"?>
<bada40:ACM xmlns:bada40="http://www.eurocontrol.int/eec/public/standard_page/bada40">
   <model>787-8</model>
   <type>JET</type>
   <engine>Trent 1000-G</engine>
   <description/>
   <ICAO>
      <designator>B788</designator>
      <WTC>H</WTC>
   </ICAO>
   <AFCM>
      <S>360.46379520000005000000</S>
      <Configuration HLid="0">
         <HLPosition>0000</HLPosition>
         <name>flaps  0</name>
         <vfe>350</vfe>
         <LGUP>
            <DPM_clean>
               <M_max>0.90000</M_max>
               <scalar>9.835e-007</scalar>
               <CD_clean>
                  <d>104228.64191839700000000000</d>
                  <d>-222806.20945429985000000000</d>
                  <d>204367.19227543325000000000</d>
                  <d>-82557.89872439182400000000</d>
                  <d>12581.37202174624500000000</d>
                  <d>35697.83025188531600000000</d>
                  <d>4776.40428286771380000000</d>
                  <d>-2263.59316884083820000000</d>
                  <d>249.83952721899306000000</d>
                  <d>-6.82716140338491240000</d>
                  <d>3006.77102669794790000000</d>
                  <d>3277.39460802999930000000</d>
                  <d>-4613.27427103838000000000</d>
                  <d>2178.81254042694040000000</d>
                  <d>-344.09965674909148000000</d>
               </CD_clean>
            </DPM_clean>
            <BLM_clean>
               <Mmin>0.20000</Mmin>
               <Mmax>0.90000</Mmax>
               <CL_Mach0>0.94854403110464103000</CL_Mach0>
               <CL_clean>
                  <bf>0.72791157056869626000</bf>
                  <bf>7.00747687772456640000</bf>
                  <bf>-29.49624469350723300000</bf>
                  <bf>42.75276010637230000000</bf>
                  <bf>-20.76739815148994900000</bf>
               </CL_clean>
            </BLM_clean>
         </LGUP>
         <LGDN>
            <DPM_nonclean>
               <CD_nonclean>
                  <d>0.04862464535464543900</d>
                  <d>-0.02786753246753267300</d>
                  <d>0.06366433566433581100</d>
               </CD_nonclean>
            </DPM_nonclean>
            <BLM>
               <CL_max>0.94854403110464103000</CL_max>
            </BLM>
         </LGDN>
      </Configuration>
      <Configuration HLid="1">
         <HLPosition>0001</HLPosition>
         <name>flaps 1</name>
         <vfe>250</vfe>
         <LGUP>
            <DPM_nonclean>
               <CD_nonclean>
                  <d>0.02557294315898922200</d>
                  <d>-0.03191083412944808300</d>
                  <d>0.06763474916404342600</d>
               </CD_nonclean>
            </DPM_nonclean>
            <BLM>
               <CL_max>1.40598580088065560000</CL_max>
            </BLM>
         </LGUP>
         <LGDN>
            <DPM_nonclean>
               <CD_nonclean>
                  <d>0.05501209100343991400</d>
                  <d>-0.03947886413248150700</d>
                  <d>0.06888684021167663900</d>
               </CD_nonclean>
            </DPM_nonclean>
            <BLM>
               <CL_max>1.40598580088065560000</CL_max>
            </BLM>
         </LGDN>
      </Configuration>
      <Configuration HLid="2">
         <HLPosition>0005</HLPosition>
         <name>flaps 5</name>
         <vfe>230</vfe>
         <LGUP>
            <DPM_nonclean>
               <CD_nonclean>
                  <d>0.04824397737765821800</d>
                  <d>-0.06092146093416685200</d>
                  <d>0.07250302931279557800</d>
               </CD_nonclean>
            </DPM_nonclean>
            <BLM>
               <CL_max>1.74998353003314810000</CL_max>
            </BLM>
         </LGUP>
         <LGDN>
            <DPM_nonclean>
               <CD_nonclean>
                  <d>0.07953854334937228400</d>
                  <d>-0.07673994405440530400</d>
                  <d>0.07738304958506317400</d>
               </CD_nonclean>
            </DPM_nonclean>
            <BLM>
               <CL_max>1.74998353003314810000</CL_max>
            </BLM>
         </LGDN>
      </Configuration>
      <Configuration HLid="3">
         <HLPosition>0015</HLPosition>
         <name>flaps 15</name>
         <vfe>215</vfe>
         <LGUP>
            <DPM_nonclean>
               <CD_nonclean>
                  <d>0.05981129814139683800</d>
                  <d>-0.07227905801457291900</d>
                  <d>0.07453574096987121400</d>
               </CD_nonclean>
            </DPM_nonclean>
            <BLM>
               <CL_max>1.82365905191389510000</CL_max>
            </BLM>
         </LGUP>
         <LGDN>
            <DPM_nonclean>
               <CD_nonclean>
                  <d>0.09444421578421569000</d>
                  <d>-0.09664025974025959600</d>
                  <d>0.08321778221778215700</d>
               </CD_nonclean>
            </DPM_nonclean>
            <BLM>
               <CL_max>1.82365905191389510000</CL_max>
            </BLM>
         </LGDN>
      </Configuration>
      <Configuration HLid="4">
         <HLPosition>0020</HLPosition>
         <name>flaps 20</name>
         <vfe>210</vfe>
         <LGUP>
            <DPM_nonclean>
               <CD_nonclean>
                  <d>0.07657146087580762900</d>
                  <d>-0.06768953098827471000</d>
                  <d>0.06647331897583153000</d>
               </CD_nonclean>
            </DPM_nonclean>
            <BLM>
               <CL_max>1.93857717206202620000</CL_max>
            </BLM>
         </LGUP>
         <LGDN>
            <DPM_nonclean>
               <CD_nonclean>
                  <d>0.10154823779795703000</d>
                  <d>-0.07946923139289792400</d>
                  <d>0.07059254905140272000</d>
               </CD_nonclean>
            </DPM_nonclean>
            <BLM>
               <CL_max>1.95097411679769330000</CL_max>
            </BLM>
         </LGDN>
      </Configuration>
      <Configuration HLid="5">
         <HLPosition>0025</HLPosition>
         <name>flaps 25</name>
         <vfe>180</vfe>
         <LGDN>
            <DPM_nonclean>
               <CD_nonclean>
                  <d>0.13634547212047801000</d>
                  <d>-0.12673610466452312000</d>
                  <d>0.09132407038143927600</d>
               </CD_nonclean>
            </DPM_nonclean>
            <BLM>
               <CL_max>2.05121525586516910000</CL_max>
            </BLM>
         </LGDN>
      </Configuration>
      <Configuration HLid="6">
         <HLPosition>0030</HLPosition>
         <name>flaps 30</name>
         <vfe>170</vfe>
         <LGDN>
            <DPM_nonclean>
               <CD_nonclean>
                  <d>0.22843519741848675000</d>
                  <d>-0.22200836196939727000</d>
                  <d>0.11722632551832254000</d>
               </CD_nonclean>
            </DPM_nonclean>
            <BLM>
               <CL_max>2.06132389890405450000</CL_max>
            </BLM>
         </LGDN>
      </Configuration>
   </AFCM>
   <PFM>
      <MREF>227930</MREF>
      <LHV>43217000</LHV>
      <rho>810</rho>
      <n_eng>2</n_eng>
      <TFA>18.9</TFA>
      <TFM>
         <CT>
            <a>0.00000000000000000000</a>
            <a>-0.09999999990818946000</a>
            <a>0.00000000000000000000</a>
            <a>0.00000000000000000000</a>
            <a>0.00000000000000000000</a>
            <a>0.00000000000000000000</a>
            <a>0.30000000002455990000</a>
            <a>0.00000000000000000000</a>
            <a>0.00000000000000000000</a>
            <a>0.00000000000000000000</a>
            <a>0.00000000000000000000</a>
            <a>0.00000000000000000000</a>
            <a>0.00000000000000000000</a>
            <a>0.00000000000000000000</a>
            <a>0.00000000000000000000</a>
            <a>0.00000000000000000000</a>
            <a>0.00000000000000000000</a>
            <a>0.00000000000000000000</a>
            <a>0.00000000000000000000</a>
            <a>0.00000000000000000000</a>
            <a>0.00000000000000000000</a>
            <a>0.00000000000000000000</a>
            <a>0.00000000000000000000</a>
            <a>0.00000000000000000000</a>
            <a>0.00000000000000000000</a>
            <a>0.00000000000000000000</a>
            <a>0.00000000000000000000</a>
            <a>0.00000000000000000000</a>
            <a>0.00000000000000000000</a>
            <a>0.00000000000000000000</a>
            <a>0.00000000000000000000</a>
            <a>0.00000000000000000000</a>
            <a>0.00000000000000000000</a>
            <a>0.00000000000000000000</a>
            <a>0.00000000000000000000</a>
            <a>0.00000000000000000000</a>
         </CT>
         <CF>
            <f>-0.00305942725252351990</f>
            <f>1.39186218502390970000</f>
            <f>-11.30883581051098300000</f>
            <f>68.58268156136132600000</f>
            <f>-117.66370433041462000000</f>
            <f>0.07625736136402713700</f>
            <f>-0.30522273315840315000</f>
            <f>28.28394287777573300000</f>
            <f>-166.33313103263521000000</f>
            <f>307.04138891309100000000</f>
            <f>0.00000000000000000000</f>
            <f>0.00000000000000000000</f>
            <f>0.00000000000000000000</f>
            <f>0.00000000000000000000</f>
            <f>0.00000000000000000000</f>
            <f>0.00000000000000000000</f>
            <f>0.00000000000000000000</f>
            <f>0.00000000000000000000</f>
            <f>0.00000000000000000000</f>
            <f>0.00000000000000000000</f>
            <f>0.00000000000000000000</f>
            <f>0.00000000000000000000</f>
            <f>0.00000000000000000000</f>
            <f>0.00000000000000000000</f>
            <f>0.00000000000000000000</f>
         </CF>
         <MCRZ>
            <kink>10</kink>
            <flat_rating>
               <b>2.74579510539541750000</b>
               <b>-5.85756114514119200000</b>
               <b>4.11327813793284490000</b>
               <b>0.00000000000000000000</b>
               <b>0.00000000000000000000</b>
               <b>0.00000000000000000000</b>
               <b>-15.75821109554832800000</b>
               <b>47.88949195128491700000</b>
               <b>-29.11767175623466000000</b>
               <b>0.00000000000000000000</b>
               <b>0.00000000000000000000</b>
               <b>0.00000000000000000000</b>
               <b>50.10637615189890700000</b>
               <b>-151.86310742268225000000</b>
               <b>90.86498734459607400000</b>
               <b>0.00000000000000000000</b>
               <b>0.00000000000000000000</b>
               <b>0.00000000000000000000</b>
               <b>-78.75524101782112000000</b>
               <b>241.84744961511612000000</b>
               <b>-155.53405340799571000000</b>
               <b>0.00000000000000000000</b>
               <b>0.00000000000000000000</b>
               <b>0.00000000000000000000</b>
               <b>61.47700259058620300000</b>
               <b>-196.03876093620525000000</b>
               <b>139.14120790367573000000</b>
               <b>0.00000000000000000000</b>
               <b>0.00000000000000000000</b>
               <b>0.00000000000000000000</b>
               <b>-19.21614096121936700000</b>
               <b>64.33430656914407600000</b>
               <b>-49.96753842026269200000</b>
               <b>0.00000000000000000000</b>
               <b>0.00000000000000000000</b>
               <b>0.00000000000000000000</b>
            </flat_rating>
            <temp_rating>
               <c>-189.72075948020867000000</c>
               <c>346.05637922158991000000</c>
               <c>-24.61026188684814300000</c>
               <c>0.00000000000000000000</c>
               <c>0.00000000000000000000</c>
               <c>763.37896093334132000000</c>
               <c>-1399.70653037475490000000</c>
               <c>110.21427146666815000000</c>
               <c>0.00000000000000000000</c>
               <c>0.00000000000000000000</c>
               <c>-1139.53387902010470000000</c>
               <c>2112.09254810573750000000</c>
               <c>-178.67225747602515000000</c>
               <c>0.00000000000000000000</c>
               <c>0.00000000000000000000</c>
               <c>753.11280735377522000000</c>
               <c>-1418.93166816082250000000</c>
               <c>135.51476686978339000000</c>
               <c>0.00000000000000000000</c>
               <c>0.00000000000000000000</c>
               <c>-186.71850324073725000000</c>
               <c>359.14733396336192000000</c>
               <c>-40.79450886022335300000</c>
               <c>0.00000000000000000000</c>
               <c>0.00000000000000000000</c>
               <c>-1.04233344754763800000</c>
               <c>10.54776382150207000000</c>
               <c>-7.59689967289226950000</c>
               <c>0.00000000000000000000</c>
               <c>0.00000000000000000000</c>
               <c>5.32159239803752810000</c>
               <c>-28.85639128647589000000</c>
               <c>19.85250215654178200000</c>
               <c>0.00000000000000000000</c>
               <c>0.00000000000000000000</c>
               <c>-7.04011839476324400000</c>
               <c>33.30955582893863500000</c>
               <c>-24.92861521058261300000</c>
               <c>0.00000000000000000000</c>
               <c>0.00000000000000000000</c>
               <c>3.20089411488748570000</c>
               <c>-14.62768659065534900000</c>
               <c>12.30701179772771800000</c>
               <c>0.00000000000000000000</c>
               <c>0.00000000000000000000</c>
            </temp_rating>
         </MCRZ>
         <MCMB>
            <kink>10</kink>
            <flat_rating>
               <b>2.48914675967850090000</b>
               <b>-4.80399285579667090000</b>
               <b>3.22888272848496620000</b>
               <b>0.00000000000000000000</b>
               <b>0.00000000000000000000</b>
               <b>0.00000000000000000000</b>
               <b>-12.78406107517129600000</b>
               <b>37.39632071547552500000</b>
               <b>-19.82337025691436200000</b>
               <b>0.00000000000000000000</b>
               <b>0.00000000000000000000</b>
               <b>0.00000000000000000000</b>
               <b>39.31707641361929700000</b>
               <b>-111.76312208742002000000</b>
               <b>53.81722153435700300000</b>
               <b>0.00000000000000000000</b>
               <b>0.00000000000000000000</b>
               <b>0.00000000000000000000</b>
               <b>-59.70290652350244200000</b>
               <b>167.87065153163326000000</b>
               <b>-85.52442749497477300000</b>
               <b>0.00000000000000000000</b>
               <b>0.00000000000000000000</b>
               <b>0.00000000000000000000</b>
               <b>45.15469917550603900000</b>
               <b>-130.67151083359846000000</b>
               <b>76.20273109617853900000</b>
               <b>0.00000000000000000000</b>
               <b>0.00000000000000000000</b>
               <b>0.00000000000000000000</b>
               <b>-13.79980142656965600000</b>
               <b>42.14351893521791900000</b>
               <b>-28.28716656325177700000</b>
               <b>0.00000000000000000000</b>
               <b>0.00000000000000000000</b>
               <b>0.00000000000000000000</b>
            </flat_rating>
            <temp_rating>
               <c>-240.17137804009025000000</c>
               <c>483.18110368317610000000</c>
               <c>-108.46936152277360000000</c>
               <c>0.00000000000000000000</c>
               <c>0.00000000000000000000</c>
               <c>972.67373963369630000000</c>
               <c>-1978.08714347085950000000</c>
               <c>473.65260571553830000000</c>
               <c>0.00000000000000000000</c>
               <c>0.00000000000000000000</c>
               <c>-1463.24524885020720000000</c>
               <c>3021.80428540632650000000</c>
               <c>-764.12223548809300000000</c>
               <c>0.00000000000000000000</c>
               <c>0.00000000000000000000</c>
               <c>974.31733214132692000000</c>
               <c>-2050.73091364673020000000</c>
               <c>550.92585411933442000000</c>
               <c>0.00000000000000000000</c>
               <c>0.00000000000000000000</c>
               <c>-243.15053024618749000000</c>
               <c>522.79524508299937000000</c>
               <c>-150.51965596892947000000</c>
               <c>0.00000000000000000000</c>
               <c>0.00000000000000000000</c>
               <c>-0.21669122507113833000</c>
               <c>8.50924321742494350000</c>
               <c>-6.17902200203805130000</c>
               <c>0.00000000000000000000</c>
               <c>0.00000000000000000000</c>
               <c>3.49089431978451300000</c>
               <c>-24.05486370744013800000</c>
               <c>16.42073789967426800000</c>
               <c>0.00000000000000000000</c>
               <c>0.00000000000000000000</c>
               <c>-5.19312223854809310000</c>
               <c>28.35042618494836800000</c>
               <c>-21.47584155550604700000</c>
               <c>0.00000000000000000000</c>
               <c>0.00000000000000000000</c>
               <c>2.52112899321255930000</c>
               <c>-12.82035076511446000000</c>
               <c>11.13850219551062200000</c>
               <c>0.00000000000000000000</c>
               <c>0.00000000000000000000</c>
            </temp_rating>
         </MCMB>
         <MTKF>
            <kink>10</kink>
            <flat_rating>
               <b>173.15102838005046000000</b>
               <b>-818.24374403686102000000</b>
               <b>927.65868831284729000000</b>
               <b>0.00000000000000000000</b>
               <b>0.00000000000000000000</b>
               <b>0.00000000000000000000</b>
               <b>-1287.29653766334380000000</b>
               <b>6120.92654989894160000000</b>
               <b>-6956.23774300174860000000</b>
               <b>0.00000000000000000000</b>
               <b>0.00000000000000000000</b>
               <b>0.00000000000000000000</b>
               <b>3754.36776391034390000000</b>
               <b>-17895.43057570419800000000</b>
               <b>20414.30986510227700000000</b>
               <b>0.00000000000000000000</b>
               <b>0.00000000000000000000</b>
               <b>0.00000000000000000000</b>
               <b>-5355.35533861972820000000</b>
               <b>25613.72514517537300000000</b>
               <b>-29350.69304572687200000000</b>
               <b>0.00000000000000000000</b>
               <b>0.00000000000000000000</b>
               <b>0.00000000000000000000</b>
               <b>3745.73389494144520000000</b>
               <b>-17985.78080173796500000000</b>
               <b>20705.28413714904300000000</b>
               <b>0.00000000000000000000</b>
               <b>0.00000000000000000000</b>
               <b>0.00000000000000000000</b>
               <b>-1030.03738519761760000000</b>
               <b>4966.26988415142200000000</b>
               <b>-5742.94716717934170000000</b>
               <b>0.00000000000000000000</b>
               <b>0.00000000000000000000</b>
               <b>0.00000000000000000000</b>
            </flat_rating>
            <temp_rating>
               <c>9516.74153901766660000000</c>
               <c>-42631.67250661517000000000</c>
               <c>46291.11166349270900000000</c>
               <c>0.00000000000000000000</c>
               <c>0.00000000000000000000</c>
               <c>-36069.01250655558400000000</c>
               <c>161767.23436774136000000000</c>
               <c>-175810.67330901034000000000</c>
               <c>0.00000000000000000000</c>
               <c>0.00000000000000000000</c>
               <c>51402.95586578411200000000</c>
               <c>-230764.20478488266000000000</c>
               <c>250971.05783363216000000000</c>
               <c>0.00000000000000000000</c>
               <c>0.00000000000000000000</c>
               <c>-32529.47740397215200000000</c>
               <c>146172.31261249984000000000</c>
               <c>-159089.07770021688000000000</c>
               <c>0.00000000000000000000</c>
               <c>0.00000000000000000000</c>
               <c>7712.70550877449840000000</c>
               <c>-34690.01848892806400000000</c>
               <c>37784.68871756351300000000</c>
               <c>0.00000000000000000000</c>
               <c>0.00000000000000000000</c>
               <c>-214.01582254317827000000</c>
               <c>928.82173850661025000000</c>
               <c>-928.71842431401637000000</c>
               <c>0.00000000000000000000</c>
               <c>0.00000000000000000000</c>
               <c>493.01388537649331000000</c>
               <c>-2121.37781412209140000000</c>
               <c>2122.18549529917890000000</c>
               <c>0.00000000000000000000</c>
               <c>0.00000000000000000000</c>
               <c>-482.62987649707100000000</c>
               <c>2070.32039276239310000000</c>
               <c>-2077.25137744586710000000</c>
               <c>0.00000000000000000000</c>
               <c>0.00000000000000000000</c>
               <c>170.61071248887382000000</c>
               <c>-731.29892468715877000000</c>
               <c>736.14164057289304000000</c>
               <c>0.00000000000000000000</c>
               <c>0.00000000000000000000</c>
            </temp_rating>
         </MTKF>
         <LIDL>
            <CT>
               <ti>0.06073390519876892300</ti>
               <ti>-0.20627749375676352000</ti>
               <ti>0.21035188335346025000</ti>
               <ti>-0.08514235817980679600</ti>
               <ti>-0.16326867261027872000</ti>
               <ti>0.59305270109834263000</ti>
               <ti>-0.54657524788265732000</ti>
               <ti>0.23492727773683725000</ti>
               <ti>0.09317394081271303300</ti>
               <ti>-0.30872737816125984000</ti>
               <ti>0.00909083885092902730</ti>
               <ti>0.01231206249674255000</ti>
            </CT>
            <CF>
               <fi>0.07806104126723696600</fi>
               <fi>-0.15725355354396084000</fi>
               <fi>0.08956050946920379700</fi>
               <fi>-0.16335266472794532000</fi>
               <fi>0.34661353022355101000</fi>
               <fi>-0.12726201948185253000</fi>
               <fi>0.07993988786413579200</fi>
               <fi>-0.09287306398240922900</fi>
               <fi>-0.06603773301197946000</fi>
            </CF>
         </LIDL>
         <throttle>
            <low>0.50713183901046932000</low>
            <high>1.20239397951126730000</high>
         </throttle>
      </TFM>
   </PFM>
   <OPM>
      <LGO>
         <Transition>
            <from>0</from>
            <to>1</to>
            <time>20</time>
         </Transition>
         <Transition>
            <from>1</from>
            <to>0</to>
            <time>20</time>
         </Transition>
      </LGO>
      <HLO>
         <Transition>
            <from>0</from>
            <to>1</to>
            <time>13.9</time>
         </Transition>
         <Transition>
            <from>1</from>
            <to>2</to>
            <time>15.4</time>
         </Transition>
         <Transition>
            <from>2</from>
            <to>3</to>
            <time>8.2</time>
         </Transition>
         <Transition>
            <from>3</from>
            <to>4</to>
            <time>6.3</time>
         </Transition>
         <Transition>
            <from>4</from>
            <to>5</to>
            <time>7.2</time>
         </Transition>
         <Transition>
            <from>5</from>
            <to>6</to>
            <time>6.6</time>
         </Transition>
         <Transition>
            <from>6</from>
            <to>5</to>
            <time>6.6</time>
         </Transition>
         <Transition>
            <from>5</from>
            <to>4</to>
            <time>7.2</time>
         </Transition>
         <Transition>
            <from>4</from>
            <to>3</to>
            <time>6.3</time>
         </Transition>
         <Transition>
            <from>3</from>
            <to>2</to>
            <time>8.2</time>
         </Transition>
         <Transition>
            <from>2</from>
            <to>1</to>
            <time>15.4</time>
         </Transition>
         <Transition>
            <from>1</from>
            <to>0</to>
            <time>13.9</time>
         </Transition>
      </HLO>
   </OPM>
   <ALM>
      <GLM>
         <hmo>43100</hmo>
         <mfa>20000</mfa>
      </GLM>
      <KLM>
         <mmo>0.9</mmo>
         <vmo>350</vmo>
         <mle>0.82</mle>
         <vle>270</vle>
         <mlo>0.82</mlo>
         <vloe>270</vloe>
         <vlor>270</vlor>
      </KLM>
      <ELM>
         <Tmin_f>
            <point>
               <Hp>-2000.0</Hp>
               <DeltaT>-81.00000000000000000000</DeltaT>
            </point>
            <point>
               <Hp>0.0</Hp>
               <DeltaT>-77.00000000000000000000</DeltaT>
            </point>
            <point>
               <Hp>32808.0</Hp>
               <DeltaT>-30.00000000000000000000</DeltaT>
            </point>
            <point>
               <Hp>36089.0</Hp>
               <DeltaT>-23.50000000000000000000</DeltaT>
            </point>
            <point>
               <Hp>43100.0</Hp>
               <DeltaT>-23.50000000000000000000</DeltaT>
            </point>
         </Tmin_f>
         <Tmax_f>
            <point>
               <Hp>-2000.0</Hp>
               <DeltaT>35.03999999999999900000</DeltaT>
            </point>
            <point>
               <Hp>0.0</Hp>
               <DeltaT>39.39999999999999900000</DeltaT>
            </point>
            <point>
               <Hp>10000.0</Hp>
               <DeltaT>39.39999999999999900000</DeltaT>
            </point>
            <point>
               <Hp>10001.0</Hp>
               <DeltaT>34.00000000000000000000</DeltaT>
            </point>
            <point>
               <Hp>36089.0</Hp>
               <DeltaT>34.00000000000000000000</DeltaT>
            </point>
            <point>
               <Hp>43100.0</Hp>
               <DeltaT>20.00000000000000000000</DeltaT>
            </point>
         </Tmax_f>
         <Tmin_g>
            <point>
               <Hp>-2000.0</Hp>
               <DeltaT>-73.00000000000000000000</DeltaT>
            </point>
            <point>
               <Hp>6500.0</Hp>
               <DeltaT>-56.00000000000000000000</DeltaT>
            </point>
            <point>
               <Hp>8500.0</Hp>
               <DeltaT>-43.00000000000000000000</DeltaT>
            </point>
         </Tmin_g>
         <Tmax_g>
            <point>
               <Hp>-2000.0</Hp>
               <DeltaT>35.03999999999999900000</DeltaT>
            </point>
            <point>
               <Hp>0.0</Hp>
               <DeltaT>39.39999999999999900000</DeltaT>
            </point>
            <point>
               <Hp>8500.0</Hp>
               <DeltaT>39.39999999999999900000</DeltaT>
            </point>
         </Tmax_g>
      </ELM>
      <DLM>
         <MTW>228384</MTW>
         <MTOW>227930</MTOW>
         <MLW>172365</MLW>
         <MZFW>161025</MZFW>
         <OEW>111493</OEW>
         <MPL>43091</MPL>
         <MFL>126903</MFL>
         <n1>2.5</n1>
         <n3>-1</n3>
         <nf1>2</nf1>
         <nf3>0</nf3>
      </DLM>
   </ALM>
   <Ground>
      <Dimensions>
         <span>60.12</span>
         <length>56.72</length>
      </Dimensions>
      <Runway>
         <TOL>2820</TOL>
         <LDL>1520</LDL>
      </Runway>
   </Ground>
   <ARPM>
      <AeroConfSchedule>
         <AeroPhase>
            <name>TO</name>
            <HLid>2</HLid>
            <LG>UP</LG>
         </AeroPhase>
         <AeroPhase>
            <name>IC</name>
            <HLid>1</HLid>
            <LG>UP</LG>
         </AeroPhase>
         <AeroPhase>
            <name>CR</name>
            <HLid>0</HLid>
            <LG>UP</LG>
         </AeroPhase>
         <AeroPhase>
            <name>AP</name>
            <HLid>3</HLid>
            <LG>UP</LG>
         </AeroPhase>
         <AeroPhase>
            <name>LD</name>
            <HLid>6</HLid>
            <LG>DN</LG>
         </AeroPhase>
      </AeroConfSchedule>
      <SpeedScheduleList>
         <SpeedSchedule>
            <CompanyName>Default</CompanyName>
            <SpeedPhase>
               <name>Climb</name>
               <CAS1>310</CAS1>
               <CAS2>310</CAS2>
               <M>0.84</M>
            </SpeedPhase>
            <SpeedPhase>
               <name>Cruise</name>
               <CAS1>310</CAS1>
               <CAS2>310</CAS2>
               <M>0.84</M>
            </SpeedPhase>
            <SpeedPhase>
               <name>Descent</name>
               <CAS1>310</CAS1>
               <CAS2>310</CAS2>
               <M>0.84</M>
            </SpeedPhase>
         </SpeedSchedule>
      </SpeedScheduleList>
   </ARPM>
</bada40:ACM>