<?xml version="1.0" encoding="utf-8"?>
<bada40:ACM xmlns:bada40="http://www.eurocontrol.int/eec/public/standard_page/bada40">
   <model>A330-243</model>
   <type>JET</type>
   <engine>RR TRENT 772B</engine>
   <description/>
   <ICAO>
      <designator>A332</designator>
      <WTC>H</WTC>
   </ICAO>
   <AFCM>
      <S>361.6</S>
      <Configuration HLid="0">
         <HLPosition>0000</HLPosition>
         <name>CLEAN</name>
         <vfe>330</vfe>
         <LGUP>
            <DPM_clean>
               <M_max>0.86</M_max>
               <scalar>9.835e-007</scalar>
               <CD_clean>
                  <d>-229032.98904111944000000000</d>
                  <d>632775.31312081125000000000</d>
                  <d>-604772.87074782792000000000</d>
                  <d>250859.97369968955000000000</d>
                  <d>-37701.28259825718100000000</d>
                  <d>59309.04999748022200000000</d>
                  <d>-36613.48606953281700000000</d>
                  <d>17384.36903626290200000000</d>
                  <d>-3257.85063791760100000000</d>
                  <d>199.56350890847244000000</d>
                  <d>-1303.63946169337830000000</d>
                  <d>23189.57214460989100000000</d>
                  <d>-39692.18767614604400000000</d>
                  <d>22578.59792863018400000000</d>
                  <d>-4260.16798229401590000000</d>
               </CD_clean>
            </DPM_clean>
            <BLM_clean>
               <Mmin>0.3</Mmin>
               <Mmax>0.86</Mmax>
               <CL_Mach0>1.4434</CL_Mach0>
               <CL_clean>
                  <bf>3.28636604588122380000</bf>
                  <bf>-9.60339877312770080000</bf>
                  <bf>10.99728892587293800000</bf>
                  <bf>0.84583027775681208000</bf>
                  <bf>-5.47182739938702590000</bf>
               </CL_clean>
            </BLM_clean>
         </LGUP>
      </Configuration>
      <Configuration HLid="1">
         <HLPosition>1600</HLPosition>
         <name>CONF 1</name>
         <vfe>240</vfe>
         <LGUP>
            <DPM_nonclean>
               <CD_nonclean>
                  <d>0.028107</d>
                  <d>-0.026695</d>
                  <d>0.056267</d>
               </CD_nonclean>
            </DPM_nonclean>
            <BLM>
               <CL_max>1.8161</CL_max>
            </BLM>
         </LGUP>
      </Configuration>
      <Configuration HLid="2">
         <HLPosition>1608</HLPosition>
         <name>CONF 1+F</name>
         <vfe>215</vfe>
         <LGUP>
            <DPM_nonclean>
               <CD_nonclean>
                  <d>0.045042</d>
                  <d>-0.042806</d>
                  <d>0.058289</d>
               </CD_nonclean>
            </DPM_nonclean>
            <BLM>
               <CL_max>2.0943</CL_max>
            </BLM>
         </LGUP>
      </Configuration>
      <Configuration HLid="3">
         <HLPosition>2014</HLPosition>
         <name>CONF 2</name>
         <vfe>196</vfe>
         <LGUP>
            <DPM_nonclean>
               <CD_nonclean>
                  <d>0.071355</d>
                  <d>-0.075717</d>
                  <d>0.069495</d>
               </CD_nonclean>
            </DPM_nonclean>
            <BLM>
               <CL_max>2.3462</CL_max>
            </BLM>
         </LGUP>
      </Configuration>
      <Configuration HLid="4">
         <HLPosition>2322</HLPosition>
         <name>CONF 3</name>
         <vfe>186</vfe>
         <LGUP>
            <DPM_nonclean>
               <CD_nonclean>
                  <d>0.088789</d>
                  <d>-0.081342</d>
                  <d>0.066232</d>
               </CD_nonclean>
            </DPM_nonclean>
            <BLM>
               <CL_max>2.5116</CL_max>
            </BLM>
         </LGUP>
         <LGDN>
            <DPM_nonclean>
               <CD_nonclean>
                  <d>0.11731</d>
                  <d>-0.094228</d>
                  <d>0.071869</d>
               </CD_nonclean>
            </DPM_nonclean>
            <BLM>
               <CL_max>2.4632</CL_max>
            </BLM>
         </LGDN>
      </Configuration>
      <Configuration HLid="5">
         <HLPosition>2332</HLPosition>
         <name>FULL</name>
         <vfe>180</vfe>
         <LGUP>
            <DPM_nonclean>
               <CD_nonclean>
                  <d>0.12853</d>
                  <d>-0.1136</d>
                  <d>0.077256</d>
               </CD_nonclean>
            </DPM_nonclean>
            <BLM>
               <CL_max>2.6512</CL_max>
            </BLM>
         </LGUP>
         <LGDN>
            <DPM_nonclean>
               <CD_nonclean>
                  <d>0.14778</d>
                  <d>-0.10689</d>
                  <d>0.072132</d>
               </CD_nonclean>
            </DPM_nonclean>
            <BLM>
               <CL_max>2.58</CL_max>
            </BLM>
         </LGDN>
      </Configuration>
   </AFCM>
   <PFM>
      <MREF>230000</MREF>
      <LHV>43217000</LHV>
      <rho>810</rho>
      <n_eng>2</n_eng>
      <TFA>25</TFA>
      <TFM>
         <CT>
            <a>0</a>
            <a>-0.09999999999350174500</a>
            <a>0</a>
            <a>0</a>
            <a>0</a>
            <a>0</a>
            <a>0.29999999999575677000</a>
            <a>0</a>
            <a>0</a>
            <a>0</a>
            <a>0</a>
            <a>0</a>
            <a>0</a>
            <a>0</a>
            <a>0</a>
            <a>0</a>
            <a>0</a>
            <a>0</a>
            <a>0</a>
            <a>0</a>
            <a>0</a>
            <a>0</a>
            <a>0</a>
            <a>0</a>
            <a>0</a>
            <a>0</a>
            <a>0</a>
            <a>0</a>
            <a>0</a>
            <a>0</a>
            <a>0</a>
            <a>0</a>
            <a>0</a>
            <a>0</a>
            <a>0</a>
            <a>0</a>
         </CT>
         <CF>
            <f>0.00604447951464261950</f>
            <f>1.44034756469595830000</f>
            <f>-6.01720128632615040000</f>
            <f>18.60472107680162400000</f>
            <f>28.09604317122653000000</f>
            <f>0.06434591223058744300</f>
            <f>0.32170039455355715000</f>
            <f>15.26177951952755200000</f>
            <f>-74.70038671737883400000</f>
            <f>90.81518654706259500000</f>
            <f>0</f>
            <f>0</f>
            <f>0</f>
            <f>0</f>
            <f>0</f>
            <f>0</f>
            <f>0</f>
            <f>0</f>
            <f>0</f>
            <f>0</f>
            <f>0</f>
            <f>0</f>
            <f>0</f>
            <f>0</f>
            <f>0</f>
         </CF>
         <MCRZ>
            <kink>10</kink>
            <flat_rating>
               <b>-4.10600825006351670000</b>
               <b>14.94437091477171000000</b>
               <b>-11.30944592080733300000</b>
               <b>0</b>
               <b>0</b>
               <b>0</b>
               <b>40.26356029538845100000</b>
               <b>-128.20900297101682000000</b>
               <b>108.07575934689748000000</b>
               <b>0</b>
               <b>0</b>
               <b>0</b>
               <b>-136.15406388900234000000</b>
               <b>462.90828526667752000000</b>
               <b>-420.35561957652078000000</b>
               <b>0</b>
               <b>0</b>
               <b>0</b>
               <b>230.49970721305937000000</b>
               <b>-835.62651418423070000000</b>
               <b>801.01437174638659000000</b>
               <b>0</b>
               <b>0</b>
               <b>0</b>
               <b>-194.75663163603085000000</b>
               <b>743.92968574033387000000</b>
               <b>-743.20845813906283000000</b>
               <b>0</b>
               <b>0</b>
               <b>0</b>
               <b>64.95250952306888300000</b>
               <b>-258.51472303697881000000</b>
               <b>266.55986899060872000000</b>
               <b>0</b>
               <b>0</b>
               <b>0</b>
            </flat_rating>
            <temp_rating>
               <c>320.96013563396821000000</c>
               <c>-1119.26041694124430000000</c>
               <c>1039.26554369135150000000</c>
               <c>0</c>
               <c>0</c>
               <c>-1316.28626351745220000000</c>
               <c>4647.75044020586760000000</c>
               <c>-4346.26707329102100000000</c>
               <c>0</c>
               <c>0</c>
               <c>2011.25407564926420000000</c>
               <c>-7186.67842973853660000000</c>
               <c>6790.93569257272250000000</c>
               <c>0</c>
               <c>0</c>
               <c>-1368.52431429508620000000</c>
               <c>4943.25904651195010000000</c>
               <c>-4719.39807185052360000000</c>
               <c>0</c>
               <c>0</c>
               <c>349.57214011102667000000</c>
               <c>-1276.44038899340080000000</c>
               <c>1230.80422847149380000000</c>
               <c>0</c>
               <c>0</c>
               <c>20.99763748576599900000</c>
               <c>-49.66835169091412200000</c>
               <c>27.87253919390443000000</c>
               <c>0</c>
               <c>0</c>
               <c>-44.34055485491640500000</c>
               <c>104.67420037888998000000</c>
               <c>-53.97960169975587500000</c>
               <c>0</c>
               <c>0</c>
               <c>39.98934273324960700000</c>
               <c>-90.99757655274388000000</c>
               <c>38.37873482602216100000</c>
               <c>0</c>
               <c>0</c>
               <c>-13.11422738187983800000</c>
               <c>27.77735376842765900000</c>
               <c>-7.44657465164390150000</c>
               <c>0</c>
               <c>0</c>
            </temp_rating>
         </MCRZ>
         <MCMB>
            <kink>10</kink>
            <flat_rating>
               <b>-3.56663523343688560000</b>
               <b>13.90036720210287600000</b>
               <b>-10.76017993721573500000</b>
               <b>0</b>
               <b>0</b>
               <b>0</b>
               <b>36.48121430666746800000</b>
               <b>-121.30163058055685000000</b>
               <b>105.15724848731726000000</b>
               <b>0</b>
               <b>0</b>
               <b>0</b>
               <b>-125.45155547365169000000</b>
               <b>446.80906224390930000000</b>
               <b>-416.05182596586019000000</b>
               <b>0</b>
               <b>0</b>
               <b>0</b>
               <b>216.79213740870952000000</b>
               <b>-821.93672033759924000000</b>
               <b>803.62380260530665000000</b>
               <b>0</b>
               <b>0</b>
               <b>0</b>
               <b>-186.68673683356042000000</b>
               <b>742.07515759363775000000</b>
               <b>-751.87276993007174000000</b>
               <b>0</b>
               <b>0</b>
               <b>0</b>
               <b>63.20554642749961300000</b>
               <b>-260.20339235449211000000</b>
               <b>270.75445935689896000000</b>
               <b>0</b>
               <b>0</b>
               <b>0</b>
            </flat_rating>
            <temp_rating>
               <c>55.70624111633551200000</c>
               <c>-329.16976558903679000000</c>
               <c>492.17714847146175000000</c>
               <c>0</c>
               <c>0</c>
               <c>-262.28614045648430000000</c>
               <c>1501.19808544268080000000</c>
               <c>-2163.97741671541870000000</c>
               <c>0</c>
               <c>0</c>
               <c>443.98751209983374000000</c>
               <c>-2495.62329482471160000000</c>
               <c>3530.98095623242760000000</c>
               <c>0</c>
               <c>0</c>
               <c>-333.89899781352517000000</c>
               <c>1837.51452790876970000000</c>
               <c>-2555.61703320272820000000</c>
               <c>0</c>
               <c>0</c>
               <c>93.71540871453183300000</c>
               <c>-505.90024735191832000000</c>
               <c>692.25323614641013000000</c>
               <c>0</c>
               <c>0</c>
               <c>19.67404837744662800000</c>
               <c>-45.49885246298544700000</c>
               <c>24.56482639749176000000</c>
               <c>0</c>
               <c>0</c>
               <c>-41.00263916897291900000</c>
               <c>93.70173960696297400000</c>
               <c>-45.06242775629368000000</c>
               <c>0</c>
               <c>0</c>
               <c>36.53021928913806700000</c>
               <c>-79.38050008380544400000</c>
               <c>28.89713876811617200000</c>
               <c>0</c>
               <c>0</c>
               <c>-11.83366570436499500000</c>
               <c>23.42969963820424400000</c>
               <c>-3.91456180031002000000</c>
               <c>0</c>
               <c>0</c>
            </temp_rating>
         </MCMB>
         <LIDL>
            <CT>
               <ti>0.01656445501803156500</ti>
               <ti>-0.04236030570046596400</ti>
               <ti>0.01152370260099690500</ti>
               <ti>-0.00027260987617551397</ti>
               <ti>-0.03456972373161838800</ti>
               <ti>0.07762013226001064600</ti>
               <ti>0.01913000021353501700</ti>
               <ti>0.00162173800594132980</ti>
               <ti>0.02991140813705232100</ti>
               <ti>-0.11235483385337917000</ti>
               <ti>0.07957700644294840600</ti>
               <ti>-0.08090135689272702500</ti>
            </CT>
            <CF>
               <fi>0.05107364590973023600</fi>
               <fi>-0.12697906974889123000</fi>
               <fi>0.09577624327903783200</fi>
               <fi>-0.13732131151725227000</fi>
               <fi>0.44315876443979568000</fi>
               <fi>-0.29847015979003871000</fi>
               <fi>0.11562718805989858000</fi>
               <fi>-0.37545511397957010000</fi>
               <fi>0.28624356298674836000</fi>
            </CF>
         </LIDL>
         <throttle>
            <low>0.5018902977</low>
            <high>1.140556349</high>
         </throttle>
      </TFM>
   </PFM>
   <OPM>
      <LGO>
         <Transition>
            <from>0</from>
            <to>1</to>
            <time>20</time>
         </Transition>
         <Transition>
            <from>1</from>
            <to>0</to>
            <time>20</time>
         </Transition>
      </LGO>
      <HLO>
         <Transition>
            <from>0</from>
            <to>1</to>
            <time>9.2</time>
         </Transition>
         <Transition>
            <from>1</from>
            <to>2</to>
            <time>13.1</time>
         </Transition>
         <Transition>
            <from>2</from>
            <to>3</to>
            <time>1.9</time>
         </Transition>
         <Transition>
            <from>3</from>
            <to>4</to>
            <time>2</time>
         </Transition>
         <Transition>
            <from>4</from>
            <to>5</to>
            <time>2.6</time>
         </Transition>
         <Transition>
            <from>5</from>
            <to>4</to>
            <time>2.3</time>
         </Transition>
         <Transition>
            <from>4</from>
            <to>3</to>
            <time>1.9</time>
         </Transition>
         <Transition>
            <from>3</from>
            <to>2</to>
            <time>1.9</time>
         </Transition>
         <Transition>
            <from>2</from>
            <to>1</to>
            <time>4</time>
         </Transition>
         <Transition>
            <from>1</from>
            <to>0</to>
            <time>9.2</time>
         </Transition>
      </HLO>
   </OPM>
   <ALM>
      <GLM>
         <hmo>41500</hmo>
         <mfa>20000</mfa>
      </GLM>
      <KLM>
         <mmo>0.86</mmo>
         <vmo>330</vmo>
         <mle>0.55</mle>
         <vle>250</vle>
         <mlo>0.55</mlo>
         <vloe>250</vloe>
         <vlor>250</vlor>
      </KLM>
      <ELM>
         <Tmin_f>
            <point>
               <Hp>-2000</Hp>
               <DeltaT>-81</DeltaT>
            </point>
            <point>
               <Hp>0</Hp>
               <DeltaT>-77</DeltaT>
            </point>
            <point>
               <Hp>32500</Hp>
               <DeltaT>-30.6</DeltaT>
            </point>
            <point>
               <Hp>36089</Hp>
               <DeltaT>-23.5</DeltaT>
            </point>
            <point>
               <Hp>41500</Hp>
               <DeltaT>-23.5</DeltaT>
            </point>
         </Tmin_f>
         <Tmax_f>
            <point>
               <Hp>-2000</Hp>
               <DeltaT>36</DeltaT>
            </point>
            <point>
               <Hp>0</Hp>
               <DeltaT>40</DeltaT>
            </point>
            <point>
               <Hp>16600</Hp>
               <DeltaT>40</DeltaT>
            </point>
            <point>
               <Hp>16601</Hp>
               <DeltaT>35</DeltaT>
            </point>
            <point>
               <Hp>36089</Hp>
               <DeltaT>34.5</DeltaT>
            </point>
            <point>
               <Hp>41100</Hp>
               <DeltaT>24.5</DeltaT>
            </point>
            <point>
               <Hp>41500</Hp>
               <DeltaT>23.7</DeltaT>
            </point>
         </Tmax_f>
         <Tmin_g>
            <point>
               <Hp>-2000</Hp>
               <DeltaT>-73</DeltaT>
            </point>
            <point>
               <Hp>6000</Hp>
               <DeltaT>-57.1</DeltaT>
            </point>
            <point>
               <Hp>14600</Hp>
               <DeltaT>-18.1</DeltaT>
            </point>
         </Tmin_g>
         <Tmax_g>
            <point>
               <Hp>-2000</Hp>
               <DeltaT>36</DeltaT>
            </point>
            <point>
               <Hp>0</Hp>
               <DeltaT>40</DeltaT>
            </point>
            <point>
               <Hp>14600</Hp>
               <DeltaT>40</DeltaT>
            </point>
         </Tmax_g>
      </ELM>
      <DLM>
         <MTW>230900</MTW>
         <MTOW>230000</MTOW>
         <MLW>180000</MLW>
         <MZFW>168000</MZFW>
         <OEW>124948</OEW>
         <MPL>43052</MPL>
         <MFL>109555</MFL>
         <n1>2.5</n1>
         <n3>-1</n3>
         <nf1>2</nf1>
         <nf3>0</nf3>
      </DLM>
   </ALM>
   <Ground>
      <Dimensions>
         <span>60.304</span>
         <length>58.372</length>
      </Dimensions>
      <Runway>
         <TOL>2710</TOL>
         <LDL>1660</LDL>
      </Runway>
   </Ground>
   <ARPM>
      <AeroConfSchedule>
         <AeroPhase>
            <name>TO</name>
            <HLid>3</HLid>
            <LG>UP</LG>
         </AeroPhase>
         <AeroPhase>
            <name>IC</name>
            <HLid>2</HLid>
            <LG>UP</LG>
         </AeroPhase>
         <AeroPhase>
            <name>CR</name>
            <HLid>0</HLid>
            <LG>UP</LG>
         </AeroPhase>
         <AeroPhase>
            <name>AP</name>
            <HLid>3</HLid>
            <LG>UP</LG>
         </AeroPhase>
         <AeroPhase>
            <name>LD</name>
            <HLid>5</HLid>
            <LG>DN</LG>
         </AeroPhase>
      </AeroConfSchedule>
      <SpeedScheduleList>
         <SpeedSchedule>
            <CompanyName>Default</CompanyName>
            <SpeedPhase>
               <name>Climb</name>
               <CAS1>310</CAS1>
               <CAS2>310</CAS2>
               <M>0.82</M>
            </SpeedPhase>
            <SpeedPhase>
               <name>Cruise</name>
               <CAS1>250</CAS1>
               <CAS2>330</CAS2>
               <M>0.82</M>
            </SpeedPhase>
            <SpeedPhase>
               <name>Descent</name>
               <CAS1>300</CAS1>
               <CAS2>300</CAS2>
               <M>0.82</M>
            </SpeedPhase>
         </SpeedSchedule>
      </SpeedScheduleList>
   </ARPM>
</bada40:ACM>